label,sample_type,event_id,date,month,lat,lng,accuracy_km,state,rain_d0,rain_d1,rain_3d,rain_7d,rain_15d,rain_30d,api_30d,max_1h_48h,rainy_days_7d,power_rain_d0,power_rain_3d,power_rain_7d,power_rain_30d,sm_top,sm_mid,sm_deep,tmax_d0,tmin_d0,snowfall_7d,elev_m,slope_deg,aspect_deg,northness,eastness,curvature,relief_1km,quake_max_mmi_30d,quake_count_300km_30d,quake_max_mag_300km_30d,weather_source,weather_grid_lat,weather_grid_lng
1,event,glc-57,2007-04-11,4,27.446,88.619,5,,7.5,14,40.9,143.2,210.3,513.9,173.492,2.3,7,0.01,8.45,9.91,15.07,0.417,0.422,0.42,15.5,2.8,34.72,1964,16.846,186.289,-0.994,-0.11,0.039,468,1,0,,open-meteo-era5,27.452,88.591
0,same_place_other_date,glc-57,2016-03-25,3,27.446,88.619,5,,1.8,3.4,15.1,193.8,405.2,676.6,251.415,0.8,7,0,0.03,6.11,35.59,0.397,0.404,0.425,17.5,9.2,65.8,1964,16.846,186.289,-0.994,-0.11,0.039,468,1,0,,open-meteo-era5,27.452,88.591
0,same_place_other_date,glc-57,2020-04-22,4,27.446,88.619,5,,29.9,25.7,68.9,152.3,181.8,350.8,131.311,4.2,7,6.48,17.96,41.95,90.68,0.425,0.427,0.403,12.5,8.4,0,1964,16.846,186.289,-0.994,-0.11,0.039,468,1.786,1,4,open-meteo-era5,27.452,88.591
0,nearby_place_same_date,glc-57,2007-04-11,4,27.466,88.748,5,,3.5,6.8,16.9,63.9,91,184.5,70.624,1.2,7,0.01,8.45,9.91,15.07,0.42,0.422,0.424,5.7,-4.3,14.21,4052,5.16,56.094,0.558,0.83,-0.28,412,1,0,,open-meteo-era5,27.452,88.792
1,event,glc-211,2007-08-26,8,24.967,93.55,5,Manipur,68.7,16.9,96.5,115.8,153.9,202.5,58.763,6.7,7,5.9,7.74,30.56,114.31,0.426,0.426,0.409,22.8,21.7,0,567,15.11,244.12,-0.436,-0.9,-0.454,261,1.807,6,4.8,open-meteo-era5,24.921,93.484
0,same_place_other_date,glc-211,2020-10-07,10,24.967,93.55,5,Manipur,2,33.4,59.3,84.8,157.7,282.7,110.981,7.7,7,2.5,26.39,52.06,200,0.425,0.425,0.406,27.4,21,0,567,15.11,244.12,-0.436,-0.9,-0.454,261,2.399,7,5.1,open-meteo-era5,24.921,93.484
0,same_place_other_date,glc-211,2014-07-13,7,24.967,93.55,5,Manipur,2.1,3.2,11.2,19.2,73.5,329.4,61.534,2,6,5.42,11.12,15.16,318.71,0.402,0.402,0.394,31.3,24,0,567,15.11,244.12,-0.436,-0.9,-0.454,261,2.556,4,4.3,open-meteo-era5,24.921,93.484
0,nearby_place_same_date,glc-211,2007-08-26,8,25.075,93.616,5,Manipur,68.7,16.9,96.5,115.8,153.9,202.5,58.763,6.7,7,5.9,7.74,30.56,114.31,0.423,0.421,0.397,20.2,19.1,0,1140,14.785,316.478,0.725,-0.689,0.631,254,1.716,6,4.8,open-meteo-era5,25.062,93.588
1,event,glc-231,2007-09-05,9,27.068,88.281,5,West Bengal,109.7,39.9,172.5,231.6,299.9,656.2,168.336,10.6,7,41.6,67.11,113.85,288.88,0.427,0.427,0.429,18.9,16.7,0,1729,5.629,63.435,0.447,0.894,0.537,357,4.018,2,5,open-meteo-era5,27.03,88.2
0,same_place_other_date,glc-231,2016-09-02,9,27.068,88.281,5,West Bengal,33.1,18.2,61.6,90.2,143.8,254.3,82.282,5.5,7,19.44,46.81,72.74,199.64,0.426,0.426,0.416,20.5,18,0,1729,5.629,63.435,0.447,0.894,0.537,357,2.796,0,,open-meteo-era5,27.03,88.2
0,same_place_other_date,glc-231,2023-10-12,10,27.068,88.281,5,West Bengal,2.3,3.2,8.1,36.6,82.6,256.1,70.854,1.7,6,4.7,9.54,34.74,292.44,0.396,0.397,0.405,19.4,13,0,1729,5.629,63.435,0.447,0.894,0.537,357,1.885,1,4.9,open-meteo-era5,27.03,88.2
0,nearby_place_same_date,glc-231,2007-09-05,9,27.264,87.944,5,West Bengal,106.6,34.9,162.7,223.2,288.4,591.6,156.154,10.3,7,19.72,39.91,73.64,204.42,0.427,0.428,0.429,21.6,18.2,0,1517,24.381,129.289,-0.633,0.774,0.356,385,4.836,2,5,open-meteo-era5,27.241,87.893
1,event,glc-260,2007-09-11,9,27.208,88.491,5,,7.7,18.8,70.5,423.3,575,1127.7,424.72,2.7,7,6.06,18.55,137.3,336.55,0.43,0.431,0.429,28.3,24.3,0,346,28.805,286.981,0.292,-0.956,-0.962,455,1.734,1,4,open-meteo-era5,27.17,88.497
0,same_place_other_date,glc-260,2009-10-09,10,27.208,88.491,5,,7.3,54.6,231,249.7,253.6,465.6,244.349,9.4,6,0.53,160.87,181.56,220.84,0.42,0.428,0.426,28.4,24.2,0,346,28.805,286.981,0.292,-0.956,-0.962,455,3.522,3,6.1,open-meteo-era5,27.17,88.497
0,same_place_other_date,glc-260,2026-08-07,8,27.208,88.491,5,,14.5,3.8,43.5,137.7,224.8,626.4,172.247,2.4,7,5.26,54.23,164.32,487.71,0.407,0.417,0.416,33.4,25.7,0,346,28.805,286.981,0.292,-0.956,-0.962,455,1,1,4.3,open-meteo-era5,27.17,88.497
0,nearby_place_same_date,glc-260,2007-09-11,9,27.258,88.614,5,,28.4,26.5,133.4,418,758.4,1363.4,498.448,3.1,7,2.8,11.32,72.69,215.49,0.433,0.434,0.433,22.3,17.2,0,1344,28.689,208.805,-0.876,-0.482,-0.125,525,1.689,1,4,open-meteo-era5,27.311,88.594
1,event,glc-313,2007-10-16,10,25.706,94.013,5,Nagaland,26.3,26,63.5,113.4,268.7,364.9,155.718,4,6,15.77,31.91,39.47,88.92,0.478,0.479,0.505,18.6,16.7,0,1460,15.794,138.468,-0.749,0.663,0.197,352,1.57,4,4.5,open-meteo-era5,25.694,94.015
0,same_place_other_date,glc-313,2018-11-29,11,25.706,94.013,5,Nagaland,0,0,0,0.7,6,32.1,5.191,0,0,0,0,0,5.93,0.379,0.402,0.417,18.9,10.6,0,1460,15.794,138.468,-0.749,0.663,0.197,352,2.677,4,5.2,open-meteo-era5,25.694,94.015
0,same_place_other_date,glc-313,2014-10-17,10,25.706,94.013,5,Nagaland,2.8,3.3,9.8,57.4,74.9,255.5,61.404,0.6,7,0.48,13.89,24.95,172.99,0.487,0.485,0.443,21.9,16.1,0,1460,15.794,138.468,-0.749,0.663,0.197,352,2.187,1,4.5,open-meteo-era5,25.694,94.015
0,nearby_place_same_date,glc-313,2007-10-16,10,25.588,93.782,5,Nagaland,20.4,22.9,53.8,97.5,232.8,358.1,140.34,4,7,15.77,31.91,39.47,88.92,0.481,0.5,0.482,18.1,16.3,0,1376,24.574,250.224,-0.338,-0.941,-0.524,508,1.612,4,4.5,open-meteo-era5,25.554,93.811
1,event,glc-614,2008-06-29,6,26.89,88.28,5,West Bengal,14.6,13.4,57.8,94.6,241,565.5,170.489,1.8,7,16.41,28.7,45.92,290.72,0.425,0.426,0.428,20.6,16.8,0,1551,24.136,312.789,0.679,-0.734,0.43,457,1,1,4.1,open-meteo-era5,26.96,88.202
0,same_place_other_date,glc-614,2013-08-10,8,26.89,88.28,5,West Bengal,12.2,54.8,127.5,251,349.9,595.8,269.143,6.4,7,9.4,52.66,168.47,341.39,0.426,0.427,0.428,19.9,16.9,0,1551,24.136,312.789,0.679,-0.734,0.43,457,2.102,3,4.7,open-meteo-era5,26.96,88.202
0,same_place_other_date,glc-614,2016-06-23,6,26.89,88.28,5,West Bengal,22.9,24.2,108.7,178.2,354.5,529.4,227.027,4.7,7,12.36,54.34,107.86,273.9,0.426,0.427,0.429,20.7,17.3,0,1551,24.136,312.789,0.679,-0.734,0.43,457,1.189,1,4,open-meteo-era5,26.96,88.202
0,nearby_place_same_date,glc-614,2008-06-29,6,26.941,88.038,5,West Bengal,16.3,12,54.9,89.4,213.7,486,149.817,2.4,7,16.41,28.7,45.92,290.72,0.425,0.426,0.428,20.7,16.6,0,1559,20.547,146.984,-0.839,0.545,0.057,341,1,1,4.1,open-meteo-era5,26.96,88.002
1,event,glc-620,2008-06-30,6,27.077,88.482,5,West Bengal,16.5,11.2,42,120.5,248,486,162.795,2.1,7,7.1,31.68,46.13,307.95,0.416,0.413,0.427,22.1,19,0,1214,16.163,155.276,-0.908,0.418,-0.067,403,1,1,4.1,open-meteo-era5,27.1,88.498
0,same_place_other_date,glc-620,2022-06-02,6,27.077,88.482,5,West Bengal,6.2,5.5,13.5,31.9,121.1,243.2,65.958,2.7,6,21.58,44.18,71.92,346.32,0.373,0.371,0.397,23.8,17.1,0,1214,16.163,155.276,-0.908,0.418,-0.067,403,1,1,4.2,open-meteo-era5,27.1,88.498
0,same_place_other_date,glc-620,2026-05-29,5,27.077,88.482,5,West Bengal,14.8,5,30.5,91.9,213,350.7,120.789,4.2,7,2.85,14.13,74.79,351.57,0.401,0.404,0.394,26.6,14.9,0,1214,16.163,155.276,-0.908,0.418,-0.067,403,1.701,1,4.4,open-meteo-era5,27.1,88.498
0,nearby_place_same_date,glc-620,2008-06-30,6,27.022,88.577,5,West Bengal,16.5,11.2,42,120.5,248,486,162.795,2.1,7,7.1,31.68,46.13,307.95,0.423,0.424,0.432,20.3,17.3,0,1452,25.475,155.41,-0.909,0.416,-0.968,488,1,1,4.1,open-meteo-era5,27.03,88.6
1,event,glc-1032,2009-05-26,5,27.01,88.259,5,West Bengal,145.9,31.3,182.6,286.9,371.1,501.7,153.545,11.5,7,99.34,122.1,123.02,203.57,0.424,0.421,0.42,13,11.3,0,2219,26.834,57.848,0.532,0.847,0.268,477,1,0,,open-meteo-era5,27.03,88.2
0,same_place_other_date,glc-1032,2022-06-23,6,27.01,88.259,5,West Bengal,24,2.6,33.9,112.3,258.5,335.1,132.751,5.5,7,15.82,34.2,179.07,530.92,0.416,0.42,0.426,18.7,12.3,0,2219,26.834,57.848,0.532,0.847,0.268,477,1,0,,open-meteo-era5,27.03,88.2
0,same_place_other_date,glc-1032,2019-05-09,5,27.01,88.259,5,West Bengal,6,4.7,12.7,45.7,101,153.4,57.259,0.9,6,3.93,7.76,24.08,109.07,0.394,0.392,0.407,17.9,8,0,2219,26.834,57.848,0.532,0.847,0.268,477,2.029,0,,open-meteo-era5,27.03,88.2
0,nearby_place_same_date,glc-1032,2009-05-26,5,26.985,87.94,5,West Bengal,148.2,31.8,182.4,236.1,277.1,347.3,93.38,13.7,7,99.34,122.1,123.02,203.57,0.42,0.401,0.301,19.2,16.3,0,1598,19.193,103.206,-0.228,0.974,0.067,346,1,0,,open-meteo-era5,26.96,88.002
1,event,glc-1031,2009-05-26,5,26.884,88.279,5,West Bengal,177.4,33.1,211,279.5,329.5,425,108.81,16.6,6,99.34,122.1,123.02,203.57,0.41,0.39,0.298,15.9,14.3,0,1564,21.733,265.251,-0.083,-0.997,0.096,404,1,0,,open-meteo-era5,26.96,88.202
0,same_place_other_date,glc-1031,2020-05-26,5,26.884,88.279,5,West Bengal,10.4,5.3,50.2,88.6,169.9,244.1,100.239,2.4,7,12.43,31.98,65.91,183.19,0.422,0.423,0.42,24,15.8,0,1564,21.733,265.251,-0.083,-0.997,0.096,404,2.021,1,4.9,open-meteo-era5,26.96,88.202
0,same_place_other_date,glc-1031,2017-05-27,5,26.884,88.279,5,West Bengal,15.7,8.6,29.1,50.8,108.7,221,67.49,5.2,7,9.35,24.45,36.91,184.08,0.414,0.411,0.405,22.3,15.3,0,1564,21.733,265.251,-0.083,-0.997,0.096,404,3.312,2,4.4,open-meteo-era5,26.96,88.202
1,event,glc-1037,2009-06-17,6,26.89,88.47,5,West Bengal,36.1,3,42.2,54.8,83.1,316.4,51.724,4.3,7,0.09,2.89,21.41,225.07,0.381,0.367,0.341,28,23,0,376,16.23,178.075,-0.999,0.034,0.832,409,1,0,,open-meteo-era5,26.889,88.503
0,same_place_other_date,glc-1037,2007-08-01,8,26.89,88.47,5,West Bengal,62,17.5,96.7,271.1,691.1,965.5,341.686,6.2,7,6.02,37.94,156.58,526.38,0.429,0.427,0.413,24.4,22.4,0,376,16.23,178.075,-0.999,0.034,0.832,409,1,0,,open-meteo-era5,26.889,88.503
0,same_place_other_date,glc-1037,2017-05-18,5,26.89,88.47,5,West Bengal,9.4,1,13.4,30.2,88.6,182.8,47.352,2,5,2.92,15.15,74.98,231.68,0.378,0.373,0.265,27.4,21.7,0,376,16.23,178.075,-0.999,0.034,0.832,409,3.136,2,4.3,open-meteo-era5,26.889,88.503
0,nearby_place_same_date,glc-1037,2009-06-17,6,27.038,88.396,5,West Bengal,36.1,3,42.2,54.8,83.1,316.4,51.724,4.3,7,0.06,1.88,10.08,178.63,0.405,0.403,0.398,23.2,18.6,0,1258,24.649,140.194,-0.768,0.64,-0.173,637,1,0,,open-meteo-era5,27.03,88.4
1,event,glc-1061,2009-07-01,7,27.478,88.527,1,,34.5,26.1,101.7,229.7,402,613,242.89,3,7,17.12,24.76,41.67,68.66,0.428,0.429,0.424,26.1,24.1,0,759,18.798,232.923,-0.603,-0.798,-0.406,403,1.076,0,,open-meteo-era5,27.452,88.49
0,same_place_other_date,glc-1061,2018-07-31,7,27.478,88.527,1,,65.1,67.3,189.3,299.9,484.7,1386.5,370.081,10.2,7,23.85,58.07,98.83,297.18,0.428,0.428,0.428,27.2,23.8,0,759,18.798,232.923,-0.603,-0.798,-0.406,403,1,1,4,open-meteo-era5,27.452,88.49
0,same_place_other_date,glc-1061,2024-08-10,8,27.478,88.527,1,,6.6,28.3,74.6,227.5,292.3,635.4,241.637,4.1,7,9.42,28.42,93.12,358.72,0.426,0.427,0.427,28.7,22,0,759,18.798,232.923,-0.603,-0.798,-0.406,403,3.533,1,4.5,open-meteo-era5,27.452,88.49
0,nearby_place_same_date,glc-1061,2009-07-01,7,27.456,88.906,1,,51.5,17.8,96.2,250,312.4,394.7,193.572,5.5,7,17.12,24.76,41.67,68.66,0.424,0.424,0.426,15.9,12.1,0.21,3322,13.103,165.01,-0.966,0.259,0.705,447,1.007,0,,open-meteo-era5,27.381,88.994
1,event,glc-1084,2009-08-12,8,27.7,92.8,5,Arunachal Pradesh,152.8,55.3,257.3,312.6,813.7,1456.9,443.845,10.7,7,17.32,32.27,50.39,228.18,0.428,0.427,0.428,16,13.6,0,2450,17.956,223.152,-0.73,-0.684,-0.708,424,2.01,0,,open-meteo-era5,27.733,92.831
0,same_place_other_date,glc-1084,2025-07-01,7,27.7,92.8,5,Arunachal Pradesh,6.6,8.4,31.6,71.9,316.9,401.2,160.239,3.1,7,18.47,60.7,66.97,180.28,0.421,0.422,0.424,19.3,13.6,0,2450,17.956,223.152,-0.73,-0.684,-0.708,424,1,0,,open-meteo-era5,27.733,92.831
0,same_place_other_date,glc-1084,2010-08-17,8,27.7,92.8,5,Arunachal Pradesh,79.2,59,191.1,294,481.3,1016.7,303.132,6.1,7,38.43,47.89,73.8,183.72,0.429,0.429,0.428,17.1,14,0,2450,17.956,223.152,-0.73,-0.684,-0.708,424,1.96,1,4.5,open-meteo-era5,27.733,92.831
0,nearby_place_same_date,glc-1084,2009-08-12,8,27.805,92.898,5,Arunachal Pradesh,152.5,30.6,213,265.7,808.8,1584.9,418.483,11.7,7,31.75,69.22,92.25,310.76,0.427,0.426,0.428,15.7,13.8,0,2530,14.305,253.142,-0.29,-0.957,-0.243,602,1.991,0,,open-meteo-era5,27.803,92.936
1,event,glc-1094,2009-08-16,8,27.16,88.634,0.5,West Bengal,137.5,22.9,309,410.5,649,1021.7,369.67,9.8,7,33.17,47.52,85.74,393.19,0.425,0.43,0.407,24.5,21.7,0,808,32.309,63.038,0.453,0.891,0.653,443,2.2,0,,open-meteo-era5,27.17,88.597
0,same_place_other_date,glc-1094,2015-07-13,7,27.16,88.634,0.5,West Bengal,8.9,2.2,33.4,78,314.5,500,172.788,1.1,7,0.83,10.41,46.25,305.69,0.412,0.412,0.421,26.8,22.6,0,808,32.309,63.038,0.453,0.891,0.653,443,2.697,10,5.1,open-meteo-era5,27.17,88.597
0,same_place_other_date,glc-1094,2018-07-12,7,27.16,88.634,0.5,West Bengal,30.8,39.8,110.1,183.2,647.2,1220,388.174,7.1,7,18.27,30.07,68.05,517.88,0.43,0.43,0.429,27.2,22,0,808,32.309,63.038,0.453,0.891,0.653,443,3.384,3,4.4,open-meteo-era5,27.17,88.597
0,nearby_place_same_date,glc-1094,2009-08-16,8,26.877,88.486,0.5,West Bengal,30.7,21.8,124.4,223.3,387.7,641.8,255.316,2.4,7,33.17,47.52,85.74,393.19,0.428,0.425,0.426,25.4,24.5,0,141,2.535,186.34,-0.994,-0.11,-0.086,60,2.141,0,,open-meteo-era5,26.889,88.503
1,event,glc-1088,2009-08-16,8,26.887,88.28,5,West Bengal,37.1,17,127.5,222.9,387.2,696,258.568,5.1,7,15.93,28.57,61.51,342.4,0.428,0.428,0.423,18.5,17.5,0,1594,21.557,281.24,0.195,-0.981,-0.067,445,2.17,0,,open-meteo-era5,26.96,88.202
0,same_place_other_date,glc-1088,2017-08-17,8,26.887,88.28,5,West Bengal,19.6,36.2,61.1,538.5,754.6,983.8,483.781,5.9,7,2.57,7.65,167.58,437.15,0.426,0.426,0.428,23.7,17.8,0,1594,21.557,281.24,0.195,-0.981,-0.067,445,1,0,,open-meteo-era5,26.96,88.202
0,same_place_other_date,glc-1088,2026-08-30,8,26.887,88.28,5,West Bengal,15.6,10.1,34.4,69.6,148.2,299.7,87.908,3.5,7,15.5,37.21,56.49,327.8,0.409,0.405,0.399,23.7,18.5,0,1594,21.557,281.24,0.195,-0.981,-0.067,445,2.065,0,,open-meteo-era5,26.96,88.202
0,nearby_place_same_date,glc-1088,2009-08-16,8,27.172,88.375,5,West Bengal,48.6,10.9,158.9,309.6,613.3,1081.8,384.911,5.5,7,15.93,28.57,61.51,342.4,0.423,0.425,0.424,21.4,16.8,0,1593,22.433,171.293,-0.988,0.151,-0.5,532,2.241,0,,open-meteo-era5,27.241,88.395
1,event,glc-1090,2009-08-16,8,26.96,88.268,5,West Bengal,37.1,17,127.5,222.9,387.2,696,258.568,5.1,7,15.93,28.57,61.51,342.4,0.426,0.426,0.425,18.6,17.1,0,1878,15.389,269.236,-0.013,-1,0.124,291,2.193,0,,open-meteo-era5,26.96,88.202
0,same_place_other_date,glc-1090,2019-08-30,8,26.96,88.268,5,West Bengal,3.5,5.6,10.2,27.9,112.8,307.9,70.906,3.1,7,11.74,28.75,50.76,247.67,0.402,0.398,0.406,22.6,15.2,0,1878,15.389,269.236,-0.013,-1,0.124,291,1.182,1,4.5,open-meteo-era5,26.96,88.202
0,same_place_other_date,glc-1090,2010-07-12,7,26.96,88.268,5,West Bengal,80.8,80.7,421.4,481.4,668.5,1225.2,515.033,14.9,7,15.73,63.03,151.04,476.94,0.429,0.429,0.427,20.8,16.9,0,1878,15.389,269.236,-0.013,-1,0.124,291,1.261,1,4.6,open-meteo-era5,26.96,88.202
0,nearby_place_same_date,glc-1090,2009-08-16,8,27.119,88.13,5,West Bengal,37.1,17,127.5,222.9,387.2,696,258.568,5.1,7,15.93,28.57,61.51,342.4,0.424,0.423,0.426,22.4,20.4,0,1294,38.22,352.223,0.991,-0.135,0.97,596,2.258,0,,open-meteo-era5,27.17,88.196
1,event,glc-1111,2009-08-20,8,27.134,88.458,5,West Bengal,43.3,23.7,96.2,504.6,710.8,1195.2,472.651,7.6,7,47.06,120.65,200.19,501.12,0.428,0.429,0.409,24.5,22.5,0,636,21.543,263.228,-0.118,-0.993,0.134,472,2.218,0,,open-meteo-era5,27.17,88.396
0,same_place_other_date,glc-1111,2015-09-20,9,27.134,88.458,5,West Bengal,95.7,0.1,96.1,118.2,197.5,754.9,118.94,9.9,4,18.44,24.79,43.28,292.27,0.354,0.369,0.354,27.2,23.2,0,636,21.543,263.228,-0.118,-0.993,0.134,472,2.123,7,5,open-meteo-era5,27.17,88.396
0,same_place_other_date,glc-1111,2026-08-13,8,27.134,88.458,5,West Bengal,20.9,1.4,23.5,81.9,262.1,580.4,140.526,4.9,7,6.9,13.04,84.73,451.53,0.376,0.391,0.414,30.4,25.1,0,636,21.543,263.228,-0.118,-0.993,0.134,472,1,0,,open-meteo-era5,27.17,88.396
0,nearby_place_same_date,glc-1111,2009-08-20,8,27.256,88.426,5,West Bengal,46.3,38.9,115.4,615.8,986,1853.6,666.336,7.1,7,38.49,88.84,112.67,297.18,0.426,0.43,0.419,24.9,21.8,0,672,38.414,352.446,0.991,-0.131,0.308,596,2.258,0,,open-meteo-era5,27.17,88.396
1,event,glc-1106,2009-08-20,8,26.899,88.167,1,West Bengal,111.4,20.8,163.6,369.7,565.8,918.9,308.921,15.9,7,61.76,146.77,195.56,466.42,0.427,0.427,0.428,19.4,17.6,0,1550,9.437,153.812,-0.897,0.441,0.21,275,2.187,0,,open-meteo-era5,26.96,88.202
0,same_place_other_date,glc-1106,2013-08-04,8,26.899,88.167,1,West Bengal,6.6,5.3,31.1,77.6,180.6,939.6,167.882,2.5,7,18.07,31.99,66.5,398.36,0.416,0.418,0.425,24.3,17.2,0,1550,9.437,153.812,-0.897,0.441,0.21,275,2.14,2,4.7,open-meteo-era5,26.96,88.202
0,same_place_other_date,glc-1106,2016-09-20,9,26.899,88.167,1,West Bengal,26.1,4.2,44,75.4,220.8,398.4,122.884,4.1,7,23.52,47.46,85.88,317.02,0.421,0.421,0.424,21.1,17.1,0,1550,9.437,153.812,-0.897,0.441,0.21,275,2.805,1,4.2,open-meteo-era5,26.96,88.202
0,nearby_place_same_date,glc-1106,2009-08-20,8,26.818,87.856,1,West Bengal,106.2,34.5,181.1,293.6,460.6,674.3,235.812,10.8,7,61.76,146.77,195.56,466.42,0.427,0.427,0.427,23.7,22.5,0,420,15.408,52.927,0.603,0.798,0.019,248,2.197,0,,open-meteo-era5,26.819,87.807
1,event,glc-1168,2009-09-17,9,27.195,88.612,5,Sikkim,11.8,7.4,24.8,125.9,183.6,396.3,118.053,2.8,7,4.39,10.49,13.42,225.29,0.4,0.395,0.4,27.6,23.1,0,472,6.596,175.135,-0.996,0.085,0.067,308,1.911,0,,open-meteo-era5,27.17,88.597
0,same_place_other_date,glc-1168,2014-08-07,8,27.195,88.612,5,Sikkim,16.8,7.5,43.3,81.3,119.1,348.3,92.35,2.8,7,9.81,20.8,33.26,219.47,0.427,0.425,0.429,27.7,24,0,472,6.596,175.135,-0.996,0.085,0.067,308,1.759,3,4.3,open-meteo-era5,27.17,88.597
0,same_place_other_date,glc-1168,2008-08-23,8,27.195,88.612,5,Sikkim,16.5,5.4,25.8,241.9,529,684.9,296.234,2.5,7,15.9,25.44,91.84,366.16,0.426,0.424,0.403,29,23.5,0,472,6.596,175.135,-0.996,0.085,0.067,308,1.597,0,,open-meteo-era5,27.17,88.597
0,nearby_place_same_date,glc-1168,2009-09-17,9,27.185,88.501,5,Sikkim,11.8,7.4,24.8,125.9,183.6,396.3,118.053,2.8,7,4.39,10.49,13.42,225.29,0.408,0.407,0.41,28.4,24.5,0,364,4.126,170.218,-0.985,0.17,0.077,221,1.89,0,,open-meteo-era5,27.17,88.497
1,event,glc-1222,2009-10-05,10,23.735,92.721,5,Mizoram,28.3,17.3,87.2,94.3,230,353.8,120.856,4.4,5,16.64,63.8,74.72,226.3,0.425,0.424,0.41,23.9,19,0,979,19.265,71.318,0.32,0.947,0.599,315,2.967,0,,open-meteo-era5,23.726,92.756
0,same_place_other_date,glc-1222,2024-08-31,8,23.735,92.721,5,Mizoram,6.7,9.4,43.5,89.9,264.8,404.4,144.405,3,6,25.79,42.46,75.51,830.64,0.409,0.408,0.404,28.2,19.6,0,979,19.265,71.318,0.32,0.947,0.599,315,1.395,2,4.4,open-meteo-era5,23.726,92.756
0,same_place_other_date,glc-1222,2025-11-14,11,23.735,92.721,5,Mizoram,0,0,0,0.1,17.1,50.4,10.225,0,0,0,0,0,65.45,0.126,0.132,0.128,25.6,11.1,0,979,19.265,71.318,0.32,0.947,0.599,315,1.704,4,4.6,open-meteo-era5,23.726,92.756
0,nearby_place_same_date,glc-1222,2009-10-05,10,23.665,92.785,5,Mizoram,28.3,17.3,87.2,94.3,230,353.8,120.856,4.4,5,16.64,63.8,74.72,226.3,0.425,0.424,0.406,28.1,23.2,0,321,21.369,63.045,0.453,0.891,0.1,409,2.933,0,,open-meteo-era5,23.656,92.753
1,event,glc-1596,2010-03-27,3,24.734,93.916,5,Manipur,2.5,0,2.5,2.5,2.7,8.7,0.822,1.4,1,11.35,12.42,14.34,30.05,0.168,0.189,0.214,29.3,18.3,0,883,8.99,221.309,-0.751,-0.66,0.738,128,3.025,2,5.5,open-meteo-era5,24.71,93.859
0,same_place_other_date,glc-1596,2008-02-26,2,24.734,93.916,5,Manipur,0,0.1,0.1,5.3,5.5,22.7,6.33,0.1,2,0.07,0.25,0.25,20.02,0.251,0.267,0.279,23.5,12.9,0,883,8.99,221.309,-0.751,-0.66,0.738,128,2.038,3,4.9,open-meteo-era5,24.71,93.859
0,same_place_other_date,glc-1596,2021-04-15,4,24.734,93.916,5,Manipur,0,0.6,0.6,1.2,9.2,38.3,9.34,0.5,0,0.84,3.42,5.31,71.74,0.125,0.15,0.197,30.8,16.5,0,883,8.99,221.309,-0.751,-0.66,0.738,128,1.611,1,4.2,open-meteo-era5,24.71,93.859
0,nearby_place_same_date,glc-1596,2010-03-27,3,24.978,94.081,5,Manipur,1.4,0,1.4,2.2,4,36.6,5.031,0.9,1,14.12,18.89,23.35,41.11,0.26,0.283,0.311,29.5,17.5,0,875,14.773,191.31,-0.981,-0.196,-0.398,242,2.903,2,5.5,open-meteo-era5,24.991,94.069
1,event,glc-1613,2010-04-02,4,27.9,93.35,1,Arunachal Pradesh,20.2,22.5,62.6,122.9,215.8,426.7,143.457,3.5,7,6.29,18.64,40.38,81.13,0.423,0.425,0.425,20.9,14.8,4.06,866,6.658,234.462,-0.581,-0.814,0.029,211,2.055,0,,open-meteo-era5,27.873,93.446
0,same_place_other_date,glc-1613,2018-03-30,3,27.9,93.35,1,Arunachal Pradesh,12.8,10.5,25.3,52.8,122.2,217.5,67.65,2.2,7,0.14,1.31,4.05,46.2,0.406,0.401,0.407,19.6,14.7,0,866,6.658,234.462,-0.581,-0.814,0.029,211,1,0,,open-meteo-era5,27.873,93.446
0,same_place_other_date,glc-1613,2024-03-26,3,27.9,93.35,1,Arunachal Pradesh,17.5,16.6,37.7,98.8,189.1,332.3,112.921,7.4,7,5.66,14.67,35.09,43.03,0.419,0.416,0.418,19.4,11.9,0,866,6.658,234.462,-0.581,-0.814,0.029,211,1,0,,open-meteo-era5,27.873,93.446
0,nearby_place_same_date,glc-1613,2010-04-02,4,27.647,93.507,1,Arunachal Pradesh,41.3,34.1,108.2,216.5,350.7,530.7,210.232,4,7,11.69,32.15,71.38,140.7,0.428,0.428,0.429,13.7,9.6,0,2135,29.57,179.627,-1,0.007,-0.174,412,1.969,0,,open-meteo-era5,27.663,93.434
1,event,glc-1756,2010-04-17,4,27.322,88.609,1,Sikkim,4.7,1.9,8.4,25.3,48.2,192.8,44.656,1.2,6,0.26,1.83,3.59,7.11,0.381,0.379,0.37,20.1,13.9,0,1514,26.732,277.419,0.129,-0.992,0.617,471,1.594,0,,open-meteo-era5,27.311,88.594
0,same_place_other_date,glc-1756,2014-04-19,4,27.322,88.609,1,Sikkim,3.7,0.1,8.8,16.4,97.2,203.3,47.463,1.9,6,1.38,5.58,7.56,31.55,0.378,0.376,0.389,22.2,12.5,0,1514,26.732,277.419,0.129,-0.992,0.617,471,1.508,0,,open-meteo-era5,27.311,88.594
0,same_place_other_date,glc-1756,2024-04-06,4,27.322,88.609,1,Sikkim,0,3,4.1,16.7,104.6,147.7,49.159,1.3,5,1.07,4.89,9.6,87.76,0.359,0.355,0.392,24.5,10.2,0,1514,26.732,277.419,0.129,-0.992,0.617,471,1.331,1,4.4,open-meteo-era5,27.311,88.594
0,nearby_place_same_date,glc-1756,2010-04-17,4,27.373,88.52,1,Sikkim,4.7,1.9,8.4,25.3,48.2,192.8,44.656,1.2,6,0.26,1.83,3.59,7.11,0.406,0.405,0.403,19.9,14.4,0,1609,17.265,357.963,0.999,-0.036,-0.752,481,1.594,0,,open-meteo-era5,27.381,88.492
1,event,glc-1771,2010-04-20,4,26.198,91.767,0.5,Assam,50.4,24.8,105.5,182.6,190.6,282.4,123.665,4.2,7,33.21,123.36,189.67,297.34,0.483,0.489,0.38,23.9,20.7,0,81,9.19,112.521,-0.383,0.924,0.076,150.832,1.576,0,,open-meteo-era5,26.186,91.776
0,same_place_other_date,glc-1771,2014-03-18,3,26.198,91.767,0.5,Assam,0.2,0.1,0.3,0.3,0.3,11,1.096,0.2,0,0,0,0,19.11,0.259,0.284,0.316,32.2,20.1,0,81,9.19,112.521,-0.383,0.924,0.076,150.832,2.188,2,4.4,open-meteo-era5,26.186,91.776
0,same_place_other_date,glc-1771,2007-04-12,4,26.198,91.767,0.5,Assam,0,10.5,33.1,121.1,128.5,151.7,98.16,2.6,6,0.35,29.22,110.91,142.36,0.467,0.476,0.363,26.8,17.4,0,81,9.19,112.521,-0.383,0.924,0.076,150.832,1,0,,open-meteo-era5,26.186,91.776
1,event,glc-1929,2010-05-31,5,27.354,88.643,5,Sikkim,3.5,5.1,15.8,62.7,189.7,286.7,111.413,2.5,7,4.53,9.04,21.88,124.71,0.407,0.398,0.415,19.2,12.7,0,2120,23.099,84.716,0.092,0.996,-0.212,537,1.645,0,,open-meteo-era5,27.311,88.694
0,same_place_other_date,glc-1929,2008-07-09,7,27.354,88.643,5,Sikkim,34,37.9,87.6,308.6,573.1,951.9,345.865,5.8,7,3.22,14.52,33.66,199.17,0.418,0.423,0.41,20.5,13.5,0,2120,23.099,84.716,0.092,0.996,-0.212,537,1.741,2,4.1,open-meteo-era5,27.311,88.694
0,same_place_other_date,glc-1929,2023-05-13,5,27.354,88.643,5,Sikkim,2.1,0.8,2.9,5.5,25.9,39.9,11.498,0.8,2,0,0.53,25.73,111.09,0.259,0.278,0.302,19.4,11.2,0,2120,23.099,84.716,0.092,0.996,-0.212,537,1,1,4.3,open-meteo-era5,27.311,88.694
0,nearby_place_same_date,glc-1929,2010-05-31,5,27.413,88.8,5,Sikkim,2.9,5.2,11.4,31,126.7,248.4,78.727,1.2,6,4.53,9.04,21.88,124.71,0.414,0.415,0.415,7.3,0.6,0,4536,16.884,156.132,-0.914,0.405,0.483,324,1.715,1,4.9,open-meteo-era5,27.452,88.792
1,event,glc-1935,2010-06-03,6,23.899,91.76,5,Tripura,6.2,4.3,14.2,117.2,238.7,350.6,133.261,1.3,7,40.65,82.29,196.52,497.9,0.406,0.408,0.415,32,25.5,0,187,2.88,121.43,-0.521,0.853,-0.637,175,1,0,,open-meteo-era5,23.866,91.81
0,same_place_other_date,glc-1935,2016-06-01,6,23.899,91.76,5,Tripura,9.2,14.1,31.1,92,311.7,432.1,159.796,4,7,4.88,19.94,127.06,579.79,0.423,0.424,0.423,31.8,23.3,0,187,2.88,121.43,-0.521,0.853,-0.637,175,1.764,6,4.8,open-meteo-era5,23.866,91.81
0,same_place_other_date,glc-1935,2014-05-25,5,23.899,91.76,5,Tripura,31.7,3.7,35.5,38.2,73.3,293.6,44.598,5.5,3,21.42,26.42,26.6,225.22,0.326,0.323,0.329,31.8,23.2,0,187,2.88,121.43,-0.521,0.853,-0.637,175,1.951,1,4.3,open-meteo-era5,23.866,91.81
0,nearby_place_same_date,glc-1935,2010-06-03,6,23.908,91.972,5,Tripura,2.3,3.5,8.4,93.1,206.7,301,115.057,0.7,7,40.65,82.29,196.52,497.9,0.403,0.406,0.412,32.1,26.5,0,81,8.366,81.607,0.146,0.989,-0.428,88,1,0,,open-meteo-era5,23.937,92.002
1,event,glc-1986,2010-06-15,6,26.334,94.551,1,Nagaland,20.3,12.6,45.9,82,435.9,665,203.765,4,7,40.07,75.47,135.07,370.59,0.49,0.49,0.478,23.4,18.9,0,1378,4.203,245.556,-0.414,-0.91,0.53,200,1.545,2,4.6,open-meteo-era5,26.257,94.643
0,same_place_other_date,glc-1986,2018-05-20,5,26.334,94.551,1,Nagaland,4.4,6.8,15.4,46.3,161.7,267.3,89.094,1.8,7,7.67,20.3,41.09,186.93,0.493,0.497,0.496,22.1,17.3,0,1378,4.203,245.556,-0.414,-0.91,0.53,200,1.582,2,4.6,open-meteo-era5,26.257,94.643
0,same_place_other_date,glc-1986,2008-07-25,7,26.334,94.551,1,Nagaland,12.7,7,25.5,53.4,162.1,419.2,99.666,4.5,7,9.67,19.17,64.93,344.33,0.473,0.495,0.472,23,18.8,0,1378,4.203,245.556,-0.414,-0.91,0.53,200,3.16,4,4.9,open-meteo-era5,26.257,94.643
0,nearby_place_same_date,glc-1986,2010-06-15,6,26.253,94.598,1,Nagaland,20.3,12.6,45.9,82,435.9,665,203.765,4,7,40.07,75.47,135.07,370.59,0.486,0.494,0.478,23.3,19.2,0,1444,11.68,186.415,-0.994,-0.112,1.22,484,1.601,2,4.6,open-meteo-era5,26.257,94.643
1,event,glc-2025,2010-06-28,6,25.573,91.885,5,Meghalaya,68.2,46,179.4,320,503.6,789,313.023,6.4,7,49.93,121.2,150.53,653.89,0.483,0.5,0.486,22.9,19.1,0,1503,3.56,352.185,0.991,-0.136,-0.056,64,1,0,,open-meteo-era5,25.554,91.857
0,same_place_other_date,glc-2025,2020-08-04,8,25.573,91.885,5,Meghalaya,10.1,2.5,18.1,49.5,197.6,470,111.654,4.4,7,0.11,14.69,83.9,1051.12,0.488,0.496,0.474,26,19.8,0,1503,3.56,352.185,0.991,-0.136,-0.056,64,2.255,3,4.8,open-meteo-era5,25.554,91.857
0,same_place_other_date,glc-2025,2014-07-14,7,25.573,91.885,5,Meghalaya,10,10.2,27.7,76,219,850.8,176.33,2.8,7,24.06,39.01,78.35,514.84,0.474,0.482,0.494,23,19.7,0,1503,3.56,352.185,0.991,-0.136,-0.056,64,1.073,1,4.3,open-meteo-era5,25.554,91.857
0,nearby_place_same_date,glc-2025,2010-06-28,6,25.497,91.942,5,Meghalaya,68.2,46,179.4,320,503.6,789,313.023,6.4,7,49.93,121.2,150.53,653.89,0.478,0.496,0.489,21.5,18.1,0,1679,10.425,3.764,0.998,0.066,-0.14,187,1,0,,open-meteo-era5,25.483,91.952
1,event,glc-2034,2010-07-04,7,26.871,88.305,0.5,West Bengal,9.6,34.3,100.1,162.1,597.5,839.7,336.502,3.8,7,24.76,60.25,122.95,314.98,0.426,0.426,0.427,24.7,20,0,1150,33.609,47.981,0.669,0.743,0.163,589,1,0,,open-meteo-era5,26.889,88.304
0,same_place_other_date,glc-2034,2013-05-26,5,26.871,88.305,0.5,West Bengal,32.6,4.6,41.8,68.6,174.3,378.7,94.408,5.2,7,1.87,2.06,85.47,146.98,0.389,0.392,0.362,26.1,19.8,0,1150,33.609,47.981,0.669,0.743,0.163,589,1.232,0,,open-meteo-era5,26.889,88.304
0,same_place_other_date,glc-2034,2012-08-04,8,26.871,88.305,0.5,West Bengal,3,4.2,18.6,58,176.9,763.1,160.154,1.5,7,5.11,9.99,29.97,357.31,0.415,0.42,0.416,25.3,19.8,0,1150,33.609,47.981,0.669,0.743,0.163,589,1.736,1,4.7,open-meteo-era5,26.889,88.304
0,nearby_place_same_date,glc-2034,2010-07-04,7,26.783,88.052,0.5,West Bengal,13.9,23.3,88,137,379,493.6,231.923,3.3,7,24.76,60.25,122.95,314.98,0.427,0.428,0.43,27.2,22.5,0,642,7.873,144.345,-0.813,0.583,0.325,138,1,0,,open-meteo-era5,26.819,88.007
1,event,glc-2045,2010-07-06,7,26.236,94.813,5,Nagaland,3.2,4.1,17,88.5,202.6,380.3,133.374,1.1,7,9.26,32.72,75.34,355.44,0.498,0.494,0.496,24.3,18.7,0,1570,10.238,53.207,0.599,0.801,0.217,319,1.828,4,4.4,open-meteo-era5,26.257,94.841
0,same_place_other_date,glc-2045,2015-08-07,8,26.236,94.813,5,Nagaland,43.6,18.6,76.4,112.4,256.6,582.1,154.92,5.1,7,4.48,20.81,56.66,318.85,0.481,0.492,0.499,21.4,18.3,0,1570,10.238,53.207,0.599,0.801,0.217,319,1.705,3,4.5,open-meteo-era5,26.257,94.841
0,same_place_other_date,glc-2045,2026-06-16,6,26.236,94.813,5,Nagaland,30.4,8.4,56.9,149,204.6,335.8,130.392,8.8,7,13.69,32.03,71.46,243.61,0.502,0.504,0.47,23.6,16.8,0,1570,10.238,53.207,0.599,0.801,0.217,319,1.882,5,4.4,open-meteo-era5,26.257,94.841
0,nearby_place_same_date,glc-2045,2010-07-06,7,26.057,94.802,5,Nagaland,6,3.8,22.5,87.6,181,367.3,123.598,0.8,7,9.26,32.72,75.34,355.44,0.469,0.475,0.498,24,18.2,0,1500,36.616,101.971,-0.207,0.978,-0.914,645,1.962,4,4.4,open-meteo-era5,26.116,94.83
1,event,glc-2044,2010-07-06,7,25.888,94.786,5,Nagaland,6,3.8,22.5,87.6,181,367.3,123.598,0.8,7,9.26,32.72,75.34,355.44,0.487,0.483,0.506,25.6,20.2,0,1172,4.973,347.125,0.975,-0.223,0.348,264,2.05,4,4.4,open-meteo-era5,25.905,94.814
0,same_place_other_date,glc-2044,2025-07-27,7,25.888,94.786,5,Nagaland,34.2,7.4,41.6,47.3,90.3,168.9,36.932,8.8,4,20.2,46.88,63.35,300.71,0.343,0.302,0.277,24,20.2,0,1172,4.973,347.125,0.975,-0.223,0.348,264,1.927,5,4.6,open-meteo-era5,25.905,94.814
0,same_place_other_date,glc-2044,2015-05-29,5,25.888,94.786,5,Nagaland,10,3.3,15.8,19,37.2,56.3,16.669,3.1,5,2.59,29.94,66.2,190.21,0.38,0.331,0.313,24.8,19.3,0,1172,4.973,347.125,0.975,-0.223,0.348,264,4.575,2,4.8,open-meteo-era5,25.905,94.814
0,nearby_place_same_date,glc-2044,2010-07-06,7,25.734,94.788,5,Nagaland,11.4,3.9,35.3,88.3,166.5,420.9,122.498,1,7,5.42,21.74,71.25,308.19,0.426,0.427,0.425,23.9,19.2,0,1370,25.256,350.997,0.988,-0.156,-0.459,538,2.095,3,4.4,open-meteo-era5,25.694,94.799
1,event,glc-2042,2010-07-06,7,26.009,94.524,5,Nagaland,5.1,3.9,23.3,101.1,290.8,565.4,180.246,0.9,7,9.14,35.75,73.22,362.61,0.449,0.473,0.507,22,16.3,0,1821,12.235,98.039,-0.14,0.99,0.424,214,1.822,4,4.4,open-meteo-era5,25.975,94.623
0,same_place_other_date,glc-2042,2020-08-05,8,26.009,94.524,5,Nagaland,3,2.5,8.9,57,210.2,447.5,119.538,1.3,7,0.69,3.67,16.59,239.97,0.483,0.479,0.457,24.2,18.4,0,1821,12.235,98.039,-0.14,0.99,0.424,214,1.856,4,4.4,open-meteo-era5,25.975,94.623
0,same_place_other_date,glc-2042,2024-08-16,8,26.009,94.524,5,Nagaland,1.1,3,4.9,54.4,213.5,443.8,127.869,2.3,6,0.47,10.86,35.67,369.34,0.474,0.477,0.485,24.2,17.4,0,1821,12.235,98.039,-0.14,0.99,0.424,214,2.396,3,4.4,open-meteo-era5,25.975,94.623
0,nearby_place_same_date,glc-2042,2010-07-06,7,26.147,94.796,5,Nagaland,3.2,4.1,17,88.5,202.6,380.3,133.374,1.1,7,9.26,32.72,75.34,355.44,0.469,0.475,0.498,25.4,19.6,0,1330,27.497,104.458,-0.25,0.968,-0.066,493,1.894,4,4.4,open-meteo-era5,26.116,94.83
1,event,glc-2043,2010-07-06,7,26.723,95.028,5,Nagaland,8.2,7.3,31.9,102.9,243,439.1,149.456,3.8,7,13.18,37.16,73.13,373.06,0.489,0.493,0.5,28.1,22.4,0,697,6.203,268.069,-0.034,-0.999,-0.381,158,1.423,4,4.4,open-meteo-era5,26.749,95.077
0,same_place_other_date,glc-2043,2025-07-02,7,26.723,95.028,5,Nagaland,10.8,2,22.5,66.9,222.7,313.4,113.83,5.2,7,15.9,47.67,66.91,290.55,0.485,0.496,0.504,27.7,22.3,0,697,6.203,268.069,-0.034,-0.999,-0.381,158,1.387,4,4.5,open-meteo-era5,26.749,95.077
0,same_place_other_date,glc-2043,2026-06-10,6,26.723,95.028,5,Nagaland,4.5,8.3,26.6,48.2,110.1,222.3,74.287,1.8,7,10.93,35.69,96.97,260.88,0.502,0.507,0.489,28.5,22.6,0,697,6.203,268.069,-0.034,-0.999,-0.381,158,1.861,2,4.4,open-meteo-era5,26.749,95.077
0,nearby_place_same_date,glc-2043,2010-07-06,7,26.692,95.208,5,Nagaland,13.1,7.1,32.8,141.3,323.4,600,195.557,3.9,7,13.18,37.16,73.13,373.06,0.425,0.426,0.424,27.5,22.3,0,912,13.588,11.65,0.979,0.202,0.839,285,1.451,4,4.4,open-meteo-era5,26.749,95.177
1,event,glc-2098,2010-07-19,7,26.722,95.028,5,Nagaland,41.1,37,84.4,168.9,243.3,513.1,163.98,5.6,7,13.18,50.87,108.57,342.81,0.485,0.492,0.498,25.1,22.2,0,717,4.165,309.56,0.637,-0.771,0.257,162,1.424,3,4.4,open-meteo-era5,26.749,95.077
0,same_place_other_date,glc-2098,2025-07-23,7,26.722,95.028,5,Nagaland,10.6,2.9,17.2,29.1,92.2,256.6,66.896,4.6,7,0.55,10.26,57.75,292.28,0.46,0.478,0.463,31.1,23,0,717,4.165,309.56,0.637,-0.771,0.257,162,1.534,5,4.5,open-meteo-era5,26.749,95.077
0,same_place_other_date,glc-2098,2025-07-19,7,26.722,95.028,5,Nagaland,3.3,3.2,7.5,61.4,131.1,327.8,87.101,1.3,6,26.97,38.76,70.87,313.24,0.479,0.49,0.475,28.3,23,0,717,4.165,309.56,0.637,-0.771,0.257,162,1.534,5,4.5,open-meteo-era5,26.749,95.077
0,nearby_place_same_date,glc-2098,2010-07-19,7,26.822,95.199,5,Nagaland,42.7,32.9,82.6,204.4,306.2,661.4,206.208,6,7,12.44,62.14,117.51,363.79,0.429,0.429,0.427,26.2,22.8,0,690,21.509,316.759,0.728,-0.685,-0.65,360,1.333,3,4.4,open-meteo-era5,26.819,95.183
1,event,glc-2163,2010-07-29,7,25.42,94.105,5,Nagaland,29,10.2,46.5,119,256.3,501.1,148.014,2.6,7,17.06,32.41,58.35,246.28,0.5,0.49,0.478,21.8,18.6,0,1398,15.258,185.332,-0.996,-0.093,-0.168,209,1.102,3,4.4,open-meteo-era5,25.413,94.095
0,same_place_other_date,glc-2163,2011-09-06,9,25.42,94.105,5,Nagaland,21.2,13,40.8,65.6,162.8,445.3,101.026,4.2,7,22.8,24.56,33.85,233.64,0.47,0.48,0.437,24,18.5,0,1398,15.258,185.332,-0.996,-0.093,-0.168,209,1.297,2,4.5,open-meteo-era5,25.413,94.095
0,same_place_other_date,glc-2163,2019-07-01,7,25.42,94.105,5,Nagaland,2.7,4.5,9.6,37.5,88.4,181.1,58.646,1.4,7,14.49,20.61,42.9,233.16,0.496,0.497,0.494,25,18,0,1398,15.258,185.332,-0.996,-0.093,-0.168,209,2.766,2,4.6,open-meteo-era5,25.413,94.095
0,nearby_place_same_date,glc-2163,2010-07-29,7,25.261,94.201,5,Nagaland,25.1,7.3,33.8,90.8,190.8,329.7,99.343,3.2,7,17.06,32.41,58.35,246.28,0.483,0.481,0.483,21.1,17.6,0,1553,13.967,106.327,-0.281,0.96,-0.158,600,1.157,2,4.4,open-meteo-era5,25.272,94.184
1,event,glc-2201,2010-08-05,8,27.037,88.263,5,West Bengal,14.8,18.1,42.7,172.6,427.9,1123.8,281.752,2.5,7,1.48,5.92,44.29,438.02,0.42,0.419,0.415,21.1,15,0,2113,22.689,318.798,0.752,-0.659,-0.019,450,1.301,2,4.6,open-meteo-era5,27.03,88.2
0,same_place_other_date,glc-2201,2008-09-16,9,27.037,88.263,5,West Bengal,1.4,0,2.5,42.6,140.9,654.3,122.922,0.3,6,0.29,3.52,27.44,250.28,0.383,0.391,0.398,19.7,13.5,0,2113,22.689,318.798,0.752,-0.659,-0.019,450,3.251,0,,open-meteo-era5,27.03,88.2
0,same_place_other_date,glc-2201,2021-07-15,7,27.037,88.263,5,West Bengal,8.7,61.4,76.1,117.8,368.1,816.7,262.744,17.6,7,6.12,43.84,87.29,512.81,0.425,0.424,0.413,16.8,13.3,0,2113,22.689,318.798,0.752,-0.659,-0.019,450,2.62,3,5.3,open-meteo-era5,27.03,88.2
0,nearby_place_same_date,glc-2201,2010-08-05,8,27.062,88.418,5,West Bengal,1.4,3.9,6.9,103.7,250.8,964,201.753,0.5,7,1.48,5.92,44.29,438.02,0.405,0.406,0.395,29.8,23.8,0,476,17.52,74.94,0.26,0.966,0.058,408,1.278,2,4.6,open-meteo-era5,26.96,88.502
1,event,glc-2205,2010-08-06,8,23.737,92.715,1,Mizoram,17.2,29.5,69,121.5,245.1,371.2,154.665,14.8,7,0.38,16.06,42.25,234.39,0.424,0.426,0.428,24.1,19.3,0,1007,26.536,258.583,-0.198,-0.98,-0.645,312,1.863,2,4.6,open-meteo-era5,23.726,92.756
0,same_place_other_date,glc-2205,2009-06-29,6,23.737,92.715,1,Mizoram,3,1,8.1,58.5,114.1,306.4,80.069,1.1,7,35.49,76.87,94.75,291.46,0.399,0.4,0.386,25.2,19.6,0,1007,26.536,258.583,-0.198,-0.98,-0.645,312,2.79,3,4.5,open-meteo-era5,23.726,92.756
0,same_place_other_date,glc-2205,2020-06-28,6,23.737,92.715,1,Mizoram,17.2,5.4,23.8,33.2,91.6,225,55.852,8.4,7,15,51.4,71.63,464.21,0.326,0.31,0.298,22.3,18.7,0,1007,26.536,258.583,-0.198,-0.98,-0.645,312,4.585,9,5.6,open-meteo-era5,23.726,92.756
0,nearby_place_same_date,glc-2205,2010-08-06,8,23.384,92.776,1,Mizoram,12.6,16.1,45.3,81.8,180.4,314.8,112.586,7.8,7,0.38,16.06,42.25,234.39,0.424,0.426,0.426,26.3,19.9,0,966,22.46,316.63,0.727,-0.687,0.126,346,2.149,2,4.6,open-meteo-era5,23.374,92.836
1,event,glc-2243,2010-08-13,8,25.702,94.046,5,Nagaland,14.4,21.9,59,88.5,245.1,489.5,154.844,4.1,7,10.61,13.72,16.8,191.18,0.47,0.486,0.475,25.2,20.5,0,1011,15.094,76.774,0.229,0.973,0.094,319,1.477,3,4.1,open-meteo-era5,25.764,94.02
0,same_place_other_date,glc-2243,2022-08-07,8,25.702,94.046,5,Nagaland,7.6,27.2,56.4,193.4,332.9,616.3,232.546,7.6,7,6.27,17.37,39.82,163.15,0.504,0.513,0.503,28.6,20.4,0,1011,15.094,76.774,0.229,0.973,0.094,319,1.78,3,4.6,open-meteo-era5,25.764,94.02
0,same_place_other_date,glc-2243,2023-09-23,9,25.702,94.046,5,Nagaland,7,7.5,26.8,129.8,235.4,435.3,155.82,2.7,7,2.31,19.98,48.21,129.11,0.501,0.501,0.512,25.2,19.3,0,1011,15.094,76.774,0.229,0.973,0.094,319,2.43,3,5,open-meteo-era5,25.764,94.02
0,nearby_place_same_date,glc-2243,2010-08-13,8,25.544,94.277,5,Nagaland,11.6,9.1,38.3,53.2,163.2,383.3,99.641,5.7,6,12.04,15.29,19.64,194.71,0.475,0.492,0.473,22.1,16.1,0,1923,33.376,356.214,0.998,-0.066,0.15,566,1.799,6,4.6,open-meteo-era5,25.554,94.3
1,event,glc-2282,2010-08-19,8,26.198,94.816,1,Nagaland,31,15.5,51.5,147.7,245.7,504.6,157.244,4.4,7,13.74,29.82,94.99,276.17,0.487,0.494,0.469,21.4,17.3,0,1892,23.603,344.186,0.962,-0.273,-0.435,501,1.704,4,4.6,open-meteo-era5,26.186,94.836
0,same_place_other_date,glc-2282,2011-09-07,9,26.198,94.816,1,Nagaland,33.2,23.3,83.7,122.7,232.3,483.8,143.483,8.4,7,39.88,65.39,75.43,285.12,0.472,0.495,0.49,21.1,16.3,0,1892,23.603,344.186,0.962,-0.273,-0.435,501,1.48,1,4.5,open-meteo-era5,26.186,94.836
0,same_place_other_date,glc-2282,2009-08-10,8,26.198,94.816,1,Nagaland,5.8,11.6,25.7,73,247.6,415.2,126.592,2.7,7,5.39,26.94,78.01,249.73,0.485,0.489,0.495,23.5,17.6,0,1892,23.603,344.186,0.962,-0.273,-0.435,501,1.156,0,,open-meteo-era5,26.186,94.836
0,nearby_place_same_date,glc-2282,2010-08-19,8,26.125,95.127,1,Nagaland,58.2,36.1,105.3,273.8,349.8,657.8,231.28,7.6,7,13.74,29.82,94.99,276.17,0.458,0.472,0.488,20.1,14.7,0,2411,29.104,117.403,-0.46,0.888,-0.368,461,1.926,4,4.6,open-meteo-era5,26.116,95.126
1,event,glc-2283,2010-08-19,8,24.896,93.496,5,Manipur,4.4,4.6,13.1,121.2,169.1,309.7,116.721,0.6,7,8.39,19.28,50.65,195.66,0.416,0.416,0.424,22.1,19.3,0,1079,25.547,97.804,-0.136,0.991,1.96,786,1.278,3,4.1,open-meteo-era5,24.921,93.484
0,same_place_other_date,glc-2283,2025-07-13,7,24.896,93.496,5,Manipur,0,1.3,1.5,71,249.8,624.9,166.59,0.3,5,2.31,10.22,45.69,266.33,0.386,0.398,0.415,28.9,18.4,0,1079,25.547,97.804,-0.136,0.991,1.96,786,1.812,5,4.6,open-meteo-era5,24.921,93.484
0,same_place_other_date,glc-2283,2014-09-18,9,24.896,93.496,5,Manipur,12.3,4.5,18.9,31.3,81.5,165.9,42.941,2.5,6,12.26,13.26,23.54,175.62,0.393,0.391,0.4,26,19.4,0,1079,25.547,97.804,-0.136,0.991,1.96,786,2.424,4,4.7,open-meteo-era5,24.921,93.484
0,nearby_place_same_date,glc-2283,2010-08-19,8,24.916,93.364,5,Manipur,9.2,2.8,16.2,131.2,180,318,119.035,1.2,7,10.39,25.98,63.54,246.04,0.415,0.416,0.424,26.5,22.5,0,522,23.193,224.091,-0.718,-0.696,-0.444,372,1.161,3,4.1,open-meteo-era5,24.921,93.387
1,event,glc-2281,2010-08-19,8,25.616,94.116,5,Nagaland,12.2,8.1,23.4,67.7,164.9,417.7,116.704,3,7,10.84,27.29,62.5,191.49,0.466,0.492,0.485,23.1,19.3,0,1620,22.55,103.47,-0.233,0.972,0.037,461,1.6,4,4.6,open-meteo-era5,25.624,94.109
0,same_place_other_date,glc-2281,2010-07-06,7,25.616,94.116,5,Nagaland,8.4,6.1,36.9,144.8,300.4,711.8,209.159,1.4,7,4.5,20.02,66.91,302.38,0.487,0.474,0.498,23.9,18.7,0,1620,22.55,103.47,-0.233,0.972,0.037,461,1.718,4,4.4,open-meteo-era5,25.624,94.109
0,same_place_other_date,glc-2281,2007-07-23,7,25.616,94.116,5,Nagaland,12.8,23.1,43.7,90.7,220.7,463.2,148.039,4.2,7,2,11.27,29.61,103.53,0.491,0.496,0.499,22.6,18,0,1620,22.55,103.47,-0.233,0.972,0.037,461,4.529,3,5.2,open-meteo-era5,25.624,94.109
0,nearby_place_same_date,glc-2281,2010-08-19,8,25.385,94.105,5,Nagaland,12.2,8.1,23.4,67.7,164.9,417.7,116.704,3,7,10.84,27.29,62.5,191.49,0.488,0.497,0.499,25.7,21.6,0,1073,1.177,,0,0,0.009,171,1.762,4,4.1,open-meteo-era5,25.343,94.091
1,event,glc-2344,2010-08-27,8,24.751,93.422,5,Assam,8.1,7.6,27.5,60.4,273.9,483.6,129.246,1.2,7,8.73,15.13,35.38,221.57,0.422,0.423,0.418,25.9,21.1,0,787,6.297,247.62,-0.381,-0.925,0.526,176,1.204,2,4.1,open-meteo-era5,24.78,93.38
0,same_place_other_date,glc-2344,2014-09-24,9,24.751,93.422,5,Assam,1,14.2,18.4,105,143.3,324.8,113.626,2.6,7,5.09,71.99,146.63,256.03,0.422,0.421,0.421,24.9,19.9,0,787,6.297,247.62,-0.381,-0.925,0.526,176,2.511,6,5.4,open-meteo-era5,24.78,93.38
0,same_place_other_date,glc-2344,2020-08-21,8,24.751,93.422,5,Assam,7.2,28.3,59.1,109.4,182.8,346,131.434,7.7,7,12.12,20.45,47.36,244.91,0.426,0.427,0.425,24.5,20.6,0,787,6.297,247.62,-0.381,-0.925,0.526,176,2.455,5,4.8,open-meteo-era5,24.78,93.38
0,nearby_place_same_date,glc-2344,2010-08-27,8,24.625,93.333,5,Assam,8.9,9.1,32.3,73.3,311.8,522.8,149.032,1.7,7,8.57,16.55,35.02,214.71,0.422,0.424,0.428,25.7,20.9,0,746,17.751,250.75,-0.33,-0.944,-0.156,487,1.113,2,4.1,open-meteo-era5,24.64,93.373
1,event,glc-2343,2010-08-27,8,25.479,94.133,5,Nagaland,15.1,6.4,25.2,58.3,149.4,324.7,88.317,3.5,7,14.5,22.07,36.87,186.68,0.473,0.479,0.507,22.6,17.8,0,1759,6.045,45,0.707,0.707,0.317,249,1.722,3,4.1,open-meteo-era5,25.483,94.1
0,same_place_other_date,glc-2343,2011-07-18,7,25.479,94.133,5,Nagaland,24.6,23.8,78.5,159.3,223.5,470.2,163.449,6,7,38.04,56.25,126.24,308.32,0.466,0.481,0.491,22.6,17.7,0,1759,6.045,45,0.707,0.707,0.317,249,1.917,2,4.7,open-meteo-era5,25.483,94.1
0,same_place_other_date,glc-2343,2026-07-30,7,25.479,94.133,5,Nagaland,6,8.6,27.7,42,133.6,263.5,79.766,3.5,7,19.77,29.18,43.45,313.21,0.489,0.484,0.494,23.4,16.2,0,1759,6.045,45,0.707,0.707,0.317,249,2.191,5,4.6,open-meteo-era5,25.483,94.1
0,nearby_place_same_date,glc-2343,2010-08-27,8,25.295,94.099,5,Nagaland,9.7,4.3,16.8,34.5,96.1,243.3,57.841,1.5,7,14.5,22.07,36.87,186.68,0.482,0.486,0.494,25.7,20.1,0,1210,16.629,74.785,0.262,0.965,0.344,298,1.812,3,4.1,open-meteo-era5,25.272,94.086
1,event,glc-2345,2010-08-27,8,27.339,88.619,5,Sikkim,28.9,23.3,72.2,393.1,920.4,1379,526.904,3.2,7,11.94,39.91,93.81,282.22,0.427,0.429,0.414,20.1,15.1,0,1871,10.711,182.231,-0.999,-0.039,0.318,486,1,0,,open-meteo-era5,27.381,88.592
0,same_place_other_date,glc-2345,2023-10-04,10,27.339,88.619,5,Sikkim,27.7,13.7,42.2,48.8,134.3,215.6,57.804,4.3,4,28.89,49.46,60.22,191.42,0.398,0.383,0.389,16.3,13.1,0,1871,10.711,182.231,-0.999,-0.039,0.318,486,1.951,1,4.9,open-meteo-era5,27.381,88.592
0,same_place_other_date,glc-2345,2025-09-24,9,27.339,88.619,5,Sikkim,1.3,0.2,1.5,31.6,95,216.2,63.695,0.4,5,10.72,15.74,36.69,278.43,0.367,0.391,0.389,23.7,13.6,0,1871,10.711,182.231,-0.999,-0.039,0.318,486,2.287,2,5,open-meteo-era5,27.381,88.592
1,event,glc-2421,2010-09-13,9,23.754,92.741,1,Mizoram,14.2,5.3,23.6,51.2,105.8,219.2,62.477,3.8,7,11.41,19.1,46.34,235.41,0.412,0.412,0.413,23,19.1,0,983,19.311,78.232,0.204,0.979,-0.191,434,2.472,2,5.1,open-meteo-era5,23.726,92.756
0,same_place_other_date,glc-2421,2009-08-16,8,23.754,92.741,1,Mizoram,1.7,13.1,23.8,45.2,113.9,395.3,93.391,3.7,7,3.51,45.88,66.14,424.19,0.422,0.423,0.412,23.6,19.6,0,983,19.311,78.232,0.204,0.979,-0.191,434,2.924,2,5.5,open-meteo-era5,23.726,92.756
0,same_place_other_date,glc-2421,2011-09-02,9,23.754,92.741,1,Mizoram,11.5,10.1,26.8,80.1,197.3,377.4,113.499,5.5,7,2.11,16.2,23.29,384.49,0.415,0.417,0.417,24.5,18.8,0,983,19.311,78.232,0.204,0.979,-0.191,434,1.678,5,4.4,open-meteo-era5,23.726,92.756
0,nearby_place_same_date,glc-2421,2010-09-13,9,24.033,92.731,1,Mizoram,11,4.9,21.9,62.3,105.7,198.7,67.799,3.4,7,11.41,19.1,46.34,235.41,0.416,0.418,0.416,28.2,24.2,0,245,27.734,214.267,-0.826,-0.563,0.091,172,2.428,2,5.1,open-meteo-era5,24.077,92.675
1,event,glc-2436,2010-09-16,9,24.307,93.125,5,Mizoram,13.9,15.5,40.5,81.7,152.5,275,97.821,5.1,7,11.4,30.38,48.75,205.38,0.427,0.428,0.428,23.6,20.1,0,748,20.291,358.702,1,-0.023,0.339,487,2.133,2,5.1,open-meteo-era5,24.288,93.163
0,same_place_other_date,glc-2436,2015-10-23,10,24.307,93.125,5,Mizoram,0,0,0,2.2,53.5,145.6,32.239,0,1,1.07,1.81,1.84,121.55,0.355,0.365,0.391,25.7,15.7,0,748,20.291,358.702,1,-0.023,0.339,487,1.808,5,4.6,open-meteo-era5,24.288,93.163
0,same_place_other_date,glc-2436,2016-08-30,8,24.307,93.125,5,Mizoram,7.1,3,27.1,51.7,107.1,336.8,82.383,2.3,7,24.74,31.49,65.74,208.01,0.416,0.417,0.413,26.4,21.6,0,748,20.291,358.702,1,-0.023,0.339,487,4.045,2,5,open-meteo-era5,24.288,93.163
0,nearby_place_same_date,glc-2436,2010-09-16,9,24.352,93.327,5,Mizoram,13.9,15.5,40.5,81.7,152.5,275,97.821,5.1,7,11.4,30.38,48.75,205.38,0.427,0.427,0.429,27.9,22.8,0,284,4.852,291.501,0.367,-0.93,-0.541,89,2.021,2,5.1,open-meteo-era5,24.429,93.266
1,event,glc-2437,2010-09-16,9,23.753,92.694,5,Mizoram,13,14.6,40,71.3,134.7,214,80.698,3,7,7.76,34.33,58.77,250.29,0.426,0.428,0.424,25.8,19.7,0,802,17.684,20.331,0.938,0.347,0.163,416,2.506,2,5.1,open-meteo-era5,23.726,92.661
0,same_place_other_date,glc-2437,2026-09-07,9,23.753,92.694,5,Mizoram,5.6,16.4,28.2,79.6,157.9,304,105.435,9.7,7,16.31,28.31,124.19,407.12,0.399,0.402,0.412,27.9,20.6,0,802,17.684,20.331,0.938,0.347,0.163,416,1.474,1,4.4,open-meteo-era5,23.726,92.661
0,same_place_other_date,glc-2437,2019-09-06,9,23.753,92.694,5,Mizoram,12.2,8.2,25.8,62.2,173.5,323.2,92.619,5.1,7,9.46,46.73,89.56,304.2,0.42,0.421,0.41,27.9,21,0,802,17.684,20.331,0.938,0.347,0.163,416,3.016,2,5,open-meteo-era5,23.726,92.661
0,nearby_place_same_date,glc-2437,2010-09-16,9,23.969,92.715,5,Mizoram,18.1,19.7,50.3,81.3,147.3,229.5,88.476,5.2,7,7.76,34.33,58.77,250.29,0.426,0.428,0.426,25.9,20.9,0,559,20.934,86.424,0.062,0.998,-0.328,387,2.453,2,5.1,open-meteo-era5,23.937,92.765
1,event,glc-2566,2010-10-08,10,25.477,94.135,5,Nagaland,24.1,23.1,67.8,91.5,202.5,397.6,119.203,2.4,7,52.1,92.98,96.35,238.6,0.487,0.498,0.499,19.5,15.2,0,1668,16.016,133.295,-0.686,0.728,-0.551,298,1.463,0,,open-meteo-era5,25.483,94.1
0,same_place_other_date,glc-2566,2022-10-21,10,25.477,94.135,5,Nagaland,0,0,1.1,13.1,31.7,98.6,25.37,0,5,0,0.09,2.62,134.28,0.47,0.478,0.456,22.3,11.5,0,1668,16.016,133.295,-0.686,0.728,-0.551,298,2.737,3,5.6,open-meteo-era5,25.483,94.1
0,same_place_other_date,glc-2566,2018-08-31,8,25.477,94.135,5,Nagaland,9.6,9.5,20.7,92.4,174.5,367,122.282,3.5,7,12.88,29.65,78.83,312,0.49,0.478,0.507,24.5,14.8,0,1668,16.016,133.295,-0.686,0.728,-0.551,298,2.294,3,4.9,open-meteo-era5,25.483,94.1
0,nearby_place_same_date,glc-2566,2010-10-08,10,25.209,94.098,5,Nagaland,28.1,19.7,64,76.2,152.4,286.2,84.95,3.1,7,72.74,130.58,135.83,259.09,0.489,0.5,0.472,21,17.8,0,1057,24.959,357.923,0.999,-0.036,-0.102,300,1.531,0,,open-meteo-era5,25.202,94.082
1,event,glc-2567,2010-10-08,10,25.663,94.47,5,Manipur,26.2,23.7,65.1,82.5,146.1,260.7,83.347,3.6,7,52.1,92.98,96.35,238.6,0.47,0.493,0.491,20,15.4,0,1450,4.92,4.028,0.998,0.07,0.131,284,1.327,0,,open-meteo-era5,25.694,94.407
0,same_place_other_date,glc-2567,2024-08-27,8,25.663,94.47,5,Manipur,2.7,1.3,5,64,145.9,470,116.788,1,7,2.45,9.38,46.5,353.84,0.473,0.477,0.465,25.9,17.8,0,1450,4.92,4.028,0.998,0.07,0.131,284,3.128,4,4.5,open-meteo-era5,25.694,94.407
0,same_place_other_date,glc-2567,2011-11-08,11,25.663,94.47,5,Manipur,0.7,0.6,1.7,2.2,6.2,45.7,8.659,0.7,0,0,0.05,0.22,17.93,0.402,0.41,0.425,19.3,9.2,0,1450,4.92,4.028,0.998,0.07,0.131,284,2.578,4,4.7,open-meteo-era5,25.694,94.407
0,nearby_place_same_date,glc-2567,2010-10-08,10,25.849,94.507,5,Manipur,26.2,23.7,65.1,82.5,146.1,260.7,83.347,3.6,7,36.49,61.06,62.79,251.45,0.492,0.5,0.488,20,15.7,0,1514,10.712,96.988,-0.122,0.993,0.028,358,1.281,0,,open-meteo-era5,25.835,94.515
1,event,glc-2570,2010-10-08,10,24.837,93.913,5,Manipur,25.3,22.5,66.4,71.5,93.7,161.9,57.805,2,5,76.95,132.5,135.86,272.23,0.49,0.495,0.466,20.9,18.6,0,792,8.575,191.489,-0.98,-0.199,-0.185,110,1.671,0,,open-meteo-era5,24.851,93.867
0,same_place_other_date,glc-2570,2019-09-28,9,24.837,93.913,5,Manipur,0.6,5.2,8.9,81,120.6,216.8,85.901,3.1,6,2.98,14.48,68.76,201.66,0.478,0.477,0.505,25.8,18.3,0,792,8.575,191.489,-0.98,-0.199,-0.185,110,2.649,3,5.4,open-meteo-era5,24.851,93.867
0,same_place_other_date,glc-2570,2018-08-24,8,24.837,93.913,5,Manipur,17.1,5.6,28.9,53,89.2,192.3,55.33,2.3,7,24.91,38.79,55.2,273.73,0.494,0.489,0.441,25.3,21.1,0,792,8.575,191.489,-0.98,-0.199,-0.185,110,2.652,4,4.9,open-meteo-era5,24.851,93.867
0,nearby_place_same_date,glc-2570,2010-10-08,10,24.917,94.157,5,Manipur,22.7,20,59.1,65.9,98.9,192.9,61.952,2.2,7,72.74,130.58,135.83,259.09,0.467,0.469,0.443,20.9,18.7,0,910,14.219,110.842,-0.356,0.935,0.296,92,1.567,0,,open-meteo-era5,24.921,94.161
1,event,glc-2569,2010-10-08,10,25.275,94.021,5,Nagaland,28.1,19.7,64,76.2,152.4,286.2,84.95,3.1,7,53.95,91.32,93.44,235.71,0.434,0.433,0.416,22.2,18.6,0,1076,7.303,131.186,-0.659,0.753,0.409,157,1.543,0,,open-meteo-era5,25.272,94.086
0,same_place_other_date,glc-2569,2017-08-25,8,25.275,94.021,5,Nagaland,5.2,3.5,9.9,25.4,118.5,221.4,60.485,2.5,6,8.79,19.57,26.14,210.45,0.468,0.472,0.446,26.3,19.7,0,1076,7.303,131.186,-0.659,0.753,0.409,157,3.307,4,5.1,open-meteo-era5,25.272,94.086
0,same_place_other_date,glc-2569,2015-10-18,10,25.275,94.021,5,Nagaland,2.8,4.6,13.6,32.8,94.9,182,60.154,2.5,7,0,0.83,9.64,167.97,0.418,0.418,0.418,24.5,16.2,0,1076,7.303,131.186,-0.659,0.753,0.409,157,2.448,7,4.7,open-meteo-era5,25.272,94.086
0,nearby_place_same_date,glc-2569,2010-10-08,10,25.074,94.148,5,Nagaland,22.7,20,59.1,65.9,98.9,192.9,61.952,2.2,7,72.74,130.58,135.83,259.09,0.49,0.5,0.487,20.5,17.6,0,980,19.734,307.639,0.611,-0.792,0.38,272,1.541,0,,open-meteo-era5,25.062,94.17
1,event,glc-2578,2010-10-09,10,25.318,94.046,5,Nagaland,21.6,28.1,69.4,94.8,159.7,303.8,104.194,3.1,7,26.82,107.81,120.26,258.3,0.434,0.434,0.426,24.2,18.9,0,1015,16.026,277.722,0.134,-0.991,-0.251,231,1.525,0,,open-meteo-era5,25.272,94.086
0,same_place_other_date,glc-2578,2016-11-15,11,25.318,94.046,5,Nagaland,0,0,0,0.9,98.8,158.5,52.699,0,0,0,0,0.2,95.74,0.365,0.377,0.407,23.9,13.3,0,1015,16.026,277.722,0.134,-0.991,-0.251,231,1.914,4,4.9,open-meteo-era5,25.272,94.086
0,same_place_other_date,glc-2578,2011-08-26,8,25.318,94.046,5,Nagaland,10.1,7.3,47.1,86.4,159.7,348.9,116.55,4.3,7,0.03,15.62,74.93,292.01,0.428,0.43,0.435,28.6,20.5,0,1015,16.026,277.722,0.134,-0.991,-0.251,231,1.494,2,4.4,open-meteo-era5,25.272,94.086
0,nearby_place_same_date,glc-2578,2010-10-09,10,25.625,93.99,5,Nagaland,22.4,26.1,70.2,105.5,196.7,451.6,132.733,3.1,7,26.82,107.81,120.26,258.3,0.486,0.501,0.497,17.8,11.9,0,2245,22.668,241.654,-0.475,-0.88,-0.084,410,1.474,0,,open-meteo-era5,25.624,94.011
1,event,glc-2579,2010-10-09,10,25.682,94.108,1,Nagaland,18.4,26.8,68.6,99.4,164.2,420.7,122.327,3.9,7,23.12,99.99,119.47,256.38,0.485,0.479,0.511,21.6,15.7,0,1447,9.168,282.995,0.225,-0.974,-0.019,273,1.426,0,,open-meteo-era5,25.694,94.113
0,same_place_other_date,glc-2579,2022-10-01,10,25.682,94.108,1,Nagaland,5,2.9,18.6,93.1,218.6,585.8,162.832,5,7,9.02,12.67,37.25,185.74,0.492,0.501,0.504,25.3,17.9,0,1447,9.168,282.995,0.225,-0.974,-0.019,273,2.569,5,5.6,open-meteo-era5,25.694,94.113
0,same_place_other_date,glc-2579,2018-11-20,11,25.682,94.108,1,Nagaland,0,0,5.5,13.1,20.9,58.2,17.865,0,3,0,0.09,3.12,10.54,0.447,0.419,0.418,17,7.7,0,1447,9.168,282.995,0.225,-0.974,-0.019,273,2.672,4,5.2,open-meteo-era5,25.694,94.113
0,nearby_place_same_date,glc-2579,2010-10-09,10,25.927,93.976,1,Nagaland,16.5,25.6,53.4,58.7,71.1,200.3,57.734,3.4,5,19.75,73.87,80.93,248.2,0.486,0.491,0.467,26,20.3,0,179,2.153,20.772,0.935,0.355,0.075,52,1.406,0,,open-meteo-era5,25.975,93.934
1,event,glc-2573,2010-10-09,10,25.18,93.008,5,Assam,57.9,53.3,129.7,148.5,252.4,432.8,143.164,11.5,6,31.14,154.03,172.87,338.59,0.493,0.504,0.472,23.7,19.4,0,691,7.256,69.507,0.35,0.937,0.093,193,1.93,1,4.5,open-meteo-era5,25.202,93.013
0,same_place_other_date,glc-2573,2017-10-29,10,25.18,93.008,5,Assam,22.4,0.1,22.5,30.6,230.3,306.5,107.513,4.6,4,8.99,8.99,11.43,262.24,0.455,0.465,0.45,23.9,16.6,0,691,7.256,69.507,0.35,0.937,0.093,193,1.767,1,4.5,open-meteo-era5,25.202,93.013
0,same_place_other_date,glc-2573,2018-09-30,9,25.18,93.008,5,Assam,2.6,2.1,5.6,12,27.9,63.2,19.079,0.6,5,0.69,7.6,19.93,187.56,0.428,0.405,0.405,27.4,20.9,0,691,7.256,69.507,0.35,0.937,0.093,193,2.208,5,4.6,open-meteo-era5,25.202,93.013
0,nearby_place_same_date,glc-2573,2010-10-09,10,25.3,93.199,5,Assam,41.9,32.7,90.4,110.2,162.1,358.4,107.761,7.9,6,26.53,110.95,121.17,276.74,0.481,0.501,0.497,25.5,20.7,0,438,8.335,302.905,0.543,-0.84,0.065,117,1.82,0,,open-meteo-era5,25.343,93.214
1,event,glc-2743,2010-11-22,11,27.58,91.857,1,Arunachal Pradesh,0,3.4,12.3,28.1,50,66.7,33.934,0.4,5,0,1.5,2.56,3.26,0.411,0.41,0.393,11.1,-2.4,6.93,2759,22.311,243.281,-0.45,-0.893,-0.165,591,2.204,2,4.6,open-meteo-era5,27.592,91.816
0,same_place_other_date,glc-2743,2022-11-21,11,27.58,91.857,1,Arunachal Pradesh,0,0,0,4.2,17.2,113.7,14.823,0,2,0,0,0,57.32,0.323,0.338,0.359,11.1,-2.4,0.07,2759,22.311,243.281,-0.45,-0.893,-0.165,591,2.759,2,5.5,open-meteo-era5,27.592,91.816
0,same_place_other_date,glc-2743,2019-11-09,11,27.58,91.857,1,Arunachal Pradesh,0.2,0.5,3.9,8.1,17.7,57.4,15.71,0.2,2,0.07,0.07,2.3,24.78,0.342,0.341,0.358,13.6,5.1,0,2759,22.311,243.281,-0.45,-0.893,-0.165,591,1,0,,open-meteo-era5,27.592,91.816
0,nearby_place_same_date,glc-2743,2010-11-22,11,27.711,92.209,1,Arunachal Pradesh,0,0.3,0.3,2.4,10.7,20,6.207,0.1,2,0,7,9.37,9.91,0.377,0.377,0.374,5.1,-11.8,3.99,4099,43.341,49.764,0.646,0.763,-0.107,744,2.511,2,4.6,open-meteo-era5,27.663,92.121
1,event,glc-3621,2011-06-17,6,26.88,88.28,5,West Bengal,37.1,4.2,50.8,69,223.8,377,101.189,4.6,7,6.37,16.77,28.53,157.85,0.416,0.416,0.413,22.7,18.1,0,1566,21.652,236.555,-0.551,-0.834,-0.029,401,3.673,1,5,open-meteo-era5,26.96,88.202
0,same_place_other_date,glc-3621,2025-05-12,5,26.88,88.28,5,West Bengal,5.5,8.2,18.9,41.6,117.5,194,69.062,2.4,7,21.25,39.29,59.09,163.36,0.374,0.352,0.297,20.6,15.3,0,1566,21.652,236.555,-0.551,-0.834,-0.029,401,2.853,3,5.5,open-meteo-era5,26.96,88.202
0,same_place_other_date,glc-3621,2013-06-19,6,26.88,88.28,5,West Bengal,30.5,32.4,80.6,102.3,181.3,533.8,140.657,4.5,5,9.66,19.44,35.96,271.51,0.428,0.427,0.416,24.2,17.8,0,1566,21.652,236.555,-0.551,-0.834,-0.029,401,1,0,,open-meteo-era5,26.96,88.202
0,nearby_place_same_date,glc-3621,2011-06-17,6,26.967,88.356,5,West Bengal,37.1,4.2,50.8,69,223.8,377,101.189,4.6,7,6.37,16.77,28.53,157.85,0.41,0.411,0.411,22.1,17.6,0,1491,18.295,120.455,-0.507,0.862,0.134,464,3.76,1,5,open-meteo-era5,26.96,88.302
1,event,glc-3632,2011-06-20,6,27.064,88.466,5,West Bengal,6.3,31.7,63,109,138.8,245.2,115.919,3,7,3.47,18.74,40.27,140.33,0.421,0.424,0.329,24.5,19.5,0,1170,13.416,305.811,0.585,-0.811,0.201,327,3.803,1,5,open-meteo-era5,27.1,88.498
0,same_place_other_date,glc-3632,2011-05-18,5,27.064,88.466,5,West Bengal,2,2.8,9.1,21.7,46.7,89.3,31.589,1.7,7,6.25,8.28,18.7,84.25,0.348,0.289,0.266,25.8,18.6,0,1170,13.416,305.811,0.585,-0.811,0.201,327,1,1,4,open-meteo-era5,27.1,88.498
0,same_place_other_date,glc-3632,2010-07-29,7,27.064,88.466,5,West Bengal,27,7.9,54.9,138.2,321,1058.5,260.392,3.4,7,22.55,36.85,78.13,514.54,0.4,0.397,0.418,23.7,20,0,1170,13.416,305.811,0.585,-0.811,0.201,327,1.266,2,4.6,open-meteo-era5,27.1,88.498
0,nearby_place_same_date,glc-3632,2011-06-20,6,27.137,88.124,5,West Bengal,11.7,23.2,59.4,147.1,224.5,407.2,163.666,2.1,7,3.98,17.21,36.07,136.87,0.427,0.427,0.429,22.5,17,0,1935,24.762,196.51,-0.959,-0.284,-0.058,582,4.178,1,5,open-meteo-era5,27.1,88.098
1,event,glc-3633,2011-06-20,6,26.319,94.512,5,Nagaland,11.8,6.6,57.6,133.4,303.9,569.4,190.738,3.8,7,3.79,13.89,32.67,285.78,0.478,0.465,0.462,25.2,19.3,0,1256,13.71,196.809,-0.957,-0.289,-0.151,314,1.36,4,4.3,open-meteo-era5,26.257,94.544
0,same_place_other_date,glc-3633,2025-07-24,7,26.319,94.512,5,Nagaland,1.7,2.6,5.8,18.7,62.6,195.9,48.191,0.9,7,14.82,15.37,56.7,280.57,0.46,0.463,0.409,27.5,20.1,0,1256,13.71,196.809,-0.957,-0.289,-0.151,314,1.953,4,4.4,open-meteo-era5,26.257,94.544
0,same_place_other_date,glc-3633,2014-06-02,6,26.319,94.512,5,Nagaland,0.8,3.4,8.8,31.6,70.4,158.3,48.503,1.7,6,1.77,1.96,52.26,343.53,0.482,0.47,0.411,26,18.6,0,1256,13.71,196.809,-0.957,-0.289,-0.151,314,2.882,3,4.6,open-meteo-era5,26.257,94.544
0,nearby_place_same_date,glc-3633,2011-06-20,6,26.499,94.563,5,Nagaland,5.3,3,22.4,102.2,274.2,614.3,177.752,3.3,7,3.79,13.89,32.67,285.78,0.48,0.468,0.484,29.6,25,0,454,26.602,251.124,-0.324,-0.946,0.104,300,1.224,4,4.3,open-meteo-era5,26.538,94.565
1,event,glc-3637,2011-06-21,6,25.516,94.234,1,Nagaland,16.1,20.8,51.8,115.6,419.2,648,225.884,8.8,7,8.32,18.31,51.05,212.23,0.484,0.5,0.503,26.6,17.8,0,1649,19.131,271.796,0.031,-1,-0.121,405,2.107,4,4.3,open-meteo-era5,25.483,94.197
0,same_place_other_date,glc-3637,2017-06-13,6,25.516,94.234,1,Nagaland,37.4,14.9,76.7,84.4,292.9,383.8,116.523,7.9,7,7.05,27.64,53.27,241.97,0.502,0.488,0.439,20,17.7,0,1649,19.131,271.796,0.031,-1,-0.121,405,2.501,3,4.6,open-meteo-era5,25.483,94.197
0,same_place_other_date,glc-3637,2012-05-31,5,25.516,94.234,1,Nagaland,15.1,23.6,70.4,104.1,141.2,211.4,98.975,5,6,7.47,23.96,24.5,92.5,0.485,0.501,0.485,20.3,17.7,0,1649,19.131,271.796,0.031,-1,-0.121,405,3.393,4,5.4,open-meteo-era5,25.483,94.197
1,event,glc-3643,2011-06-23,6,27.288,88.258,5,,19.6,17.2,48.5,160.6,272.4,569.8,179.231,1.8,7,19.64,35.42,52.2,106.42,0.426,0.428,0.415,22.1,17.8,0,1506,16.906,153.642,-0.896,0.444,0.559,546,4.328,1,5,open-meteo-era5,27.311,88.292
0,same_place_other_date,glc-3643,2022-06-10,6,27.288,88.258,5,,15.1,19.2,45.3,49,68.3,236.2,59.614,2.9,5,15.66,58.64,87.97,240.65,0.416,0.397,0.376,21.3,16.4,0,1506,16.906,153.642,-0.896,0.444,0.559,546,1.029,1,4.2,open-meteo-era5,27.311,88.292
0,same_place_other_date,glc-3643,2021-07-09,7,27.288,88.258,5,,8.3,98.4,164.4,216.7,511.1,817.5,343.002,15.7,7,6.68,57.37,99.87,365.48,0.435,0.436,0.428,24.1,16.7,0,1506,16.906,153.642,-0.896,0.444,0.559,546,2.526,3,5.3,open-meteo-era5,27.311,88.292
0,nearby_place_same_date,glc-3643,2011-06-23,6,27.452,88.013,5,,4.7,11.2,40,122.8,217.7,328.3,139.774,2.1,7,19.64,35.42,52.2,106.42,0.426,0.427,0.428,16.9,11.3,2.59,3264,31.166,290.202,0.345,-0.938,-0.203,841,4.664,1,5,open-meteo-era5,27.452,87.987
1,event,glc-3741,2011-07-07,7,25.419,94.108,5,Nagaland,6.8,7.7,28.5,81.2,270.8,670.8,177.7,3.8,7,2.6,11.26,55.45,247.4,0.487,0.497,0.483,23.7,18.2,0,1389,9.996,76.535,0.233,0.973,-0.047,239,1.96,2,4.7,open-meteo-era5,25.413,94.095
0,same_place_other_date,glc-3741,2008-06-01,6,25.419,94.108,5,Nagaland,11.6,43.1,66.7,131.8,284.5,618.6,205.58,7.6,7,13.58,23.1,38.9,134.68,0.463,0.495,0.499,24.5,16.8,0,1389,9.996,76.535,0.233,0.973,-0.047,239,1.521,5,4.5,open-meteo-era5,25.413,94.095
0,same_place_other_date,glc-3741,2009-08-16,8,25.419,94.108,5,Nagaland,6.4,82.4,110.1,159.7,296.6,623.4,229.481,13,7,2.84,63.62,104.02,226.78,0.484,0.496,0.494,22.9,18.5,0,1389,9.996,76.535,0.233,0.973,-0.047,239,3.43,1,5.5,open-meteo-era5,25.413,94.095
0,nearby_place_same_date,glc-3741,2011-07-07,7,25.502,94.32,5,Nagaland,4.9,12.9,27.9,59.5,221.3,629.7,150.346,7.4,7,2.6,11.26,55.45,247.4,0.477,0.49,0.484,23.5,17.3,0,1538,22.288,66.003,0.407,0.914,0.924,439,1.902,2,4.7,open-meteo-era5,25.483,94.295
1,event,glc-3776,2011-07-15,7,27.125,93.715,5,Arunachal Pradesh,40.2,44.1,94.3,121.2,183.7,427.8,125.862,5.6,7,22.61,108.87,132.86,416.47,0.427,0.427,0.375,25.9,24.2,0,130,1.294,,0,0,-0.096,55,1.151,0,,open-meteo-era5,27.1,93.704
0,same_place_other_date,glc-3776,2015-06-16,6,27.125,93.715,5,Arunachal Pradesh,3.9,8.6,22.9,116.3,445.5,811.6,267.407,1.2,7,20.26,51.15,120.63,644.16,0.426,0.425,0.407,26,23.9,0,130,1.294,,0,0,-0.096,55,1.026,1,4.3,open-meteo-era5,27.1,93.704
0,same_place_other_date,glc-3776,2013-08-10,8,27.125,93.715,5,Arunachal Pradesh,7.6,10.4,36.2,120,208.6,365.6,138.15,1.6,7,10.5,41.09,125.91,425.21,0.421,0.424,0.436,30.3,24.5,0,130,1.294,,0,0,-0.096,55,1.461,0,,open-meteo-era5,27.1,93.704
1,event,glc-3794,2011-07-17,7,26.992,88.423,5,Sikkim,19.8,105.6,166.8,252.7,485.3,1036.3,370.008,12.8,7,6.33,24.99,77.76,467.22,0.427,0.427,0.422,27.8,22.9,0,275,26.392,168.191,-0.979,0.205,-0.316,444,1,0,,open-meteo-era5,26.889,88.503
0,same_place_other_date,glc-3794,2019-06-21,6,26.992,88.423,5,Sikkim,21.2,23.7,54.3,168.9,308.6,415.8,164.009,5.7,7,3.98,12.72,57.84,182.29,0.416,0.413,0.421,30.2,23.6,0,275,26.392,168.191,-0.979,0.205,-0.316,444,1.714,2,4.6,open-meteo-era5,26.889,88.503
0,same_place_other_date,glc-3794,2025-08-16,8,26.992,88.423,5,Sikkim,0.1,0.8,1.3,188.2,371.5,614.9,233.172,0.5,4,6.11,12.09,110.37,462.14,0.387,0.403,0.399,32.2,23.2,0,275,26.392,168.191,-0.979,0.205,-0.316,444,1,0,,open-meteo-era5,26.889,88.503
0,nearby_place_same_date,glc-3794,2011-07-17,7,27.062,88.632,5,Sikkim,21.5,99.1,166.1,278.4,467.8,1133.8,383.788,11.8,7,4.67,26.07,77.64,451.29,0.426,0.433,0.43,19.6,16.1,0,1678,15.588,159.179,-0.935,0.355,0.259,468,1,0,,open-meteo-era5,27.1,88.699
1,event,glc-3805,2011-07-19,7,27.054,88.426,1,Sikkim,140.2,7.4,167.4,377.5,518.2,1127.2,322.638,12.5,7,36.35,54.71,109.87,502.37,0.408,0.416,0.404,27.1,25.6,0,239,21.73,79.38,0.184,0.983,-0.125,324,1,0,,open-meteo-era5,26.96,88.502
0,same_place_other_date,glc-3805,2007-06-12,6,27.054,88.426,1,Sikkim,4.8,4.7,110.9,123.4,133.1,188.8,114.891,1.6,6,1.94,9.49,42.11,111.3,0.412,0.415,0.345,30,25.1,0,239,21.73,79.38,0.184,0.983,-0.125,324,4.439,3,4.9,open-meteo-era5,26.96,88.502
0,same_place_other_date,glc-3805,2026-08-18,8,27.054,88.426,1,Sikkim,17.4,14.7,33.6,60.1,139,410.6,99.309,3,6,15.86,30.21,47.73,346.67,0.397,0.392,0.39,29.5,25,0,239,21.73,79.38,0.184,0.983,-0.125,324,1,0,,open-meteo-era5,26.96,88.502
1,event,glc-3881,2011-08-05,8,27.103,93.689,5,Arunachal Pradesh,19.8,23.8,59.5,64.9,130.4,366.7,97.259,2.8,5,21.34,48.21,57.1,521.8,0.415,0.403,0.358,27.5,24.8,0,148,1.324,,0,0,0.048,75,1,1,4.2,open-meteo-era5,27.1,93.704
0,same_place_other_date,glc-3881,2015-08-24,8,27.103,93.689,5,Arunachal Pradesh,18,51.2,76,158.6,221.2,290.1,144.699,4.9,7,18.15,32.49,111.2,276.89,0.433,0.434,0.435,29.4,24.6,0,148,1.324,,0,0,0.048,75,1.331,2,4.5,open-meteo-era5,27.1,93.704
0,same_place_other_date,glc-3881,2025-06-26,6,27.103,93.689,5,Arunachal Pradesh,0.1,2.9,36.6,112.7,153.8,454.1,129.486,0.9,6,1.02,33.64,105.23,466.3,0.406,0.421,0.409,33,25.3,0,148,1.324,,0,0,0.048,75,1.98,1,5.1,open-meteo-era5,27.1,93.704
0,nearby_place_same_date,glc-3881,2011-08-05,8,27.337,93.547,5,Arunachal Pradesh,32.4,18.4,61.6,116.6,236.8,541,150.648,2.7,7,15.94,50.37,65.22,612.53,0.439,0.439,0.44,21.6,19.4,0,1623,13.138,331.414,0.878,-0.478,-0.472,361,1,0,,open-meteo-era5,27.311,93.516
1,event,glc-3932,2011-08-18,8,25.83,94.13,0.5,Nagaland,3.8,4.2,23.7,74.6,343.8,545.2,173.802,1,7,4.67,37.16,91.83,306.79,0.48,0.476,0.478,24.1,18.7,0,1018,7.818,4.554,0.997,0.079,-0.31,196,1.311,2,4.2,open-meteo-era5,25.835,94.122
0,same_place_other_date,glc-3932,2022-09-05,9,25.83,94.13,0.5,Nagaland,2.6,7.2,12.5,22.1,62.5,88.2,34.297,3.2,6,3.69,11.94,46.31,141.23,0.48,0.452,0.419,24.8,19.4,0,1018,7.818,4.554,0.997,0.079,-0.31,196,2.092,2,5,open-meteo-era5,25.835,94.122
0,same_place_other_date,glc-3932,2013-08-23,8,25.83,94.13,0.5,Nagaland,12.8,9.4,34.4,51.6,152.4,362.4,98.694,4.2,7,5.91,19.56,33.87,279.61,0.491,0.497,0.478,26.7,20.8,0,1018,7.818,4.554,0.997,0.079,-0.31,196,2.162,5,5,open-meteo-era5,25.835,94.122
0,nearby_place_same_date,glc-3932,2011-08-18,8,25.893,94.383,0.5,Nagaland,10.5,1.5,22.3,57.6,248.2,384.7,116.494,1.8,6,4.67,37.16,91.83,306.79,0.489,0.485,0.49,24.3,19.4,0,1019,17.69,114.228,-0.41,0.912,-0.038,248,1.375,2,4.2,open-meteo-era5,25.905,94.421
1,event,glc-3986,2011-09-25,9,27.061,88.255,1,West Bengal,61.8,26.7,98.2,140.4,259.1,387.6,130.432,9,7,13.16,31.52,59.16,243.66,0.428,0.427,0.428,18.9,14.6,0,1975,29.862,69.401,0.352,0.936,-0.24,438,6.506,3,6.9,open-meteo-era5,27.03,88.2
0,same_place_other_date,glc-3986,2011-10-31,10,27.061,88.255,1,West Bengal,11.9,10.8,28,61.1,125.2,283.9,88.68,1.8,7,0,0,1.22,17.66,0.403,0.402,0.407,13.8,7,0,1975,29.862,69.401,0.352,0.936,-0.24,438,1.076,1,4.5,open-meteo-era5,27.03,88.2
0,same_place_other_date,glc-3986,2025-10-09,10,27.061,88.255,1,West Bengal,0.7,1.4,2.6,128,164,427.1,134.159,0.5,4,1.18,4.99,104.88,341.32,0.379,0.389,0.393,19.7,12.5,0,1975,29.862,69.401,0.352,0.936,-0.24,438,2.161,3,5,open-meteo-era5,27.03,88.2
1,event,glc-6782,2011-09-28,9,26.855,88.337,0.5,West Bengal,1.1,54.1,78.6,195.7,417.2,556.7,259.684,10.8,7,0.81,43.97,77.12,287.18,0.425,0.427,0.427,26,19.5,0,795,23.818,160.261,-0.941,0.338,0.516,432,6.193,3,6.9,open-meteo-era5,26.889,88.304
0,same_place_other_date,glc-6782,2011-08-27,8,26.855,88.337,0.5,West Bengal,0.6,1,20.8,97.4,373.2,708.2,207.698,0.3,6,0.33,15.02,114.51,449.67,0.405,0.41,0.423,27.8,20.8,0,795,23.818,160.261,-0.941,0.338,0.516,432,1,1,4,open-meteo-era5,26.889,88.304
0,same_place_other_date,glc-6782,2012-09-27,9,26.855,88.337,0.5,West Bengal,0.3,0.3,3,25.6,522,677.4,196.512,0.3,5,0.01,0.35,20.18,272.64,0.395,0.402,0.407,27.7,20.3,0,795,23.818,160.261,-0.941,0.338,0.516,432,3.356,1,4.6,open-meteo-era5,26.889,88.304
1,event,glc-4382,2012-06-03,6,25.118,92.857,5,Assam,154.4,20.9,293,335.8,369.8,462.9,183.448,13.2,7,27.34,76.45,112.95,189.89,0.456,0.457,0.504,28.2,23.9,0,152,6.147,206.565,-0.894,-0.447,-0.195,145,3.757,3,5.4,open-meteo-era5,25.062,92.813
0,same_place_other_date,glc-4382,2018-05-20,5,25.118,92.857,5,Assam,14.8,6.6,81.8,93.9,512.3,727.9,221.641,3.9,7,4.95,12.9,28.54,279.71,0.418,0.419,0.379,27.4,22.8,0,152,6.147,206.565,-0.894,-0.447,-0.195,145,1.896,2,5.1,open-meteo-era5,25.062,92.813
0,same_place_other_date,glc-4382,2010-05-04,5,25.118,92.857,5,Assam,9.5,1.6,14.5,35.9,252.3,357,102.187,2.1,6,2.34,13.61,23.49,250.48,0.468,0.467,0.435,29.2,22.6,0,152,6.147,206.565,-0.894,-0.447,-0.195,145,1.702,1,4.5,open-meteo-era5,25.062,92.813
0,nearby_place_same_date,glc-4382,2012-06-03,6,25.056,92.506,5,Assam,147.4,30,278.2,326.6,363.8,465.4,184.635,11.6,7,58.45,129.86,178.93,358.93,0.44,0.439,0.461,25.5,21.8,0,580,35.113,316.526,0.726,-0.688,-0.621,457,3.619,3,5.4,open-meteo-era5,25.132,92.524
1,event,glc-4385,2012-06-03,6,27.717,88.558,5,,12.1,13,39.1,102.2,185.9,338.7,123.366,3,7,0.37,5.51,34.32,71.45,0.425,0.426,0.417,12.4,8.9,0,2668,21.289,92.899,-0.051,0.999,-0.369,518,2.785,2,4.3,open-meteo-era5,27.663,88.586
0,same_place_other_date,glc-4385,2024-05-29,5,27.717,88.558,5,,3.9,27.9,33.1,37.4,59,100.1,43.886,5.6,4,20.53,29.53,36.51,124.58,0.328,0.332,0.344,17.3,12.6,0,2668,21.289,92.899,-0.051,0.999,-0.369,518,1,0,,open-meteo-era5,27.663,88.586
0,same_place_other_date,glc-4385,2023-05-15,5,27.717,88.558,5,,16.2,4.6,21.6,29.2,93.2,200.4,47.906,2.1,5,4.8,5.97,11.67,117.06,0.361,0.37,0.401,13.3,8.5,0,2668,21.289,92.899,-0.051,0.999,-0.369,518,1.154,1,4.3,open-meteo-era5,27.663,88.586
0,nearby_place_same_date,glc-4385,2012-06-03,6,27.717,88.445,5,,10.5,10.8,27.8,56.3,108,264.6,77.037,0.9,7,0.37,5.51,34.32,71.45,0.433,0.422,0.412,5.6,3.7,0.77,4081,14.344,172.807,-0.992,0.125,-0.592,430,2.935,2,4.3,open-meteo-era5,27.733,88.483
1,event,glc-4384,2012-06-03,6,25.178,93.012,5,Assam,183.9,9,276.3,330.8,375.6,449.1,152.577,16.5,7,27.34,76.45,112.95,189.89,0.487,0.491,0.513,25.2,22.2,0,653,9.496,11.634,0.979,0.202,-0.353,231,3.827,3,5.4,open-meteo-era5,25.202,93.013
0,same_place_other_date,glc-4384,2022-05-02,5,25.178,93.012,5,Assam,10.9,2.8,14.7,21.9,30.7,92.3,21.042,6.5,6,22.4,47.35,57.94,302.22,0.428,0.34,0.339,27.6,17.6,0,653,9.496,11.634,0.979,0.202,-0.353,231,1.739,2,4.1,open-meteo-era5,25.202,93.013
0,same_place_other_date,glc-4384,2025-05-07,5,25.178,93.012,5,Assam,2.5,0.4,4.1,28.7,50,85.4,30.031,1.6,4,4.58,13.86,46.33,168.5,0.398,0.393,0.267,27.8,20.1,0,653,9.496,11.634,0.979,0.202,-0.353,231,1.386,1,4.1,open-meteo-era5,25.202,93.013
0,nearby_place_same_date,glc-4384,2012-06-03,6,25.086,92.988,5,Assam,118.7,15.7,258.1,300,333.7,406.8,181.257,11.3,7,27.34,76.45,112.95,189.89,0.437,0.441,0.477,25.4,21.5,0,767,32.772,316.667,0.727,-0.686,-1.382,494,3.713,3,5.4,open-meteo-era5,25.062,93.006
1,event,glc-4383,2012-06-03,6,25.306,93.127,5,Assam,148.6,10.4,237.7,282.4,322.3,373,137.377,16,6,26.59,84.45,114.11,192.91,0.489,0.488,0.511,27.4,23.9,0,318,10.853,279.048,0.157,-0.988,0.391,209,3.975,3,5.4,open-meteo-era5,25.343,93.117
0,same_place_other_date,glc-4383,2020-06-11,6,25.306,93.127,5,Assam,2,30.2,50.9,73.7,150.1,386.2,132.249,7.4,6,10.23,19.48,61.25,349.16,0.504,0.509,0.469,31.2,23.5,0,318,10.853,279.048,0.157,-0.988,0.391,209,3.115,2,5.1,open-meteo-era5,25.343,93.117
0,same_place_other_date,glc-4383,2008-06-16,6,25.306,93.127,5,Assam,9,4.3,19.6,34.5,80.8,238.3,61.531,3.3,7,4.95,21.01,52.9,192.86,0.479,0.477,0.506,32.1,25.3,0,318,10.853,279.048,0.157,-0.988,0.391,209,1.857,4,4.5,open-meteo-era5,25.343,93.117
0,nearby_place_same_date,glc-4383,2012-06-03,6,25.401,93.162,5,Assam,141.7,9.3,230.9,284.2,303.1,333.5,133.096,13.8,7,26.59,84.45,114.11,192.91,0.471,0.486,0.506,27.9,23.7,0,232,3.55,217.093,-0.798,-0.603,-0.131,120,4.097,3,5.4,open-meteo-era5,25.413,93.12
1,event,glc-4411,2012-06-14,6,27.339,88.607,5,Sikkim,20.3,11.7,43.6,87.7,166.6,258.4,91.506,2.4,7,0.38,1.05,3.53,51.06,0.423,0.424,0.418,23.2,17.9,0,1510,18.024,253.342,-0.287,-0.958,0.01,473,3.295,3,4.5,open-meteo-era5,27.311,88.594
0,same_place_other_date,glc-4411,2016-07-24,7,27.339,88.607,5,Sikkim,55.7,63.3,165.2,544.1,1017.8,1552.2,650.107,8.5,7,14.94,46.41,95.76,375.23,0.426,0.433,0.429,19.6,16.8,0,1510,18.024,253.342,-0.287,-0.958,0.01,473,2.043,1,4.7,open-meteo-era5,27.311,88.594
0,same_place_other_date,glc-4411,2025-07-26,7,27.339,88.607,5,Sikkim,25.9,43.4,77.3,161.6,242.3,442.4,158.065,12.4,7,5.93,24.99,63.36,247.72,0.398,0.391,0.407,20.9,17.9,0,1510,18.024,253.342,-0.287,-0.958,0.01,473,1,0,,open-meteo-era5,27.311,88.594
0,nearby_place_same_date,glc-4411,2012-06-14,6,27.261,88.662,5,Sikkim,15.3,5.5,25.6,48,110.4,182.8,54.924,1.9,7,0.38,1.05,3.53,51.06,0.411,0.406,0.398,22.5,17.1,0,1872,27.076,160.956,-0.945,0.326,-0.221,485,3.213,3,4.5,open-meteo-era5,27.241,88.696
1,event,glc-4426,2012-06-22,6,26.123,91.716,5,Assam,53.8,88.7,185.9,242.1,258.3,381.4,192.004,9.8,7,43.46,79.73,89.48,503.09,0.484,0.486,0.515,28,25,0,74,16.94,142.125,-0.789,0.614,-0.406,148,2.76,1,4.3,open-meteo-era5,26.116,91.676
0,same_place_other_date,glc-4426,2010-08-01,8,26.123,91.716,5,Assam,19,42.7,87.2,129.3,246,527.5,177.286,6.3,7,2.93,24.45,68.66,288.59,0.454,0.48,0.494,31.1,25.6,0,74,16.94,142.125,-0.789,0.614,-0.406,148,2.168,2,4.5,open-meteo-era5,26.116,91.676
0,same_place_other_date,glc-4426,2011-07-26,7,26.123,91.716,5,Assam,14.2,16,161.6,273.9,690.5,1106.8,443.613,5.3,7,8.94,35.59,61.64,490.24,0.497,0.498,0.466,30.1,24.8,0,74,16.94,142.125,-0.789,0.614,-0.406,148,1.059,1,4,open-meteo-era5,26.116,91.676
0,nearby_place_same_date,glc-4426,2012-06-22,6,26.07,91.85,5,Assam,53.8,88.7,185.9,242.1,258.3,381.4,192.004,9.8,7,43.46,79.73,89.48,503.09,0.483,0.487,0.515,27.4,24,0,244,17.664,176.941,-0.999,0.053,-0.085,274,2.532,1,4.3,open-meteo-era5,26.046,91.871
1,event,glc-4434,2012-06-25,6,26.105,91.737,1,Assam,36.9,81.6,168.4,380.6,425.5,545.2,309.893,7.8,7,100.21,151.86,234,647.02,0.484,0.494,0.517,27,24,0,151,13.368,175.018,-0.996,0.087,-0.236,158,2.713,1,4.3,open-meteo-era5,26.116,91.774
0,same_place_other_date,glc-4434,2022-06-01,6,26.105,91.737,1,Assam,16.6,17,46.1,51.9,153.9,400.3,112.831,7.5,6,6.46,13.66,24.11,451.13,0.485,0.464,0.467,30.5,23.7,0,151,13.368,175.018,-0.996,0.087,-0.236,158,2.713,1,4.1,open-meteo-era5,26.116,91.774
0,same_place_other_date,glc-4434,2010-08-07,8,26.105,91.737,1,Assam,4,29.2,52,125.2,290.7,543.9,187.395,4.8,7,1.16,28.44,37.91,269.26,0.469,0.494,0.499,30.9,24.9,0,151,13.368,175.018,-0.996,0.087,-0.236,158,2.143,1,4.5,open-meteo-era5,26.116,91.774
0,nearby_place_same_date,glc-4434,2012-06-25,6,26.118,91.871,1,Assam,36.9,81.6,168.4,380.6,425.5,545.2,309.893,7.8,7,100.21,151.86,234,647.02,0.482,0.49,0.517,26.7,24.1,0,132,14.629,167.645,-0.977,0.214,0.057,186,2.545,1,4.3,open-meteo-era5,26.116,91.873
1,event,glc-4446,2012-07-05,7,28.999,94.889,5,Arunachal Pradesh,69.1,37.3,156.5,222.3,665,1060.9,341.626,4.5,7,4.3,30.75,65.95,289.14,0.428,0.428,0.428,24.8,22.7,0,592,4.722,95.194,-0.091,0.996,-0.378,115,2.356,2,4.7,open-meteo-era5,28.998,94.954
0,same_place_other_date,glc-4446,2025-07-11,7,28.999,94.889,5,Arunachal Pradesh,0.9,1.1,6.4,42.4,174.3,440.5,113.258,0.4,5,0,0.61,25.78,241.24,0.373,0.382,0.406,34.1,24.6,0,592,4.722,95.194,-0.091,0.996,-0.378,115,1.357,1,4.5,open-meteo-era5,28.998,94.954
0,same_place_other_date,glc-4446,2020-05-24,5,28.999,94.889,5,Arunachal Pradesh,67.3,5.9,84.2,118,139.1,266.5,68.697,7.9,7,44.06,74.45,102.52,209.06,0.412,0.409,0.388,26.3,20.9,0,592,4.722,95.194,-0.091,0.996,-0.378,115,2.828,1,4.6,open-meteo-era5,28.998,94.954
0,nearby_place_same_date,glc-4446,2012-07-05,7,28.956,94.72,5,Arunachal Pradesh,70.3,40.9,176,225.9,687.6,1254.7,373.496,4.6,7,4.3,30.75,65.95,289.14,0.428,0.428,0.429,15.7,14.1,0,2353,44.62,105.001,-0.259,0.966,1.411,783,2.377,2,4.7,open-meteo-era5,28.998,94.748
1,event,glc-6783,2012-07-19,7,26.855,88.337,0.5,West Bengal,54.9,62.3,131.3,266.1,601.4,979.9,326.362,9.1,7,22.99,44.26,150.11,403.7,0.427,0.427,0.427,24.3,22.3,0,795,22.993,160.835,-0.945,0.328,0.755,449,1.755,1,4.7,open-meteo-era5,26.889,88.304
0,same_place_other_date,glc-6783,2020-07-25,7,26.855,88.337,0.5,West Bengal,8.1,36.6,73.4,284.2,717.5,1483.2,441.495,4.7,7,4.64,40.01,155.58,817.97,0.426,0.427,0.428,26.8,21.3,0,795,22.993,160.835,-0.945,0.328,0.755,449,1,0,,open-meteo-era5,26.889,88.304
0,same_place_other_date,glc-6783,2011-07-16,7,26.855,88.337,0.5,West Bengal,109.5,66.7,195.2,250.2,514.6,1159.3,314.401,14.8,7,6.41,37.64,111.28,467.26,0.428,0.429,0.429,23.4,21.8,0,795,22.993,160.835,-0.945,0.328,0.755,449,1,0,,open-meteo-era5,26.889,88.304
0,nearby_place_same_date,glc-6783,2012-07-19,7,27.03,88.627,0.5,West Bengal,75.5,53.8,151.2,302.9,661.8,1051.9,346.507,10.9,7,21.46,41.57,135.33,403.73,0.418,0.429,0.416,20.9,17.9,0,1580,16.111,180,-1,0,0.383,442,1.961,1,4.7,open-meteo-era5,27.1,88.699
1,event,glc-4552,2012-09-14,9,27.038,88.36,5,Sikkim,109.7,78.7,206.2,235.5,290.1,573.3,166.647,11.7,6,19.11,59.31,73.96,273.78,0.429,0.429,0.419,19.5,17,0,1468,16.832,145.217,-0.821,0.57,-0.163,442,1.006,0,,open-meteo-era5,27.03,88.3
0,same_place_other_date,glc-4552,2015-10-07,10,27.038,88.36,5,Sikkim,0.7,0.2,0.9,11.4,64.7,306.6,62.695,0.4,2,0,0,10.87,182.76,0.346,0.361,0.383,23.7,14.1,0,1468,16.832,145.217,-0.821,0.57,-0.163,442,1.422,7,4.5,open-meteo-era5,27.03,88.3
0,same_place_other_date,glc-4552,2016-10-19,10,27.038,88.36,5,Sikkim,0,0,0,137.3,340.3,657.6,200.836,0,2,0,0,17.25,236.48,0.365,0.379,0.403,21.9,11.4,0,1468,16.832,145.217,-0.821,0.57,-0.163,442,1.502,1,4,open-meteo-era5,27.03,88.3
0,nearby_place_same_date,glc-4552,2012-09-14,9,27.033,88.251,5,Sikkim,109.7,78.7,206.2,235.5,290.1,573.3,166.647,11.7,6,19.11,59.31,73.96,273.78,0.429,0.429,0.424,17.7,16,0,1797,30.137,259.922,-0.175,-0.985,-0.796,527,1,0,,open-meteo-era5,27.03,88.2
1,event,glc-4556,2012-09-16,9,27.168,88.365,5,Sikkim,70.3,72.6,228.7,355,451.2,878.2,322.037,9.3,7,36.17,98.58,150.96,343.09,0.43,0.43,0.437,19.4,15.5,0,1507,22.98,175.525,-0.997,0.078,0.202,401,1.002,0,,open-meteo-era5,27.241,88.395
0,same_place_other_date,glc-4556,2020-10-06,10,27.168,88.365,5,Sikkim,29.1,17.8,57.8,104.5,505.9,1063.4,250.233,4.7,7,4.89,10.91,18.31,568.19,0.423,0.422,0.403,20.7,16.9,0,1507,22.98,175.525,-0.997,0.078,0.202,401,3.372,2,5.3,open-meteo-era5,27.241,88.395
0,same_place_other_date,glc-4556,2009-10-03,10,27.168,88.365,5,Sikkim,0.5,0.1,0.6,6.1,81.6,254.1,53.277,0.2,2,3.05,3.05,3.49,84.57,0.335,0.354,0.369,21.6,15.7,0,1507,22.98,175.525,-0.997,0.078,0.202,401,3.457,0,,open-meteo-era5,27.241,88.395
0,nearby_place_same_date,glc-4556,2012-09-16,9,27.258,88.443,5,Sikkim,65.3,46.4,172,315.6,442,988.3,307.362,8.9,7,17.13,43.63,86.13,222.42,0.43,0.43,0.437,26.6,22.6,0,462,22.47,41.394,0.75,0.661,0.327,493,1.024,0,,open-meteo-era5,27.17,88.396
1,event,glc-4610,2012-11-11,11,23.771,92.522,5,Mizoram,0,0,0,32.3,45.2,64.2,30.339,0,4,0,0.09,28.72,36.8,0.375,0.38,0.361,27.3,17.3,0,76,4.011,350.218,0.985,-0.17,-0.245,195,4.279,4,4.6,open-meteo-era5,23.796,92.474
0,same_place_other_date,glc-4610,2015-11-11,11,23.771,92.522,5,Mizoram,0,0,0,0,13.7,42.7,7.188,0,0,0.01,0.02,0.02,20.5,0.298,0.313,0.349,28.9,20.5,0,76,4.011,350.218,0.985,-0.17,-0.245,195,3.189,5,4.8,open-meteo-era5,23.796,92.474
0,same_place_other_date,glc-4610,2012-12-25,12,23.771,92.522,5,Mizoram,0,0,0,0,3.7,3.7,1.045,0,0,0,0,0,0.27,0.22,0.242,0.302,25,12,0,76,4.011,350.218,0.985,-0.17,-0.245,195,2.553,4,5.5,open-meteo-era5,23.796,92.474
0,nearby_place_same_date,glc-4610,2012-11-11,11,23.89,92.396,5,Mizoram,0,0,0,28.3,41.3,69.3,27.633,0,4,0,0.09,28.72,36.8,0.375,0.38,0.36,26.3,16.1,0,164,16.048,101.962,-0.207,0.978,-0.218,164,4.213,4,4.6,open-meteo-era5,23.866,92.381
1,event,glc-4757,2013-02-18,2,28.119,95.165,5,Arunachal Pradesh,10.4,11.2,21.7,21.7,21.8,26.2,11.56,1.9,2,2.93,5.34,5.34,5.34,0.261,0.235,0.284,16.3,10.4,0,785,33.9,213.749,-0.831,-0.556,-0.352,495,1.247,0,,open-meteo-era5,28.084,95.186
0,same_place_other_date,glc-4757,2026-03-14,3,28.119,95.165,5,Arunachal Pradesh,47.2,52.9,113.3,118.9,123.5,152.6,74.285,6.3,6,63.49,98.24,105.61,113.77,0.396,0.332,0.319,15.5,14.2,0,785,33.9,213.749,-0.831,-0.556,-0.352,495,1,0,,open-meteo-era5,28.084,95.186
0,same_place_other_date,glc-4757,2020-01-22,1,28.119,95.165,5,Arunachal Pradesh,0.2,4.3,21.6,76.5,82.3,139.7,74.173,1.1,4,0,7.32,14.44,41.41,0.414,0.415,0.398,14.3,9.4,0,785,33.9,213.749,-0.831,-0.556,-0.352,495,1,0,,open-meteo-era5,28.084,95.186
0,nearby_place_same_date,glc-4757,2013-02-18,2,27.897,95.025,5,Arunachal Pradesh,12.8,17.9,31.5,31.8,32.2,41.4,19.475,3.2,2,2.93,5.34,5.34,5.34,0.228,0.215,0.269,20.3,14.5,0,255,1.93,,0,0,-0.37,159,1.181,0,,open-meteo-era5,27.873,95.068
1,event,glc-4848,2013-05-08,5,24.09,91.466,5,Tripura,57.9,45,174.7,356.8,407.4,489.7,274.622,9.2,6,45.59,126.29,207.05,294.94,0.428,0.428,0.406,24,21.6,0,112,0.832,,0,0,0.064,51,1.338,2,4.6,open-meteo-era5,24.077,91.433
0,same_place_other_date,glc-4848,2008-04-18,4,24.09,91.466,5,Tripura,2.7,9.3,12,39.9,66.1,174.9,50.78,6.5,5,2.17,5.39,18.43,74.97,0.334,0.335,0.283,32.5,24.1,0,112,0.832,,0,0,0.064,51,1.583,4,4.6,open-meteo-era5,24.077,91.433
0,same_place_other_date,glc-4848,2015-05-09,5,24.09,91.466,5,Tripura,0.1,0.7,0.8,1.7,56.8,279.4,66.108,0.3,0,0.27,22.62,30.02,235.19,0.353,0.366,0.393,31.5,22.9,0,112,0.832,,0,0,0.064,51,4.512,0,,open-meteo-era5,24.077,91.433
1,event,glc-4859,2013-05-11,5,26.177,91.76,5,Assam,21.7,19.4,51.6,75.6,196.9,297.6,99.221,5,7,38.98,109.25,235.03,409.56,0.467,0.486,0.419,27.9,22.5,0,84,2.113,342.759,0.955,-0.296,0.501,38,3.634,3,4.4,open-meteo-era5,26.186,91.776
0,same_place_other_date,glc-4859,2025-04-04,4,26.177,91.76,5,Assam,0,0,0.1,0.2,3.6,51.6,6.379,0,0,0,4.07,6.46,22.81,0.145,0.339,0.273,33.6,21.3,0,84,2.113,342.759,0.955,-0.296,0.501,38,4.757,2,4.2,open-meteo-era5,26.186,91.776
0,same_place_other_date,glc-4859,2022-04-25,4,26.177,91.76,5,Assam,0.7,0,6.3,38.3,98.4,240.1,63.074,0.6,4,0.69,6.1,40.06,283.03,0.432,0.411,0.326,31.1,20.8,0,84,2.113,342.759,0.955,-0.296,0.501,38,1,0,,open-meteo-era5,26.186,91.776
1,event,glc-4860,2013-05-11,5,26.102,91.691,5,Assam,29,7.4,39.2,73.1,108.2,138.3,47.905,10.1,7,38.98,109.25,235.03,409.56,0.454,0.482,0.378,27.8,22.3,0,114,23.491,19.245,0.944,0.33,0.302,123,3.576,3,4.4,open-meteo-era5,26.116,91.676
0,same_place_other_date,glc-4860,2024-04-09,4,26.102,91.691,5,Assam,0,0,0,4.7,27.1,60.3,16.15,0,1,0,5.38,16.53,130.05,0.352,0.379,0.305,32.1,19.5,0,114,23.491,19.245,0.944,0.33,0.302,123,2.024,1,4.4,open-meteo-era5,26.116,91.676
0,same_place_other_date,glc-4860,2021-04-15,4,26.102,91.691,5,Assam,1.1,0,1.2,2.5,5.6,29.5,7.487,0.8,2,1.65,11.52,17.58,71.68,0.294,0.26,0.331,32.4,21.8,0,114,23.491,19.245,0.944,0.33,0.302,123,2.463,3,5.2,open-meteo-era5,26.116,91.676
0,nearby_place_same_date,glc-4860,2013-05-11,5,25.924,91.6,5,Assam,22.2,12.4,38.5,94.1,162.6,200.6,81.21,6.7,7,38.98,109.25,235.03,409.56,0.498,0.495,0.406,25.5,19.4,0,432,11.231,108.877,-0.324,0.946,-0.207,321,3.379,3,4.4,open-meteo-era5,25.905,91.67
1,event,glc-4990,2013-06-27,6,27.377,88.763,1,Sikkim,24.4,32.7,83.6,192.5,275.4,598.6,195.813,3.7,7,10.5,37.88,89.33,220.11,0.427,0.428,0.427,13.1,8.9,0,3761,19.891,194.744,-0.967,-0.254,-0.492,334,1,0,,open-meteo-era5,27.381,88.793
0,same_place_other_date,glc-4990,2011-07-01,7,27.377,88.763,1,Sikkim,18.9,47.1,135.6,230.9,456.4,565.2,279.218,3.7,7,18.17,48.26,77.65,180.37,0.428,0.429,0.427,10.9,8.3,0,3761,19.891,194.744,-0.967,-0.254,-0.492,334,3.692,1,5,open-meteo-era5,27.381,88.793
0,same_place_other_date,glc-4990,2014-05-18,5,27.377,88.763,1,Sikkim,2.2,1.9,8,18.2,112.9,162,57.342,0.5,7,0,0,5.17,62.31,0.379,0.382,0.395,11.8,3.6,3.01,3761,19.891,194.744,-0.967,-0.254,-0.492,334,1.135,0,,open-meteo-era5,27.381,88.793
0,nearby_place_same_date,glc-4990,2013-06-27,6,27.26,88.517,1,Sikkim,27.3,31.3,77.7,242.8,323,788.2,247.25,5.7,7,10.5,37.88,89.33,220.11,0.421,0.423,0.434,25.2,20.3,0,1146,9.59,117.681,-0.465,0.886,-0.27,355,1,0,,open-meteo-era5,27.241,88.495
1,event,glc-5006,2013-07-01,7,26.115,94.386,1,Nagaland,15.5,29.7,60.5,101.5,207.3,273.1,124.925,4.1,7,9.11,27.57,97.88,195.91,0.498,0.477,0.51,30.2,26,0,353,1.601,,0,0,-0.491,206,1,0,,open-meteo-era5,26.116,94.337
0,same_place_other_date,glc-5006,2021-05-18,5,26.115,94.386,1,Nagaland,15.8,0.5,17.1,76.5,143.9,197.6,75.051,4,5,9.6,15.5,42.82,106.48,0.468,0.47,0.397,29.2,21.3,0,353,1.601,,0,0,-0.491,206,3.882,13,6,open-meteo-era5,26.116,94.337
0,same_place_other_date,glc-5006,2007-06-20,6,26.115,94.386,1,Nagaland,9.7,4,68.9,170.9,232,251.7,155.666,4.6,7,10.78,18.28,74.68,242.16,0.475,0.459,0.477,31.3,25.2,0,353,1.601,,0,0,-0.491,206,2.075,1,4.2,open-meteo-era5,26.116,94.337
1,event,glc-5005,2013-07-01,7,26.72,95.029,5,Nagaland,28.8,33.4,72.6,139,247.6,387.8,149.232,4,7,14.44,33.33,111.85,271.64,0.484,0.491,0.513,26.2,22.4,0,689,10.006,165.579,-0.968,0.249,-0.153,195,1,0,,open-meteo-era5,26.749,95.077
0,same_place_other_date,glc-5005,2023-05-24,5,26.72,95.029,5,Nagaland,12,2.3,35.6,82.3,131.6,220.4,83.663,6.4,7,11.94,17.34,62.42,155.7,0.487,0.494,0.469,27,20.2,0,689,10.006,165.579,-0.968,0.249,-0.153,195,2.455,3,5,open-meteo-era5,26.749,95.077
0,same_place_other_date,glc-5005,2009-05-20,5,26.72,95.029,5,Nagaland,0.8,0.6,16.3,52.2,86.6,147.2,61.498,0.2,4,0.48,1.17,8.49,165,0.458,0.475,0.461,28.1,19.3,0,689,10.006,165.579,-0.968,0.249,-0.153,195,1.633,2,4.7,open-meteo-era5,26.749,95.077
0,nearby_place_same_date,glc-5005,2013-07-01,7,26.567,94.897,5,Nagaland,20,37.2,66.7,125.5,217,336.4,138.906,5.9,7,14.44,33.33,111.85,271.64,0.479,0.49,0.508,28.7,24.8,0,415,17.742,324.615,0.815,-0.579,0.409,148,1,0,,open-meteo-era5,26.608,94.868
1,event,glc-5271,2013-08-04,8,26.284,94.581,5,Nagaland,9.3,3.8,30,66.4,227.9,364.2,125.277,2.9,7,5.53,15.66,54.81,307.87,0.494,0.5,0.489,29.4,22.7,0,718,20.804,19.247,0.944,0.33,-0.464,270,1.934,3,5,open-meteo-era5,26.327,94.549
0,same_place_other_date,glc-5271,2015-07-24,7,26.284,94.581,5,Nagaland,39.4,51.3,116.1,239.1,370.8,629,247.478,9.3,7,15.43,57.1,109.45,321.41,0.48,0.497,0.511,25.7,22.5,0,718,20.804,19.247,0.944,0.33,-0.464,270,1.688,5,4.5,open-meteo-era5,26.327,94.549
0,same_place_other_date,glc-5271,2010-09-02,9,26.284,94.581,5,Nagaland,14.1,1.4,20.7,65.6,156.6,339.5,91.319,7.4,7,3.01,17.72,93.23,326.95,0.472,0.479,0.488,28,22.5,0,718,20.804,19.247,0.944,0.33,-0.464,270,2.167,5,4.7,open-meteo-era5,26.327,94.549
0,nearby_place_same_date,glc-5271,2013-08-04,8,26.49,94.581,5,Nagaland,10.1,2,29.9,92,295.1,398.6,150.246,1.4,7,5.53,15.66,54.81,307.87,0.467,0.465,0.499,31.4,24.8,0,322,8.833,279.019,0.157,-0.988,0.57,144,1.822,3,5,open-meteo-era5,26.538,94.565
1,event,glc-5272,2013-08-04,8,26.208,94.544,1,Nagaland,9.3,3.8,30,66.4,227.9,364.2,125.277,2.9,7,5.78,14.93,47.43,290.88,0.479,0.484,0.481,25.3,18.8,0,1482,11.342,287.996,0.309,-0.951,0.68,397,1.976,3,5,open-meteo-era5,26.186,94.539
0,same_place_other_date,glc-5272,2017-07-27,7,26.208,94.544,1,Nagaland,9.4,7,30.7,100,206.2,617.4,163.7,5.2,7,11.53,35.53,73.32,498.33,0.502,0.512,0.51,22.7,18.4,0,1482,11.342,287.996,0.309,-0.951,0.68,397,2.134,5,4.9,open-meteo-era5,26.186,94.539
0,same_place_other_date,glc-5272,2014-09-14,9,26.208,94.544,1,Nagaland,17.4,14.2,35.6,67.7,174.6,392.7,106.513,5.1,7,4.56,21.78,55.44,201.27,0.483,0.473,0.481,22.8,17.6,0,1482,11.342,287.996,0.309,-0.951,0.68,397,2.435,5,5,open-meteo-era5,26.186,94.539
0,nearby_place_same_date,glc-5272,2013-08-04,8,26.496,94.485,1,Nagaland,10.1,2,29.9,92,295.1,398.6,150.246,1.4,7,5.53,15.66,54.81,307.87,0.44,0.47,0.493,27.8,21.1,0,895,20.705,100.586,-0.184,0.983,0.731,427,1.816,3,5,open-meteo-era5,26.467,94.46
1,event,glc-5427,2013-08-15,8,25.383,94.188,5,Nagaland,8.1,19.8,41.8,133.6,283.9,415.8,177.442,3.1,7,4.08,74.99,91.33,275.76,0.492,0.494,0.483,23,16.5,0,1689,17.132,229.764,-0.646,-0.763,0.466,273,2.465,2,5,open-meteo-era5,25.413,94.193
0,same_place_other_date,glc-5427,2012-08-07,8,25.383,94.188,5,Nagaland,17.2,17.6,55.7,158.2,262.7,427.5,164.139,7,7,4.54,21.54,50.54,220.92,0.478,0.494,0.487,22,17.2,0,1689,17.132,229.764,-0.646,-0.763,0.466,273,4.578,11,5.7,open-meteo-era5,25.413,94.193
0,same_place_other_date,glc-5427,2010-07-13,7,25.383,94.188,5,Nagaland,1.6,25,47,60.4,206.5,524.8,142.221,8.1,7,9.41,25.93,34.71,232.82,0.475,0.492,0.493,24.3,16.9,0,1689,17.132,229.764,-0.646,-0.763,0.466,273,1.577,3,4.4,open-meteo-era5,25.413,94.193
0,nearby_place_same_date,glc-5427,2013-08-15,8,25.357,94.394,5,Nagaland,6.5,62,80.8,183.2,350.4,519.3,231.238,9.7,7,4.08,74.99,91.33,275.76,0.471,0.493,0.493,26.1,19.7,0,1166,12.568,189.972,-0.985,-0.173,0.317,470,2.521,2,5,open-meteo-era5,25.343,94.383
1,event,glc-5337,2013-08-16,8,26.421,94.973,5,Nagaland,19.2,12.8,41.1,95.1,217.7,447.4,134.131,2.6,7,39.28,53.14,98.45,387.63,0.457,0.456,0.473,27,23,0,699,15.853,177.297,-0.999,0.047,0.171,326,2.11,2,5,open-meteo-era5,26.467,94.857
0,same_place_other_date,glc-5337,2016-08-09,8,26.421,94.973,5,Nagaland,18.8,12.2,68.3,167.8,237.8,513.8,179.999,3.5,7,11.82,33.02,74.53,371.5,0.429,0.446,0.449,28.3,23,0,699,15.853,177.297,-0.999,0.047,0.171,326,1,2,4.1,open-meteo-era5,26.467,94.857
0,same_place_other_date,glc-5337,2011-07-05,7,26.421,94.973,5,Nagaland,16.8,19.3,53.2,171.6,294,587.1,200.119,3.1,7,7.89,54.82,140.4,308.44,0.454,0.468,0.47,26.7,22.4,0,699,15.853,177.297,-0.999,0.047,0.171,326,1.37,0,,open-meteo-era5,26.467,94.857
0,nearby_place_same_date,glc-5337,2013-08-16,8,26.582,95.289,5,Nagaland,19.2,3.9,27,53.7,165.6,348.1,91.071,1.9,7,39.28,53.14,98.45,387.63,0.495,0.495,0.487,27.8,23.4,0,774,27.164,328.009,0.848,-0.53,0.076,419,2.213,2,5,open-meteo-era5,26.608,95.265
1,event,glc-5421,2013-08-30,8,26.421,94.973,5,Nagaland,9.3,5.3,29.6,101.1,189.2,402.6,126.674,2.3,7,7.63,44.85,79.68,350.44,0.448,0.443,0.445,27.9,23.3,0,699,15.853,177.297,-0.999,0.047,0.171,326,2.11,5,5,open-meteo-era5,26.467,94.857
0,same_place_other_date,glc-5421,2019-09-13,9,26.421,94.973,5,Nagaland,7.4,74.2,126.3,158.6,199.8,355.2,169.343,22.4,7,8.3,51.04,128.79,253.02,0.509,0.512,0.49,26.2,22.8,0,699,15.853,177.297,-0.999,0.047,0.171,326,2.387,3,5,open-meteo-era5,26.467,94.857
0,same_place_other_date,glc-5421,2007-09-04,9,26.421,94.973,5,Nagaland,16.5,18.1,58.9,125.6,248.5,507.9,165.53,2.5,7,26.35,49.34,66.55,242.78,0.458,0.467,0.471,26,23,0,699,15.853,177.297,-0.999,0.047,0.171,326,1.407,3,4.4,open-meteo-era5,26.467,94.857
0,nearby_place_same_date,glc-5421,2013-08-30,8,26.166,94.916,5,Nagaland,6,3.3,21.4,117.1,188.6,421.4,130.773,1.4,7,5.46,28.5,71.13,331.06,0.441,0.445,0.452,23.1,17.4,0,1690,13.518,238.639,-0.52,-0.854,-0.208,336,2.031,5,5,open-meteo-era5,26.186,94.934
1,event,glc-5431,2013-09-01,9,24.983,93.506,5,Assam,3.7,1.2,6.7,82.4,134,309.5,88.784,1.8,7,5.42,8.29,54.14,293.88,0.403,0.405,0.415,23.1,17.8,0,1322,20.8,6.18,0.994,0.108,0.037,375,1.563,4,4.3,open-meteo-era5,24.991,93.585
0,same_place_other_date,glc-5431,2021-08-15,8,24.983,93.506,5,Assam,7.3,16.5,45.2,106.4,201.5,319.8,129.72,2.1,7,2.24,10.03,25.15,213.57,0.427,0.427,0.429,20.8,18.2,0,1322,20.8,6.18,0.994,0.108,0.037,375,3.023,4,4.9,open-meteo-era5,24.991,93.585
0,same_place_other_date,glc-5431,2023-09-12,9,24.983,93.506,5,Assam,15.3,17.9,47.5,94.5,125.7,242.8,90.982,11.7,6,10.49,14.71,23.89,167.3,0.415,0.407,0.379,26,18.8,0,1322,20.8,6.18,0.994,0.108,0.037,375,3.528,5,5.3,open-meteo-era5,24.991,93.585
0,nearby_place_same_date,glc-5431,2013-09-01,9,24.806,93.592,5,Assam,5.8,2.3,12.2,117.7,205.6,394.4,125.063,1,7,5.42,8.29,54.14,293.88,0.428,0.43,0.436,26.3,20.7,0,881,28.341,297.592,0.463,-0.886,-0.314,499,1.668,4,4.3,open-meteo-era5,24.78,93.573
1,event,glc-5441,2013-09-02,9,28.611,94.983,5,Arunachal Pradesh,43.9,30.2,85.1,151.1,198.4,416.7,127.911,3.4,7,24.66,57.5,122.63,401.7,0.428,0.428,0.429,18.7,16.6,0,1672,34.578,354.002,0.995,-0.104,0.503,752,3.448,1,4.5,open-meteo-era5,28.576,94.92
0,same_place_other_date,glc-5441,2015-07-24,7,28.611,94.983,5,Arunachal Pradesh,8.8,3.8,22.2,45.6,208,415.6,117.951,2.5,5,10.36,67.63,96.94,289.16,0.423,0.423,0.408,23,15.4,0,1672,34.578,354.002,0.995,-0.104,0.503,752,2.6,8,5.1,open-meteo-era5,28.576,94.92
0,same_place_other_date,glc-5441,2007-08-14,8,28.611,94.983,5,Arunachal Pradesh,23.1,25.8,64.3,87.1,185.3,703.6,155.537,4.3,6,23.19,40.45,58.15,423.27,0.428,0.428,0.429,19.3,16.9,0,1672,34.578,354.002,0.995,-0.104,0.503,752,1,0,,open-meteo-era5,28.576,94.92
0,nearby_place_same_date,glc-5441,2013-09-02,9,28.442,94.804,5,Arunachal Pradesh,109,63.1,213.7,312.6,355.1,558.8,210.028,6.4,7,24.66,57.5,122.63,401.7,0.428,0.428,0.429,20.6,19.1,0,1053,29.171,227.701,-0.673,-0.74,-0.02,438,3.542,1,4.5,open-meteo-era5,28.436,94.807
1,event,glc-5533,2013-09-16,9,27.06,88.467,5,West Bengal,0,1.4,1.7,11,150.9,359.3,80.763,1.4,4,2.88,5.66,21.29,279.54,0.344,0.358,0.342,24.4,17.3,0,1246,8.549,77.775,0.212,0.977,0.47,293,1.749,2,4.9,open-meteo-era5,27.1,88.498
0,same_place_other_date,glc-5533,2021-10-11,10,27.06,88.467,5,West Bengal,0.3,3.7,11.5,21.5,46.1,131.6,33.601,1.2,5,0,2.6,28.91,188.2,0.363,0.35,0.326,25.2,16.2,0,1246,8.549,77.775,0.212,0.977,0.47,293,1.398,2,4.5,open-meteo-era5,27.1,88.498
0,same_place_other_date,glc-5533,2010-10-19,10,27.06,88.467,5,West Bengal,0,0,13.6,18.6,34.6,90.2,26.567,0,2,0.54,11.95,25.44,160.78,0.367,0.353,0.308,23.7,15.5,0,1246,8.549,77.775,0.212,0.977,0.47,293,1.583,0,,open-meteo-era5,27.1,88.498
0,nearby_place_same_date,glc-5533,2013-09-16,9,27.321,88.682,5,West Bengal,2.1,3.1,10.8,43.3,193.8,546.9,119.698,0.6,7,2.64,4.31,18.64,163.28,0.393,0.4,0.381,15.3,10.3,0,2812,26.082,121.259,-0.519,0.855,0.202,473,1.707,1,4.9,open-meteo-era5,27.381,88.693
1,event,glc-5552,2013-09-24,9,25.099,94.362,5,Manipur,5.7,1.5,7.3,15.6,60.6,173.2,35.99,1.5,6,0.3,0.56,1.4,257.66,0.386,0.389,0.404,22.9,15.6,0,1900,2.964,358.668,1,-0.023,0.167,183,2.93,4,5.7,open-meteo-era5,25.132,94.369
0,same_place_other_date,glc-5552,2018-08-22,8,25.099,94.362,5,Manipur,17.8,13.3,33.8,65.4,162.7,364.4,98.521,4,6,4.06,26.38,39.78,313.26,0.413,0.41,0.413,20.8,16.4,0,1900,2.964,358.668,1,-0.023,0.167,183,2.667,4,4.9,open-meteo-era5,25.132,94.369
0,same_place_other_date,glc-5552,2007-10-07,10,25.099,94.362,5,Manipur,16.1,6.2,25.6,43.9,58.9,127.2,35.415,3.6,5,9.28,10.66,13.9,57.92,0.408,0.402,0.376,20.1,15.2,0,1900,2.964,358.668,1,-0.023,0.167,183,2.152,5,4.6,open-meteo-era5,25.132,94.369
0,nearby_place_same_date,glc-5552,2013-09-24,9,25.411,94.551,5,Manipur,11.8,0.5,13.3,31.5,91.8,209.7,49.959,2,5,0.26,0.41,2.36,236.15,0.446,0.455,0.467,28.5,20.9,0,1016,8.456,240.313,-0.495,-0.869,-0.466,240,2.829,2,4.5,open-meteo-era5,25.413,94.485
1,event,glc-5575,2013-10-05,10,25.827,94.15,5,Nagaland,26.4,11.2,42.4,61.6,152.5,286.4,78.052,4.1,6,16.72,36.68,39.65,165.52,0.482,0.495,0.494,18.9,16.1,0,1400,17.999,14.243,0.969,0.246,-0.103,240,2.56,4,4.6,open-meteo-era5,25.835,94.122
0,same_place_other_date,glc-5575,2009-11-02,11,25.827,94.15,5,Nagaland,0.1,0,0.1,6.6,18.4,136,21.506,0.1,2,0,0,0,117.67,0.415,0.43,0.443,23,12.1,0,1400,17.999,14.243,0.969,0.246,-0.103,240,1.9,1,4.8,open-meteo-era5,25.835,94.122
0,same_place_other_date,glc-5575,2016-10-19,10,25.827,94.15,5,Nagaland,2.2,1.3,13.4,29.7,126.3,251,72.898,0.8,6,0,0,1.03,166.26,0.471,0.478,0.476,22.5,12.4,0,1400,17.999,14.243,0.969,0.246,-0.103,240,2.506,5,4.7,open-meteo-era5,25.835,94.122
0,nearby_place_same_date,glc-5575,2013-10-05,10,26.102,94.319,5,Nagaland,23.5,3.9,29.8,39.8,99.9,201.9,50.406,4.3,5,16.72,36.68,39.65,165.52,0.495,0.479,0.481,21.8,19.2,0,996,13.045,174.588,-0.996,0.094,0.604,268,2.483,4,4.6,open-meteo-era5,26.116,94.337
1,event,glc-5582,2013-10-06,10,26.131,91.838,5,Assam,24.5,13.6,47.5,65.6,134.7,289.1,87.486,3.3,5,62.76,151.09,174.79,276.04,0.487,0.493,0.509,25.1,22.7,0,107,10.804,29.338,0.872,0.49,-0.047,145,2.419,2,4.6,open-meteo-era5,26.116,91.873
0,same_place_other_date,glc-5582,2014-11-02,11,26.131,91.838,5,Assam,0,0,0,4.1,5.7,51.2,8.386,0,2,0,0,0.04,59.4,0.347,0.375,0.394,28.7,21.9,0,107,10.804,29.338,0.872,0.49,-0.047,145,1.771,2,4.3,open-meteo-era5,26.116,91.873
0,same_place_other_date,glc-5582,2015-09-26,9,26.131,91.838,5,Assam,0.2,0.6,7.6,168.5,247.6,605.1,181.381,0.2,5,0,17.59,133,403.61,0.471,0.488,0.48,29.8,22.4,0,107,10.804,29.338,0.872,0.49,-0.047,145,3.195,4,4.4,open-meteo-era5,26.116,91.873
1,event,glc-5584,2013-10-06,10,26.167,91.705,5,Assam,24.5,13.6,47.5,65.6,134.7,289.1,87.486,3.3,5,62.76,151.09,174.79,276.04,0.483,0.493,0.492,24.1,22,0,231,10.549,195.124,-0.965,-0.261,0.057,233,2.386,1,4.5,open-meteo-era5,26.186,91.678
0,same_place_other_date,glc-5584,2022-11-10,11,26.167,91.705,5,Assam,0.1,0.1,0.3,1.2,3.6,75.1,14.085,0.1,0,0,0,0.27,119.48,0.375,0.388,0.439,26.8,18.8,0,231,10.549,195.124,-0.965,-0.261,0.057,233,2.286,1,4.2,open-meteo-era5,26.186,91.678
0,same_place_other_date,glc-5584,2008-09-13,9,26.167,91.705,5,Assam,9.5,3.7,16.9,68.3,108.3,424.1,87.933,3.6,7,1.7,2.16,3.95,200.03,0.469,0.472,0.503,31.3,24.3,0,231,10.549,195.124,-0.965,-0.261,0.057,233,2.617,1,4.2,open-meteo-era5,26.186,91.678
0,nearby_place_same_date,glc-5584,2013-10-06,10,25.882,91.683,5,Assam,33.4,15.4,68.6,86.9,149.4,271.2,89.863,4,5,62.76,151.09,174.79,276.04,0.485,0.482,0.511,23.3,21,0,370,11.604,128.29,-0.62,0.785,-0.122,170,2.075,2,4.6,open-meteo-era5,25.905,91.67
1,event,glc-5603,2013-10-13,10,25.426,94.602,5,Manipur,0,0.1,0.1,27.2,100.8,190.3,63.14,0.1,2,0.02,0.04,17.24,140.18,0.376,0.385,0.407,24.7,16.7,0,1336,13.635,335.603,0.911,-0.413,0.075,263,2.833,4,4.6,open-meteo-era5,25.413,94.583
0,same_place_other_date,glc-5603,2022-09-25,9,25.426,94.602,5,Manipur,15.4,17,35,39.2,72.2,158.9,42.041,12.4,5,3.66,24.86,32.95,189.31,0.394,0.378,0.326,24,17.2,0,1336,13.635,335.603,0.911,-0.413,0.075,263,1.524,3,4.4,open-meteo-era5,25.413,94.583
0,same_place_other_date,glc-5603,2009-11-03,11,25.426,94.602,5,Manipur,6.2,0.1,6.3,6.3,6.4,49.9,4.578,4.2,1,0,0,0,105.87,0.298,0.315,0.354,23.6,15.5,0,1336,13.635,335.603,0.911,-0.413,0.075,263,1.77,1,4.8,open-meteo-era5,25.413,94.583
0,nearby_place_same_date,glc-5603,2013-10-13,10,25.542,94.769,5,Manipur,0.1,0.3,0.4,42.7,151.4,239,89.929,0.2,2,0,0,15.6,134.94,0.417,0.43,0.466,23.7,15.9,0,1329,17.024,259.311,-0.185,-0.983,-0.206,321,2.81,4,4.6,open-meteo-era5,25.624,94.696
1,event,glc-6110,2014-06-27,6,26.162,91.77,0.5,Assam,7.1,27.8,38.6,168.4,284.5,433.5,192.433,4.8,7,6.85,21.91,150.58,349.14,0.477,0.485,0.502,29.8,25.8,0,55,0.311,,0,0,-0.019,70,2.317,3,4.3,open-meteo-era5,26.186,91.776
0,same_place_other_date,glc-6110,2009-05-20,5,26.162,91.77,0.5,Assam,1.7,0.2,8.3,47.3,68.5,163.7,56.078,0.8,5,0.22,9.79,31.87,153.91,0.474,0.47,0.335,32.4,24.5,0,55,0.311,,0,0,-0.019,70,3.652,1,4.4,open-meteo-era5,26.186,91.776
0,same_place_other_date,glc-6110,2007-05-14,5,26.162,91.77,0.5,Assam,0.2,7.2,12.9,100.4,111.8,240.1,93.871,2.2,6,8.13,8.67,39.92,207.72,0.492,0.477,0.469,28.8,23.8,0,55,0.311,,0,0,-0.019,70,1.241,0,,open-meteo-era5,26.186,91.776
0,nearby_place_same_date,glc-6110,2014-06-27,6,26.25,91.995,0.5,Assam,13.3,30.3,48,184.6,308.6,433.5,200.099,5.8,7,9.89,24.82,151.79,329.68,0.472,0.496,0.506,28.4,24.4,0,315,15.647,298.233,0.473,-0.881,-0.322,262,2.657,3,4.3,open-meteo-era5,26.257,91.976
1,event,glc-6143,2014-07-14,7,23.733,92.746,5,Mizoram,19.1,47,92.1,132.7,169.4,365.8,134.646,7.1,5,4.46,14.06,35.85,446.56,0.425,0.426,0.406,25.6,21.1,0,837,26.751,227.49,-0.676,-0.737,0.781,296,1.296,4,4.3,open-meteo-era5,23.726,92.756
0,same_place_other_date,glc-6143,2007-07-28,7,23.733,92.746,5,Mizoram,0.3,9.8,15,65.4,192.7,369.4,118.892,1.5,6,10.56,87.72,179.93,576.67,0.425,0.424,0.42,24.4,18.7,0,837,26.751,227.49,-0.676,-0.737,0.781,296,2.869,3,4.8,open-meteo-era5,23.726,92.756
0,same_place_other_date,glc-6143,2010-05-30,5,23.733,92.746,5,Mizoram,9,31.6,64.8,132,184,220.7,127.066,3.8,7,37.06,93.62,181.91,369.48,0.425,0.422,0.35,24.9,19.6,0,837,26.751,227.49,-0.676,-0.737,0.781,296,1,0,,open-meteo-era5,23.726,92.756
0,nearby_place_same_date,glc-6143,2014-07-14,7,23.809,92.459,5,Mizoram,21.7,32.9,66,86.8,122.2,336.4,93.131,7.5,5,10.53,28.69,46.67,426.43,0.425,0.424,0.394,28.9,24.3,0,340,12.774,183.013,-0.999,-0.053,-0.018,373,1.19,4,4.3,open-meteo-era5,23.796,92.474
1,event,glc-6146,2014-07-15,7,27.059,88.469,1,West Bengal,19.4,15.5,43,90.2,164.2,482.9,133.611,2.9,7,7.31,24.75,51.36,322,0.419,0.428,0.418,23,19.8,0,1184,16.586,103.065,-0.226,0.974,0.163,312,1,0,,open-meteo-era5,27.1,88.498
0,same_place_other_date,glc-6146,2024-08-11,8,27.059,88.469,1,West Bengal,12.7,27.8,56.3,176.9,411.7,672.4,244.008,6.1,7,12.98,36.6,143.28,455.96,0.428,0.428,0.42,24.2,18.9,0,1184,16.586,103.065,-0.226,0.974,0.163,312,3.939,1,4.5,open-meteo-era5,27.1,88.498
0,same_place_other_date,glc-6146,2009-07-05,7,27.059,88.469,1,West Bengal,33.1,46.5,106.9,401.5,724.6,808.8,436.399,4.7,7,0.81,15.08,103.75,184.73,0.42,0.426,0.437,23,20,0,1184,16.586,103.065,-0.226,0.974,0.163,312,1,0,,open-meteo-era5,27.1,88.498
0,nearby_place_same_date,glc-6146,2014-07-15,7,26.964,88.834,1,West Bengal,29.1,25.6,65.9,112.2,244.9,527.3,153.3,3.7,7,7.31,24.75,51.36,322,0.387,0.389,0.379,29.6,24.2,0,324,2.386,139.764,-0.763,0.646,0,55,1,0,,open-meteo-era5,26.96,88.801
1,event,glc-6288,2014-09-22,9,26.199,91.8,5,Assam,55.8,27.7,142.1,178.3,248.3,503,166.051,7.2,6,126.76,191.59,231.7,354.68,0.481,0.484,0.506,26.9,23.5,0,77,4.876,190.67,-0.983,-0.185,-0.435,121,1.753,2,4.1,open-meteo-era5,26.186,91.776
0,same_place_other_date,glc-6288,2025-10-15,10,26.199,91.8,5,Assam,0.3,0,1.2,35.9,85.3,158.5,46.252,0.3,3,0,0.16,20.28,183.01,0.278,0.276,0.393,33,23.7,0,77,4.876,190.67,-0.983,-0.185,-0.435,121,2.023,1,4.2,open-meteo-era5,26.186,91.776
0,same_place_other_date,glc-6288,2019-10-26,10,26.199,91.8,5,Assam,49.2,43.9,100,102.3,107.8,209.5,63.876,12.6,4,72.81,110.01,110.33,235.3,0.495,0.43,0.405,23.4,19.3,0,77,4.876,190.67,-0.983,-0.185,-0.435,121,2.636,2,4.8,open-meteo-era5,26.186,91.776
1,event,glc-6283,2014-09-22,9,26.131,91.755,1,Assam,55.8,27.7,142.1,178.3,248.3,503,166.051,7.2,6,126.76,191.59,231.7,354.68,0.479,0.481,0.505,27.4,23.7,0,77,2.128,11.31,0.981,0.196,-0.057,53,1.771,2,4.1,open-meteo-era5,26.116,91.774
0,same_place_other_date,glc-6283,2025-10-21,10,26.131,91.755,1,Assam,0,0,0,0.2,57.7,113.8,27.439,0,0,0,0,0,107.13,0.183,0.329,0.411,33.9,20.7,0,77,2.128,11.31,0.981,0.196,-0.057,53,1.433,0,,open-meteo-era5,26.116,91.774
0,same_place_other_date,glc-6283,2017-10-08,10,26.131,91.755,1,Assam,20.7,29.4,53.2,76.6,140.2,284.8,88.878,6.1,5,7.52,9.03,20.12,222.78,0.503,0.494,0.489,29.8,23.5,0,77,2.128,11.31,0.981,0.196,-0.057,53,1,0,,open-meteo-era5,26.116,91.774
1,event,glc-6286,2014-09-22,9,26.104,91.708,5,Assam,37.1,29.6,140.8,171.8,265.1,542.7,188.307,8,6,126.76,191.59,231.7,354.68,0.458,0.474,0.504,27.4,23.9,0,54,1.773,,0,0,-0.009,57,1.775,2,4.1,open-meteo-era5,26.116,91.676
0,same_place_other_date,glc-6286,2022-11-02,11,26.104,91.708,5,Assam,0.5,0,0.5,1,60.6,127.6,34.175,0.3,0,0.02,0.02,0.03,181.66,0.443,0.452,0.479,28.3,19.2,0,54,1.773,,0,0,-0.009,57,2.016,1,4.2,open-meteo-era5,26.116,91.676
0,same_place_other_date,glc-6286,2012-11-06,11,26.104,91.708,5,Assam,0,0.4,0.4,0.4,0.9,25.3,2.15,0.2,0,4.9,9.84,9.89,78.7,0.314,0.355,0.397,26.7,20.5,0,54,1.773,,0,0,-0.009,57,3.09,3,4.6,open-meteo-era5,26.116,91.676
1,event,glc-6284,2014-09-22,9,26.132,91.834,5,Assam,55.8,27.7,142.1,178.3,248.3,503,166.051,7.2,6,126.76,191.59,231.7,354.68,0.479,0.481,0.505,27.4,23.8,0,71,6.887,344.846,0.965,-0.261,-0.132,133,1.779,2,4.1,open-meteo-era5,26.116,91.873
0,same_place_other_date,glc-6284,2009-08-14,8,26.132,91.834,5,Assam,18.6,45.4,92.9,177.1,375.6,686.4,266.397,6.9,7,13.01,36,71.28,425.6,0.496,0.483,0.49,30.6,25.3,0,71,6.887,344.846,0.965,-0.261,-0.132,133,2.251,0,,open-meteo-era5,26.116,91.873
0,same_place_other_date,glc-6284,2021-10-14,10,26.132,91.834,5,Assam,0.3,0,0.3,10.2,29.1,137.4,23.979,0.3,3,0.66,0.89,4.73,102.28,0.41,0.425,0.423,34.8,25.7,0,71,6.887,344.846,0.965,-0.261,-0.132,133,1.715,0,,open-meteo-era5,26.116,91.873
0,nearby_place_same_date,glc-6284,2014-09-22,9,26.25,91.977,5,Assam,49.3,41.4,159.8,210.2,302.3,545.7,208.087,7.5,6,126.76,191.59,231.7,354.68,0.467,0.484,0.504,27.3,23.5,0,75,6.674,42.474,0.738,0.675,0.208,160,1.753,2,4.1,open-meteo-era5,26.257,91.976
1,event,glc-6292,2014-09-23,9,25.724,89.903,5,Assam,7.1,43.8,64.5,105.6,143.1,309.9,119.568,6,6,13.14,178.28,279.82,480.66,0.419,0.422,0.4,27.1,23.9,0,30,5.274,235.685,-0.564,-0.826,-0.225,43,4.651,1,4.1,open-meteo-era5,25.694,89.902
0,same_place_other_date,glc-6292,2020-10-17,10,25.724,89.903,5,Assam,0,0,0,0.6,60.3,279,45.903,0,0,0,0.18,1.29,454.15,0.317,0.332,0.338,33.2,24.9,0,30,5.274,235.685,-0.564,-0.826,-0.225,43,2.204,2,4.4,open-meteo-era5,25.694,89.902
0,same_place_other_date,glc-6292,2007-10-03,10,25.724,89.903,5,Assam,0.4,4.5,6.1,36.2,53.2,252.4,51.641,2.4,6,0.1,8.05,15.57,271.77,0.367,0.367,0.327,31.8,25.2,0,30,5.274,235.685,-0.564,-0.826,-0.225,43,1.937,1,4.3,open-meteo-era5,25.694,89.902
1,event,glc-6290,2014-09-23,9,25.577,91.867,5,Meghalaya,125.6,103.8,276.1,365.2,425.7,609.8,256.951,13.9,7,73.98,252.28,349.11,530.74,0.483,0.499,0.479,21,18.6,0,1477,4.6,327.265,0.841,-0.541,-0.037,136,1.989,3,4.4,open-meteo-era5,25.554,91.857
0,same_place_other_date,glc-6290,2009-09-28,9,25.577,91.867,5,Meghalaya,8.8,0.9,16.4,71.6,185.7,366.7,114.139,4,6,0.08,0.08,41.62,244.73,0.463,0.464,0.48,26.2,18.7,0,1477,4.6,327.265,0.841,-0.541,-0.037,136,4.095,4,6.1,open-meteo-era5,25.554,91.857
0,same_place_other_date,glc-6290,2015-08-10,8,25.577,91.867,5,Meghalaya,7.9,11.6,34.5,101.5,295.8,934.4,223.248,3,7,10.26,37.82,81.9,456.12,0.496,0.487,0.491,24.3,18.7,0,1477,4.6,327.265,0.841,-0.541,-0.037,136,1.462,2,4.4,open-meteo-era5,25.554,91.857
0,nearby_place_same_date,glc-6290,2014-09-23,9,25.822,92.046,5,Meghalaya,133.3,19.9,167.8,236.1,351.6,549.6,153.476,13.4,6,78.67,255.46,308.23,411.93,0.492,0.492,0.462,23,19.7,0,976,23.41,330.136,0.867,-0.498,0.056,336,1.915,2,4.1,open-meteo-era5,25.835,92.061
1,event,glc-6222,2014-10-01,10,27.125,93.771,5,Arunachal Pradesh,0,0,1,58.9,357.4,436.3,169.065,0,5,0,0.01,81.07,424.95,0.37,0.39,0.419,30.3,21.3,0,166,15.587,352.937,0.992,-0.123,0.615,144,1.892,2,4.7,open-meteo-era5,27.1,93.804
0,same_place_other_date,glc-6222,2023-11-14,11,27.125,93.771,5,Arunachal Pradesh,0,0,0,0,2,3.8,1.111,0,0,0,0,0,2.8,0.195,0.234,0.293,28.7,14.5,0,166,15.587,352.937,0.992,-0.123,0.615,144,2.045,2,4.8,open-meteo-era5,27.1,93.804
0,same_place_other_date,glc-6222,2026-09-18,9,27.125,93.771,5,Arunachal Pradesh,5.5,17.5,50.7,92.4,157.7,252.1,104.715,2.2,7,10.36,50.06,94.75,312.61,0.427,0.431,0.405,30,24,0,166,15.587,352.937,0.992,-0.123,0.615,144,1,1,4.1,open-meteo-era5,27.1,93.804
1,event,glc-6214,2014-10-05,10,25.97,91.859,5,Meghalaya,0,0,0.6,2.3,130,371,76.1,0,1,0,0,0.02,387.35,0.452,0.454,0.438,30.9,19.9,0,283,8.696,152.622,-0.888,0.46,-0.216,139,1.84,2,4.1,open-meteo-era5,25.975,91.869
0,same_place_other_date,glc-6214,2025-09-03,9,25.97,91.859,5,Meghalaya,9.5,4.4,14.2,99.2,247.6,457.9,143.557,4.4,6,0.64,2.85,22.44,282.48,0.451,0.467,0.446,33.1,24.7,0,283,8.696,152.622,-0.888,0.46,-0.216,139,2.346,1,4.3,open-meteo-era5,25.975,91.869
0,same_place_other_date,glc-6214,2011-08-24,8,25.97,91.859,5,Meghalaya,60.6,31.3,107.1,165.3,388.2,740.1,214.047,8.2,6,8.83,26.9,58.72,459.15,0.463,0.489,0.508,26.9,23.5,0,283,8.696,152.622,-0.888,0.46,-0.216,139,1,0,,open-meteo-era5,25.975,91.869
1,event,glc-7591,2015-03-19,3,25.032,92.458,5,Assam,0,0,0,0.1,0.1,12.3,1.923,0,0,0.01,0.01,0.01,31.16,0.257,0.279,0.3,31.5,20.8,0,86,15.416,200.966,-0.934,-0.358,0.028,250,1.01,2,4.4,open-meteo-era5,25.062,92.425
0,same_place_other_date,glc-7591,2017-04-04,4,25.032,92.458,5,Assam,110.3,78.9,210.9,620.2,665.1,765.1,417.325,18.2,7,23.48,166.83,452.01,563.47,0.509,0.513,0.488,23.2,18.6,0,86,15.416,200.966,-0.934,-0.358,0.028,250,3.565,4,4.7,open-meteo-era5,25.062,92.425
0,same_place_other_date,glc-7591,2007-02-28,2,25.032,92.458,5,Assam,0,0,0,0,35,85.6,14.066,0,0,0,2.17,2.17,79.66,0.332,0.368,0.329,26.4,13.7,0,86,15.416,200.966,-0.934,-0.358,0.028,250,1.086,1,4.4,open-meteo-era5,25.062,92.425
0,nearby_place_same_date,glc-7591,2015-03-19,3,25.155,92.358,5,Assam,0,0,0.2,1.6,1.6,16.9,3.389,0,1,0.01,0.01,0.01,31.16,0.268,0.278,0.311,29.5,20.6,0,338,5.784,267.274,-0.048,-0.999,0.186,252,1,2,4.4,open-meteo-era5,25.132,92.33
1,event,glc-7031,2015-05-24,5,27.616,88.659,1,Sikkim,15.1,21.3,81.1,184.9,349.7,622.8,239.325,4.6,7,0.21,9.49,26.27,83.83,0.423,0.424,0.426,18.9,10.4,1.05,1852,37.712,132.678,-0.678,0.735,0.194,838,5.624,158,7.3,open-meteo-era5,27.522,88.589
0,same_place_other_date,glc-7031,2022-05-24,5,27.616,88.659,1,Sikkim,5.2,1.8,38,93.2,252.7,328.4,147.131,2,7,0.16,4.71,51.25,196.28,0.411,0.423,0.421,22.3,10.6,0,1852,37.712,132.678,-0.678,0.735,0.194,838,1,1,4.2,open-meteo-era5,27.522,88.589
0,same_place_other_date,glc-7031,2022-07-03,7,27.616,88.659,1,Sikkim,1.8,25,47.8,140.4,304.7,639.7,214.533,7.9,7,2.44,14.53,117.48,450.3,0.427,0.432,0.427,22.5,18,0,1852,37.712,132.678,-0.678,0.735,0.194,838,2.759,2,4.2,open-meteo-era5,27.522,88.589
0,nearby_place_same_date,glc-7031,2015-05-24,5,27.693,88.544,1,Sikkim,21.8,25.8,85.8,150.6,275.5,496.2,188.809,2.4,6,0.21,9.49,26.27,83.83,0.432,0.433,0.422,6.2,3,7.49,3594,23.15,68.015,0.374,0.927,-0.553,588,5.674,173,7.3,open-meteo-era5,27.733,88.584
1,event,glc-6971,2015-06-09,6,27.099,93.816,5,Arunachal Pradesh,62.9,44,133,189.5,339.6,586,202.114,5.6,7,44.35,137.97,228.36,593.82,0.429,0.426,0.437,25,22.3,0,222,10.903,41.392,0.75,0.661,0.144,110,3.85,1,4.3,open-meteo-era5,27.1,93.804
0,same_place_other_date,glc-6971,2024-07-18,7,27.099,93.816,5,Arunachal Pradesh,0,0.5,22.2,56.7,159.3,459.3,121.98,0.1,4,1.39,17.47,51.36,431.78,0.386,0.387,0.355,32.2,25.5,0,222,10.903,41.392,0.75,0.661,0.144,110,1.199,1,4.4,open-meteo-era5,27.1,93.804
0,same_place_other_date,glc-6971,2010-05-05,5,27.099,93.816,5,Arunachal Pradesh,3,15.1,27.6,50.5,394,752,207.878,1.9,6,0.74,10.15,16.62,284.25,0.418,0.408,0.344,28.4,21.2,0,222,10.903,41.392,0.75,0.661,0.144,110,1.2,0,,open-meteo-era5,27.1,93.804
1,event,glc-6968,2015-06-13,6,25.463,92.212,5,Meghalaya,40.2,165.8,310.6,420.5,504.1,656,395.537,11.8,7,32.26,105.13,265.65,590.6,0.495,0.508,0.493,22,18.8,0,1384,1.968,,0,0,0.261,97,1.396,1,4.3,open-meteo-era5,25.483,92.245
0,same_place_other_date,glc-6968,2026-05-21,5,25.463,92.212,5,Meghalaya,0.2,5.6,12.1,30.1,64.8,166.4,50.5,1.8,6,2.27,16.07,59.65,238.85,0.487,0.487,0.491,26,18.5,0,1384,1.968,,0,0,0.261,97,1.26,1,4.4,open-meteo-era5,25.483,92.245
0,same_place_other_date,glc-6968,2020-05-24,5,25.463,92.212,5,Meghalaya,6.2,1.1,17.4,111.1,162.2,255.4,115.333,0.8,6,65.68,144.5,231.81,404.15,0.494,0.505,0.511,22.6,18.6,0,1384,1.968,,0,0,0.261,97,1.742,1,4.6,open-meteo-era5,25.483,92.245
0,nearby_place_same_date,glc-6968,2015-06-13,6,25.396,91.895,5,Meghalaya,53.9,210.4,382.8,560.6,683,894.9,523.659,16,7,35.98,146.91,295.7,639.32,0.492,0.508,0.495,23.8,21.6,0,695,16.432,172.003,-0.99,0.139,-0.298,524,1.459,1,4.3,open-meteo-era5,25.343,91.948
1,event,glc-6967,2015-06-13,6,27.017,88.248,1,West Bengal,33.4,43.4,109,224.4,462.7,872.2,288.657,3.9,7,8.35,48.05,74.48,241.78,0.427,0.427,0.426,16.5,13.4,0,2191,13.195,274.49,0.078,-0.997,0.173,486,3.029,15,5.5,open-meteo-era5,27.03,88.1
0,same_place_other_date,glc-6967,2008-07-02,7,27.017,88.248,1,West Bengal,44.5,43.3,98.5,160.4,320.6,676.9,195.313,8.2,7,4.08,19.99,50.16,298.28,0.426,0.426,0.428,17.2,14.5,0,2191,13.195,274.49,0.078,-0.997,0.173,486,1,1,4.1,open-meteo-era5,27.03,88.1
0,same_place_other_date,glc-6967,2010-07-20,7,27.017,88.248,1,West Bengal,23.7,31,100.3,191.6,702.9,1153.5,397.251,3.8,7,44.08,119.47,169.27,553.01,0.426,0.426,0.426,17.8,14.9,0,2191,13.195,274.49,0.078,-0.997,0.173,486,1.294,1,4.6,open-meteo-era5,27.03,88.1
1,event,glc-6969,2015-06-16,6,25.511,90.215,1,Meghalaya,24.4,21.7,57.2,299.3,373.4,720.3,270.035,4.9,7,27.16,62.64,230.34,409.65,0.47,0.491,0.497,27.5,23.3,0,309,11.542,295.959,0.438,-0.899,-0.159,124,1,0,,open-meteo-era5,25.483,90.195
0,same_place_other_date,glc-6969,2026-05-25,5,25.511,90.215,1,Meghalaya,122.3,4.2,136.1,157.3,323.5,512,110.111,46.6,5,29.93,48.55,103.75,518.31,0.487,0.493,0.48,28.1,22,0,309,11.542,295.959,0.438,-0.899,-0.159,124,3.149,1,4.4,open-meteo-era5,25.483,90.195
0,same_place_other_date,glc-6969,2023-07-07,7,25.511,90.215,1,Meghalaya,3.6,2.3,10.6,73.8,110,465.6,111.581,0.7,7,4.89,19.76,177,757.86,0.488,0.487,0.501,28.8,24.4,0,309,11.542,295.959,0.438,-0.899,-0.159,124,2.434,1,5,open-meteo-era5,25.483,90.195
1,event,glc-6945,2015-06-19,6,25.16,93.686,1,Manipur,1.8,5.5,12.5,37.6,125.4,222.5,80.309,3,7,1.74,5.62,28.44,182.72,0.407,0.408,0.408,26.5,20,0,1040,34.636,149.276,-0.86,0.511,0.065,485,2.128,3,4.3,open-meteo-era5,25.132,93.689
0,same_place_other_date,glc-6945,2007-07-09,7,25.16,93.686,1,Manipur,1.8,3.9,14.6,33.6,112.5,380.2,81.149,1,7,2.24,10.59,32.83,213.4,0.41,0.405,0.404,25.5,20.3,0,1040,34.636,149.276,-0.86,0.511,0.065,485,3.13,3,5.2,open-meteo-era5,25.132,93.689
0,same_place_other_date,glc-6945,2013-05-23,5,25.16,93.686,1,Manipur,21.8,13,37.7,63,342.4,609.7,166.307,5.9,7,10.85,15.58,44.99,322.54,0.406,0.403,0.408,26,19.6,0,1040,34.636,149.276,-0.86,0.511,0.065,485,1.019,3,4.4,open-meteo-era5,25.132,93.689
0,nearby_place_same_date,glc-6945,2015-06-19,6,25.019,93.52,1,Manipur,0.5,0.8,5.4,30.1,107.5,191.7,67.802,0.4,5,1.74,5.62,28.44,182.72,0.402,0.406,0.406,27.3,20.4,0,964,17.673,233.909,-0.589,-0.808,-0.056,282,2.216,3,4.3,open-meteo-era5,25.062,93.588
1,event,glc-6990,2015-06-24,6,26.032,94.547,5,Nagaland,15.6,33,82.8,109.8,269.2,414.2,161.385,3.3,7,13.93,42.27,87.83,382.43,0.489,0.488,0.502,22.8,18.7,0,1549,36.591,203.297,-0.918,-0.395,0.094,526,1.628,2,4.3,open-meteo-era5,26.046,94.53
0,same_place_other_date,glc-6990,2011-07-30,7,26.032,94.547,5,Nagaland,2.3,2.4,10.9,40.8,222.7,407.3,124.625,0.7,7,4.45,23.11,52.65,364.31,0.499,0.493,0.488,23.9,17.9,0,1549,36.591,203.297,-0.918,-0.395,0.094,526,1.034,2,4.4,open-meteo-era5,26.046,94.53
0,same_place_other_date,glc-6990,2012-06-18,6,26.032,94.547,5,Nagaland,6.1,8.7,22.6,57.5,84.6,288.5,88.883,2.5,7,1.02,4.44,65.67,244.67,0.476,0.488,0.499,24.1,17.7,0,1549,36.591,203.297,-0.918,-0.395,0.094,526,1.639,3,4.7,open-meteo-era5,26.046,94.53
0,nearby_place_same_date,glc-6990,2015-06-24,6,26.032,94.905,5,Nagaland,9.8,26.6,58.2,100.8,204.8,286.1,123.483,2.3,7,8.82,36.95,80.62,388.41,0.432,0.437,0.394,27.2,22.9,0,753,25.326,95.886,-0.103,0.995,-0.113,397,1.857,2,4.3,open-meteo-era5,26.046,94.923
1,event,glc-7021,2015-06-27,6,27.008,88.251,1,West Bengal,22.2,11.6,51.7,120.9,343.3,818,214.628,2.6,7,19.15,44.71,67.98,269.64,0.412,0.415,0.424,18.1,13.7,0,2258,11.428,167.057,-0.975,0.224,0.297,340,1.957,11,4.8,open-meteo-era5,27.03,88.2
0,same_place_other_date,glc-7021,2018-08-07,8,27.008,88.251,1,West Bengal,7.4,11.7,26.3,142.2,274,484.7,172.701,4.7,7,13.06,53.09,93.22,323.48,0.421,0.422,0.42,20.2,13.4,0,2258,11.428,167.057,-0.975,0.224,0.297,340,1.783,0,,open-meteo-era5,27.03,88.2
0,same_place_other_date,glc-7021,2019-05-28,5,27.008,88.251,1,West Bengal,47.7,4.3,56.2,112.8,181.3,284.8,82.755,19,7,4.62,17.88,42.03,131.43,0.416,0.417,0.416,17.2,10.5,0,2258,11.428,167.057,-0.975,0.224,0.297,340,1.683,1,4.5,open-meteo-era5,27.03,88.2
0,nearby_place_same_date,glc-7021,2015-06-27,6,26.748,88.079,1,West Bengal,8.7,6.3,33.4,128,168.9,266.7,118.367,2,7,22.18,45.47,76.71,278.97,0.406,0.404,0.427,28.1,24.2,0,293,7.504,235.574,-0.565,-0.825,0.143,66,1.989,12,4.8,open-meteo-era5,26.749,88.108
1,event,glc-7033,2015-06-29,6,27.016,88.248,1,West Bengal,19.8,49.6,91.6,160.3,325.2,799.5,240.619,3.6,7,13.67,43.7,87.71,271.72,0.428,0.428,0.427,18.5,14.1,0,2198,15.489,252.525,-0.3,-0.954,0.211,474,2.45,14,5.1,open-meteo-era5,27.03,88.1
0,same_place_other_date,glc-7033,2024-06-14,6,27.016,88.248,1,West Bengal,17.4,14.7,71.6,109.3,184.1,241.7,118.96,4.9,7,20.35,71.2,134.69,350.01,0.42,0.419,0.389,19.2,14.8,0,2198,15.489,252.525,-0.3,-0.954,0.211,474,1.02,0,,open-meteo-era5,27.03,88.1
1,event,glc-7034,2015-06-30,6,27.088,88.656,1,West Bengal,18.7,31.5,107.6,207,344.8,485.2,233.756,3.2,7,17.87,48.48,107.9,300.31,0.426,0.425,0.432,20.6,15.6,0,2178,15.818,98.2,-0.143,0.99,0.816,438,2.732,10,5.1,open-meteo-era5,27.17,88.797
0,same_place_other_date,glc-7034,2021-07-08,7,27.088,88.656,1,West Bengal,58.4,10.6,80.1,164,553.2,916.4,295.553,9.7,7,28.36,59.92,156.05,589.21,0.423,0.425,0.406,17.2,15,0,2178,15.818,98.2,-0.143,0.99,0.816,438,2.82,2,5.3,open-meteo-era5,27.17,88.797
0,same_place_other_date,glc-7034,2011-08-04,8,27.088,88.656,1,West Bengal,28.4,24.6,82.9,304.5,664.6,1233.9,419.451,4,7,10.15,23.14,54.21,421.67,0.426,0.426,0.41,22,16.3,0,2178,15.818,98.2,-0.143,0.99,0.816,438,1,0,,open-meteo-era5,27.17,88.797
0,nearby_place_same_date,glc-7034,2015-06-30,6,27.015,88.98,1,West Bengal,25.1,19.4,73.6,132.4,334.5,562,192.338,2.7,7,17.87,48.48,107.9,300.31,0.426,0.421,0.43,23.7,19,0,1032,25.174,192.48,-0.976,-0.216,-0.613,473,3.032,3,5.1,open-meteo-era5,27.03,89
1,event,glc-7040,2015-07-01,7,26.998,88.167,1,West Bengal,26.5,15.6,49.4,112.7,253.1,518.8,162.594,4,7,29.1,61.03,116.62,300.16,0.423,0.424,0.423,20.8,16.7,0,2170,1.586,,0,0,0.508,329,2.4,17,5.1,open-meteo-era5,27.03,88.1
0,same_place_other_date,glc-7040,2008-07-10,7,26.998,88.167,1,West Bengal,15.8,5.4,22.9,108.8,343.2,654.9,190.909,2.2,6,1.13,19.99,36.02,301.82,0.405,0.403,0.409,21.3,15.7,0,2170,1.586,,0,0,0.508,329,1.31,3,4.2,open-meteo-era5,27.03,88.1
0,same_place_other_date,glc-7040,2019-05-22,5,26.998,88.167,1,West Bengal,9.5,2.7,14.8,30.1,63.6,187.5,42.458,2,6,6.84,23.47,36.61,115.2,0.385,0.383,0.39,18.4,10.4,0,2170,1.586,,0,0,0.508,329,2.008,0,,open-meteo-era5,27.03,88.1
0,nearby_place_same_date,glc-7040,2015-07-01,7,27.065,88.025,1,West Bengal,24.3,19.7,66.5,150.5,271.4,507.6,182.914,3.5,7,29.1,61.03,116.62,300.16,0.426,0.426,0.424,16.4,11.9,0,2949,18.725,147.688,-0.845,0.535,0.345,332,2.302,17,5.1,open-meteo-era5,27.1,87.998
1,event,glc-7037,2015-07-01,7,26.881,88.278,5,West Bengal,26.5,15.6,49.4,112.7,253.1,518.8,162.594,4,7,29.1,61.03,116.62,300.16,0.427,0.427,0.427,21.5,18,0,1525,17.482,261.744,-0.144,-0.99,0.258,395,2.487,16,5.1,open-meteo-era5,26.96,88.202
0,same_place_other_date,glc-7037,2023-07-10,7,26.881,88.278,5,West Bengal,5.5,3.7,18.4,75,176.1,437.1,125.327,1.2,7,16.77,39.08,106.38,576.74,0.414,0.417,0.415,22.6,18,0,1525,17.482,261.744,-0.144,-0.99,0.258,395,1.232,0,,open-meteo-era5,26.96,88.202
0,same_place_other_date,glc-7037,2022-06-19,6,26.881,88.278,5,West Bengal,15.2,12.9,48,142.5,235.6,323.4,147.48,3.1,7,28.12,111.46,217.42,482.22,0.427,0.428,0.427,19.8,17.5,0,1525,17.482,261.744,-0.144,-0.99,0.258,395,1,1,4.2,open-meteo-era5,26.96,88.202
1,event,glc-7039,2015-07-01,7,27.068,88.456,1,West Bengal,19.9,27.5,55.8,104.8,201.9,344,128.692,4.1,7,18.11,51.09,114.57,306.34,0.426,0.431,0.435,25.1,20.8,0,1092,19.689,70.201,0.339,0.941,0.086,424,2.586,15,5.1,open-meteo-era5,27.1,88.498
0,same_place_other_date,glc-7039,2021-07-28,7,27.068,88.456,1,West Bengal,12.4,19,35.7,128,415.4,910.4,240.407,3.9,7,14.8,48.08,86.94,565.45,0.427,0.428,0.403,27,20.3,0,1092,19.689,70.201,0.339,0.941,0.086,424,4.333,3,5.3,open-meteo-era5,27.1,88.498
0,same_place_other_date,glc-7039,2009-08-01,8,27.068,88.456,1,West Bengal,14.6,62.7,93.6,285,372.7,643,273.525,6.6,7,18.02,33.61,137.42,269.06,0.43,0.43,0.425,26.2,21,0,1092,19.689,70.201,0.339,0.941,0.086,424,2.199,0,,open-meteo-era5,27.1,88.498
0,nearby_place_same_date,glc-7039,2015-07-01,7,27.25,88.517,1,West Bengal,46,39.2,118.1,263.9,387.1,608.7,253.564,5.7,7,18.11,51.09,114.57,306.34,0.426,0.426,0.43,25.6,21.3,0,892,36.739,125.91,-0.587,0.81,0.087,690,2.587,15,5.1,open-meteo-era5,27.241,88.495
1,event,glc-7036,2015-07-01,7,26.835,88.188,5,West Bengal,21.4,20.1,52.6,120.6,295.3,470,174.302,3.4,7,29.1,61.03,116.62,300.16,0.426,0.426,0.429,23.9,20.2,0,1006,20.171,356.186,0.998,-0.067,0.22,424,2.429,16,5.1,open-meteo-era5,26.819,88.206
0,same_place_other_date,glc-7036,2014-08-03,8,26.835,88.188,5,West Bengal,18.3,10.3,44.9,85.2,212.3,506.1,133.695,3.1,6,5.04,6.29,21.94,203.97,0.421,0.422,0.402,24.4,20.4,0,1006,20.171,356.186,0.998,-0.067,0.22,424,1.776,3,4.3,open-meteo-era5,26.819,88.206
0,same_place_other_date,glc-7036,2012-07-06,7,26.835,88.188,5,West Bengal,100.6,99.8,248.7,296.8,525.1,859.5,300.128,9.8,7,19.85,84.31,111.56,277.44,0.429,0.43,0.43,21.7,19.7,0,1006,20.171,356.186,0.998,-0.067,0.22,424,3.215,1,4.5,open-meteo-era5,26.819,88.206
1,event,glc-7076,2015-07-04,7,26.928,88.455,1,West Bengal,20.2,89.6,122.9,205.4,287.9,452,210.916,10.2,7,18.37,38.08,104.67,330.89,0.429,0.428,0.434,28.3,25,0,156,1.913,,0,0,-0.115,190,2.609,11,5.1,open-meteo-era5,26.889,88.503
0,same_place_other_date,glc-7076,2008-07-14,7,26.928,88.455,1,West Bengal,58.6,199.6,379.7,421.9,675,908,464.044,23.4,7,10.75,41.89,63.62,286.32,0.418,0.422,0.437,27.3,24.5,0,156,1.913,,0,0,-0.115,190,1.608,3,4.2,open-meteo-era5,26.889,88.503
0,same_place_other_date,glc-7076,2013-07-23,7,26.928,88.455,1,West Bengal,0.7,15.9,26.7,126.6,299.3,958.5,249.115,2.7,6,6.56,23.32,70.63,451.09,0.418,0.426,0.426,30.9,24.8,0,156,1.913,,0,0,-0.115,190,2.076,2,4.7,open-meteo-era5,26.889,88.503
0,nearby_place_same_date,glc-7076,2015-07-04,7,27.255,88.622,1,West Bengal,51.7,92.5,179.2,366.4,521.1,768.7,345.018,7.2,7,13.14,24.46,69.13,201.4,0.428,0.432,0.424,26.3,17.5,0,1481,24.484,203.32,-0.918,-0.396,-0.26,588,2.66,11,5.1,open-meteo-era5,27.311,88.594
1,event,glc-7138,2015-07-07,7,27.082,88.44,5,Sikkim,2.6,16.8,60.4,203.2,315,494.8,223.088,2,7,9.06,26.94,83.13,342.54,0.423,0.43,0.424,31.6,25.7,0,262,24.345,339.898,0.939,-0.344,-0.403,419,2.572,15,5.1,open-meteo-era5,27.1,88.398
0,same_place_other_date,glc-7138,2025-08-07,8,27.082,88.44,5,Sikkim,3.5,9.7,36.5,105.1,222,481,155.609,4.7,7,22.99,36.71,134.51,467.93,0.404,0.41,0.429,32.4,25.2,0,262,24.345,339.898,0.939,-0.344,-0.403,419,1,0,,open-meteo-era5,27.1,88.398
0,same_place_other_date,glc-7138,2025-06-28,6,27.082,88.44,5,Sikkim,5.8,3,15.4,76.6,224.9,431,121.547,4,7,4.12,13.63,109.24,345.58,0.395,0.396,0.349,33.1,24.8,0,262,24.345,339.898,0.939,-0.344,-0.403,419,1,1,4.2,open-meteo-era5,27.1,88.398
0,nearby_place_same_date,glc-7138,2015-07-07,7,27.012,88.825,5,Sikkim,31.9,24.7,84.1,289.2,460.3,685.1,292.189,3.7,7,9.06,26.94,83.13,342.54,0.389,0.386,0.396,27.2,20.2,0,867,21.447,134.748,-0.704,0.71,0.01,228,2.891,8,5.1,open-meteo-era5,27.03,88.8
1,event,glc-7139,2015-07-07,7,26.883,88.281,5,West Bengal,2,19.3,66,138,265.9,565.1,192.518,3.4,7,8.92,33.58,105.54,344.28,0.423,0.425,0.428,23.8,19,0,1614,20.13,265.601,-0.077,-0.997,0.038,384,2.488,16,5.1,open-meteo-era5,26.96,88.202
0,same_place_other_date,glc-7139,2022-07-01,7,26.883,88.281,5,West Bengal,26.4,2.6,39.9,235.1,350.9,554.3,239.374,6,7,17.94,80.01,208.79,685.11,0.414,0.417,0.42,21.4,16.8,0,1614,20.13,265.601,-0.077,-0.997,0.038,384,2.237,1,4.2,open-meteo-era5,26.96,88.202
0,same_place_other_date,glc-7139,2016-08-03,8,26.883,88.281,5,West Bengal,0.4,3.1,3.6,60.5,598.3,1147.3,329.753,0.7,5,2.56,17,50.31,480.31,0.406,0.405,0.413,24.2,18.4,0,1614,20.13,265.601,-0.077,-0.997,0.038,384,1,0,,open-meteo-era5,26.96,88.202
1,event,glc-7214,2015-07-15,7,27.36,93.039,5,Arunachal Pradesh,88.3,39.2,149.8,212.6,407.4,827.4,240.364,7.7,7,40.53,70.31,77.28,381.05,0.428,0.428,0.429,27.6,24.3,0,406,6.449,267.51,-0.043,-0.999,0.135,182,2.119,5,5.1,open-meteo-era5,27.381,93.017
0,same_place_other_date,glc-7214,2016-06-03,6,27.36,93.039,5,Arunachal Pradesh,0.3,0,7.5,42.9,122.2,283.8,89.786,0.2,5,0.07,0.51,26.32,198.31,0.404,0.411,0.423,31.9,21.8,0,406,6.449,267.51,-0.043,-0.999,0.135,182,1.496,2,4.1,open-meteo-era5,27.381,93.017
0,same_place_other_date,glc-7214,2025-07-20,7,27.36,93.039,5,Arunachal Pradesh,2.1,1.7,5.3,10.2,38.6,182.6,35.024,0.5,6,13.89,22.05,70.4,336.53,0.321,0.324,0.362,32.1,25.7,0,406,6.449,267.51,-0.043,-0.999,0.135,182,2.45,1,4.2,open-meteo-era5,27.381,93.017
0,nearby_place_same_date,glc-7214,2015-07-15,7,27.575,93.113,5,Arunachal Pradesh,98.8,78.8,233.5,307.5,550,1104.5,345.828,11.4,7,40.53,70.31,77.28,381.05,0.429,0.429,0.428,24.9,21.3,0,1034,29.319,142.653,-0.795,0.607,-0.542,427,2.09,5,5.1,open-meteo-era5,27.592,93.027
1,event,glc-7263,2015-07-22,7,25.448,94.049,1,Manipur,21.8,31.1,88.6,178.9,298.9,511.7,193.328,5.9,7,10.3,41.39,117.9,325.49,0.426,0.427,0.431,22.5,19.7,0,1336,25.869,303.215,0.548,-0.837,-0.504,529,1.59,5,4.5,open-meteo-era5,25.413,94.095
0,same_place_other_date,glc-7263,2019-08-13,8,25.448,94.049,1,Manipur,4.2,3.3,8.5,45.8,120.1,176.5,62.996,1.1,7,21.51,27.15,74.23,261.05,0.481,0.481,0.473,25.5,18.6,0,1336,25.869,303.215,0.548,-0.837,-0.504,529,2.682,8,5.5,open-meteo-era5,25.413,94.095
0,same_place_other_date,glc-7263,2025-08-14,8,25.448,94.049,1,Manipur,3.8,2,16.7,20.2,64.4,149.6,43.701,0.7,5,7.43,26.91,49.38,220.02,0.482,0.48,0.476,26.1,17.9,0,1336,25.869,303.215,0.548,-0.837,-0.504,529,1.683,3,4.6,open-meteo-era5,25.413,94.095
0,nearby_place_same_date,glc-7263,2015-07-22,7,25.271,93.928,1,Manipur,19.3,14.9,56,142.9,215.7,367.4,135.112,3.1,7,10.3,41.39,117.9,325.49,0.426,0.427,0.429,22.2,20.2,0,1270,11.983,219.931,-0.767,-0.642,-0.716,344,1.656,5,4.5,open-meteo-era5,25.272,93.989
1,event,glc-7264,2015-07-22,7,25.454,93.983,5,Manipur,21.8,31.1,88.6,178.9,298.9,511.7,193.328,5.9,7,10.3,41.39,117.9,325.49,0.439,0.442,0.442,21.7,17.2,0,1774,26.959,287.833,0.306,-0.952,-0.392,546,1.615,5,4.5,open-meteo-era5,25.483,94.002
0,same_place_other_date,glc-7264,2013-09-05,9,25.454,93.983,5,Manipur,11.2,13,32.4,82.6,196.7,443.1,130.878,3.3,7,12.37,28.55,50.61,243.51,0.432,0.435,0.441,20.7,17,0,1774,26.959,287.833,0.306,-0.952,-0.392,546,1.721,4,4.3,open-meteo-era5,25.483,94.002
0,same_place_other_date,glc-7264,2022-07-06,7,25.454,93.983,5,Manipur,3.3,6.6,25.1,60.5,117.7,328.4,95.908,1.6,7,4.93,26.84,55.98,278.77,0.418,0.419,0.419,24.1,15.4,0,1774,26.959,287.833,0.306,-0.952,-0.392,546,1.389,2,4.6,open-meteo-era5,25.483,94.002
0,nearby_place_same_date,glc-7264,2015-07-22,7,25.148,94.128,5,Manipur,18.2,15.8,56.9,161.6,260.3,431.8,158.197,2.3,7,14.27,45.06,139.8,345.03,0.497,0.493,0.51,22.2,19.6,0,1101,22.028,284.657,0.253,-0.967,-0.26,340,1.733,5,4.5,open-meteo-era5,25.132,94.078
1,event,glc-7265,2015-07-22,7,25.501,93.985,5,Manipur,21.8,31.1,88.6,178.9,298.9,511.7,193.328,5.9,7,10.3,41.39,117.9,325.49,0.439,0.442,0.442,23.9,19.4,0,1435,21.444,163.014,-0.956,0.292,-0.42,526,1.622,5,4.5,open-meteo-era5,25.413,93.998
0,same_place_other_date,glc-7265,2007-07-04,7,25.501,93.985,5,Manipur,9.3,13.8,33.8,140.5,225.7,595.1,174.225,7.4,7,2.27,10.69,28.47,205.03,0.429,0.436,0.437,26.8,20.1,0,1435,21.444,163.014,-0.956,0.292,-0.42,526,4.034,4,5.2,open-meteo-era5,25.413,93.998
0,same_place_other_date,glc-7265,2010-08-20,8,25.501,93.985,5,Manipur,14.4,12.2,34.7,70.9,171.1,424.1,115.831,3,7,7.85,31.02,61.89,191.37,0.437,0.438,0.434,23.5,20.3,0,1435,21.444,163.014,-0.956,0.292,-0.42,526,1.569,3,4.1,open-meteo-era5,25.413,93.998
0,nearby_place_same_date,glc-7265,2015-07-22,7,25.796,94.156,5,Manipur,32.2,29,105.4,205.2,315.2,524.4,205.59,10.3,7,15.83,50.33,108.31,338.32,0.475,0.495,0.506,23.1,19.3,0,1160,16.863,345.187,0.967,-0.256,0.084,186,1.596,5,4.5,open-meteo-era5,25.764,94.118
1,event,glc-7276,2015-07-25,7,26.106,91.872,5,Assam,1.3,19,94,302.6,396,679.3,312.319,3.7,7,11.76,44.78,112.45,316.39,0.474,0.492,0.49,31.4,23.4,0,248,11.701,236.962,-0.545,-0.838,0.245,248,2.942,6,5.1,open-meteo-era5,26.116,91.873
0,same_place_other_date,glc-7276,2018-08-22,8,26.106,91.872,5,Assam,14.6,19.5,63,89.7,186.7,444.2,124.475,6,5,4.58,13.17,29.26,258.37,0.498,0.508,0.501,29.8,24.1,0,248,11.701,236.962,-0.545,-0.838,0.245,248,1.301,0,,open-meteo-era5,26.116,91.873
0,same_place_other_date,glc-7276,2011-08-20,8,26.106,91.872,5,Assam,0,14.6,45.1,144.9,383.1,847.7,255.91,3.2,6,1.21,4.79,94.43,453.19,0.463,0.488,0.498,31.5,24.1,0,248,11.701,236.962,-0.545,-0.838,0.245,248,1.094,1,4,open-meteo-era5,26.116,91.873
1,event,glc-7370,2015-08-01,8,24.142,94.108,5,Manipur,17.3,163.3,304.9,443.5,653,851.7,489.957,12.2,7,2.09,71.58,85.55,237.74,0.486,0.491,0.483,22.8,17.9,0,1180,24.15,230.839,-0.631,-0.775,0.238,220,2.754,3,4.4,open-meteo-era5,24.148,94.113
0,same_place_other_date,glc-7370,2019-09-06,9,24.142,94.108,5,Manipur,39.2,8,51.9,118.7,227.6,361.8,110.664,12.6,7,3.57,8.08,12.89,67.32,0.416,0.418,0.417,23.3,19.3,0,1180,24.15,230.839,-0.631,-0.775,0.238,220,4.051,3,5.4,open-meteo-era5,24.148,94.113
0,same_place_other_date,glc-7370,2013-08-01,8,24.142,94.108,5,Manipur,18.6,11.6,37.1,74.7,166.6,320.9,95.675,5.2,7,3.27,18.62,37.98,226.69,0.478,0.48,0.481,24.5,17.8,0,1180,24.15,230.839,-0.631,-0.775,0.238,220,1.549,4,4.4,open-meteo-era5,24.148,94.113
0,nearby_place_same_date,glc-7370,2015-08-01,8,24.307,94.41,5,Manipur,14.9,124.6,286.1,613,757.2,1091.4,587.994,8.9,7,3.7,100.7,118.29,329.07,0.44,0.442,0.44,27.4,22.6,0,170,3.509,249.444,-0.351,-0.936,0,26,2.313,3,4.4,open-meteo-era5,24.288,94.409
1,event,glc-7383,2015-08-01,8,23.899,94.143,5,Manipur,15,198.8,448.2,696.1,970.6,1395,755.756,13.7,7,2.09,71.58,85.55,237.74,0.496,0.508,0.499,28.1,23.2,0,258,8.038,123.288,-0.549,0.836,-0.209,190,2.708,3,4.4,open-meteo-era5,23.866,94.19
0,same_place_other_date,glc-7383,2020-07-02,7,23.899,94.143,5,Manipur,4.7,6.3,11.1,18.5,64.8,229.5,50.33,3.7,4,0.89,7.51,15.22,104.73,0.385,0.398,0.4,30.8,24.5,0,258,8.038,123.288,-0.549,0.836,-0.209,190,4.102,9,5.6,open-meteo-era5,23.866,94.19
0,same_place_other_date,glc-7383,2012-06-28,6,23.899,94.143,5,Manipur,1.5,10.1,18.5,147.1,289.6,583.8,186.79,3.4,7,0,16.18,46.5,174.54,0.477,0.483,0.508,31.2,23.3,0,258,8.038,123.288,-0.549,0.836,-0.209,190,4.027,3,4.7,open-meteo-era5,23.866,94.19
0,nearby_place_same_date,glc-7383,2015-08-01,8,23.853,94.36,5,Manipur,11.3,152.1,426.5,682.9,939.9,1459.5,751.704,12.7,7,2.09,71.58,85.55,237.74,0.439,0.441,0.439,25.7,21.4,0,466,4.028,56.041,0.559,0.829,0.045,181,2.422,3,4.4,open-meteo-era5,23.866,94.381
1,event,glc-7389,2015-08-01,8,24.407,94.064,5,Manipur,33.3,132.7,252.8,381.6,551.4,712.8,393.472,12.9,7,3.7,100.7,118.29,329.07,0.448,0.451,0.446,23.6,18.5,0,1164,25.117,3.074,0.999,0.054,0.239,340,2.595,3,4.4,open-meteo-era5,24.359,94.03
0,same_place_other_date,glc-7389,2022-08-18,8,24.407,94.064,5,Manipur,1.7,1.7,3.6,49.1,101.5,216.7,61.795,0.6,6,2.28,2.74,11.57,139.08,0.46,0.47,0.484,26.2,20.3,0,1164,25.117,3.074,0.999,0.054,0.239,340,2.497,2,4.6,open-meteo-era5,24.359,94.03
0,same_place_other_date,glc-7389,2026-08-25,8,24.407,94.064,5,Manipur,10.2,1,11.8,19.9,94.1,234.7,59.99,1.9,6,2.28,9.31,15.21,139.35,0.435,0.452,0.495,23.6,20.4,0,1164,25.117,3.074,0.999,0.054,0.239,340,1.694,4,4.8,open-meteo-era5,24.359,94.03
0,nearby_place_same_date,glc-7389,2015-08-01,8,24.729,94.204,5,Manipur,16.5,63.1,143.6,299.6,425.7,593.3,300.791,4.3,7,3.7,100.7,118.29,329.07,0.453,0.461,0.462,23.3,18.3,0,1135,17.991,111.919,-0.373,0.928,-0.461,350,2.139,3,4.4,open-meteo-era5,24.71,94.244
1,event,glc-7384,2015-08-01,8,23.928,94.091,5,Manipur,16.4,212.5,431.4,598,839.9,1157.4,657.333,16.8,7,2.09,71.58,85.55,237.74,0.496,0.508,0.499,24,19,0,941,8.706,341.847,0.95,-0.312,0.519,252,2.782,3,4.4,open-meteo-era5,23.937,94.1
0,same_place_other_date,glc-7384,2012-07-26,7,23.928,94.091,5,Manipur,11.9,13.7,49.8,110.9,224.9,390.3,147.505,6.4,7,1.42,3.89,15.37,70.54,0.465,0.491,0.46,26.5,19.1,0,941,8.706,341.847,0.95,-0.312,0.519,252,3.321,8,5.6,open-meteo-era5,23.937,94.1
0,same_place_other_date,glc-7384,2020-08-18,8,23.928,94.091,5,Manipur,24.3,13.2,47.8,97.6,284.2,460.2,144.14,7.6,7,2.67,9.59,24.07,108.5,0.495,0.489,0.506,23.1,19.2,0,941,8.706,341.847,0.95,-0.312,0.519,252,3.095,5,4.8,open-meteo-era5,23.937,94.1
0,nearby_place_same_date,glc-7384,2015-08-01,8,23.756,94.403,5,Manipur,3.2,37.7,181.5,369.2,557.4,915.1,426.687,4.8,7,2.09,71.58,85.55,237.74,0.442,0.443,0.444,27.8,23.5,0,132,1.1,,0,0,-0.145,54,2.326,3,4.4,open-meteo-era5,23.726,94.467
1,event,glc-7666,2015-08-11,8,25.102,93.373,5,Manipur,3.6,23.8,34.9,63.5,181,501.3,129.928,3.6,7,5.63,34.46,86.02,484.2,0.495,0.501,0.492,27.5,20.2,0,1144,4.592,167.005,-0.974,0.225,0.603,346,1.814,1,4.2,open-meteo-era5,25.202,93.402
0,same_place_other_date,glc-7666,2015-09-24,9,25.102,93.373,5,Manipur,26.9,4.6,36.5,53.8,103.5,284.7,57.795,2.5,7,10.1,47.77,111.22,366.59,0.474,0.472,0.436,21.1,19.7,0,1144,4.592,167.005,-0.974,0.225,0.603,346,2.306,8,4.7,open-meteo-era5,25.202,93.402
0,same_place_other_date,glc-7666,2009-07-07,7,25.102,93.373,5,Manipur,7.5,5.8,17.5,123.6,173.5,312.5,114.052,1.6,7,14.5,23.13,75.9,212.22,0.48,0.468,0.497,26.7,20.3,0,1144,4.592,167.005,-0.974,0.225,0.603,346,2.957,2,4.3,open-meteo-era5,25.202,93.402
0,nearby_place_same_date,glc-7666,2015-08-11,8,24.758,93.309,5,Manipur,5.5,13.8,25.3,87.8,216.9,723.1,168.326,2.2,7,5.63,34.46,86.02,484.2,0.423,0.424,0.424,31.6,23.3,0,412,28.838,70.38,0.336,0.942,-0.498,438,2.179,1,4.2,open-meteo-era5,24.78,93.283
1,event,glc-7665,2015-08-11,8,24.702,93.529,5,Manipur,4.7,11.6,25,92.6,260.4,721,182.966,1.3,7,1.62,29.54,76.66,411.71,0.425,0.426,0.427,30.1,22.2,0,667,16.784,2.965,0.999,0.052,-0.23,549,2.338,1,4.2,open-meteo-era5,24.71,93.473
0,same_place_other_date,glc-7665,2011-09-15,9,24.702,93.529,5,Manipur,25.5,32.4,60.9,93.7,183.6,380.9,114.179,3.6,7,4.07,13.9,17.87,165.65,0.424,0.419,0.417,25.7,21.7,0,667,16.784,2.965,0.999,0.052,-0.23,549,1,0,,open-meteo-era5,24.71,93.473
0,same_place_other_date,glc-7665,2017-07-25,7,24.702,93.529,5,Manipur,13,16.8,40.2,114,257.8,578.9,151.811,5.9,6,3.35,18.24,65.78,343.59,0.423,0.424,0.421,27.7,21.4,0,667,16.784,2.965,0.999,0.052,-0.23,549,2.735,7,4.9,open-meteo-era5,24.71,93.473
0,nearby_place_same_date,glc-7665,2015-08-11,8,24.889,93.603,5,Manipur,3.6,24,38,74.9,230,528.6,151.697,3.8,7,2.87,29.11,78.68,412.99,0.425,0.426,0.427,26.8,19.2,0,1121,14.528,22.64,0.923,0.385,-0.259,345,2.107,1,4.2,open-meteo-era5,24.921,93.677
1,event,glc-7660,2015-08-12,8,25.624,94.114,5,Nagaland,13.2,11.4,48.5,166.8,379.4,722.5,236.007,4.2,7,3.35,14.73,69.02,370.93,0.494,0.483,0.489,24.8,17.7,0,1599,25.173,67.46,0.383,0.924,-0.318,439,2.24,2,4.5,open-meteo-era5,25.624,94.109
0,same_place_other_date,glc-7660,2012-08-09,8,25.624,94.114,5,Nagaland,4.7,17.9,36.6,113.1,260.6,440.9,171.538,2,7,1.48,17.75,45.23,226.12,0.471,0.49,0.496,25.5,17.8,0,1599,25.173,67.46,0.383,0.924,-0.318,439,4.397,9,5.7,open-meteo-era5,25.624,94.109
0,same_place_other_date,glc-7660,2024-08-26,8,25.624,94.114,5,Nagaland,4.5,1.9,9.3,79.6,171.2,598.6,156.395,2,7,3.95,20.4,58.13,358.1,0.479,0.484,0.483,24.3,16.7,0,1599,25.173,67.46,0.383,0.924,-0.318,439,2.745,4,4.5,open-meteo-era5,25.624,94.109
0,nearby_place_same_date,glc-7660,2015-08-12,8,25.628,93.813,5,Nagaland,17.9,12.1,41.6,119.8,297.9,605.7,174.87,3.3,7,7.08,22.6,72.42,356.66,0.471,0.481,0.461,27.9,22.3,0,716,11.638,344.332,0.963,-0.27,-0.225,268,2.05,2,4.5,open-meteo-era5,25.624,93.815
1,event,glc-7335,2015-08-18,8,25.515,90.202,1,Meghalaya,50.3,28.2,87.1,132.1,188,464.8,123.407,9.5,7,15.22,43.75,59.02,270.29,0.491,0.5,0.485,28.7,24.5,0,314,5.005,294.444,0.414,-0.91,0.542,147,1.341,1,4.4,open-meteo-era5,25.483,90.195
0,same_place_other_date,glc-7335,2016-09-27,9,25.515,90.202,1,Meghalaya,8,27.3,51.3,110.5,222,365.4,138.406,2.9,7,5.26,67.77,119.94,423.93,0.483,0.476,0.512,29.5,23.8,0,314,5.005,294.444,0.414,-0.91,0.542,147,1,0,,open-meteo-era5,25.483,90.195
0,same_place_other_date,glc-7335,2020-07-26,7,25.515,90.202,1,Meghalaya,2.1,1.9,6.6,201.9,338.6,680.6,241.178,0.7,7,11.27,23.75,127.93,601.54,0.473,0.479,0.463,30.4,25.1,0,314,5.005,294.444,0.414,-0.91,0.542,147,1.495,2,4.4,open-meteo-era5,25.483,90.195
0,nearby_place_same_date,glc-7335,2015-08-18,8,25.603,90.224,1,Meghalaya,50.3,28.2,87.1,132.1,188,464.8,123.407,9.5,7,15.22,43.75,59.02,270.29,0.486,0.492,0.461,28.2,23.9,0,412,7.364,252.582,-0.299,-0.954,0.037,146,1.407,1,4.4,open-meteo-era5,25.624,90.196
1,event,glc-7701,2015-08-19,8,25.628,94.105,5,Nagaland,22.4,3.7,32.3,57.7,231.3,566.4,128.386,4.9,7,8.1,17.36,37.6,284.48,0.463,0.483,0.476,24.3,19.6,0,1527,20.001,52.559,0.608,0.794,0.159,421,2.231,2,4.5,open-meteo-era5,25.624,94.109
0,same_place_other_date,glc-7701,2012-08-28,8,25.628,94.105,5,Nagaland,12.3,15.5,43.9,103.6,252.8,522.8,165.32,4.1,7,2.43,19.74,30.32,129.17,0.492,0.493,0.494,25.6,19.3,0,1527,20.001,52.559,0.608,0.794,0.159,421,2.352,6,5.1,open-meteo-era5,25.624,94.109
0,same_place_other_date,glc-7701,2007-09-08,9,25.628,94.105,5,Nagaland,52.7,16.4,101.9,208.9,422.8,663.4,221.455,6.6,7,14.45,50.34,95.16,198.37,0.5,0.493,0.503,22,18.3,0,1527,20.001,52.559,0.608,0.794,0.159,421,1.348,4,4.6,open-meteo-era5,25.624,94.109
0,nearby_place_same_date,glc-7701,2015-08-19,8,25.561,93.809,5,Nagaland,18.7,2.7,28.5,52.6,243.1,589.8,141.264,6.1,7,6.7,19.38,37.36,275.54,0.431,0.433,0.424,24.5,20.5,0,1177,30.175,91.31,-0.023,1,-0.262,401,2.096,2,4.5,open-meteo-era5,25.554,93.811
1,event,glc-7590,2015-08-19,8,25.142,92.381,5,Meghalaya,51.9,56.7,144.6,229.8,283.6,597.1,210.683,4.2,7,41.24,100.47,149.45,490.85,0.467,0.481,0.478,24.9,24,0,163,11.878,66.371,0.401,0.916,0.074,234,1.314,3,4.5,open-meteo-era5,25.132,92.33
0,same_place_other_date,glc-7590,2023-08-08,8,25.142,92.381,5,Meghalaya,26.3,51.5,128.8,235,331.2,547.7,230.744,6.3,7,42.89,123.63,188.92,557.79,0.511,0.516,0.488,27.3,24.5,0,163,11.878,66.371,0.401,0.916,0.074,234,2.149,4,4.3,open-meteo-era5,25.132,92.33
0,same_place_other_date,glc-7590,2026-07-09,7,25.142,92.381,5,Meghalaya,26.3,72.5,125.3,209.1,330.1,602.6,238.82,11.5,7,36.17,171.81,213.42,707.63,0.512,0.514,0.49,28.4,24.3,0,163,11.878,66.371,0.401,0.916,0.074,234,2.826,8,4.5,open-meteo-era5,25.132,92.33
1,event,glc-7706,2015-08-19,8,25.073,92.364,5,Meghalaya,66.6,65.3,180.4,312.7,366.6,716.9,266.241,5.2,7,41.24,100.47,149.45,490.85,0.467,0.481,0.478,25.2,24.3,0,129,10.471,184.857,-0.996,-0.085,0.547,252,1.343,3,4.5,open-meteo-era5,25.062,92.328
0,same_place_other_date,glc-7706,2014-08-04,8,25.073,92.364,5,Meghalaya,1.4,2.2,7.2,34,107.3,309.2,77.954,0.4,7,4.99,31.27,62.43,245.67,0.461,0.463,0.457,31.5,25.9,0,129,10.471,184.857,-0.996,-0.085,0.547,252,1.581,4,4.7,open-meteo-era5,25.062,92.328
0,same_place_other_date,glc-7706,2021-09-01,9,25.073,92.364,5,Meghalaya,10.3,1,16.4,112.7,270.4,639.3,190.728,2.9,7,7.35,30.97,109.26,727.87,0.483,0.492,0.49,30.2,24.6,0,129,10.471,184.857,-0.996,-0.085,0.547,252,2.118,3,4.9,open-meteo-era5,25.062,92.328
0,nearby_place_same_date,glc-7706,2015-08-19,8,25.168,92.628,5,Meghalaya,37.6,40.9,100.5,156.4,197,468.9,149.192,3.7,7,41.24,100.47,149.45,490.85,0.486,0.486,0.484,19.1,18.1,0,1511,15.523,119.344,-0.49,0.872,0.149,162,1.441,3,4.5,open-meteo-era5,25.202,92.624
1,event,glc-7728,2015-08-22,8,26.103,91.881,5,Assam,28.2,21.6,134.9,290.2,409.6,624.8,291.967,6.2,7,4.42,70.45,153.53,285.17,0.485,0.494,0.509,29.9,23.7,0,137,12.563,168.69,-0.981,0.196,-0.047,165,1.898,1,4.4,open-meteo-era5,26.116,91.873
0,same_place_other_date,glc-7728,2016-08-23,8,26.103,91.881,5,Assam,0.4,13.7,20.3,41,175.4,612.9,135.059,6.1,5,0.35,3.01,5.27,169.01,0.471,0.481,0.463,30.6,24.4,0,137,12.563,168.69,-0.981,0.196,-0.047,165,1.436,0,,open-meteo-era5,26.116,91.873
0,same_place_other_date,glc-7728,2025-07-27,7,26.103,91.881,5,Assam,36.4,9.4,57.4,82.4,135.3,363.3,77.852,7.3,6,39.1,97.79,117.03,291.34,0.401,0.429,0.404,30.4,25.8,0,137,12.563,168.69,-0.981,0.196,-0.047,165,1.68,1,4.2,open-meteo-era5,26.116,91.873
0,nearby_place_same_date,glc-7728,2015-08-22,8,25.888,91.817,5,Assam,24.3,13.9,112.3,209.9,321.6,500.2,221.172,6.3,7,4.42,70.45,153.53,285.17,0.461,0.491,0.482,28.9,22.9,0,363,4.609,312.563,0.676,-0.737,-0.564,233,1.727,1,4.4,open-meteo-era5,25.905,91.769
1,event,glc-7780,2015-08-26,8,23.357,92.788,5,Mizoram,7.6,5.2,21.8,81.5,180.9,459.9,122.294,2.6,7,2.74,4.43,57.97,414.94,0.414,0.416,0.415,23.8,17.6,0,1374,6.406,190.359,-0.984,-0.18,0.596,453,1.313,1,4.5,open-meteo-era5,23.374,92.836
0,same_place_other_date,glc-7780,2012-09-29,9,23.357,92.788,5,Mizoram,10.5,4.6,21.8,50.4,82.7,274.4,64.49,2.8,7,0.04,0.68,36.83,177.57,0.408,0.409,0.394,22.6,17.2,0,1374,6.406,190.359,-0.984,-0.18,0.596,453,2.33,4,4.8,open-meteo-era5,23.374,92.836
0,same_place_other_date,glc-7780,2012-08-21,8,23.357,92.788,5,Mizoram,6.6,27.7,39.6,81.7,185.2,349.8,118.052,4.2,7,16.64,49.03,67.06,267.76,0.426,0.427,0.426,20.9,16.6,0,1374,6.406,190.359,-0.984,-0.18,0.596,453,3.672,3,5.7,open-meteo-era5,23.374,92.836
0,nearby_place_same_date,glc-7780,2015-08-26,8,23.391,92.987,5,Mizoram,8.9,8.9,25.4,80.9,167.9,446.3,118.493,6.8,7,2.27,5.33,41.57,309.76,0.417,0.419,0.415,25.7,19.1,0,1165,28.059,79.341,0.185,0.983,0.343,490,1.426,1,4.5,open-meteo-era5,23.374,93.025
1,event,glc-7837,2015-08-27,8,23.727,92.727,5,Mizoram,4.1,7.3,21.9,47.7,124.8,344.8,91.161,2,7,3.73,7.18,36.98,404.17,0.419,0.421,0.419,26.5,20,0,876,21.84,109.619,-0.336,0.942,0.372,269,1.404,1,4.5,open-meteo-era5,23.726,92.756
0,same_place_other_date,glc-7837,2011-07-27,7,23.727,92.727,5,Mizoram,3.4,13.8,27.3,74.9,267.3,383.7,151.073,3.3,7,4.3,14.32,54.04,326.78,0.426,0.425,0.419,25.4,19.1,0,876,21.84,109.619,-0.336,0.942,0.372,269,1.726,1,4,open-meteo-era5,23.726,92.756
0,same_place_other_date,glc-7837,2010-07-14,7,23.727,92.727,5,Mizoram,3.8,3.9,49.8,73.4,122.1,275,95.087,2.5,6,3.29,22.29,67.47,390.63,0.416,0.419,0.42,27.7,20.3,0,876,21.84,109.619,-0.336,0.942,0.372,269,1,0,,open-meteo-era5,23.726,92.756
0,nearby_place_same_date,glc-7837,2015-08-27,8,23.6,93.017,5,Mizoram,4.7,8.9,22.5,54.4,166.2,442.2,113.822,2.1,7,5,8.31,32.13,308.36,0.419,0.42,0.417,28.8,22.6,0,603,20.884,154.314,-0.901,0.433,-0.091,327,1.527,1,4.5,open-meteo-era5,23.585,93.035
1,event,glc-7956,2015-09-05,9,26.048,91.87,1,Meghalaya,3.5,42.4,100.2,465.3,688,1016.8,488.05,7.2,7,3.69,63.5,156.6,459.65,0.489,0.489,0.475,30.2,24,0,70,5.617,128.991,-0.629,0.777,-0.151,77,2.187,2,4.2,open-meteo-era5,26.046,91.871
0,same_place_other_date,glc-7956,2014-10-20,10,26.048,91.87,1,Meghalaya,0,2,2.2,10.2,40,170,32.056,0.6,3,0,0.63,12.88,335.12,0.444,0.444,0.414,28.6,22,0,70,5.617,128.991,-0.629,0.777,-0.151,77,1.781,0,,open-meteo-era5,26.046,91.871
0,same_place_other_date,glc-7956,2013-08-24,8,26.048,91.87,1,Meghalaya,0.5,5.3,8.3,71.4,214.6,603.4,149.356,2.1,6,0.25,4.55,11.68,188.61,0.492,0.483,0.494,31.9,26.4,0,70,5.617,128.991,-0.629,0.777,-0.151,77,2.202,2,4.2,open-meteo-era5,26.046,91.871
0,nearby_place_same_date,glc-7956,2015-09-05,9,26.217,91.92,1,Meghalaya,3.6,29.4,50.8,238,468.3,831,308.903,4.2,7,3.69,63.5,156.6,459.65,0.468,0.48,0.481,30,24,0,118,9.26,10.305,0.984,0.179,0.113,181,2.269,2,4.2,open-meteo-era5,26.186,91.875
1,event,glc-8012,2015-09-06,9,25.97,91.858,1,Meghalaya,7.7,3.5,53.6,463.9,671.4,993,442.249,4.7,7,0.87,29.57,121.4,451.49,0.482,0.487,0.493,28.5,23.7,0,286,10.915,140.102,-0.767,0.641,-0.16,133,2.15,2,4.2,open-meteo-era5,25.975,91.869
0,same_place_other_date,glc-8012,2022-08-18,8,25.97,91.858,1,Meghalaya,6.1,0.3,8.3,55.9,129.7,405.7,95.192,5.3,6,0.79,3.65,19.28,270.37,0.476,0.478,0.446,33.6,25.3,0,286,10.915,140.102,-0.767,0.641,-0.16,133,1.385,1,4,open-meteo-era5,25.975,91.869
0,same_place_other_date,glc-8012,2023-08-15,8,25.97,91.858,1,Meghalaya,8.2,6.4,75.6,153.5,350.4,607,230.45,3.4,7,2.02,23.43,54.29,234.36,0.499,0.502,0.507,31.8,25.1,0,286,10.915,140.102,-0.767,0.641,-0.16,133,3.641,1,5.3,open-meteo-era5,25.975,91.869
0,nearby_place_same_date,glc-8012,2015-09-06,9,25.952,92.042,1,Meghalaya,11.7,7.4,57.8,427.5,692.5,1102.1,448.262,3.6,7,0.87,29.57,121.4,451.49,0.482,0.493,0.487,26.4,21.7,0,659,6.944,313.386,0.687,-0.727,-0.517,138,2.373,2,4.2,open-meteo-era5,25.975,92.066
1,event,glc-8224,2015-09-14,9,23.731,92.719,5,Mizoram,10.7,14.9,31.2,53.7,171.7,281.2,86.64,7.7,6,13.58,44.56,78.75,440.49,0.415,0.412,0.4,24.1,18.9,0,1036,20.71,80.389,0.167,0.986,-0.136,267,1.436,4,4.5,open-meteo-era5,23.726,92.756
0,same_place_other_date,glc-8224,2013-08-24,8,23.731,92.719,5,Mizoram,3.6,2.9,9.1,126.5,250.1,409.4,147.11,0.7,7,3.88,22.46,48.36,316.18,0.404,0.407,0.416,24.4,19.2,0,1036,20.71,80.389,0.167,0.986,-0.136,267,2.238,2,5,open-meteo-era5,23.726,92.756
0,same_place_other_date,glc-8224,2016-10-27,10,23.731,92.719,5,Mizoram,10.9,10.9,24.3,24.9,54.3,209.7,42.622,3.4,3,5.2,6.51,6.51,266.88,0.387,0.36,0.378,23.6,16.4,0,1036,20.71,80.389,0.167,0.986,-0.136,267,3.289,6,4.9,open-meteo-era5,23.726,92.756
0,nearby_place_same_date,glc-8224,2015-09-14,9,23.87,92.974,5,Mizoram,16.2,5.1,36.7,68.9,186.1,343.4,99.73,7.1,6,19.8,30.07,52.61,298.27,0.417,0.419,0.412,28,21.2,0,732,16.314,351.804,0.99,-0.143,-0.282,343,1.637,4,4.5,open-meteo-era5,23.866,92.952
1,event,glc-8339,2015-09-23,9,26.167,91.704,1,Assam,30.3,22.6,76.6,180.1,307.9,662.7,208.853,3.9,6,61.13,106.92,116.73,431.33,0.488,0.489,0.468,25.4,24,0,236,10.689,211.849,-0.849,-0.528,0.208,214,2.003,3,4.2,open-meteo-era5,26.186,91.678
0,same_place_other_date,glc-8339,2025-09-25,9,26.167,91.704,1,Assam,0,6.5,13.2,24,135.6,267,77.67,3.3,5,0.17,1.83,29.67,196.55,0.391,0.427,0.483,33.1,25.1,0,236,10.689,211.849,-0.849,-0.528,0.208,214,4.518,3,5.5,open-meteo-era5,26.186,91.678
0,same_place_other_date,glc-8339,2009-08-23,8,26.167,91.704,1,Assam,22.7,10.3,39.3,100.8,312.5,713.2,187.136,4.5,7,1.3,9.67,91.43,515.85,0.487,0.493,0.499,27.4,23.6,0,236,10.689,211.849,-0.849,-0.528,0.208,214,3.689,1,5,open-meteo-era5,26.186,91.678
0,nearby_place_same_date,glc-8339,2015-09-23,9,25.926,91.55,1,Assam,26,29.4,70.8,298.1,375.7,996.9,318.025,3.7,6,61.29,110.08,120.62,439.11,0.481,0.486,0.49,24.8,22.7,0,300,10.549,203.394,-0.918,-0.397,-0.038,146,1.798,3,4.2,open-meteo-era5,25.905,91.572
1,event,glc-8366,2015-09-23,9,25.583,91.893,5,Meghalaya,50.4,56.4,157.3,217.7,257.5,794.8,218.095,5.3,7,48.8,118.09,140.11,587.3,0.483,0.493,0.485,21.4,19.5,0,1447,5.589,205.615,-0.902,-0.432,-0.056,55,1.965,4,4.2,open-meteo-era5,25.554,91.954
0,same_place_other_date,glc-8366,2007-11-02,11,25.583,91.893,5,Meghalaya,4.8,0.2,5,5,20,337.5,51.743,1,1,1.1,1.12,1.12,149.36,0.402,0.417,0.417,20.2,13.9,0,1447,5.589,205.615,-0.902,-0.432,-0.056,55,1,0,,open-meteo-era5,25.554,91.954
0,same_place_other_date,glc-8366,2013-10-27,10,25.583,91.893,5,Meghalaya,4.2,9,18.2,24.2,37,311.3,47.422,1.1,5,0.77,17.89,38.34,331.85,0.506,0.481,0.414,20,14.1,0,1447,5.589,205.615,-0.902,-0.432,-0.056,55,1.927,2,4.2,open-meteo-era5,25.554,91.954
0,nearby_place_same_date,glc-8366,2015-09-23,9,25.864,91.942,5,Meghalaya,26.1,40.3,86.5,155.7,243.8,799.3,206.28,5.6,7,61.13,106.92,116.73,431.33,0.489,0.489,0.466,24.4,22,0,666,11.031,304.875,0.572,-0.82,-0.376,225,2.202,3,4.2,open-meteo-era5,25.905,91.965
1,event,glc-9215,2016-01-14,1,27.176,88.529,1,West Bengal,0,0,0.5,11.4,12.4,13.6,8.295,0,3,0.02,0.28,1,1.73,0.404,0.401,0.378,18.8,14.2,0,302,14.759,225.377,-0.702,-0.712,-0.606,212,3.382,2,4.4,open-meteo-era5,27.17,88.497
0,same_place_other_date,glc-9215,2018-12-06,12,27.176,88.529,1,West Bengal,0,0,0.1,0.6,0.6,9.2,1.799,0,0,0,0,0.03,1.31,0.171,0.212,0.254,23.5,12.5,0,302,14.759,225.377,-0.702,-0.712,-0.606,212,1.061,0,,open-meteo-era5,27.17,88.497
0,same_place_other_date,glc-9215,2020-02-13,2,27.176,88.529,1,West Bengal,0,0,0,0.1,7.9,30.5,4.42,0,0,0,0,0,5.15,0.25,0.279,0.273,24.4,8.9,0,302,14.759,225.377,-0.702,-0.712,-0.606,212,2.152,1,5,open-meteo-era5,27.17,88.497
1,event,glc-9405,2016-04-19,4,26.722,95.024,1,Nagaland,36.6,22.9,62.3,109.3,170.7,238.5,91.858,6.3,6,10.83,37.9,68.11,182.12,0.473,0.482,0.51,21.3,17.5,0,701,6.354,26.003,0.899,0.438,0.229,178,4.147,1,4.5,open-meteo-era5,26.749,95.077
0,same_place_other_date,glc-9405,2019-05-23,5,26.722,95.024,1,Nagaland,7.3,10,27.7,72.8,133.2,255.7,81.875,3,7,4.77,40.59,67.1,328.34,0.497,0.499,0.501,23.7,18.7,0,701,6.354,26.003,0.899,0.438,0.229,178,3.848,4,5.9,open-meteo-era5,26.749,95.077
0,same_place_other_date,glc-9405,2009-05-14,5,26.722,95.024,1,Nagaland,16.6,21,38,39.2,83.9,129.7,43.303,6.4,2,5.16,13.5,58.23,187.86,0.48,0.479,0.418,23.9,17.9,0,701,6.354,26.003,0.899,0.438,0.229,178,1.943,1,4.6,open-meteo-era5,26.749,95.077
0,nearby_place_same_date,glc-9405,2016-04-19,4,26.439,95.067,1,Nagaland,45.3,32.5,80.7,128.7,202.1,287.8,112.447,4.5,7,10.83,37.9,68.11,182.12,0.457,0.465,0.465,17.3,11.4,0,1960,22.221,154.962,-0.906,0.423,0.342,440,4.256,1,4.5,open-meteo-era5,26.397,95.05
1,event,glc-7655,2016-04-22,4,27.58,91.857,5,Arunachal Pradesh,29.8,27.9,80,107,197.1,293.9,113.109,2.8,7,11.02,58.47,118.9,207.29,0.427,0.428,0.426,12.9,3.5,0.77,2759,22.311,243.281,-0.45,-0.893,-0.165,591,3.629,2,5,open-meteo-era5,27.592,91.816
0,same_place_other_date,glc-7655,2024-05-25,5,27.58,91.857,5,Arunachal Pradesh,0.4,0.4,2.3,8.7,44.8,139.3,30.872,0.1,3,0.77,0.94,14.65,48.87,0.37,0.376,0.388,20.7,4.7,0,2759,22.311,243.281,-0.45,-0.893,-0.165,591,2.048,1,4,open-meteo-era5,27.592,91.816
0,same_place_other_date,glc-7655,2026-05-27,5,27.58,91.857,5,Arunachal Pradesh,5.3,3.9,10,26.2,71.2,139.9,40.589,1.2,6,0.31,5.44,16.45,118.41,0.393,0.39,0.387,16.7,7.3,0,2759,22.311,243.281,-0.45,-0.893,-0.165,591,1.161,1,4.4,open-meteo-era5,27.592,91.816
0,nearby_place_same_date,glc-7655,2016-04-22,4,27.54,91.674,5,Arunachal Pradesh,29.8,27.9,80,107,197.1,293.9,113.109,2.8,7,11.02,58.47,118.9,207.29,0.428,0.428,0.423,21,14.2,0.77,1415,27.832,202.743,-0.922,-0.387,0.29,546,3.615,2,5,open-meteo-era5,27.452,91.611
1,event,glc-9404,2016-05-01,5,28.082,96.532,1,Arunachal Pradesh,7,5.2,20.9,61.2,330.4,582.2,194.031,1.1,7,6.31,22.57,39.76,407.75,0.418,0.418,0.423,24.2,18.4,0,587,17.45,266.845,-0.055,-0.998,0.655,392,3.639,0,,open-meteo-era5,28.084,96.508
0,same_place_other_date,glc-9404,2018-05-12,5,28.082,96.532,1,Arunachal Pradesh,2.6,0.4,7.5,78.7,129.4,320.3,101.286,1,5,1.05,7.95,24.38,174.26,0.393,0.404,0.408,26.1,20.6,0,587,17.45,266.845,-0.055,-0.998,0.655,392,1,0,,open-meteo-era5,28.084,96.508
0,same_place_other_date,glc-9404,2026-06-09,6,28.082,96.532,1,Arunachal Pradesh,21.2,3.9,25.9,62.4,74.1,326.6,72.799,6.4,4,8.08,39.16,150.54,310.79,0.377,0.382,0.398,30.8,24.3,0,587,17.45,266.845,-0.055,-0.998,0.655,392,1.508,0,,open-meteo-era5,28.084,96.508
0,nearby_place_same_date,glc-9404,2016-05-01,5,27.973,96.376,1,Arunachal Pradesh,7,5.2,20.9,61.2,330.4,582.2,194.031,1.1,7,6.31,22.57,39.76,407.75,0.424,0.426,0.426,20.4,14.1,0,1199,38.589,100.788,-0.187,0.982,0.566,681,3.68,0,,open-meteo-era5,27.944,96.392
1,event,glc-9336,2016-05-18,5,24.531,92.512,1,Assam,31.7,30.7,70.4,125.2,141.4,455.1,113.071,4.4,7,75.63,179.71,267.55,559.2,0.42,0.423,0.405,27.9,23,0,62,9.027,11.31,0.981,0.196,-0.542,92,2.162,4,4.8,open-meteo-era5,24.499,92.5
0,same_place_other_date,glc-9336,2013-06-10,6,24.531,92.512,1,Assam,0.4,8.4,47.8,103.3,179.8,434.3,141.857,2.9,6,4.84,22.48,67.09,322.08,0.412,0.402,0.432,31,25,0,62,9.027,11.31,0.981,0.196,-0.542,92,1,0,,open-meteo-era5,24.499,92.5
0,same_place_other_date,glc-9336,2009-04-21,4,24.531,92.512,1,Assam,5.8,14.6,38,57,63.3,129.3,54.732,2.1,5,35.45,90.14,103.58,198.96,0.392,0.324,0.191,31.2,22.4,0,62,9.027,11.31,0.981,0.196,-0.542,92,1.258,1,4.6,open-meteo-era5,24.499,92.5
0,nearby_place_same_date,glc-9336,2016-05-18,5,24.326,92.657,1,Assam,23.8,9.8,37.4,61,76.2,249.9,53.75,6.9,7,75.63,179.71,267.55,559.2,0.387,0.375,0.349,30.3,23.8,0,57,7.573,267.421,-0.045,-0.999,-0.22,79,2.286,4,4.8,open-meteo-era5,24.359,92.687
1,event,glc-9142,2016-06-14,6,26.319,94.525,1,Nagaland,10.3,31.5,65.6,199.7,268.5,495.7,201.575,5.7,7,6.05,35.82,62.33,256.62,0.488,0.497,0.468,24.3,19.4,0,1168,13.037,99.067,-0.158,0.988,0.331,374,2.427,3,4.6,open-meteo-era5,26.257,94.544
0,same_place_other_date,glc-9142,2018-05-25,5,26.319,94.525,1,Nagaland,18.5,6.7,52.9,89.3,154.7,336.8,106.116,8,7,2.93,40.05,64.05,215.82,0.497,0.505,0.499,24.2,19.1,0,1168,13.037,99.067,-0.158,0.988,0.331,374,3.294,3,4.6,open-meteo-era5,26.257,94.544
0,same_place_other_date,glc-9142,2026-05-15,5,26.319,94.525,1,Nagaland,9.8,2.1,15.6,38.9,138,260.4,73.808,2.1,6,16.74,22.9,51.84,175.49,0.451,0.472,0.478,22.2,16.4,0,1168,13.037,99.067,-0.158,0.988,0.331,374,2.365,4,5,open-meteo-era5,26.257,94.544
0,nearby_place_same_date,glc-9142,2016-06-14,6,26.526,94.492,1,Nagaland,11.2,27.1,60.9,174.4,241.9,482.4,178.474,3.8,7,6.05,35.82,62.33,256.62,0.48,0.493,0.509,27.1,22.6,0,679,29.705,316.212,0.722,-0.692,0.333,576,2.261,3,4.6,open-meteo-era5,26.467,94.46
1,event,glc-8222,2016-06-22,6,26.196,91.783,5,Assam,11.7,3.8,18.7,127.7,243.3,358.7,145.349,2,7,19.78,46.18,154.1,368.1,0.483,0.472,0.466,28.5,25.2,0,122,8.994,102.863,-0.223,0.975,-0.378,143.047,1,0,,open-meteo-era5,26.186,91.776
0,same_place_other_date,glc-8222,2017-07-03,7,26.196,91.783,5,Assam,67.7,30.4,151.7,211.3,351.5,582,211.716,6.3,7,24.58,72.73,109.15,497.79,0.509,0.506,0.503,27.9,25.1,0,122,8.994,102.863,-0.223,0.975,-0.378,143.047,1.373,1,4.6,open-meteo-era5,26.186,91.776
0,same_place_other_date,glc-8222,2008-05-14,5,26.196,91.783,5,Assam,1.9,0.7,6.4,42.5,128.6,178.2,64.933,0.7,6,0.03,0.14,29.04,146.55,0.457,0.458,0.356,32.2,23.7,0,122,8.994,102.863,-0.223,0.975,-0.378,143.047,3.553,2,4.6,open-meteo-era5,26.186,91.776
0,nearby_place_same_date,glc-8222,2016-06-22,6,26.056,91.802,5,Assam,18,12.7,33.6,203,339.3,393.2,196.779,6,7,19.78,46.18,154.1,368.1,0.468,0.476,0.504,27.1,23.6,0,404,12.441,68.374,0.369,0.93,0.292,188,1,0,,open-meteo-era5,26.046,91.772
1,event,glc-8237,2016-07-01,7,27.014,92.635,1,Arunachal Pradesh,25.6,21.1,70.7,104.2,223.2,380.5,131.47,1.7,7,7.67,13.51,20.96,194.5,0.469,0.467,0.479,26.5,24.1,0,225,3.873,167.471,-0.976,0.217,0.201,174,1.063,1,4.5,open-meteo-era5,27.03,92.7
0,same_place_other_date,glc-8237,2008-06-25,6,27.014,92.635,1,Arunachal Pradesh,16.4,19.1,50.5,114.4,306.9,559.6,174.261,4.6,7,4.38,27.57,49.46,319.23,0.445,0.465,0.476,29.9,23.5,0,225,3.873,167.471,-0.976,0.217,0.201,174,2.429,3,4.5,open-meteo-era5,27.03,92.7
0,same_place_other_date,glc-8237,2011-08-05,8,27.014,92.635,1,Arunachal Pradesh,82.7,22.8,116,144.4,267.5,658.9,149.608,10.3,6,25.19,72.94,78.54,325.77,0.455,0.465,0.457,26.4,24.2,0,225,3.873,167.471,-0.976,0.217,0.201,174,1,1,4,open-meteo-era5,27.03,92.7
0,nearby_place_same_date,glc-8237,2016-07-01,7,27.141,92.453,1,Arunachal Pradesh,70.5,59.8,176.6,337.5,574.8,938.1,346.499,5,7,7.67,13.51,20.96,194.5,0.428,0.428,0.423,14.1,11.5,0,2952,34.523,129.218,-0.632,0.775,0.211,603,1,0,,open-meteo-era5,27.17,92.405
1,event,glc-8930,2016-07-11,7,26.17,94.492,1,Nagaland,10.2,13.6,37.1,103.5,295.4,532.2,181.074,2.4,7,8.39,28.43,66.58,355.52,0.494,0.492,0.487,25.8,20.8,0,1185,13.473,276.404,0.112,-0.994,0.859,307,1.939,2,4.7,open-meteo-era5,26.186,94.539
0,same_place_other_date,glc-8930,2012-06-10,6,26.17,94.492,1,Nagaland,2.2,4,10.7,24.9,257.6,307.9,125.621,1.6,6,9.57,12.45,55.41,248.06,0.489,0.479,0.492,26.1,20.5,0,1185,13.473,276.404,0.112,-0.994,0.859,307,1.54,2,4.5,open-meteo-era5,26.186,94.539
0,same_place_other_date,glc-8930,2017-08-17,8,26.17,94.492,1,Nagaland,3.7,29.3,35.5,104.8,301.1,516.4,172.907,3.7,7,5.12,16.82,54.73,377.21,0.505,0.513,0.51,25.8,19.4,0,1185,13.473,276.404,0.112,-0.994,0.859,307,3.399,4,5.1,open-meteo-era5,26.186,94.539
0,nearby_place_same_date,glc-8930,2016-07-11,7,25.987,94.173,1,Nagaland,11.3,24.8,53.4,106.3,240.6,439.9,160.267,3.9,7,8.39,28.43,66.58,355.52,0.496,0.498,0.494,26.5,21.9,0,862,9.049,183.93,-0.998,-0.069,-0.264,309,1.91,2,4.7,open-meteo-era5,25.975,94.131
1,event,glc-8996,2016-07-14,7,26.177,91.77,1,Assam,10,10.3,34.4,134.6,345,600.1,200.288,4.8,7,7.89,16.48,48.2,419.39,0.465,0.495,0.506,29.4,26.1,0,77,21.151,117.692,-0.465,0.885,-0.434,128,1,0,,open-meteo-era5,26.186,91.776
0,same_place_other_date,glc-8996,2023-07-22,7,26.177,91.77,1,Assam,28.1,23,57.7,98.4,200.9,556.8,139.253,15.1,5,1.73,32.51,38.12,319.65,0.478,0.453,0.466,33,26.2,0,77,21.151,117.692,-0.465,0.885,-0.434,128,3.079,1,4.3,open-meteo-era5,26.186,91.776
0,same_place_other_date,glc-8996,2023-06-01,6,26.177,91.77,1,Assam,0.5,3.4,3.9,48.1,152,227.2,80.908,2.7,3,6.2,6.2,34.67,144.04,0.402,0.422,0.37,34.4,25.4,0,77,21.151,117.692,-0.465,0.885,-0.434,128,3.443,3,4.9,open-meteo-era5,26.186,91.776
0,nearby_place_same_date,glc-8996,2016-07-14,7,25.969,91.858,1,Assam,18.1,13.7,55.3,170.7,431.8,794.4,255.253,4.3,7,7.89,16.48,48.2,419.39,0.472,0.488,0.492,28.5,25.4,0,274,12.785,87.856,0.037,0.999,-0.489,171,1.089,0,,open-meteo-era5,25.975,91.869
1,event,glc-9010,2016-07-16,7,27.303,93.804,5,Arunachal Pradesh,27.1,24.1,68.1,99.7,170,328.7,106.869,3.1,7,39.81,124.73,205.07,556.02,0.481,0.484,0.482,24.9,21.9,0,739,30.452,114.8,-0.419,0.908,0.096,540,1.231,0,,open-meteo-era5,27.311,93.817
0,same_place_other_date,glc-9010,2008-06-16,6,27.303,93.804,5,Arunachal Pradesh,6.3,3.2,47.8,116.2,290.5,479.9,164.503,2.1,7,20.74,80.84,188.24,501.72,0.487,0.483,0.452,28.3,21.1,0,739,30.452,114.8,-0.419,0.908,0.096,540,2.228,3,4.5,open-meteo-era5,27.311,93.817
0,same_place_other_date,glc-9010,2009-07-27,7,27.303,93.804,5,Arunachal Pradesh,5.6,23.8,37.5,57.5,112.7,291.3,84.185,2.2,7,2.91,40.42,98.17,416.19,0.457,0.482,0.478,26.6,22,0,739,30.452,114.8,-0.419,0.908,0.096,540,1.489,0,,open-meteo-era5,27.311,93.817
0,nearby_place_same_date,glc-9010,2016-07-16,7,27.274,93.489,5,Arunachal Pradesh,31.6,15.8,79.8,121.9,250.5,516,151.241,4,7,39.81,124.73,205.07,556.02,0.435,0.437,0.436,23.7,21,0,1345,21.048,252.374,-0.303,-0.953,-0.029,188,1.17,0,,open-meteo-era5,27.241,93.512
1,event,glc-9124,2016-07-19,7,25.203,90.557,5,Meghalaya,16.6,39.1,97,168.9,258.2,431.3,185.941,5.3,7,39.27,219.59,326.26,811.92,0.465,0.496,0.487,27.2,23.8,0,155,19,184.214,-0.997,-0.073,1.069,193,1.296,0,,open-meteo-era5,25.202,90.583
0,same_place_other_date,glc-9124,2015-07-11,7,25.203,90.557,5,Meghalaya,2.9,28.6,74.9,144.5,277.8,509.8,190.628,2.3,5,7.26,35.5,88.21,432.39,0.475,0.495,0.497,30.2,23.6,0,155,19,184.214,-0.997,-0.073,1.069,193,2.913,4,5.1,open-meteo-era5,25.202,90.583
0,same_place_other_date,glc-9124,2020-06-17,6,25.203,90.557,5,Meghalaya,36,12.3,58.2,120.8,252.9,644.4,154.035,4.8,7,56.32,82.29,173.27,1048.84,0.505,0.507,0.476,27.7,24.7,0,155,19,184.214,-0.997,-0.073,1.069,193,2.679,1,4.2,open-meteo-era5,25.202,90.583
0,nearby_place_same_date,glc-9124,2016-07-19,7,25.455,90.688,5,Meghalaya,11.9,40.3,73.3,111.2,192.6,408,149.359,5.2,6,35.18,206.33,298,767.62,0.467,0.486,0.499,27.1,23.8,0,320,16.267,294.444,0.414,-0.91,0.392,141,1.207,0,,open-meteo-era5,25.483,90.683
1,event,glc-9074,2016-07-20,7,27.118,88.107,1,West Bengal,96.7,17.4,187.7,507.9,593.8,1050.7,427.173,9.1,7,40.66,74.54,164.04,460.78,0.425,0.426,0.422,20.6,18.5,0,2042,23.289,55.903,0.561,0.828,0.24,576,2.045,1,4.7,open-meteo-era5,27.03,88.1
0,same_place_other_date,glc-9074,2008-06-14,6,27.118,88.107,1,West Bengal,84.1,18.6,114,145.7,272.3,415,113.447,9.7,7,28.99,61.42,81.27,169.86,0.425,0.425,0.417,19.6,17,0,2042,23.289,55.903,0.561,0.828,0.24,576,1.382,1,4.4,open-meteo-era5,27.03,88.1
0,same_place_other_date,glc-9074,2010-08-30,8,27.118,88.107,1,West Bengal,12.9,10.7,29.2,82.8,442.5,582.3,210.495,2.5,7,3.61,17.62,116.88,415.93,0.42,0.42,0.416,21.7,17.3,0,2042,23.289,55.903,0.561,0.828,0.24,576,1,0,,open-meteo-era5,27.03,88.1
0,nearby_place_same_date,glc-9074,2016-07-20,7,27.21,88.045,1,West Bengal,70.9,21.7,150.3,444.4,592.1,1066.3,414.566,8.9,7,40.66,74.54,164.04,460.78,0.427,0.428,0.424,16.3,14.1,0,2742,14.495,42.694,0.735,0.678,-1.241,382,2.139,1,4.7,open-meteo-era5,27.17,87.996
1,event,glc-9122,2016-07-20,7,26.197,91.802,5,Assam,19,13,48.3,153,312.7,607.3,204.548,2.2,7,32.15,108.99,231.77,508.83,0.471,0.489,0.486,28.8,25.3,0,110,11.68,342.204,0.952,-0.306,-0.113,117,1,0,,open-meteo-era5,26.186,91.776
0,same_place_other_date,glc-9122,2020-06-21,6,26.197,91.802,5,Assam,8,14.6,26.4,151.2,265.7,502,176.898,6,7,5.08,37.5,137.39,577.58,0.505,0.506,0.462,32.5,26,0,110,11.68,342.204,0.952,-0.306,-0.113,117,1.987,3,5.1,open-meteo-era5,26.186,91.776
0,same_place_other_date,glc-9122,2026-07-14,7,26.197,91.802,5,Assam,7.8,28.4,90.8,238.8,419.9,580.8,280.046,5.5,7,7.91,51.68,154.33,356.43,0.464,0.455,0.414,33.9,26.3,0,110,11.68,342.204,0.952,-0.306,-0.113,117,1.999,5,4.4,open-meteo-era5,26.186,91.776
1,event,glc-9138,2016-07-21,7,26.902,88.472,1,West Bengal,116.3,90,236.1,514.2,596.1,1039.7,407.644,10,7,27.8,83.7,204.18,611.16,0.427,0.432,0.417,25.8,24.3,0,188,21.596,113.477,-0.398,0.917,-0.803,482,1.787,1,4.7,open-meteo-era5,26.889,88.503
0,same_place_other_date,glc-9138,2009-07-02,7,26.902,88.472,1,West Bengal,67.3,56,151.8,546.9,629.2,712.3,427.098,11.3,7,29.54,85.34,117.77,173.66,0.427,0.427,0.437,26.6,24.1,0,188,21.596,113.477,-0.398,0.917,-0.803,482,1,0,,open-meteo-era5,26.889,88.503
0,same_place_other_date,glc-9138,2016-09-02,9,26.902,88.472,1,West Bengal,31.3,25.8,76.6,120.7,170.9,288.6,110.219,4.9,7,22.24,54,96.24,233.27,0.425,0.423,0.381,27.9,24.2,0,188,21.596,113.477,-0.398,0.917,-0.803,482,2.84,0,,open-meteo-era5,26.889,88.503
0,nearby_place_same_date,glc-9138,2016-07-21,7,27.044,88.584,1,West Bengal,194.1,91.5,349.5,673.3,908.2,1527,542.28,14,7,27.8,83.7,204.18,611.16,0.43,0.432,0.429,20.1,18,0,1507,16.426,104.671,-0.253,0.967,0.221,304,1.848,1,4.7,open-meteo-era5,27.1,88.598
1,event,glc-9186,2016-07-25,7,25.48,94.138,1,Manipur,16.6,22,44.7,88.8,184,401.3,113.53,2.4,7,18.3,31.65,48.82,284.6,0.497,0.5,0.488,18.1,16.6,0,1705,13.669,124.479,-0.566,0.824,0.215,227,2.073,4,4.7,open-meteo-era5,25.483,94.1
0,same_place_other_date,glc-9186,2019-07-15,7,25.48,94.138,1,Manipur,4.5,25.5,46.1,202.1,315.3,435.5,206.987,6.2,7,5.52,15.59,47.19,255.6,0.508,0.509,0.46,20.4,15.8,0,1705,13.669,124.479,-0.566,0.824,0.215,227,2.289,4,4.5,open-meteo-era5,25.483,94.1
0,same_place_other_date,glc-9186,2021-09-07,9,25.48,94.138,1,Manipur,3.4,1.7,6.5,14.3,97.5,204.9,49.988,0.7,6,3.73,6.09,42.79,192.08,0.469,0.461,0.469,23.8,14.3,0,1705,13.669,124.479,-0.566,0.824,0.215,227,3.121,3,4.9,open-meteo-era5,25.483,94.1
1,event,glc-9220,2016-07-26,7,27.103,88.122,1,West Bengal,172.7,42.2,240.5,621.8,1060.1,1402.6,551.402,14.4,7,27.12,107.75,212.07,521.98,0.428,0.428,0.429,22.3,20.9,0,1133,29.465,335.268,0.908,-0.418,-0.451,560,2.029,1,4.7,open-meteo-era5,27.17,88.196
0,same_place_other_date,glc-9220,2013-08-06,8,27.103,88.122,1,West Bengal,18.2,44.6,74.8,144.6,220.1,688.1,188.693,8,7,13.26,94.1,133.9,437.71,0.419,0.42,0.422,23.9,20.5,0,1133,29.465,335.268,0.908,-0.418,-0.451,560,2.333,3,4.7,open-meteo-era5,27.17,88.196
0,same_place_other_date,glc-9220,2008-08-31,8,27.103,88.122,1,West Bengal,12,10.8,88.8,190.7,394.5,934.8,303.007,3,7,6.5,64.41,87.12,431.56,0.425,0.426,0.424,25.2,19.2,0,1133,29.465,335.268,0.908,-0.418,-0.451,560,3.288,0,,open-meteo-era5,27.17,88.196
0,nearby_place_same_date,glc-9220,2016-07-26,7,27.279,87.911,1,West Bengal,131,65.3,230.3,552.8,970.2,1353.4,538.192,9.8,7,23.49,81.22,147.48,381.96,0.429,0.429,0.428,20.3,18.2,0,1447,23.669,341.565,0.949,-0.316,-0.096,636,2.235,1,4.7,open-meteo-era5,27.311,87.79
1,event,glc-9219,2016-07-26,7,26.01,94.528,5,Nagaland,1.5,31.8,80.4,112.2,200.3,406.3,151.653,3.2,7,1.68,31.23,61.28,319.74,0.481,0.49,0.472,22,15.1,0,1713,19.238,103.263,-0.229,0.973,0.744,387,2.033,3,4.7,open-meteo-era5,25.975,94.623
0,same_place_other_date,glc-9219,2022-07-31,7,26.01,94.528,5,Nagaland,14,2.6,18.9,81.1,161.2,235.8,81.339,10.2,7,12.4,29.75,59.05,243.63,0.488,0.492,0.489,21.6,15.9,0,1713,19.238,103.263,-0.229,0.973,0.744,387,1.752,4,4.6,open-meteo-era5,25.975,94.623
0,same_place_other_date,glc-9219,2008-08-14,8,26.01,94.528,5,Nagaland,28.6,10.6,84.3,143.4,254.5,343.2,154.184,12.1,5,15.14,32.51,72.15,238.5,0.498,0.496,0.495,22.3,17,0,1713,19.238,103.263,-0.229,0.973,0.744,387,2.199,4,5.2,open-meteo-era5,25.975,94.623
0,nearby_place_same_date,glc-9219,2016-07-26,7,26.344,94.588,5,Nagaland,1.9,28.4,90.7,136.2,219,514.4,181.163,2.9,7,3.58,41.37,83.12,363.22,0.478,0.492,0.467,25.5,20.4,0,820,13.323,184.715,-0.997,-0.082,-0.417,362,1.872,3,4.7,open-meteo-era5,26.327,94.549
1,event,glc-9251,2016-07-28,7,25.87,94.784,1,Nagaland,3.6,3.8,13.9,102.2,199,469,144.918,1.6,7,28.36,51.51,114.4,388.34,0.482,0.482,0.459,24.7,19.3,0,1149,5.479,296.241,0.442,-0.897,1.043,361,2.189,3,4.7,open-meteo-era5,25.835,94.809
0,same_place_other_date,glc-9251,2015-07-13,7,25.87,94.784,1,Nagaland,1.6,1.2,6.4,51.2,113.7,230.7,80.598,0.9,7,2.72,10.16,32.81,283.74,0.483,0.484,0.486,26.7,21,0,1149,5.479,296.241,0.442,-0.897,1.043,361,1.653,4,4.5,open-meteo-era5,25.835,94.809
0,same_place_other_date,glc-9251,2014-07-23,7,25.87,94.784,1,Nagaland,34,29.7,66.1,115.2,179,286.9,102.905,5.2,7,12.71,32.01,58.02,202.29,0.493,0.489,0.502,24.6,19.9,0,1149,5.479,296.241,0.442,-0.897,1.043,361,2.009,2,4.3,open-meteo-era5,25.835,94.809
0,nearby_place_same_date,glc-9251,2016-07-28,7,25.645,94.622,1,Nagaland,1.3,2.2,7.4,72.4,141.3,349.1,102.803,0.5,7,16.53,34.49,74.74,304.02,0.48,0.492,0.492,28.6,21.8,0,694,15.489,46.061,0.694,0.72,0,237,2.244,3,4.7,open-meteo-era5,25.624,94.598
1,event,glc-9232,2016-07-28,7,23.54,93.378,1,Mizoram,3.1,16,29.2,58.3,99.3,289.6,84.509,5.8,6,7.01,19.12,53.22,248.85,0.42,0.423,0.423,24.1,16.6,0,1570,18.187,145.62,-0.825,0.565,0.443,492,2.275,6,4.9,open-meteo-era5,23.585,93.414
0,same_place_other_date,glc-9232,2012-08-08,8,23.54,93.378,1,Mizoram,30.9,9.5,45.2,92.7,166.8,267.6,88.948,4.5,7,5.2,13.04,34.91,176.91,0.417,0.418,0.415,20.7,16.7,0,1570,18.187,145.62,-0.825,0.565,0.443,492,4.061,5,5.7,open-meteo-era5,23.585,93.414
0,same_place_other_date,glc-9232,2011-06-15,6,23.54,93.378,1,Mizoram,11.8,4.6,26.3,54.2,96.9,218.3,67.723,1.7,7,7.82,18.85,44.36,219.83,0.412,0.411,0.386,24.2,17.2,0,1570,18.187,145.62,-0.825,0.565,0.443,492,1.626,3,4.3,open-meteo-era5,23.585,93.414
0,nearby_place_same_date,glc-9232,2016-07-28,7,23.553,93.525,1,Mizoram,3.1,16,29.2,58.3,99.3,289.6,84.509,5.8,6,2.89,11.9,31.4,126.4,0.421,0.423,0.426,27.6,19.9,0,1109,26.597,270.136,0.002,-1,0.226,322,2.301,6,4.9,open-meteo-era5,23.515,93.505
1,event,glc-9252,2016-07-28,7,27.575,91.864,5,Arunachal Pradesh,8.4,11.6,42,219.4,457.8,823.2,292.568,1.9,7,14.04,27.35,78.71,240.45,0.425,0.426,0.425,16.8,11.7,0,2686,11.182,73.369,0.286,0.958,-0.019,387,1,0,,open-meteo-era5,27.522,91.814
0,same_place_other_date,glc-9252,2021-08-05,8,27.575,91.864,5,Arunachal Pradesh,3.7,6.9,15.7,90.5,178,435.7,127.881,1.9,7,0.06,1.76,21.91,179.72,0.415,0.414,0.421,18.9,12.1,0,2686,11.182,73.369,0.286,0.958,-0.019,387,2.655,2,5.3,open-meteo-era5,27.522,91.814
0,same_place_other_date,glc-9252,2020-08-24,8,27.575,91.864,5,Arunachal Pradesh,3.5,0.8,4.8,34,98.1,326.3,72.135,0.8,5,1.37,5.27,30.1,151,0.397,0.402,0.409,19.3,10.3,0,2686,11.182,73.369,0.286,0.958,-0.019,387,1.179,0,,open-meteo-era5,27.522,91.814
0,nearby_place_same_date,glc-9252,2016-07-28,7,27.418,92.099,5,Arunachal Pradesh,7.1,8.3,37.5,160,365.2,685.5,225.717,1.6,7,14.04,27.35,78.71,240.45,0.422,0.424,0.424,16.6,9.4,0,3386,34.095,91.352,-0.024,1,0,571,1,0,,open-meteo-era5,27.452,92.114
1,event,glc-9464,2016-08-05,8,27.575,91.975,5,Arunachal Pradesh,6.8,2.6,10.7,49.2,214.7,542.5,126.799,2,7,0.23,10.25,20.27,202.47,0.406,0.407,0.413,21.7,15,0,2402,23.143,348.884,0.981,-0.193,0.145,579,1,0,,open-meteo-era5,27.522,91.915
0,same_place_other_date,glc-9464,2023-07-08,7,27.575,91.975,5,Arunachal Pradesh,3.1,3.5,14.9,51.1,193,367.5,99.994,1,7,3.38,14.03,36,272.12,0.403,0.404,0.411,23.2,15.2,0,2402,23.143,348.884,0.981,-0.193,0.145,579,1.75,0,,open-meteo-era5,27.522,91.915
0,same_place_other_date,glc-9464,2015-07-22,7,27.575,91.975,5,Arunachal Pradesh,12.7,11.2,30.2,57.8,183.6,365.2,115.33,1.8,7,4.23,25.32,45.07,208.33,0.42,0.418,0.412,18.2,14.4,0,2402,23.143,348.884,0.981,-0.193,0.145,579,3.02,5,5.1,open-meteo-era5,27.522,91.915
0,nearby_place_same_date,glc-9464,2016-08-05,8,27.528,91.787,5,Arunachal Pradesh,15.7,6.4,25,69.4,294.6,696.2,166.207,2.1,7,0.23,10.25,20.27,202.47,0.415,0.413,0.413,24.6,19.6,0,1517,29.721,132.382,-0.674,0.739,0.116,618,1,0,,open-meteo-era5,27.452,91.711
1,event,glc-9618,2016-10-15,10,26.934,88.449,1,West Bengal,0,6.3,49,226.4,256.2,566.5,220.93,2.3,6,0.46,24.83,85.99,335.92,0.411,0.415,0.432,28.5,19.4,0,266,26.445,72.545,0.3,0.954,-0.297,343,1,1,4,open-meteo-era5,26.889,88.503
0,same_place_other_date,glc-9618,2007-11-01,11,26.934,88.449,1,West Bengal,0,0,1.3,6.7,33.2,79.7,19.799,0,3,0,0,0,38.55,0.29,0.297,0.284,25.4,18.4,0,266,26.445,72.545,0.3,0.954,-0.297,343,1.266,0,,open-meteo-era5,26.889,88.503
0,same_place_other_date,glc-9618,2014-09-23,9,26.934,88.449,1,West Bengal,7.2,133.5,300.9,397.8,493.6,605.8,393.099,18.8,7,3.58,47.29,90.83,319.64,0.429,0.432,0.426,25.6,21.9,0,266,26.445,72.545,0.3,0.954,-0.297,343,1.108,1,4.1,open-meteo-era5,26.889,88.503
0,nearby_place_same_date,glc-9618,2016-10-15,10,27.009,88.325,1,West Bengal,0,37.1,137.3,310.9,358.4,698.5,308.61,5.5,6,0.71,17.25,66.59,294.32,0.422,0.425,0.428,22.8,16,0,1190,33.919,65.487,0.415,0.91,0.086,675,1,2,4.2,open-meteo-era5,27.03,88.3
1,event,glc-9617,2016-10-15,10,26.888,88.28,5,West Bengal,0,37.1,137.3,310.9,358.4,698.5,308.61,5.5,6,0.71,17.25,66.59,294.32,0.422,0.425,0.426,21.2,13.7,0,1537,23.076,276.921,0.121,-0.993,-0.316,475,1,2,4.2,open-meteo-era5,26.96,88.202
0,same_place_other_date,glc-9617,2017-11-29,11,26.888,88.28,5,West Bengal,5.1,3.1,9.9,11.8,14.9,19.9,8.239,0.9,4,0.25,1.65,1.65,3.25,0.336,0.311,0.337,11.6,8.2,0,1537,23.076,276.921,0.121,-0.993,-0.316,475,2.572,0,,open-meteo-era5,26.96,88.202
0,same_place_other_date,glc-9617,2022-09-25,9,26.888,88.28,5,West Bengal,8.3,15.9,26.8,62.4,136.2,277.4,79.277,8.7,7,11.92,35.98,51.16,415.05,0.408,0.404,0.4,22.1,16.1,0,1537,23.076,276.921,0.121,-0.993,-0.316,475,1,0,,open-meteo-era5,26.96,88.202
0,nearby_place_same_date,glc-9617,2016-10-15,10,26.835,88.079,5,West Bengal,0,25.4,144.6,337.2,387.6,689.1,323.898,3.6,6,0.71,17.25,66.59,294.32,0.421,0.424,0.426,22.2,14.8,0,1447,18.067,296.469,0.446,-0.895,-0.85,488,1,2,4.2,open-meteo-era5,26.889,88.104
1,event,glc-9620,2016-10-15,10,27.172,88.529,5,Sikkim,0,6.3,49,226.4,256.2,566.5,220.93,2.3,6,0.46,24.83,85.99,335.92,0.414,0.414,0.435,27.8,23.2,0,331,21.474,0.535,1,0.009,0.096,212,1,1,4,open-meteo-era5,27.17,88.497
0,same_place_other_date,glc-9620,2012-10-21,10,27.172,88.529,5,Sikkim,0,0,0,0.9,13.2,112.2,18.973,0,0,0,0,0.09,65.62,0.387,0.38,0.361,26.3,21,0,331,21.474,0.535,1,0.009,0.096,212,1.591,0,,open-meteo-era5,27.17,88.497
0,same_place_other_date,glc-9620,2020-09-18,9,27.172,88.529,5,Sikkim,63.1,35,112.8,216.2,791,993.7,376.141,11,7,12.08,58.36,174.51,534.23,0.433,0.433,0.434,27,23.8,0,331,21.474,0.535,1,0.009,0.096,212,3.016,2,5.3,open-meteo-era5,27.17,88.497
0,nearby_place_same_date,glc-9620,2016-10-15,10,27.046,88.432,5,Sikkim,0,6.3,49,226.4,256.2,566.5,220.93,2.3,6,0.71,17.25,66.59,294.32,0.422,0.425,0.428,27.7,20.1,0,420,39.808,261.299,-0.151,-0.988,0.662,565,1,1,4,open-meteo-era5,26.96,88.502
1,event,glc-9619,2016-10-15,10,27.17,88.366,5,Sikkim,2.1,44.9,136.2,257.2,324.3,765.1,283.413,6.2,7,0.71,17.25,66.59,294.32,0.422,0.423,0.427,18,14,0,1588,9.315,240.945,-0.486,-0.874,0.855,510,1,2,4.2,open-meteo-era5,27.241,88.395
0,same_place_other_date,glc-9619,2024-11-25,11,27.17,88.366,5,Sikkim,0.5,0.7,1.6,1.9,2,16.2,2.868,0.3,0,0.02,0.09,0.1,14.24,0.219,0.24,0.223,15,7.2,0,1588,9.315,240.945,-0.486,-0.874,0.855,510,4.411,1,4.4,open-meteo-era5,27.241,88.395
0,same_place_other_date,glc-9619,2013-09-13,9,27.17,88.366,5,Sikkim,1.9,8.6,19.7,99.8,308.8,505.9,180.972,1.6,7,3.63,10.89,36.65,353.63,0.424,0.424,0.416,23.4,11.4,0,1588,9.315,240.945,-0.486,-0.874,0.855,510,1.826,2,4.9,open-meteo-era5,27.241,88.395
0,nearby_place_same_date,glc-9619,2016-10-15,10,27.158,88.655,5,Sikkim,0,6.3,49,226.4,256.2,566.5,220.93,2.3,6,0.46,24.83,85.99,335.92,0.413,0.413,0.434,24.3,18.9,0,865,23.509,45.913,0.696,0.718,0.452,436,1,1,4,open-meteo-era5,27.17,88.597
1,event,rimbi-2026-08-13,2026-08-13,8,27.315,88.186,1,Sikkim,2.3,0,2.8,33.7,404.2,548,171.083,0.5,3,8.77,12.63,74.41,304.67,0.388,0.397,0.406,26.1,20.7,0,1296,20.388,151.827,-0.882,0.472,0.202,336,1,0,,open-meteo-era5,27.241,88.194
0,same_place_other_date,rimbi-2026-08-13,2018-08-19,8,27.315,88.186,1,Sikkim,0.1,1.1,2.5,73.4,444.7,706.1,258.77,0.3,5,3.19,12.17,55.04,358.57,0.383,0.389,0.404,27.6,17.9,0,1296,20.388,151.827,-0.882,0.472,0.202,336,1.93,0,,open-meteo-era5,27.241,88.194
0,same_place_other_date,rimbi-2026-08-13,2013-08-26,8,27.315,88.186,1,Sikkim,17.1,18.2,46,91.9,176.3,572.7,137.761,4.1,7,16.14,32.43,52.17,291.75,0.421,0.422,0.399,24.3,19.6,0,1296,20.388,151.827,-0.882,0.472,0.202,336,1.809,2,4.3,open-meteo-era5,27.241,88.194
0,nearby_place_same_date,rimbi-2026-08-13,2026-08-13,8,27.397,88.363,1,Sikkim,12.4,2.6,20.3,71.6,301.2,554.2,166.888,2,7,8.77,12.63,74.41,304.67,0.409,0.412,0.416,24.3,19.1,0,1761,33.244,232.765,-0.605,-0.796,0.019,740,1,0,,open-meteo-era5,27.381,88.391
1,event,rimbi-2026-09-24,2026-09-24,9,27.315,88.186,1,Sikkim,36.8,9.5,51.1,89.3,294,555.4,157.551,2.6,6,28.49,45.06,127.85,395.31,0.289,0.295,0.323,19.1,15.8,0,1296,20.388,151.827,-0.882,0.472,0.202,336,2.216,3,5.2,open-meteo-forecast-archive,27.241,88.194
0,same_place_other_date,rimbi-2026-09-24,2012-10-25,10,27.315,88.186,1,Sikkim,10.2,13.7,27.7,42.8,87.6,299.5,70.484,1.7,6,0,0.05,0.05,37.21,0.393,0.38,0.36,16.9,11.3,0,1296,20.388,151.827,-0.882,0.472,0.202,336,1.472,0,,open-meteo-era5,27.241,88.194
0,same_place_other_date,rimbi-2026-09-24,2018-10-10,10,27.315,88.186,1,Sikkim,3,1.4,17.2,64.9,353.7,826.1,208.451,0.9,6,0.69,1.53,5.02,81.12,0.401,0.407,0.409,20.7,13.5,0,1296,20.388,151.827,-0.882,0.472,0.202,336,2.734,1,5.3,open-meteo-era5,27.241,88.194
0,nearby_place_same_date,rimbi-2026-09-24,2026-09-24,9,27.407,88.304,1,Sikkim,47.3,20.4,68.8,81.1,143.5,341.9,78.992,4.1,6,28.49,45.06,127.85,395.31,0.3,0.306,0.333,16.8,15.2,0,1718,20.615,163.695,-0.96,0.281,-0.849,622,2.178,3,5.2,open-meteo-forecast-archive,27.311,88.292
