label,sample_type,event_id,date,month,lat,lng,accuracy_km,state,rain_d0,rain_d1,rain_3d,rain_7d,rain_15d,rain_30d,api_30d,max_1h_48h,rainy_days_7d,power_rain_d0,power_rain_3d,power_rain_7d,power_rain_30d,sm_top,sm_mid,sm_deep,tmax_d0,tmin_d0,snowfall_7d,elev_m,slope_deg,aspect_deg,northness,eastness,curvature,relief_1km,quake_max_mmi_30d,quake_count_300km_30d,quake_max_mag_300km_30d,weather_source,weather_grid_lat,weather_grid_lng,clim_month_mm_day,clim_annual_mm_day,rain_3d_vs_normal,rain_7d_vs_normal,rain_30d_vs_normal,past_landslides_5km,past_landslides_15km,dist_road_m,dist_major_river_m,ndvi_before,ndvi_date
1,event,glc-57,2007-04-11,4,27.446,88.619,5,,7.5,14,40.9,143.2,210.3,513.9,173.492,2.3,7,0.01,8.45,9.91,15.07,0.417,0.422,0.42,15.5,2.8,34.72,1964,16.846,186.289,-0.994,-0.11,0.039,468,1,0,,open-meteo-era5,27.452,88.591,1.89,2.99,7.213403880070547,10.823885109599395,9.063492063492063,0,0,992.9112125917502,2551.1877997439706,0.6112000000000001,2007-03-22
0,same_place_other_date,glc-57,2016-03-25,3,27.446,88.619,5,,1.8,3.4,15.1,193.8,405.2,676.6,251.415,0.8,7,0,0.03,6.11,35.59,0.397,0.404,0.425,17.5,9.2,65.8,1964,16.846,186.289,-0.994,-0.11,0.039,468,1,0,,open-meteo-era5,27.452,88.591,0.96,2.99,5.243055555555555,28.839285714285715,23.493055555555557,0,13,992.9112125917502,2551.1877997439706,0.6341,2016-03-05
0,same_place_other_date,glc-57,2020-04-22,4,27.446,88.619,5,,29.9,25.7,68.9,152.3,181.8,350.8,131.311,4.2,7,6.48,17.96,41.95,90.68,0.425,0.427,0.403,12.5,8.4,0,1964,16.846,186.289,-0.994,-0.11,0.039,468,1.786,1,4,open-meteo-era5,27.452,88.591,1.89,2.99,12.15167548500882,11.511715797430085,6.186948853615521,0,13,992.9112125917502,2551.1877997439706,0.6589,2020-03-21
0,nearby_place_same_date,glc-57,2007-04-11,4,27.466,88.748,5,,3.5,6.8,16.9,63.9,91,184.5,70.624,1.2,7,0.01,8.45,9.91,15.07,0.42,0.422,0.424,5.7,-4.3,14.21,4052,5.16,56.094,0.558,0.83,-0.28,412,1,0,,open-meteo-era5,27.452,88.792,1.89,2.99,2.9805996472663137,4.829931972789116,3.2539682539682544,0,0,3000,2562.8805715849217,0.018500000000000003,2007-03-22
1,event,glc-93,2007-06-13,6,26.732,88.409,25,West Bengal,15.2,0.3,44.9,277.8,309.8,398.3,235.909,5.8,6,4.7,6.86,86.85,176.92,0.398,0.412,0.417,29.8,24.2,0,120,0.313,,0,0,-0.057,8,3.666,3,4.9,open-meteo-era5,26.749,88.407,11.12,5.61,1.3459232613908874,3.568859198355602,1.1939448441247005,0,0,53.92079777644708,259.94144665883726,0.4641,2007-05-25
0,same_place_other_date,glc-93,2020-07-10,7,26.732,88.409,25,West Bengal,40.3,22.2,93.7,261.7,850.9,1383.9,444.313,11.4,7,96.03,131.39,197.11,692.79,0.434,0.435,0.42,27.6,25.2,0,120,0.313,,0,0,-0.057,8,1.595,0,,open-meteo-era5,26.749,88.407,16.73,5.61,1.8669057581191473,2.2346511826487916,2.7573221757322175,1,4,53.92079777644708,259.94144665883726,0.1751,2020-06-09
0,same_place_other_date,glc-93,2012-05-03,5,26.732,88.409,25,West Bengal,6.7,0.7,12.2,18.2,22.2,101.7,16.975,2.1,4,0.13,7.12,10.19,105.28,0.179,0.179,0.181,29,20.8,0,120,0.313,,0,0,-0.057,8,1,0,,open-meteo-era5,26.749,88.407,6.48,5.61,0.6275720164609053,0.4012345679012346,0.5231481481481481,1,4,53.92079777644708,259.94144665883726,0.4042,2012-04-06
0,nearby_place_same_date,glc-93,2007-06-13,6,26.666,88.339,25,West Bengal,14,0.4,51.3,293.3,320.3,438,250.799,4.1,6,4.7,6.86,86.85,176.92,0.391,0.404,0.423,29.9,24.2,0,116,1.051,,0,0,-0.057,9,3.573,3,4.9,open-meteo-era5,26.678,88.309,11.12,5.61,1.5377697841726619,3.767985611510792,1.3129496402877698,0,0,956.1021275998305,190.5977856074848,0.6543,2007-05-25
1,event,glc-94,2007-06-15,6,26.81,88.526,25,West Bengal,63.4,25.7,104.3,361,394.8,484.8,230.462,5.7,6,12.63,22.96,84.1,155.34,0.429,0.423,0.362,25.2,23.7,0,156,11.764,65.389,0.416,0.909,0.325,58,3.731,2,4.9,open-meteo-era5,26.819,88.505,8.99,4.67,3.867259918427883,5.73653265533132,1.7975528364849835,0,1,3000,295.1897144057178,0.7641,2007-05-25
0,same_place_other_date,glc-94,2014-05-11,5,26.81,88.526,25,West Bengal,1.4,0,2.9,69.6,111,111.7,68.207,0.5,6,1.11,3.52,27.8,98.51,0.351,0.359,0.195,31.3,21,0,156,11.764,65.389,0.416,0.909,0.325,58,1.152,0,,open-meteo-era5,26.819,88.505,5.35,4.67,0.18068535825545173,1.8584779706275034,0.6959501557632399,0,3,3000,295.1897144057178,0.5494,2014-04-23
0,same_place_other_date,glc-94,2010-05-31,5,26.81,88.526,25,West Bengal,18.7,5.7,25.5,87,246.3,322.5,121.88,3.8,6,9.83,19.97,39.98,204.31,0.371,0.366,0.326,29.3,23,0,156,11.764,65.389,0.416,0.909,0.325,58,1.383,0,,open-meteo-era5,26.819,88.505,5.35,4.67,1.5887850467289721,2.3230974632843795,2.0093457943925235,0,3,3000,295.1897144057178,0.6665,2010-05-09
0,nearby_place_same_date,glc-94,2007-06-15,6,26.976,88.425,25,West Bengal,41.7,9.5,59.6,178.4,187,237.8,104.552,4.2,7,14.58,26.74,66.62,134.89,0.424,0.412,0.336,23.9,22.5,0,378,12.558,218.758,-0.78,-0.626,0.469,321,4.234,2,4.9,open-meteo-era5,26.96,88.502,8.99,4.67,2.2098628105302187,2.834895916097251,0.881720430107527,0,0,64.97923249080179,393.38491093810353,0.7038,2007-05-25
1,event,glc-126,2007-07-16,7,27.15,88.38,25,Sikkim,17.3,8.6,43.3,288.3,486.4,717.1,307.309,2.7,7,15.14,46.44,126.22,268.15,0.413,0.422,0.416,23.3,20.3,0,1108,29.353,0.374,1,0.007,0.221,517,1,0,,open-meteo-era5,27.17,88.396,14.36,4.67,1.0051067780872796,2.8680859530441705,1.6645775301764163,0,0,270.78782676760244,140.76120463749035,0.4772,2007-06-26
0,same_place_other_date,glc-126,2018-06-01,6,27.15,88.38,25,Sikkim,15,5.9,22.4,61.5,184.1,297.2,102.801,3.1,7,2.8,8.3,38.88,177.91,0.387,0.386,0.427,25.7,17.5,0,1108,29.353,0.374,1,0.007,0.221,517,1.768,2,4.4,open-meteo-era5,27.17,88.396,8.99,4.67,0.8305524657026325,0.9772763387891308,1.1019651464590285,3,22,270.78782676760244,140.76120463749035,0.8276,2018-05-09
0,same_place_other_date,glc-126,2011-06-26,6,27.15,88.38,25,Sikkim,31.7,51.2,169.9,269.4,431.3,580.2,291.328,11.3,7,9.6,71.08,134.51,247.65,0.416,0.414,0.435,23.1,20.2,0,1108,29.353,0.374,1,0.007,0.221,517,4.006,1,5,open-meteo-era5,27.17,88.396,8.99,4.67,6.299592139414164,4.280947084061656,2.1512791991101228,1,12,270.78782676760244,140.76120463749035,0.6575000000000001,2011-05-25
0,nearby_place_same_date,glc-126,2007-07-16,7,27.434,88.284,25,Sikkim,13,11.7,44.6,220.4,331.2,588.4,225.709,2,7,8.48,25.38,73.85,165.65,0.426,0.427,0.413,16.5,11.8,0.77,2718,28.272,275.242,0.091,-0.996,-0.927,667,1,0,,open-meteo-era5,27.452,88.289,9.15,2.99,1.6247723132969034,3.4410616705698676,2.143533697632058,0,0,3000,3000,0.1348,2007-06-26
1,event,glc-130,2007-07-19,7,26.17,91.799,25,Assam,12.5,10.1,38.7,162.8,284.3,472.8,184.671,6.6,7,24.86,59.05,102.7,266.38,0.467,0.485,0.475,28.5,25.4,0,142,2.369,93.366,-0.059,0.998,0.132,156,1.834,1,4.8,open-meteo-era5,26.186,91.776,11.73,5.51,1.0997442455242967,1.9827061259286325,1.3435635123614662,0,0,319.29167129124096,2695.1662759609394,0.7786000000000001,2007-06-26
0,same_place_other_date,glc-130,2025-08-12,8,26.17,91.799,25,Assam,41.4,8.2,51.2,129.6,301.6,497.6,156.776,9,7,13.71,31.49,65.53,358.69,0.459,0.445,0.416,30.5,25.6,0,142,2.369,93.366,-0.059,0.998,0.132,156,1,0,,open-meteo-era5,26.186,91.776,9.21,5.51,1.8530582699963807,2.010237319683574,1.8009410061527324,14,32,319.29167129124096,2695.1662759609394,0.632,2025-07-12
0,same_place_other_date,glc-130,2015-06-30,6,26.17,91.799,25,Assam,3.4,2.2,30.5,40,226.7,441.5,137.287,1.2,5,1.86,5.76,44.62,343.9,0.484,0.486,0.473,30.7,25.3,0,142,2.369,93.366,-0.059,0.998,0.132,156,3.033,2,5.1,open-meteo-era5,26.186,91.776,12.46,5.51,0.8159443552701979,0.45861041045631734,1.1811128945960405,10,23,319.29167129124096,2695.1662759609394,0.8570000000000001,2015-06-10
0,nearby_place_same_date,glc-130,2007-07-19,7,26.315,91.553,25,Assam,14,3.3,28,195.9,277.9,442.5,189.055,1.5,7,37.63,59.69,113.05,295.66,0.465,0.478,0.471,29.8,26,0,48,0.296,,0,0,0.047,15,1.68,1,4.8,open-meteo-era5,26.327,91.582,11.3,5.33,0.8259587020648966,2.4766118836915294,1.3053097345132743,0,0,589.4765624915974,2398.1702669275865,0.5287000000000001,2007-06-26
1,event,glc-142,2007-07-27,7,25.521,90.232,10,Meghalaya,59.4,53,173.5,247.4,351.9,421.4,210.289,8.5,7,34.65,104.6,170.2,452.12,0.471,0.498,0.49,24,21,0,576,16.121,234.184,-0.585,-0.811,0.112,435,1,0,,open-meteo-era5,25.483,90.293,13.26,6.01,4.361488185017596,2.6653738418444304,1.0593262946204123,0,0,565.510072981407,3000,0.8063,2007-06-26
0,same_place_other_date,glc-142,2013-09-03,9,25.521,90.232,10,Meghalaya,17.9,7.9,32.1,49.5,121.3,280,72.222,4.2,7,13.31,35.9,73.68,284.64,0.503,0.499,0.482,26.4,22.1,0,576,16.121,234.184,-0.585,-0.811,0.112,435,1.192,2,4.2,open-meteo-era5,25.483,90.293,10.79,6.01,0.9916589434661724,0.6553687276578842,0.8649984553599012,0,0,565.510072981407,3000,0.5305,2013-08-13
0,same_place_other_date,glc-142,2008-06-16,6,25.521,90.232,10,Meghalaya,17.7,5.9,40.3,72.1,185.4,424.7,105.941,7.2,7,8.65,41.25,82.72,339.03,0.481,0.484,0.485,29.3,23.7,0,576,16.121,234.184,-0.585,-0.811,0.112,435,1.819,1,4.5,open-meteo-era5,25.483,90.293,13.24,6.01,1.01460221550856,0.7779456193353473,1.0692346424974823,0,0,565.510072981407,3000,0.766,2008-05-24
0,nearby_place_same_date,glc-142,2007-07-27,7,25.546,90.047,10,Meghalaya,46.1,45.7,144.7,222.9,326.5,385.2,196.536,8.6,7,34.65,104.6,170.2,452.12,0.427,0.426,0.437,27.6,24,0,41,1.008,,0,0,0.075,46,1,0,,open-meteo-era5,25.554,90,13.26,6.01,3.6375062845651076,2.4014221073044606,0.9683257918552035,0,0,1636.8907648050968,4.644210503287834,0.6890000000000001,2007-06-26
1,event,glc-147,2007-07-30,7,22.533,92.899,25,Mizoram,0.8,1.3,4.3,43.6,361.3,590.8,180.34,0.3,6,0.31,3.17,25.87,228.9,0.408,0.411,0.417,26.9,19.8,0,809,7.996,294.842,0.42,-0.907,-0.41,251,3.54,4,4.8,open-meteo-era5,22.531,92.894,12.01,4.12,0.11934499028587288,0.5186154395146902,1.6397446572300858,0,0,88.30442853193202,3000,0.4166,2007-07-12
0,same_place_other_date,glc-147,2021-07-21,7,22.533,92.899,25,Mizoram,1.4,24.3,32.6,86.8,266.3,509.8,170.961,15.8,7,3.49,33.52,80.66,350.06,0.42,0.423,0.419,28,20.1,0,809,7.996,294.842,0.42,-0.907,-0.41,251,2.221,3,4.5,open-meteo-era5,22.531,92.894,12.01,4.12,0.9048015542603386,1.0324729392173189,1.414932001110186,0,1,88.30442853193202,3000,0.6626000000000001,2021-06-26
0,same_place_other_date,glc-147,2026-08-15,8,22.533,92.899,25,Mizoram,14.5,4.8,37.5,94.4,243.7,476.5,147.685,6.4,7,7.41,18.21,80.39,349.6,0.41,0.415,0.423,27.2,21.3,0,809,7.996,294.842,0.42,-0.907,-0.41,251,2.005,3,4.8,open-meteo-era5,22.531,92.894,8.21,4.12,1.522533495736906,1.6425961371150164,1.934632561916362,0,1,88.30442853193202,3000,0.4053,2026-07-28
0,nearby_place_same_date,glc-147,2007-07-30,7,22.365,93.105,25,Mizoram,1,1.5,5.8,50.1,422.7,659.8,205.314,0.4,7,0.31,3.17,25.87,228.9,0.404,0.409,0.419,24.6,17.2,0,1279,11.144,281.041,0.192,-0.981,-0.534,372,3.131,4,4.8,open-meteo-era5,22.32,93.164,12.01,4.12,0.16097696364140993,0.5959319614606876,1.8312517346655564,0,0,1752.426529019983,2689.9474786218134,0.307,2007-07-12
1,event,glc-148,2007-07-30,7,22.479,92.967,25,Mizoram,0.8,1.3,4.3,43.6,361.3,590.8,180.34,0.3,6,0.31,3.17,25.87,228.9,0.405,0.409,0.419,29.3,22,0,441,9.031,161.834,-0.95,0.312,-1.033,428,3.397,4,4.8,open-meteo-era5,22.46,92.891,12.01,4.12,0.11934499028587288,0.5186154395146902,1.6397446572300858,0,0,44.48314828538645,600.7223878735404,0.3991,2007-07-12
0,same_place_other_date,glc-148,2007-09-12,9,22.479,92.967,25,Mizoram,8.9,3.1,23.7,99.3,207.3,385.4,127.412,2.5,7,0.29,3.46,70.56,164.99,0.417,0.42,0.421,28.9,22.3,0,441,9.031,161.834,-0.95,0.312,-1.033,428,2.738,6,4.6,open-meteo-era5,22.46,92.891,5.91,4.12,1.3367174280879863,2.4002900652646844,2.1737168640721936,0,1,44.48314828538645,600.7223878735404,0.8593000000000001,2007-08-13
0,same_place_other_date,glc-148,2010-09-10,9,22.479,92.967,25,Mizoram,7.5,7,20.9,55.5,127.6,258.5,79.684,2.5,7,7.08,14.89,19.67,214.28,0.414,0.416,0.413,27.3,22.6,0,441,9.031,161.834,-0.95,0.312,-1.033,428,2.203,1,5.1,open-meteo-era5,22.46,92.891,5.91,4.12,1.1787930062041736,1.3415518491660623,1.457980823463057,0,1,44.48314828538645,600.7223878735404,0.8935000000000001,2010-08-13
0,nearby_place_same_date,glc-148,2007-07-30,7,22.432,93.3,25,Mizoram,0.3,0.7,1.9,28.9,280.9,506.4,146.374,0.3,4,0.31,3.17,25.87,228.9,0.401,0.407,0.419,21.3,13.4,0,1925,5.34,312.955,0.681,-0.732,0.623,336,2.931,4,4.8,open-meteo-era5,22.46,93.358,4.76,1.92,0.1330532212885154,0.8673469387755102,3.5462184873949583,0,0,3000,3000,0.44970000000000004,2007-07-12
1,event,glc-151,2007-08-02,8,26.891,88.279,25,West Bengal,19,17,44.8,255.8,631.6,930,348.986,2.4,7,9.7,23.9,116.61,513.09,0.427,0.428,0.427,20.4,17.4,0,1493,25.855,307.621,0.61,-0.792,0.354,480,1,0,,open-meteo-era5,26.96,88.302,10.97,4.67,1.361288362199939,3.331162911837479,2.825888787602552,0,0,115.09593038544665,1641.357971480064,0.0494,2007-07-12
0,same_place_other_date,glc-151,2016-07-04,7,26.891,88.279,25,West Bengal,33.3,14.5,113.1,251.8,479.9,774.6,296.868,5,7,21.31,44.96,90.91,380.67,0.426,0.427,0.426,20.6,17.6,0,1493,25.855,307.621,0.61,-0.792,0.354,480,1.83,1,4.7,open-meteo-era5,26.96,88.302,14.36,4.67,2.6253481894150417,2.504974134500597,1.7980501392757662,14,29,115.09593038544665,1641.357971480064,0.05,2016-06-09
0,same_place_other_date,glc-151,2026-08-11,8,26.891,88.279,25,West Bengal,1.5,3.2,18.5,37.6,193.9,595.8,124.534,0.8,7,1.3,32.09,104.49,422.89,0.419,0.423,0.421,26.8,19.2,0,1493,25.855,307.621,0.61,-0.792,0.354,480,1,0,,open-meteo-era5,26.96,88.302,10.97,4.67,0.5621391674263141,0.48964708946477403,1.8103919781221511,15,31,115.09593038544665,1641.357971480064,0.7289,2026-07-12
0,nearby_place_same_date,glc-151,2007-08-02,8,26.926,87.919,25,West Bengal,19.4,14.4,42.7,246.2,596.1,889.1,330.614,2.8,7,9.7,23.9,116.61,513.09,0.425,0.427,0.425,22.6,19.1,0,1153,35.034,319.811,0.764,-0.645,-0.211,448,1,0,,open-meteo-era5,26.889,87.905,10.23,4.23,1.3913326816552622,3.4380673090350506,2.8970348647768,0,0,3000,3000,0.3388,2007-07-12
1,event,glc-210,2007-08-25,8,27.071,88.431,25,West Bengal,13.1,34.2,64.3,79.5,587.5,892,288.257,6.7,7,4.63,28.19,47.01,282.66,0.414,0.425,0.382,30.2,25.2,0,283,38.172,287.306,0.297,-0.955,-0.566,402,3.787,2,5,open-meteo-era5,27.1,88.398,10.97,4.67,1.953813430568216,1.035291053522594,2.710422364023093,0,1,36.44258983574474,176.86976045600542,0.6707000000000001,2007-07-28
0,same_place_other_date,glc-210,2018-08-22,8,27.071,88.431,25,West Bengal,47.9,51.1,108.1,123.6,314.7,559.7,167.296,16.3,7,42.21,75.03,84.92,431.86,0.423,0.428,0.401,30.6,25.5,0,283,38.172,287.306,0.297,-0.955,-0.566,402,1.797,0,,open-meteo-era5,27.1,88.398,10.97,4.67,3.2847158918261923,1.6095845813256933,1.7006988757216652,8,23,36.44258983574474,176.86976045600542,0.21380000000000002,2018-07-28
0,same_place_other_date,glc-210,2017-09-20,9,27.071,88.431,25,West Bengal,78.6,7.6,104.2,112.4,322.2,702.2,173.342,13.5,6,29.63,43.3,61.61,262.16,0.401,0.411,0.387,26.2,25.2,0,283,38.172,287.306,0.297,-0.955,-0.566,402,1,1,4.1,open-meteo-era5,27.1,88.398,8.78,4.67,3.9559605163249816,1.828831760494631,2.6659073652239944,8,23,36.44258983574474,176.86976045600542,0.7544000000000001,2017-08-29
0,nearby_place_same_date,glc-210,2007-08-25,8,26.811,88.279,25,West Bengal,8.7,12.5,37.4,64.1,460.8,766,215.494,1.7,7,4.63,28.19,47.01,282.66,0.424,0.426,0.409,29.1,24.2,0,276,4.77,197.904,-0.952,-0.307,0.029,185,3.707,2,5,open-meteo-era5,26.819,88.306,10.97,4.67,1.1364326952294135,0.8347441073056386,2.3275600121543603,0,1,471.31928878900294,390.2573334551219,0.8334,2007-07-28
1,event,glc-211,2007-08-26,8,24.967,93.55,5,Manipur,68.7,16.9,96.5,115.8,153.9,202.5,58.763,6.7,7,5.9,7.74,30.56,114.31,0.426,0.426,0.409,22.8,21.7,0,567,15.11,244.12,-0.436,-0.9,-0.454,261,1.807,6,4.8,open-meteo-era5,24.921,93.484,6.15,3.7,5.230352303523034,2.689895470383275,1.0975609756097562,0,0,53.33270526716498,224.89432805879443,0.8839,2007-07-28
0,same_place_other_date,glc-211,2020-10-07,10,24.967,93.55,5,Manipur,2,33.4,59.3,84.8,157.7,282.7,110.981,7.7,7,2.5,26.39,52.06,200,0.425,0.425,0.406,27.4,21,0,567,15.11,244.12,-0.436,-0.9,-0.454,261,2.399,7,5.1,open-meteo-era5,24.921,93.484,3.66,3.7,5.400728597449908,3.3099141295862604,2.5746812386156646,2,6,53.33270526716498,224.89432805879443,0.8661000000000001,2020-09-13
0,same_place_other_date,glc-211,2014-07-13,7,24.967,93.55,5,Manipur,2.1,3.2,11.2,19.2,73.5,329.4,61.534,2,6,5.42,11.12,15.16,318.71,0.402,0.402,0.394,31.3,24,0,567,15.11,244.12,-0.436,-0.9,-0.454,261,2.556,4,4.3,open-meteo-era5,24.921,93.484,7.53,3.7,0.4957945993802567,0.36425725668753556,1.4581673306772907,2,6,53.33270526716498,224.89432805879443,0.6603,2014-06-10
0,nearby_place_same_date,glc-211,2007-08-26,8,25.075,93.616,5,Manipur,68.7,16.9,96.5,115.8,153.9,202.5,58.763,6.7,7,5.9,7.74,30.56,114.31,0.423,0.421,0.397,20.2,19.1,0,1140,14.785,316.478,0.725,-0.689,0.631,254,1.716,6,4.8,open-meteo-era5,25.062,93.588,6.15,3.7,5.230352303523034,2.689895470383275,1.0975609756097562,0,0,518.5446409715802,2301.566161942779,0.8795000000000001,2007-07-28
1,event,glc-218,2007-08-29,8,27.01,88.255,10,West Bengal,16.1,17.4,44.4,115.2,260.7,584.4,162.549,2.1,7,2.51,7.39,40.94,202.7,0.419,0.418,0.411,18.1,13.3,0,2315,19.197,193.206,-0.974,-0.228,0.297,285,3.992,2,5,open-meteo-era5,27.03,88.2,10.97,4.67,1.349134001823154,1.500195337934627,1.7757520510483134,0,1,108.18312763220169,481.9665221209447,0.617,2007-07-28
0,same_place_other_date,glc-218,2016-09-06,9,27.01,88.255,10,West Bengal,11.1,12.9,37,199.3,272.3,426.4,193.909,1.9,7,6.51,26.09,94.64,235.65,0.425,0.426,0.429,17,13.6,0,2315,19.197,193.206,-0.974,-0.228,0.297,285,2.801,0,,open-meteo-era5,27.03,88.2,8.78,4.67,1.4047076689445712,3.2427595183859426,1.618830675778284,8,26,108.18312763220169,481.9665221209447,0.1728,2016-08-12
0,same_place_other_date,glc-218,2012-10-08,10,27.01,88.255,10,West Bengal,2.5,2.5,9.4,103.6,197.6,787,178.096,1,7,0.03,0.03,6.22,248.96,0.406,0.412,0.417,17.9,8.8,0,2315,19.197,193.206,-0.974,-0.228,0.297,285,3.504,1,4.6,open-meteo-era5,27.03,88.2,2.66,4.67,1.1779448621553885,5.563909774436089,9.862155388471177,5,19,108.18312763220169,481.9665221209447,0.7073,2012-09-13
0,nearby_place_same_date,glc-218,2007-08-29,8,27.339,88.292,10,West Bengal,16.1,17.4,44.4,115.2,260.7,584.4,162.549,2.1,7,1.78,5.43,27.2,148.97,0.429,0.425,0.429,19.6,14.9,0,1780,25.607,166.675,-0.973,0.23,0.482,813,4.154,2,5,open-meteo-era5,27.311,88.292,7.27,2.99,2.0357634112792296,2.263706032619375,2.6795048143053646,0,0,179.2065312769657,1003.895004169777,0.9118,2007-07-28
1,event,glc-221,2007-08-31,8,22.646,88.34,10,West Bengal,6.8,1.7,12.2,46.4,115.7,264.9,72.191,2.7,7,0,1.2,13.08,246.06,0.392,0.401,0.383,32.1,26,0,9,0.271,,0,0,-0.009,8,1.413,1,4.5,open-meteo-era5,22.671,88.316,10.9,4.7,0.37308868501529047,0.6081258191349934,0.810091743119266,0,0,89.3277177797944,1182.419570847622,0.1355,2007-08-13
0,same_place_other_date,glc-221,2026-09-11,9,22.646,88.34,10,West Bengal,9,21,46.8,74,211.3,349.7,124.802,5.6,7,5.37,20.33,43.22,326.5,0.397,0.394,0.374,30.5,26.2,0,9,0.271,,0,0,-0.009,8,1,0,,open-meteo-era5,22.671,88.316,8.88,4.7,1.7567567567567566,1.1904761904761905,1.3126876876876874,0,0,89.3277177797944,1182.419570847622,0.3425,2026-08-13
0,same_place_other_date,glc-221,2024-08-07,8,22.646,88.34,10,West Bengal,5.3,6.6,79.9,185.3,324,430.7,209.724,2.4,7,9.17,44.04,178.64,407.03,0.414,0.416,0.422,30.9,25.9,0,9,0.271,,0,0,-0.009,8,1,0,,open-meteo-era5,22.671,88.316,10.9,4.7,2.4434250764525993,2.428571428571429,1.317125382262997,0,0,89.3277177797944,1182.419570847622,0.2436,2024-07-11
0,nearby_place_same_date,glc-221,2007-08-31,8,22.415,88.255,10,West Bengal,8.3,1.5,13.7,53.4,133.8,292.1,80.754,4.3,7,0,1.2,13.08,246.06,0.484,0.486,0.456,32.1,26.2,0,4,0.816,,0,0,-0.08,11,1.323,1,4.5,open-meteo-era5,22.39,88.23,10.9,4.7,0.418960244648318,0.6998689384010485,0.8932721712538227,0,0,1.422309954757531,3000,0.1502,2007-08-13
1,event,glc-220,2007-08-31,8,25.133,93.967,25,Manipur,7.5,5.1,30.1,126.6,163.9,257.3,116.969,1.8,7,1.28,4.27,19.59,103.33,0.484,0.494,0.501,26,20.7,0,1012,0.995,,0,0,0.009,100,1.679,4,4.6,open-meteo-era5,25.132,93.981,6.15,3.7,1.6314363143631434,2.9407665505226475,1.394579945799458,0,0,173.919300640327,130.81896731760636,0.5258,2007-08-13
0,same_place_other_date,glc-220,2007-10-07,10,25.133,93.967,25,Manipur,8.8,8.8,19.4,45.7,70.1,207.1,51.534,4.7,5,8.45,9.93,14.19,74.86,0.461,0.446,0.42,25.8,19.7,0,1012,0.995,,0,0,0.009,100,2.038,6,4.6,open-meteo-era5,25.132,93.981,3.66,3.7,1.7668488160291438,1.7837626854020296,1.8861566484517303,0,0,173.919300640327,130.81896731760636,0.7206,2007-09-14
0,same_place_other_date,glc-220,2024-10-12,10,25.133,93.967,25,Manipur,2.4,1.8,8.9,38,140.5,218.3,78.566,0.7,7,2.64,17.81,48.13,203.58,0.482,0.478,0.449,25.6,17.2,0,1012,0.995,,0,0,0.009,100,2.053,3,4.5,open-meteo-era5,25.132,93.981,3.66,3.7,0.8105646630236795,1.4832162373145978,1.9881602914389798,0,2,173.919300640327,130.81896731760636,0.7661,2024-09-13
0,nearby_place_same_date,glc-220,2007-08-31,8,25.43,94.02,25,Manipur,16.7,13.9,50.7,169.7,240.3,418.9,168.58,2.9,7,2.23,5.86,21.95,116.19,0.423,0.424,0.427,27,21.3,0,1035,21.468,185.991,-0.995,-0.104,-0.121,403,1.472,4,4.6,open-meteo-era5,25.413,93.998,6.32,3.58,2.6740506329113924,3.835895117540687,2.209388185654008,0,0,1176.9433816635424,472.7587198805215,0.6378,2007-08-13
1,event,glc-231,2007-09-05,9,27.068,88.281,5,West Bengal,109.7,39.9,172.5,231.6,299.9,656.2,168.336,10.6,7,41.6,67.11,113.85,288.88,0.427,0.427,0.429,18.9,16.7,0,1729,5.629,63.435,0.447,0.894,0.537,357,4.018,2,5,open-meteo-era5,27.03,88.2,8.78,4.67,6.548974943052393,3.768304588350147,2.491268033409264,0,3,945.5556560916926,2006.6403736935818,0.5514,2007-08-13
0,same_place_other_date,glc-231,2016-09-02,9,27.068,88.281,5,West Bengal,33.1,18.2,61.6,90.2,143.8,254.3,82.282,5.5,7,19.44,46.81,72.74,199.64,0.426,0.426,0.416,20.5,18,0,1729,5.629,63.435,0.447,0.894,0.537,357,2.796,0,,open-meteo-era5,27.03,88.2,8.78,4.67,2.3386484434320427,1.467621217051741,0.9654517843583904,5,19,945.5556560916926,2006.6403736935818,0.7396,2016-08-12
0,same_place_other_date,glc-231,2023-10-12,10,27.068,88.281,5,West Bengal,2.3,3.2,8.1,36.6,82.6,256.1,70.854,1.7,6,4.7,9.54,34.74,292.44,0.396,0.397,0.405,19.4,13,0,1729,5.629,63.435,0.447,0.894,0.537,357,1.885,1,4.9,open-meteo-era5,27.03,88.2,2.66,4.67,1.0150375939849623,1.9656283566058002,3.2092731829573933,5,20,945.5556560916926,2006.6403736935818,0.8624,2023-09-14
0,nearby_place_same_date,glc-231,2007-09-05,9,27.264,87.944,5,West Bengal,106.6,34.9,162.7,223.2,288.4,591.6,156.154,10.3,7,19.72,39.91,73.64,204.42,0.427,0.428,0.429,21.6,18.2,0,1517,24.381,129.289,-0.633,0.774,0.356,385,4.836,2,5,open-meteo-era5,27.241,87.893,5.35,3.01,10.137071651090343,5.959946595460615,3.685981308411215,0,0,1762.0721047034867,1863.9966939533374,0.8855000000000001,2007-08-13
1,event,glc-241,2007-09-07,9,27.201,88.488,25,,121,81.8,246.8,347.6,466,1014,294.059,8.8,7,48.76,109.89,146.28,333.64,0.426,0.424,0.429,25.5,23.8,0,387,29.792,241.899,-0.471,-0.882,0.308,365,3.772,2,5,open-meteo-era5,27.17,88.497,8.78,4.67,9.369779802581627,5.655711031565247,3.8496583143507976,0,1,26.602118458165208,102.1579938339135,0.6883,2007-08-13
0,same_place_other_date,glc-241,2011-08-22,8,27.201,88.488,25,,23.4,18.1,42.4,444.8,560.6,943.9,378.818,3,6,12.57,25.47,156.42,517.23,0.413,0.411,0.391,27.6,24.6,0,387,29.792,241.899,-0.471,-0.882,0.308,365,1,1,4,open-meteo-era5,27.17,88.497,10.97,4.67,1.288362199939228,5.792420888136475,2.8681251899118805,3,11,26.602118458165208,102.1579938339135,0.42660000000000003,2011-07-28
0,same_place_other_date,glc-241,2021-10-09,10,27.201,88.488,25,,13.4,1.9,20.8,25.6,41.6,84.9,23.638,2.2,6,2.51,13.39,71.01,203.19,0.343,0.314,0.298,28.4,24,0,387,29.792,241.899,-0.471,-0.882,0.308,365,1.412,2,4.5,open-meteo-era5,27.17,88.497,2.66,4.67,2.606516290726817,1.3748657357679914,1.0639097744360901,4,16,26.602118458165208,102.1579938339135,0.6643,2021-09-14
0,nearby_place_same_date,glc-241,2007-09-07,9,27.098,88.402,25,,121,81.8,246.8,347.6,466,1014,294.059,8.8,7,42.18,104.01,140.79,332.25,0.428,0.433,0.425,22.4,21,0,665,29.754,155.576,-0.911,0.413,-0.298,535,3.852,2,5,open-meteo-era5,27.1,88.398,8.78,4.67,9.369779802581627,5.655711031565247,3.8496583143507976,1,3,746.6851194027207,896.6099851973421,0.8271000000000001,2007-08-13
1,event,glc-242,2007-09-07,9,26.883,88.283,25,West Bengal,200.5,81.2,391.4,483.9,562.5,923.8,315.751,11.5,7,42.18,104.01,140.79,332.25,0.427,0.428,0.427,18.3,16.5,0,1701,18.032,258.521,-0.199,-0.98,-0.105,379,3.796,2,5,open-meteo-era5,26.96,88.202,8.78,4.67,14.859529233105544,7.873413602342988,3.5072133637053913,1,2,528.0340924576639,2585.6683957499167,0.0694,2007-08-13
0,same_place_other_date,glc-242,2025-07-28,7,26.883,88.283,25,West Bengal,43.8,11.8,69.3,116.6,251,384.3,124.414,11,7,34.42,58.78,88.05,353.99,0.419,0.418,0.418,21.4,18.1,0,1701,18.032,258.521,-0.199,-0.98,-0.105,379,1,0,,open-meteo-era5,26.96,88.202,14.36,4.67,1.6086350974930361,1.1599681655391962,0.8920612813370474,17,29,528.0340924576639,2585.6683957499167,0.0752,2025-06-26
0,same_place_other_date,glc-242,2018-08-05,8,26.883,88.283,25,West Bengal,14.3,12.1,49.4,170.3,299.9,528.7,195.165,3.6,7,16.7,26.17,110.57,298.12,0.423,0.422,0.422,23.4,17,0,1701,18.032,258.521,-0.199,-0.98,-0.105,379,1.727,0,,open-meteo-era5,26.96,88.202,10.97,4.67,1.5010635065329685,2.217736684464123,1.6065025828015802,17,29,528.0340924576639,2585.6683957499167,0.466,2018-07-12
0,nearby_place_same_date,glc-242,2007-09-07,9,26.684,88.109,25,West Bengal,179.5,82,317.5,364.4,452.6,1019.5,251.763,13.4,7,55.57,135.71,171.55,377.42,0.426,0.429,0.427,24,22.7,0,153,0.797,,0,0,0.162,20,3.671,2,5,open-meteo-era5,26.678,88.111,9.71,4.86,10.899416409200136,5.3611887597469465,3.4998283556470993,0,0,3000,3000,0.6809000000000001,2007-08-13
1,event,glc-252,2007-09-09,9,25.499,94.119,25,Nagaland,26.6,48.7,93.7,186.3,418.9,614.8,239.124,5.9,7,7.1,33.68,96.99,204.64,0.474,0.501,0.5,20.9,16.2,0,1951,19.855,318.526,0.749,-0.662,-0.14,266,1.429,3,4.6,open-meteo-era5,25.554,94.104,5.37,3.58,5.816263190564867,4.956105347166799,3.8162631905648663,0,0,867.1046019068046,3000,0.1221,2007-08-13
0,same_place_other_date,glc-252,2011-08-16,8,25.499,94.119,25,Nagaland,20.9,15.1,45,127,366.1,643.7,208.238,3.6,7,9.59,36.92,71.46,345.05,0.507,0.491,0.485,19,14.9,0,1951,19.855,318.526,0.749,-0.662,-0.14,266,1.465,2,4.2,open-meteo-era5,25.554,94.104,6.32,3.58,2.373417721518987,2.8707052441229655,3.395042194092827,3,9,867.1046019068046,3000,0.5028,2011-07-28
0,same_place_other_date,glc-252,2013-08-10,8,25.499,94.119,25,Nagaland,27,5.6,54.6,143.6,275.6,559.7,168.76,6.7,7,1.14,7.76,72.91,248.58,0.492,0.491,0.499,22.8,15.6,0,1951,19.855,318.526,0.749,-0.662,-0.14,266,2.371,1,5,open-meteo-era5,25.554,94.104,6.32,3.58,2.8797468354430378,3.2459312839059673,2.9520042194092824,3,12,867.1046019068046,3000,0.41050000000000003,2013-07-12
0,nearby_place_same_date,glc-252,2007-09-09,9,25.279,94.394,25,Nagaland,6.6,14,38.7,179,333.4,510,209.214,1.9,7,7.1,33.68,96.99,204.64,0.49,0.498,0.479,21.6,17.4,0,1602,15.925,297.973,0.469,-0.883,-0.195,250,1.569,3,4.6,open-meteo-era5,25.272,94.378,5.12,3.4,2.5195312500000004,4.994419642857142,3.3203125,0,0,239.65082475932414,2422.028902964612,0.8365,2007-08-13
1,event,glc-256,2007-09-10,9,27.343,88.624,10,Sikkim,26.5,78.5,165.1,441.8,750.8,1381.5,525.126,6.5,7,3.95,11.79,84.86,221.14,0.425,0.43,0.417,19.7,15.8,0,2053,25.506,173.204,-0.993,0.118,0.482,455,1.742,1,4,open-meteo-era5,27.311,88.694,5.11,2.99,10.769732550554467,12.351132233715402,9.01174168297456,0,1,155.61601423506187,1875.792506770831,0.8637,2007-08-13
0,same_place_other_date,glc-256,2014-10-17,10,27.343,88.624,10,Sikkim,16.3,2.2,30.3,35.9,50.1,394.7,51.615,3,5,0,0.09,3.7,67.98,0.376,0.364,0.329,16.1,12,0,2053,25.506,173.204,-0.993,0.118,0.482,455,1.289,0,,open-meteo-era5,27.311,88.694,1.55,2.99,6.516129032258064,3.3087557603686637,8.488172043010753,6,13,155.61601423506187,1875.792506770831,0.5893,2014-09-14
0,same_place_other_date,glc-256,2023-09-23,9,27.343,88.624,10,Sikkim,17.8,12.5,62,85,226.3,492.3,147.1,2,6,22.82,52.13,69.46,186.58,0.426,0.427,0.405,17.9,14.2,0,2053,25.506,173.204,-0.993,0.118,0.482,455,1,0,,open-meteo-era5,27.311,88.694,5.11,2.99,4.044357469015003,2.376292982946603,3.211350293542074,6,13,155.61601423506187,1875.792506770831,0.8009000000000001,2023-08-29
0,nearby_place_same_date,glc-256,2007-09-10,9,27.154,88.868,10,Sikkim,19.8,36.7,101.8,318.3,536.8,1062,374.362,4.6,7,7.67,21.35,147.49,343.15,0.427,0.426,0.412,23,18.7,0,1439,15.148,279.377,0.163,-0.987,0.538,443,1.435,1,4,open-meteo-era5,27.1,88.899,8.78,4.67,3.8648443432042527,5.178978197201433,4.031890660592255,0,0,2286.809415657377,1271.6638327768155,0.3496,2007-08-13
1,event,glc-255,2007-09-10,9,24.245,94.069,25,Manipur,4.1,2.1,10.2,116,204.7,369.5,133.441,0.7,7,0.73,10.16,46.05,95.69,0.43,0.432,0.43,22.5,17.4,0,1291,30.917,133.22,-0.685,0.729,-0.146,514,2.661,4,4.6,open-meteo-era5,24.218,94.021,3.74,2.65,0.909090909090909,4.4308632543926665,3.2932263814616753,0,0,78.02233525383072,1730.7998882007205,0.1761,2007-08-13
0,same_place_other_date,glc-255,2011-09-08,9,24.245,94.069,25,Manipur,10.5,17.5,89.3,97.4,129.5,302.8,117.494,3.1,7,6.38,37.01,44.67,140.5,0.432,0.439,0.434,22.4,17.2,0,1291,30.917,133.22,-0.685,0.729,-0.146,514,1,0,,open-meteo-era5,24.218,94.021,3.74,2.65,7.959001782531193,3.720397249809015,2.698752228163993,0,0,78.02233525383072,1730.7998882007205,0.7476,2011-08-13
0,same_place_other_date,glc-255,2011-08-01,8,24.245,94.069,25,Manipur,3.5,1.1,9.1,41.3,188.4,341,99.829,2,7,1.53,3.77,9.7,180.32,0.42,0.424,0.421,26,18.9,0,1291,30.917,133.22,-0.685,0.729,-0.146,514,1.409,1,4,open-meteo-era5,24.218,94.021,4.37,2.65,0.6941266209000763,1.3501144164759724,2.6010678871090773,0,0,78.02233525383072,1730.7998882007205,0.5700000000000001,2011-07-12
0,nearby_place_same_date,glc-255,2007-09-10,9,24.344,94.04,25,Manipur,4.1,2.1,10.2,116,204.7,369.5,133.441,0.7,7,2.16,25.43,106.78,200.47,0.485,0.486,0.471,24.4,19.4,0,1121,14.152,314.615,0.702,-0.712,1.191,415,2.551,4,4.6,open-meteo-era5,24.359,94.03,5.01,3.47,0.6786427145708582,3.307670373538637,2.4584165003326683,0,0,2719.153642946552,2796.1367484653115,0.869,2007-08-13
1,event,glc-260,2007-09-11,9,27.208,88.491,5,,7.7,18.8,70.5,423.3,575,1127.7,424.72,2.7,7,6.06,18.55,137.3,336.55,0.43,0.431,0.429,28.3,24.3,0,346,28.805,286.981,0.292,-0.956,-0.962,455,1.734,1,4,open-meteo-era5,27.17,88.497,8.78,4.67,2.676537585421413,6.8874064432151005,4.281321184510251,1,2,10.980725875993064,196.73248118702386,0.773,2007-08-13
0,same_place_other_date,glc-260,2009-10-09,10,27.208,88.491,5,,7.3,54.6,231,249.7,253.6,465.6,244.349,9.4,6,0.53,160.87,181.56,220.84,0.42,0.428,0.426,28.4,24.2,0,346,28.805,286.981,0.292,-0.956,-0.962,455,3.522,3,6.1,open-meteo-era5,27.17,88.497,2.66,4.67,28.94736842105263,13.41031149301826,5.834586466165413,1,6,10.980725875993064,196.73248118702386,0.6507000000000001,2009-09-14
0,same_place_other_date,glc-260,2026-08-07,8,27.208,88.491,5,,14.5,3.8,43.5,137.7,224.8,626.4,172.247,2.4,7,5.26,54.23,164.32,487.71,0.407,0.417,0.416,33.4,25.7,0,346,28.805,286.981,0.292,-0.956,-0.962,455,1,1,4.3,open-meteo-era5,27.17,88.497,10.97,4.67,1.3217866909753873,1.7932022398749834,1.9033728350045578,2,15,10.980725875993064,196.73248118702386,0.42900000000000005,2026-07-12
0,nearby_place_same_date,glc-260,2007-09-11,9,27.258,88.614,5,,28.4,26.5,133.4,418,758.4,1363.4,498.448,3.1,7,2.8,11.32,72.69,215.49,0.433,0.434,0.433,22.3,17.2,0,1344,28.689,208.805,-0.876,-0.482,-0.125,525,1.689,1,4,open-meteo-era5,27.311,88.594,5.11,2.99,8.701891715590346,11.685770198490355,8.893672537508154,0,1,14.479883241847139,2620.116852258151,0.4476,2007-08-13
1,event,glc-264,2007-09-13,9,26.183,91.8,10,Assam,6.7,3.6,11.9,120.1,369,596.1,215.461,3.6,7,2.25,9.52,143.47,391.61,0.49,0.482,0.466,31.8,24.9,0,67,1.1,,0,0,0.047,57,1,0,,open-meteo-era5,26.186,91.776,7.6,5.51,0.5219298245614036,2.2575187969924815,2.6144736842105263,1,1,68.39246315682361,3000,0.4888,2007-08-13
0,same_place_other_date,glc-264,2013-10-19,10,26.183,91.8,10,Assam,3,1.3,6.3,9,47.6,175.4,31.382,1.2,4,2.94,11.38,18.12,271.6,0.425,0.411,0.437,30,22.7,0,67,1.1,,0,0,0.047,57,2.12,2,4.6,open-meteo-era5,26.186,91.776,4.36,5.51,0.48165137614678893,0.2948885976408912,1.3409785932721712,4,11,68.39246315682361,3000,0.403,2013-09-30
0,same_place_other_date,glc-264,2008-08-24,8,26.183,91.8,10,Assam,1.7,5,25.6,203.4,478.2,819.3,271.228,3.1,7,1.26,4.75,60.66,254.81,0.457,0.494,0.489,31.1,26.1,0,67,1.1,,0,0,0.047,57,2.264,1,4.8,open-meteo-era5,26.186,91.776,9.21,5.51,0.9265291349981903,3.1549557933922756,2.9652551574375674,1,1,68.39246315682361,3000,0.5039,2008-07-27
0,nearby_place_same_date,glc-264,2007-09-13,9,26.113,91.75,10,Assam,8.9,8.7,18,266.6,481.1,689.6,286.381,2.5,6,2.25,9.52,143.47,391.61,0.492,0.483,0.45,31.7,24.6,0,57,0.689,,0,0,0,47,1,0,,open-meteo-era5,26.116,91.774,7.6,5.51,0.7894736842105264,5.011278195488723,3.024561403508772,0,1,97.14517351500457,3000,0.49060000000000004,2007-08-13
1,event,glc-313,2007-10-16,10,25.706,94.013,5,Nagaland,26.3,26,63.5,113.4,268.7,364.9,155.718,4,6,15.77,31.91,39.47,88.92,0.478,0.479,0.505,18.6,16.7,0,1460,15.794,138.468,-0.749,0.663,0.197,352,1.57,4,4.5,open-meteo-era5,25.694,94.015,3.24,3.58,6.532921810699588,5,3.7541152263374484,0,0,450.8786751614461,3000,0.8772000000000001,2007-09-14
0,same_place_other_date,glc-313,2018-11-29,11,25.706,94.013,5,Nagaland,0,0,0,0.7,6,32.1,5.191,0,0,0,0,0,5.93,0.379,0.402,0.417,18.9,10.6,0,1460,15.794,138.468,-0.749,0.663,0.197,352,2.677,4,5.2,open-meteo-era5,25.694,94.015,0.73,3.58,0,0.13698630136986303,1.4657534246575343,2,14,450.8786751614461,3000,0.8686,2018-11-01
0,same_place_other_date,glc-313,2014-10-17,10,25.706,94.013,5,Nagaland,2.8,3.3,9.8,57.4,74.9,255.5,61.404,0.6,7,0.48,13.89,24.95,172.99,0.487,0.485,0.443,21.9,16.1,0,1460,15.794,138.468,-0.749,0.663,0.197,352,2.187,1,4.5,open-meteo-era5,25.694,94.015,3.24,3.58,1.008230452674897,2.5308641975308643,2.6286008230452675,2,11,450.8786751614461,3000,0.8987,2014-09-14
0,nearby_place_same_date,glc-313,2007-10-16,10,25.588,93.782,5,Nagaland,20.4,22.9,53.8,97.5,232.8,358.1,140.34,4,7,15.77,31.91,39.47,88.92,0.481,0.5,0.482,18.1,16.3,0,1376,24.574,250.224,-0.338,-0.941,-0.524,508,1.612,4,4.5,open-meteo-era5,25.554,93.811,3.24,3.58,5.534979423868312,4.298941798941799,3.6841563786008233,0,0,1258.333279494942,1648.5227540548663,0.9188000000000001,2007-09-14
1,event,glc-322,2007-10-21,10,24.75,93.433,25,Assam,1.4,10.8,17.4,66.3,156.6,231.3,88.987,3.6,7,2.38,19.51,65.78,136.18,0.41,0.409,0.415,25.5,15.7,0,472,26.854,129.806,-0.64,0.768,-0.194,505,2.098,4,4.5,open-meteo-era5,24.78,93.476,3.66,3.7,1.5846994535519123,2.5878220140515222,2.1065573770491803,0,0,317.8780619070782,3000,0.8480000000000001,2007-09-30
0,same_place_other_date,glc-322,2024-10-22,10,24.75,93.433,25,Assam,0,0.2,0.3,18.2,70.2,262.4,53.841,0.1,2,1.68,1.81,21.84,318.83,0.354,0.364,0.358,29.5,18,0,472,26.854,129.806,-0.64,0.768,-0.194,505,1.907,5,4.5,open-meteo-era5,24.78,93.476,3.66,3.7,0.0273224043715847,0.7103825136612021,2.3897996357012747,4,5,317.8780619070782,3000,0.9141,2024-09-29
0,same_place_other_date,glc-322,2015-11-04,11,24.75,93.433,25,Assam,0.1,0.1,0.2,2.9,2.9,88.7,9.249,0.1,1,3.94,7.31,17.19,95.76,0.296,0.306,0.351,24.9,16.4,0,472,26.854,129.806,-0.64,0.768,-0.194,505,3.109,5,4.8,open-meteo-era5,24.78,93.476,0.77,3.7,0.08658008658008658,0.5380333951762523,3.8398268398268396,4,5,317.8780619070782,3000,0.9032,2015-10-16
0,nearby_place_same_date,glc-322,2007-10-21,10,24.942,93.669,25,Assam,0.6,9.3,11.4,50.9,134.2,171.3,69.613,3.2,6,2.79,21.88,64.95,124.21,0.431,0.427,0.433,25.5,16.2,0,647,25.31,302.963,0.544,-0.839,-0.352,370,2.089,3,4.5,open-meteo-era5,24.921,93.581,3.66,3.7,1.0382513661202186,1.9867291178766586,1.5601092896174862,0,1,799.8587607985221,541.2031145800323,0.9192,2007-09-30
1,event,glc-585,2008-06-14,6,27.1,93.629,25,Arunachal Pradesh,22.8,15.9,48.6,96.2,226.6,367.2,121.706,2.7,7,42.4,85.43,148.59,427.26,0.5,0.504,0.473,25.3,23.1,0,406,5.513,305.707,0.584,-0.812,0,125,2.036,3,4.5,open-meteo-era5,27.1,93.604,12.93,6.02,1.2529002320185616,1.0628659816594852,0.9466357308584687,0,0,90.5183476838227,2021.47600019212,0.31010000000000004,2008-05-24
0,same_place_other_date,glc-585,2013-06-07,6,27.1,93.629,25,Arunachal Pradesh,5.5,6.9,22.3,34.5,100.7,245.9,64.738,1.1,7,11.73,35.92,56.6,228.97,0.478,0.503,0.478,28.4,24.1,0,406,5.513,305.707,0.584,-0.812,0,125,1,0,,open-meteo-era5,27.1,93.604,12.93,6.02,0.5748904356792989,0.3811733510109381,0.6339262696571282,0,3,90.5183476838227,2021.47600019212,0.2988,2013-05-09
0,same_place_other_date,glc-585,2015-05-11,5,27.1,93.629,25,Arunachal Pradesh,3.7,2.6,6.6,23,59.4,222.4,52.161,1.7,6,2.96,3.88,12.81,136.26,0.468,0.461,0.493,28,21.3,0,406,5.513,305.707,0.584,-0.812,0,125,4.386,2,4.8,open-meteo-era5,27.1,93.604,9.01,6.02,0.244173140954495,0.3646741715554146,0.8227894931557529,1,5,90.5183476838227,2021.47600019212,0.3264,2015-04-23
0,nearby_place_same_date,glc-585,2008-06-14,6,27.032,93.741,25,Arunachal Pradesh,22.8,15.9,48.6,96.2,226.6,367.2,121.706,2.7,7,42.4,85.43,148.59,427.26,0.419,0.423,0.429,26.5,23.9,0,118,0.8,,0,0,0.029,45,1.926,3,4.5,open-meteo-era5,27.03,93.7,12.93,6.02,1.2529002320185616,1.0628659816594852,0.9466357308584687,0,0,433.2028815132071,3000,0.2157,2008-05-24
1,event,glc-587,2008-06-15,6,27.23,94.099,25,Assam,1.8,40.2,71.6,130.2,266,438.8,172.297,4,7,1.5,64.37,149.51,433.44,0.42,0.421,0.436,30.9,24.1,0,96,0.199,,0,0,0.01,10,1.979,4,4.5,open-meteo-era5,27.241,94.114,12.93,6.02,1.8458365558133538,1.4385150812064966,1.1312193864398041,0,0,126.50129058648051,3000,0.6179,2008-05-24
0,same_place_other_date,glc-587,2016-05-16,5,27.23,94.099,25,Assam,66.7,13.2,98.6,106,122.5,357.7,72.529,10.5,6,39.17,69.67,89.52,282.98,0.408,0.359,0.373,24.2,21.5,0,96,0.199,,0,0,0.01,10,1.352,0,,open-meteo-era5,27.241,94.114,9.01,6.02,3.6477987421383644,1.680672268907563,1.3233444321124674,0,0,126.50129058648051,3000,0.5153,2016-04-22
0,same_place_other_date,glc-587,2011-05-25,5,27.23,94.099,25,Assam,0,21,29.7,86.8,128.8,234.3,95.426,2.1,6,0.85,61.03,99.28,197.25,0.426,0.417,0.369,29.8,22,0,96,0.199,,0,0,0.01,10,1.099,4,4.4,open-meteo-era5,27.241,94.114,9.01,6.02,1.0987791342952276,1.3762486126526081,0.8668146503884573,0,0,126.50129058648051,3000,0.5164,2011-04-23
0,nearby_place_same_date,glc-587,2008-06-15,6,27.135,93.817,25,Assam,3.2,38.3,64,117.7,304.7,474.8,179.339,3.9,7,2.5,69.15,144.84,429.65,0.421,0.422,0.434,29.9,23.6,0,123,9.939,178.798,-1,0.021,-0.182,92,2.017,4,4.5,open-meteo-era5,27.17,93.808,12.93,6.02,1.6499097705594226,1.3004087946083307,1.2240268110337718,0,0,48.085231174315815,1260.2454266735306,0.48400000000000004,2008-05-24
1,event,glc-594,2008-06-19,6,24.934,93.828,25,Manipur,15.6,6.9,40.1,61.2,128.5,226.2,77.161,1.8,7,6.03,24.82,47.27,140.97,0.491,0.485,0.402,24,19.6,0,1033,13.797,92.806,-0.049,0.999,0.278,287,1.729,5,4.6,open-meteo-era5,24.921,93.871,7.25,3.7,1.8436781609195403,1.2059113300492612,1.04,0,0,1065.9304447902111,1824.4043927712637,0.22130000000000002,2008-05-24
0,same_place_other_date,glc-594,2013-05-15,5,24.934,93.828,25,Manipur,2,2.6,6.1,269.3,594.4,694.3,337.665,0.4,7,2.32,12.64,80.85,296.28,0.466,0.464,0.501,23.4,18.7,0,1033,13.797,92.806,-0.049,0.999,0.278,287,1.644,4,4.6,open-meteo-era5,24.921,93.871,5.84,3.7,0.3481735159817351,6.587573385518592,3.9628995433789953,1,2,1065.9304447902111,1824.4043927712637,0.6072000000000001,2013-04-23
0,same_place_other_date,glc-594,2011-07-22,7,24.934,93.828,25,Manipur,13.3,10,52.5,108.6,140.2,246.5,104.11,2.6,7,6.93,43.74,140.61,390.13,0.481,0.483,0.509,26.3,20.3,0,1033,13.797,92.806,-0.049,0.999,0.278,287,2.314,4,4.7,open-meteo-era5,24.921,93.871,7.53,3.7,2.3240371845949537,2.060330108138873,1.0911907923860116,1,2,1065.9304447902111,1824.4043927712637,0.5465,2011-06-26
0,nearby_place_same_date,glc-594,2008-06-19,6,25.192,93.581,25,Manipur,18.4,3.8,37.9,55.8,122.3,282.5,78.228,2.6,7,6.03,24.82,47.27,140.97,0.415,0.414,0.392,25.9,22,0,615,39.482,140.817,-0.775,0.632,0,646,1.533,5,4.6,open-meteo-era5,25.202,93.596,7.25,3.7,1.742528735632184,1.0995073891625615,1.2988505747126438,0,0,2017.7097126442686,750.6656878821299,0.8638,2008-05-24
1,event,glc-595,2008-06-20,6,26.885,88.278,25,West Bengal,17.3,48.6,101.6,223.8,313.7,522.5,226.434,6.4,7,53.15,77.12,126.39,255.21,0.426,0.427,0.429,19.4,16.8,0,1510,23.246,272.773,0.048,-0.999,0.134,422,1.26,2,4.4,open-meteo-era5,26.96,88.202,8.99,4.67,3.7671486837226547,3.55633243286191,1.9373377827215426,2,3,18.663325090250382,2137.24131917766,0.1728,2008-05-24
0,same_place_other_date,glc-595,2021-05-21,5,26.885,88.278,25,West Bengal,7.4,14.7,24.2,51.1,144.7,220.1,80.026,3.8,7,1.64,5.43,23.41,191.38,0.418,0.419,0.415,22.8,16.3,0,1510,23.246,272.773,0.048,-0.999,0.134,422,2.833,0,,open-meteo-era5,26.96,88.202,5.35,4.67,1.5077881619937696,1.3644859813084114,1.3713395638629282,17,31,18.663325090250382,2137.24131917766,0.5429,2021-04-23
0,same_place_other_date,glc-595,2012-06-11,6,26.885,88.278,25,West Bengal,9.4,10.8,28.8,98.5,310.6,386.7,159.102,2.4,7,0.58,1.56,22.11,106.9,0.413,0.414,0.414,22.7,16.2,0,1510,23.246,272.773,0.048,-0.999,0.134,422,3.268,3,4.5,open-meteo-era5,26.96,88.202,8.99,4.67,1.067853170189099,1.5652312092801526,1.4338153503893214,13,20,18.663325090250382,2137.24131917766,0.1018,2012-05-24
0,nearby_place_same_date,glc-595,2008-06-20,6,26.553,88.128,25,West Bengal,3.3,55.4,87,170.4,291.7,404.2,196.11,7.3,7,56,91.67,156.5,315.13,0.431,0.434,0.415,27.2,23.3,0,92,0.14,,0,0,0.029,10,1.029,2,4.4,open-meteo-era5,26.538,88.115,9.25,4.86,3.135135135135135,2.6316602316602316,1.4565765765765766,0,0,546.404079623303,1935.0018141830442,0.49960000000000004,2008-05-24
1,event,glc-614,2008-06-29,6,26.89,88.28,5,West Bengal,14.6,13.4,57.8,94.6,241,565.5,170.489,1.8,7,16.41,28.7,45.92,290.72,0.425,0.426,0.428,20.6,16.8,0,1551,24.136,312.789,0.679,-0.734,0.43,457,1,1,4.1,open-meteo-era5,26.96,88.202,8.99,4.67,2.1431219873934,1.5032575877959637,2.096774193548387,3,4,27.660704743504358,1789.9413437916262,0.1897,2008-06-09
0,same_place_other_date,glc-614,2013-08-10,8,26.89,88.28,5,West Bengal,12.2,54.8,127.5,251,349.9,595.8,269.143,6.4,7,9.4,52.66,168.47,341.39,0.426,0.427,0.428,19.9,16.9,0,1551,24.136,312.789,0.679,-0.734,0.43,457,2.102,3,4.7,open-meteo-era5,26.96,88.202,10.97,4.67,3.874202370100273,3.2686547727568693,1.8103919781221511,13,21,27.660704743504358,1789.9413437916262,0.0522,2013-07-12
0,same_place_other_date,glc-614,2016-06-23,6,26.89,88.28,5,West Bengal,22.9,24.2,108.7,178.2,354.5,529.4,227.027,4.7,7,12.36,54.34,107.86,273.9,0.426,0.427,0.429,20.7,17.3,0,1551,24.136,312.789,0.679,-0.734,0.43,457,1.189,1,4,open-meteo-era5,26.96,88.202,8.99,4.67,4.030404152762329,2.831717781662164,1.9629217649239896,16,29,27.660704743504358,1789.9413437916262,0.5775,2016-05-24
0,nearby_place_same_date,glc-614,2008-06-29,6,26.941,88.038,5,West Bengal,16.3,12,54.9,89.4,213.7,486,149.817,2.4,7,16.41,28.7,45.92,290.72,0.425,0.426,0.428,20.7,16.6,0,1559,20.547,146.984,-0.839,0.545,0.057,341,1,1,4.1,open-meteo-era5,26.96,88.002,7.82,4.23,2.340153452685422,1.6331750091340884,2.071611253196931,0,0,3000,3000,0.8836,2008-06-09
1,event,glc-620,2008-06-30,6,27.077,88.482,5,West Bengal,16.5,11.2,42,120.5,248,486,162.795,2.1,7,7.1,31.68,46.13,307.95,0.416,0.413,0.427,22.1,19,0,1214,16.163,155.276,-0.908,0.418,-0.067,403,1,1,4.1,open-meteo-era5,27.1,88.498,8.99,4.67,1.5572858731924362,1.914825997139679,1.8020022246941045,0,4,13.828048502458044,2627.8244162472006,0.2919,2008-06-09
0,same_place_other_date,glc-620,2022-06-02,6,27.077,88.482,5,West Bengal,6.2,5.5,13.5,31.9,121.1,243.2,65.958,2.7,6,21.58,44.18,71.92,346.32,0.373,0.371,0.397,23.8,17.1,0,1214,16.163,155.276,-0.908,0.418,-0.067,403,1,1,4.2,open-meteo-era5,27.1,88.498,8.99,4.67,0.5005561735261401,0.5069124423963134,0.9017426770485725,8,21,13.828048502458044,2627.8244162472006,0.44730000000000003,2022-05-09
0,same_place_other_date,glc-620,2026-05-29,5,27.077,88.482,5,West Bengal,14.8,5,30.5,91.9,213,350.7,120.789,4.2,7,2.85,14.13,74.79,351.57,0.401,0.404,0.394,26.6,14.9,0,1214,16.163,155.276,-0.908,0.418,-0.067,403,1.701,1,4.4,open-meteo-era5,27.1,88.498,5.35,4.67,1.9003115264797512,2.453938584779707,2.1850467289719626,8,21,13.828048502458044,2627.8244162472006,0.49250000000000005,2026-05-09
0,nearby_place_same_date,glc-620,2008-06-30,6,27.022,88.577,5,West Bengal,16.5,11.2,42,120.5,248,486,162.795,2.1,7,7.1,31.68,46.13,307.95,0.423,0.424,0.432,20.3,17.3,0,1452,25.475,155.41,-0.909,0.416,-0.968,488,1,1,4.1,open-meteo-era5,27.03,88.6,8.99,4.67,1.5572858731924362,1.914825997139679,1.8020022246941045,0,0,245.04661250497273,2836.9735333831018,0.11850000000000001,2008-06-09
1,event,glc-692,2008-08-07,8,25.705,94.04,10,Nagaland,10,33.8,53.6,146.9,283.5,471.6,175.512,5.2,7,0.82,12.78,35.98,210.21,0.496,0.5,0.46,27,20.9,0,1033,15.606,71.565,0.316,0.949,-0.084,325,2.337,3,5.2,open-meteo-era5,25.764,94.02,6.32,3.58,2.827004219409283,3.3205244122965643,2.4873417721518987,1,1,208.23659516856816,1217.2188664212058,0.25270000000000004,2008-07-11
0,same_place_other_date,glc-692,2009-07-05,7,25.705,94.04,10,Nagaland,6.1,5.1,32.8,109.4,175.5,292.3,120.656,2.2,7,1.79,16.27,52.75,165.82,0.499,0.496,0.509,26.9,22.1,0,1033,15.606,71.565,0.316,0.949,-0.084,325,2.726,1,4.3,open-meteo-era5,25.764,94.02,7.3,3.58,1.4977168949771689,2.1409001956947162,1.334703196347032,1,2,208.23659516856816,1217.2188664212058,0.6257,2009-06-10
0,same_place_other_date,glc-692,2007-07-21,7,25.705,94.04,10,Nagaland,8.1,4.3,38.8,115.6,207.6,434.7,143.871,1.2,7,5.33,14.57,51.97,160.4,0.497,0.494,0.489,25.2,22.2,0,1033,15.606,71.565,0.316,0.949,-0.084,325,4.719,3,5.2,open-meteo-era5,25.764,94.02,7.3,3.58,1.7716894977168949,2.262230919765166,1.984931506849315,0,0,208.23659516856816,1217.2188664212058,0.7256,2007-06-26
0,nearby_place_same_date,glc-692,2008-08-07,8,25.671,93.965,10,Nagaland,10,33.8,53.6,146.9,283.5,471.6,175.512,5.2,7,0.82,12.78,35.98,210.21,0.496,0.5,0.46,22.3,16.2,0,1758,31.451,58.259,0.526,0.85,0.562,642,2.345,3,5.2,open-meteo-era5,25.624,93.913,6.32,3.58,2.827004219409283,3.3205244122965643,2.4873417721518987,0,1,3000,600.7510083089323,0.092,2008-07-11
1,event,glc-755,2008-08-28,8,27.337,88.609,25,Sikkim,76.1,65.9,198.3,386.8,829.2,1195.7,463.227,6,7,3.56,14.14,30.97,230.27,0.427,0.433,0.428,19.4,16.6,0,1539,18.846,229.667,-0.647,-0.762,0.251,537,3.244,0,,open-meteo-era5,27.381,88.592,7.27,2.99,9.09215955983494,7.600707408135194,5.482347546996791,1,2,91.80478404176532,1332.230561434561,0.5986,2008-07-27
0,same_place_other_date,glc-755,2015-07-19,7,27.337,88.609,25,Sikkim,5.6,5.3,18.1,213.4,447.6,968.7,303.906,2.6,7,1.37,3.11,35.1,206.45,0.414,0.422,0.401,22.9,18.5,0,1539,18.846,229.667,-0.647,-0.762,0.251,537,2.624,10,5.1,open-meteo-era5,27.381,88.592,9.15,2.99,0.6593806921675774,3.3317720530835286,3.52896174863388,6,11,91.80478404176532,1332.230561434561,0.27840000000000004,2015-06-26
0,same_place_other_date,glc-755,2018-07-19,7,27.337,88.609,25,Sikkim,4,24,54.9,128.2,400.7,1325.6,337.709,3.9,7,1.37,9.12,41.05,260.93,0.424,0.43,0.432,26.2,18.9,0,1539,18.846,229.667,-0.647,-0.762,0.251,537,2.646,2,4.4,open-meteo-era5,27.381,88.592,9.15,2.99,1.9999999999999998,2.001561280249805,4.829143897996357,6,11,91.80478404176532,1332.230561434561,0.2506,2018-06-26
0,nearby_place_same_date,glc-755,2008-08-28,8,27.495,88.709,25,Sikkim,103.1,43.9,189.9,321.6,621,932.5,328.106,7.5,7,3.56,14.14,30.97,230.27,0.429,0.429,0.428,9,6.9,0,3714,38.547,49.504,0.649,0.76,0.3,670,3.252,0,,open-meteo-era5,27.522,88.69,7.27,2.99,8.707015130674003,6.319512674395756,4.2755616689591935,0,1,3000,2352.1833325469543,0.3682,2008-07-27
1,event,glc-760,2008-08-29,8,25.67,94.107,25,Nagaland,29,7.8,44.3,174.4,329.9,647.2,207.725,9.4,7,5.84,16.36,22.51,240.27,0.486,0.486,0.489,24,18.7,0,1449,10.117,282.529,0.217,-0.976,0.178,203,3.021,2,4.2,open-meteo-era5,25.694,94.113,6.32,3.58,2.3364978902953584,3.942133815551537,3.413502109704641,0,2,21.060860202171874,1012.8195283037086,0.3029,2008-07-27
0,same_place_other_date,glc-760,2016-09-02,9,25.67,94.107,25,Nagaland,6.7,6.1,26.1,68.4,126.4,438.2,104.661,2.1,7,3.27,11.76,56.57,157.47,0.475,0.494,0.493,24.9,19.5,0,1449,10.117,282.529,0.217,-0.976,0.178,203,3.647,1,5,open-meteo-era5,25.694,94.113,5.37,3.58,1.6201117318435756,1.819632881085395,2.7200496585971448,8,16,21.060860202171874,1012.8195283037086,0.4162,2016-08-12
0,same_place_other_date,glc-760,2018-09-30,9,25.67,94.107,25,Nagaland,8.1,8.5,19.7,61.4,165.8,671.4,150.642,3,7,0.31,5.87,28.96,109.84,0.487,0.478,0.461,22.9,15.4,0,1449,10.117,282.529,0.217,-0.976,0.178,203,2.008,4,4.6,open-meteo-era5,25.694,94.113,5.37,3.58,1.22284295468653,1.6334131417930298,4.167597765363128,8,16,21.060860202171874,1012.8195283037086,0.3326,2018-08-29
0,nearby_place_same_date,glc-760,2008-08-29,8,25.497,94.181,25,Nagaland,18.7,7.3,40,153,279.3,585.6,183.615,6.5,7,5.84,16.36,22.51,240.27,0.478,0.486,0.475,25.8,20.4,0,1170,2.821,78.69,0.196,0.981,-0.495,171,3.064,2,4.2,open-meteo-era5,25.483,94.197,6.32,3.58,2.109704641350211,3.458408679927667,3.0886075949367084,0,1,2223.8549669945464,1.0121054829620377,0.2549,2008-07-27
1,event,glc-1032,2009-05-26,5,27.01,88.259,5,West Bengal,145.9,31.3,182.6,286.9,371.1,501.7,153.545,11.5,7,99.34,122.1,123.02,203.57,0.424,0.421,0.42,13,11.3,0,2219,26.834,57.848,0.532,0.847,0.268,477,1,0,,open-meteo-era5,27.03,88.2,5.35,4.67,11.376947040498443,7.660881174899867,3.1258566978193145,1,6,129.14780044680688,136.84446158083333,0.4561,2009-04-23
0,same_place_other_date,glc-1032,2022-06-23,6,27.01,88.259,5,West Bengal,24,2.6,33.9,112.3,258.5,335.1,132.751,5.5,7,15.82,34.2,179.07,530.92,0.416,0.42,0.426,18.7,12.3,0,2219,26.834,57.848,0.532,0.847,0.268,477,1,0,,open-meteo-era5,27.03,88.2,8.99,4.67,1.256952169076752,1.7845224853011281,1.242491657397108,8,27,129.14780044680688,136.84446158083333,0.0201,2022-05-25
0,same_place_other_date,glc-1032,2019-05-09,5,27.01,88.259,5,West Bengal,6,4.7,12.7,45.7,101,153.4,57.259,0.9,6,3.93,7.76,24.08,109.07,0.394,0.392,0.407,17.9,8,0,2219,26.834,57.848,0.532,0.847,0.268,477,2.029,0,,open-meteo-era5,27.03,88.2,5.35,4.67,0.7912772585669783,1.2202937249666224,0.9557632398753895,8,27,129.14780044680688,136.84446158083333,0.6652,2019-04-07
0,nearby_place_same_date,glc-1032,2009-05-26,5,26.985,87.94,5,West Bengal,148.2,31.8,182.4,236.1,277.1,347.3,93.38,13.7,7,99.34,122.1,123.02,203.57,0.42,0.401,0.301,19.2,16.3,0,1598,19.193,103.206,-0.228,0.974,0.067,346,1,0,,open-meteo-era5,26.96,88.002,4.64,4.23,13.103448275862071,7.269088669950739,2.4949712643678166,0,0,3000,3000,0.7286,2009-04-23
1,event,glc-1031,2009-05-26,5,26.884,88.279,5,West Bengal,177.4,33.1,211,279.5,329.5,425,108.81,16.6,6,99.34,122.1,123.02,203.57,0.41,0.39,0.298,15.9,14.3,0,1564,21.733,265.251,-0.083,-0.997,0.096,404,1,0,,open-meteo-era5,26.96,88.202,5.35,4.67,13.146417445482868,7.46328437917223,2.64797507788162,4,5,122.76767199685341,2282.504712858376,0.5601,2009-04-23
0,same_place_other_date,glc-1031,2020-05-26,5,26.884,88.279,5,West Bengal,10.4,5.3,50.2,88.6,169.9,244.1,100.239,2.4,7,12.43,31.98,65.91,183.19,0.422,0.423,0.42,24,15.8,0,1564,21.733,265.251,-0.083,-0.997,0.096,404,2.021,1,4.9,open-meteo-era5,26.96,88.202,5.35,4.67,3.12772585669782,2.3658210947930574,1.520872274143302,17,29,122.76767199685341,2282.504712858376,0.24880000000000002,2020-05-08
0,same_place_other_date,glc-1031,2017-05-27,5,26.884,88.279,5,West Bengal,15.7,8.6,29.1,50.8,108.7,221,67.49,5.2,7,9.35,24.45,36.91,184.08,0.414,0.411,0.405,22.3,15.3,0,1564,21.733,265.251,-0.083,-0.997,0.096,404,3.312,2,4.4,open-meteo-era5,26.96,88.202,5.35,4.67,1.8130841121495331,1.356475300400534,1.3769470404984423,17,29,122.76767199685341,2282.504712858376,0.26480000000000004,2017-05-09
0,nearby_place_same_date,glc-1031,2009-05-26,5,26.695,88.147,5,West Bengal,166.1,37.4,204.2,237.3,265,303.8,72.959,15.1,6,88.48,111.11,113.73,213.05,0.389,0.28,0.171,23.5,22.5,0,158,1.683,,0,0,-0.114,25,1,0,,open-meteo-era5,26.678,88.111,5.25,4.86,12.965079365079365,6.457142857142857,1.9288888888888889,0,0,2665.0474457613086,1886.2244065740117,0.4894,2009-04-23
1,event,glc-1030,2009-05-26,5,27.044,88.265,25,West Bengal,145.9,31.3,182.6,286.9,371.1,501.7,153.545,11.5,7,99.34,122.1,123.02,203.57,0.424,0.421,0.42,13.8,12.1,0,2071,7.056,272.834,0.049,-0.999,-0.278,246,1,0,,open-meteo-era5,27.03,88.2,5.35,4.67,11.376947040498443,7.660881174899867,3.1258566978193145,2,2,45.93595152066377,2314.206366121095,0.4026,2009-04-23
0,same_place_other_date,glc-1030,2021-07-05,7,27.044,88.265,25,West Bengal,10.1,26.9,73.3,383.8,447.5,744.6,338.453,3.6,7,7.49,58.05,177.9,473.43,0.425,0.427,0.427,18.7,13.5,0,2071,7.056,272.834,0.049,-0.999,-0.278,246,1,1,4.3,open-meteo-era5,27.03,88.2,14.36,4.67,1.701485608170845,3.8181456426581777,1.7284122562674098,10,14,45.93595152066377,2314.206366121095,0.0585,2021-06-10
0,same_place_other_date,glc-1030,2014-05-16,5,27.044,88.265,25,West Bengal,8.1,6,19.6,39,244.7,346.9,115.36,1.6,7,0,2.34,7.31,106.59,0.383,0.39,0.401,20.1,10.7,0,2071,7.056,272.834,0.049,-0.999,-0.278,246,1.113,0,,open-meteo-era5,27.03,88.2,5.35,4.67,1.2211838006230533,1.041388518024032,2.1613707165109033,7,10,45.93595152066377,2314.206366121095,0.5452,2014-04-23
0,nearby_place_same_date,glc-1030,2009-05-26,5,27.256,88.05,25,West Bengal,130.4,31.9,171.2,241.6,307.9,398.4,122.538,10.4,7,85.92,111.09,111.32,164.62,0.428,0.428,0.427,12.3,9.4,0,2891,38.91,81.525,0.147,0.989,-0.375,720,1,0,,open-meteo-era5,27.241,87.993,3.48,3.01,16.39846743295019,9.917898193760262,3.8160919540229883,0,0,2349.90524688103,3000,0.759,2009-04-23
1,event,glc-1037,2009-06-17,6,26.89,88.47,5,West Bengal,36.1,3,42.2,54.8,83.1,316.4,51.724,4.3,7,0.09,2.89,21.41,225.07,0.381,0.367,0.341,28,23,0,376,16.23,178.075,-0.999,0.034,0.832,409,1,0,,open-meteo-era5,26.889,88.503,8.99,4.67,1.5647015202076382,0.8708088352137295,1.1731553578049685,0,1,313.0675932160157,512.3679782511969,0.7493000000000001,2009-05-25
0,same_place_other_date,glc-1037,2007-08-01,8,26.89,88.47,5,West Bengal,62,17.5,96.7,271.1,691.1,965.5,341.686,6.2,7,6.02,37.94,156.58,526.38,0.429,0.427,0.413,24.4,22.4,0,376,16.23,178.075,-0.999,0.034,0.832,409,1,0,,open-meteo-era5,26.889,88.503,10.97,4.67,2.938316621087815,3.5304076051569213,2.9337587359465207,0,1,313.0675932160157,512.3679782511969,0.15430000000000002,2007-07-12
0,same_place_other_date,glc-1037,2017-05-18,5,26.89,88.47,5,West Bengal,9.4,1,13.4,30.2,88.6,182.8,47.352,2,5,2.92,15.15,74.98,231.68,0.378,0.373,0.265,27.4,21.7,0,376,16.23,178.075,-0.999,0.034,0.832,409,3.136,2,4.3,open-meteo-era5,26.889,88.503,5.35,4.67,0.8348909657320874,0.8064085447263019,1.1389408099688474,3,12,313.0675932160157,512.3679782511969,0.6334000000000001,2017-04-23
0,nearby_place_same_date,glc-1037,2009-06-17,6,27.038,88.396,5,West Bengal,36.1,3,42.2,54.8,83.1,316.4,51.724,4.3,7,0.06,1.88,10.08,178.63,0.405,0.403,0.398,23.2,18.6,0,1258,24.649,140.194,-0.768,0.64,-0.173,637,1,0,,open-meteo-era5,27.03,88.4,8.99,4.67,1.5647015202076382,0.8708088352137295,1.1731553578049685,0,7,7.185142601665171,3000,0.7817000000000001,2009-05-25
1,event,glc-1061,2009-07-01,7,27.478,88.527,1,,34.5,26.1,101.7,229.7,402,613,242.89,3,7,17.12,24.76,41.67,68.66,0.428,0.429,0.424,26.1,24.1,0,759,18.798,232.923,-0.603,-0.798,-0.406,403,1.076,0,,open-meteo-era5,27.452,88.49,9.15,2.99,3.704918032786885,3.5862607338017174,2.233151183970856,0,1,0.052763598307967056,33.23746777761268,0.6878000000000001,2009-06-10
0,same_place_other_date,glc-1061,2018-07-31,7,27.478,88.527,1,,65.1,67.3,189.3,299.9,484.7,1386.5,370.081,10.2,7,23.85,58.07,98.83,297.18,0.428,0.428,0.428,27.2,23.8,0,759,18.798,232.923,-0.603,-0.798,-0.406,403,1,1,4,open-meteo-era5,27.452,88.49,9.15,2.99,6.896174863387978,4.6822794691647145,5.0510018214936245,0,3,0.052763598307967056,33.23746777761268,0.6871,2018-07-12
0,same_place_other_date,glc-1061,2024-08-10,8,27.478,88.527,1,,6.6,28.3,74.6,227.5,292.3,635.4,241.637,4.1,7,9.42,28.42,93.12,358.72,0.426,0.427,0.427,28.7,22,0,759,18.798,232.923,-0.603,-0.798,-0.406,403,3.533,1,4.5,open-meteo-era5,27.452,88.49,7.27,2.99,3.4204493351673544,4.470426409903713,2.9133425034387894,0,3,0.052763598307967056,33.23746777761268,0.7399,2024-07-11
0,nearby_place_same_date,glc-1061,2009-07-01,7,27.456,88.906,1,,51.5,17.8,96.2,250,312.4,394.7,193.572,5.5,7,17.12,24.76,41.67,68.66,0.424,0.424,0.426,15.9,12.1,0.21,3322,13.103,165.01,-0.966,0.259,0.705,447,1.007,0,,open-meteo-era5,27.381,88.994,9.15,2.99,3.5045537340619304,3.9032006245121003,1.4378870673952642,0,0,325.9415346814751,3000,0.1116,2009-06-10
1,event,glc-1050,2009-07-03,7,26.873,88.292,10,West Bengal,37.1,61.8,146,414.1,481.4,621.1,336.146,11,7,9.25,79.07,120.36,163.84,0.427,0.428,0.428,21.9,18.8,0,1618,23.418,182.588,-0.999,-0.045,0.315,478,1,0,,open-meteo-era5,26.96,88.202,14.36,4.67,3.3890436397400188,4.11957819339435,1.4417363045496752,5,5,384.67126575575844,3000,0.1004,2009-06-10
0,same_place_other_date,glc-1050,2014-07-20,7,26.873,88.292,10,West Bengal,5.9,3.9,15.8,170.9,240.9,494.6,175.426,1.3,7,13.83,25.55,50.33,317.22,0.418,0.419,0.421,22.7,18.5,0,1618,23.418,182.588,-0.999,-0.045,0.315,478,1,0,,open-meteo-era5,26.96,88.202,14.36,4.67,0.3667595171773445,1.7001591723040193,1.1480965645311052,15,19,384.67126575575844,3000,0.2053,2014-06-26
0,same_place_other_date,glc-1050,2020-06-26,6,26.873,88.292,10,West Bengal,121.1,73.8,202.1,303.4,630.2,842.1,302.683,26.6,7,38.33,97.15,173.27,471.49,0.427,0.428,0.427,19.1,17.3,0,1618,23.418,182.588,-0.999,-0.045,0.315,478,1.55,0,,open-meteo-era5,26.96,88.202,8.99,4.67,7.493511308861699,4.821229938026378,3.1223581757508345,19,26,384.67126575575844,3000,0.3163,2020-05-24
0,nearby_place_same_date,glc-1050,2009-07-03,7,26.718,88.599,10,West Bengal,20.9,47.9,148.3,530,639.1,696.3,442.415,8.4,7,8.41,130.38,185.09,279.41,0.428,0.426,0.436,27.5,24.3,0,102,0.42,,0,0,-0.114,10,1,0,,open-meteo-era5,26.749,88.606,16.73,5.61,2.9547718669057583,4.525659636239433,1.3873281530185293,0,1,890.8915329219017,69.22008512632935,0.3065,2009-06-10
1,event,glc-1055,2009-07-22,7,26.883,88.279,10,West Bengal,19.1,8.3,28.2,61,162.9,810.1,145.773,2.3,6,7.51,17.96,50.82,232.58,0.416,0.415,0.413,22.8,17.4,0,1544,21.074,267.637,-0.041,-0.999,-0.163,400,1,0,,open-meteo-era5,26.96,88.202,14.36,4.67,0.6545961002785515,0.6068444090728213,1.8804549675023214,6,8,137.01903464219652,2378.7898025252584,0.0966,2009-06-26
0,same_place_other_date,glc-1055,2010-08-07,8,26.883,88.279,10,West Bengal,5.1,2.2,9.4,35.7,219.7,882.1,155.04,1,7,0.8,6.81,22.02,414.62,0.408,0.408,0.41,22.6,17.7,0,1544,21.074,267.637,-0.041,-0.999,-0.163,400,1.219,2,4.6,open-meteo-era5,26.96,88.202,10.97,4.67,0.2856274688544515,0.4649042844120328,2.68034032209055,11,17,137.01903464219652,2378.7898025252584,0.24780000000000002,2010-07-12
0,same_place_other_date,glc-1055,2024-08-15,8,26.883,88.279,10,West Bengal,1.6,7.4,30,134.6,475.7,633.4,245.576,4.2,7,14.84,43.23,86.63,433.33,0.42,0.423,0.421,25.2,18.1,0,1544,21.074,267.637,-0.041,-0.999,-0.163,400,3.888,1,4.5,open-meteo-era5,26.96,88.202,10.97,4.67,0.9115770282588878,1.7528324000520898,1.9246429656639317,17,29,137.01903464219652,2378.7898025252584,0.2121,2024-07-27
0,nearby_place_same_date,glc-1055,2009-07-22,7,26.744,88.263,10,West Bengal,18.9,17.4,39.5,76.7,247,876.5,175.71,3.8,7,6.54,19.47,45.22,279.17,0.41,0.409,0.377,29.9,24.4,0,189,0.633,,0,0,-0.076,26,1,0,,open-meteo-era5,26.749,88.308,16.73,5.61,0.7870093644152222,0.6549398001878576,1.7463638174935245,0,2,1496.0153566506754,2613.899577278277,0.5768,2009-06-26
1,event,glc-1054,2009-07-22,7,26.857,88.314,10,West Bengal,18.9,17.4,39.5,76.7,247,876.5,175.71,3.8,7,7.51,17.96,50.82,232.58,0.416,0.415,0.413,25.7,20.3,0,1077,17.19,45,0.707,0.707,0.248,381,1,0,,open-meteo-era5,26.889,88.304,14.36,4.67,0.9168987929433612,0.7630322323915639,2.0345868152274837,5,6,89.26087155292302,3000,0.343,2009-06-26
0,same_place_other_date,glc-1054,2007-07-22,7,26.857,88.314,10,West Bengal,44,25.9,165.2,318.2,462.2,707.9,305.353,9.1,7,28.11,71.03,159.32,385.84,0.425,0.427,0.427,22.6,19.8,0,1077,17.19,45,0.707,0.707,0.248,381,1,0,,open-meteo-era5,26.889,88.304,14.36,4.67,3.8347260909935,3.1655391961798647,1.64322191272052,0,0,89.26087155292302,3000,0.652,2007-06-26
0,same_place_other_date,glc-1054,2017-08-03,8,26.857,88.314,10,West Bengal,13.1,22,52.9,127.4,367.7,1085.4,244.284,3.3,7,15.96,45.45,78.23,349.14,0.428,0.428,0.429,24.2,21.4,0,1077,17.19,45,0.707,0.707,0.248,381,1,0,,open-meteo-era5,26.889,88.304,10.97,4.67,1.6074141598298388,1.6590701914311758,3.2980856882406564,17,25,89.26087155292302,3000,0.8097000000000001,2017-07-12
0,nearby_place_same_date,glc-1054,2009-07-22,7,26.706,88.411,10,West Bengal,18.9,12.2,33.1,48.8,189.5,925.3,150.063,2.3,7,6.54,19.47,45.22,279.17,0.406,0.404,0.366,30.5,25,0,111,1.377,,0,0,-0.095,16,1,0,,open-meteo-era5,26.678,88.409,16.73,5.61,0.6594939230922495,0.4167022457518572,1.843594341502291,1,1,491.45988760864753,127.87964922382376,0.1652,2009-06-26
1,event,glc-1056,2009-07-22,7,27.04,88.264,10,West Bengal,31.2,5.3,40.5,89.6,167.4,753.9,150.144,3.9,7,7.51,17.96,50.82,232.58,0.413,0.412,0.412,20.5,15.4,0,2084,15.907,283.917,0.241,-0.971,0.431,352,1,0,,open-meteo-era5,27.03,88.2,14.36,4.67,0.9401114206128134,0.8913649025069638,1.7500000000000002,4,4,3.1781034442048894,2130.106950910774,0.0661,2009-06-26
0,same_place_other_date,glc-1056,2026-08-30,8,27.04,88.264,10,West Bengal,7.7,3.6,15.5,55.3,123.8,276.6,76.238,2.4,7,15.5,37.21,56.49,327.8,0.392,0.398,0.391,22.4,16.1,0,2084,15.907,283.917,0.241,-0.971,0.431,352,2.112,0,,open-meteo-era5,27.03,88.2,10.97,4.67,0.47098146460042534,0.7201458523245213,0.8404740200546946,10,14,3.1781034442048894,2130.106950910774,0.392,2026-07-28
0,same_place_other_date,glc-1056,2024-07-22,7,27.04,88.264,10,West Bengal,5.2,3.9,18.4,85.5,273.7,751.5,197.181,1.8,7,17.26,38.05,80.96,847.71,0.408,0.408,0.416,20.8,15.2,0,2084,15.907,283.917,0.241,-0.971,0.431,352,1,0,,open-meteo-era5,27.03,88.2,14.36,4.67,0.4271123491179201,0.8505769996020692,1.7444289693593316,10,14,3.1781034442048894,2130.106950910774,0.065,2024-06-25
0,nearby_place_same_date,glc-1056,2009-07-22,7,27.358,88.213,10,West Bengal,31.2,5.3,40.5,89.6,167.4,753.9,150.144,3.9,7,6.45,12.7,39.58,150.68,0.415,0.413,0.418,22.2,17.3,0,1522,30.263,241.062,-0.484,-0.875,0.039,570,1,0,,open-meteo-era5,27.311,88.292,9.44,3.01,1.430084745762712,1.3559322033898304,2.6620762711864407,0,0,124.74062001278888,591.0685901587996,0.7617,2009-06-26
1,event,glc-1084,2009-08-12,8,27.7,92.8,5,Arunachal Pradesh,152.8,55.3,257.3,312.6,813.7,1456.9,443.845,10.7,7,17.32,32.27,50.39,228.18,0.428,0.427,0.428,16,13.6,0,2450,17.956,223.152,-0.73,-0.684,-0.708,424,2.01,0,,open-meteo-era5,27.733,92.831,10.97,5.53,7.818292312367062,4.07084255762469,4.426921908234579,0,0,3000,3000,0.4223,2009-07-12
0,same_place_other_date,glc-1084,2025-07-01,7,27.7,92.8,5,Arunachal Pradesh,6.6,8.4,31.6,71.9,316.9,401.2,160.239,3.1,7,18.47,60.7,66.97,180.28,0.421,0.422,0.424,19.3,13.6,0,2450,17.956,223.152,-0.73,-0.684,-0.708,424,1,0,,open-meteo-era5,27.733,92.831,13.72,5.53,0.7677356656948493,0.748646397334444,0.9747327502429542,0,0,3000,3000,0.7935,2025-06-10
0,same_place_other_date,glc-1084,2010-08-17,8,27.7,92.8,5,Arunachal Pradesh,79.2,59,191.1,294,481.3,1016.7,303.132,6.1,7,38.43,47.89,73.8,183.72,0.429,0.429,0.428,17.1,14,0,2450,17.956,223.152,-0.73,-0.684,-0.708,424,1.96,1,4.5,open-meteo-era5,27.733,92.831,10.97,5.53,5.806745670009115,3.828623518687329,3.089334548769371,0,0,3000,3000,0.1135,2010-07-28
0,nearby_place_same_date,glc-1084,2009-08-12,8,27.805,92.898,5,Arunachal Pradesh,152.5,30.6,213,265.7,808.8,1584.9,418.483,11.7,7,31.75,69.22,92.25,310.76,0.427,0.426,0.428,15.7,13.8,0,2530,14.305,253.142,-0.29,-0.957,-0.243,602,1.991,0,,open-meteo-era5,27.803,92.936,8.32,4.05,8.533653846153847,4.562156593406593,6.349759615384615,0,0,3000,2818.822101551706,0.41900000000000004,2009-07-12
1,event,glc-1094,2009-08-16,8,27.16,88.634,0.5,West Bengal,137.5,22.9,309,410.5,649,1021.7,369.67,9.8,7,33.17,47.52,85.74,393.19,0.425,0.43,0.407,24.5,21.7,0,808,32.309,63.038,0.453,0.891,0.653,443,2.2,0,,open-meteo-era5,27.17,88.597,10.97,4.67,9.389243391066545,5.345748144289621,3.104527499240352,0,0,31.169551820561097,655.1852773742534,0.9144,2009-07-28
0,same_place_other_date,glc-1094,2015-07-13,7,27.16,88.634,0.5,West Bengal,8.9,2.2,33.4,78,314.5,500,172.788,1.1,7,0.83,10.41,46.25,305.69,0.412,0.412,0.421,26.8,22.6,0,808,32.309,63.038,0.453,0.891,0.653,443,2.697,10,5.1,open-meteo-era5,27.17,88.597,14.36,4.67,0.7753017641597029,0.7759649820931158,1.1606313834726092,2,4,31.169551820561097,655.1852773742534,0.7373000000000001,2015-06-10
0,same_place_other_date,glc-1094,2018-07-12,7,27.16,88.634,0.5,West Bengal,30.8,39.8,110.1,183.2,647.2,1220,388.174,7.1,7,18.27,30.07,68.05,517.88,0.43,0.43,0.429,27.2,22,0,808,32.309,63.038,0.453,0.891,0.653,443,3.384,3,4.4,open-meteo-era5,27.17,88.597,14.36,4.67,2.5557103064066853,1.8225228810187026,2.8319405756731664,2,6,31.169551820561097,655.1852773742534,0.7159,2018-06-10
0,nearby_place_same_date,glc-1094,2009-08-16,8,26.877,88.486,0.5,West Bengal,30.7,21.8,124.4,223.3,387.7,641.8,255.316,2.4,7,33.17,47.52,85.74,393.19,0.428,0.425,0.426,25.4,24.5,0,141,2.535,186.34,-0.994,-0.11,-0.086,60,2.141,0,,open-meteo-era5,26.889,88.503,10.97,4.67,3.780006077180188,2.907930720145852,1.9501671224551804,1,2,630.5917646846822,832.0507423226343,0.44470000000000004,2009-07-28
1,event,glc-1091,2009-08-16,8,27.025,88.438,25,West Bengal,137.5,22.9,309,410.5,649,1021.7,369.67,9.8,7,33.17,47.52,85.74,393.19,0.427,0.427,0.425,25.5,24.2,0,419,29.805,218.755,-0.78,-0.626,0.278,626,2.189,0,,open-meteo-era5,26.96,88.502,10.97,4.67,9.389243391066545,5.345748144289621,3.104527499240352,0,2,443.02343193053537,362.5103887272837,0.782,2009-07-28
0,same_place_other_date,glc-1091,2014-08-24,8,27.025,88.438,25,West Bengal,23.9,19.5,79.5,240.3,349.4,463.2,221.309,2.3,7,13,21.61,68.48,248.52,0.427,0.427,0.428,26.7,23.8,0,419,29.805,218.755,-0.78,-0.626,0.278,626,2.057,1,4.4,open-meteo-era5,26.96,88.502,10.97,4.67,2.4156791248860525,3.1293137127230106,1.4074749316317228,4,15,443.02343193053537,362.5103887272837,0.8159000000000001,2014-07-28
0,same_place_other_date,glc-1091,2010-07-16,7,27.025,88.438,25,West Bengal,16.4,4.9,25.9,496.1,726.9,1256.4,464.172,3.4,7,13.79,24.22,93.12,464,0.415,0.414,0.415,28,24.5,0,419,29.805,218.755,-0.78,-0.626,0.278,626,1.254,1,4.6,open-meteo-era5,26.96,88.502,14.36,4.67,0.6012070566388115,4.935336251492241,2.9164345403899725,0,6,443.02343193053537,362.5103887272837,0.1353,2010-06-26
0,nearby_place_same_date,glc-1091,2009-08-16,8,27.161,88.104,25,West Bengal,34.1,14.9,120.9,222.7,425.6,791.4,278.21,4.8,7,15.93,28.57,61.51,342.4,0.422,0.419,0.417,17.9,15.7,0,2349,23.424,298.74,0.481,-0.877,-0.288,462,2.274,0,,open-meteo-era5,27.17,88.096,10.23,4.23,3.9393939393939394,3.1099008518363354,2.5786901270772233,0,0,2254.940012862236,1701.9704531186621,0.1652,2009-07-28
1,event,glc-1089,2009-08-16,8,26.791,88.363,10,West Bengal,22.7,21,104.4,196.9,364.8,603.5,237.663,2.7,7,15.93,28.57,61.51,342.4,0.423,0.429,0.417,25.2,24.3,0,163,2.633,169.287,-0.983,0.186,-0.067,44,2.132,0,,open-meteo-era5,26.749,88.407,10.97,4.67,3.1722880583409294,2.5641359552025,1.8337891218474627,0,9,16.499814914056483,326.54266576567977,0.6868000000000001,2009-07-28
0,same_place_other_date,glc-1089,2014-08-07,8,26.791,88.363,10,West Bengal,21.7,9.8,57.7,119.1,196.5,509.2,144.879,4.9,7,6.44,13.22,24,196.07,0.418,0.423,0.415,29.1,25.1,0,163,2.633,169.287,-0.983,0.186,-0.067,44,1.731,3,4.3,open-meteo-era5,26.749,88.407,10.97,4.67,1.7532664843512609,1.5509832009376219,1.5472500759647523,1,19,16.499814914056483,326.54266576567977,0.6863,2014-07-12
0,same_place_other_date,glc-1089,2025-07-27,7,26.791,88.363,10,West Bengal,42.1,34.3,84.5,140.5,372.4,635.9,197.088,7.7,7,12.49,38.41,58.98,322.48,0.421,0.408,0.394,31,24.4,0,163,2.633,169.287,-0.983,0.186,-0.067,44,1,0,,open-meteo-era5,26.749,88.407,14.36,4.67,1.9614670380687094,1.397731794667728,1.4760909935004645,1,24,16.499814914056483,326.54266576567977,0.5607,2025-06-26
0,nearby_place_same_date,glc-1089,2009-08-16,8,26.659,88.499,10,West Bengal,30.7,21.8,124.4,223.3,387.7,641.8,255.316,2.4,7,75.47,96.09,134.93,499.01,0.425,0.429,0.415,25.1,24.2,0,105,0.099,,0,0,-0.029,10,2.08,0,,open-meteo-era5,26.678,88.508,12.71,5.61,3.262522947810123,2.509834775767113,1.6831890899554156,0,1,524.0253552742284,229.81515041130518,0.8062,2009-07-28
1,event,glc-1092,2009-08-16,8,26.745,88.4,5,West Bengal,30.7,21.8,124.4,223.3,387.7,641.8,255.316,2.4,7,42.73,61.93,96.57,444.65,0.429,0.43,0.405,24.9,24,0,128,0.442,,0,0,0,21,2.115,0,,open-meteo-era5,26.749,88.407,12.71,5.61,3.262522947810123,2.509834775767113,1.6831890899554156,1,2,10.438926480511673,101.56586334371562,0.606,2009-07-28
0,same_place_other_date,glc-1092,2016-07-19,7,26.745,88.4,5,West Bengal,16.3,49.3,170.6,276.3,403.6,895.5,328.248,5.5,7,22.75,90.39,163.28,506.61,0.425,0.43,0.421,27.6,24.8,0,128,0.442,,0,0,0,21,1.703,1,4.7,open-meteo-era5,26.749,88.407,16.73,5.61,3.399083482765491,2.3593202971565197,1.784219964136282,1,6,10.438926480511673,101.56586334371562,0.5739000000000001,2016-06-25
0,same_place_other_date,glc-1092,2019-08-03,8,26.745,88.4,5,West Bengal,11.7,6.6,37.5,79,491,1488.9,311.454,3.1,7,3.01,14.08,25.37,750.16,0.417,0.424,0.431,32,25.4,0,128,0.442,,0,0,0,21,1.959,0,,open-meteo-era5,26.749,88.407,12.71,5.61,0.9834775767112509,0.8879397549735866,3.904799370574351,1,6,10.438926480511673,101.56586334371562,0.7779,2019-07-12
0,nearby_place_same_date,glc-1092,2009-08-16,8,26.822,88.454,5,West Bengal,30.7,21.8,124.4,223.3,387.7,641.8,255.316,2.4,7,33.17,47.52,85.74,393.19,0.423,0.425,0.421,24.6,23.8,0,177,0.505,,0,0,-0.076,21,2.13,0,,open-meteo-era5,26.819,88.505,10.97,4.67,3.780006077180188,2.907930720145852,1.9501671224551804,0,4,65.36334223699723,1757.1878695140792,0.7585000000000001,2009-07-28
1,event,glc-1088,2009-08-16,8,26.887,88.28,5,West Bengal,37.1,17,127.5,222.9,387.2,696,258.568,5.1,7,15.93,28.57,61.51,342.4,0.428,0.428,0.423,18.5,17.5,0,1594,21.557,281.24,0.195,-0.981,-0.067,445,2.17,0,,open-meteo-era5,26.96,88.202,10.97,4.67,3.874202370100273,2.9027217085558012,2.1148587055606196,8,10,114.05547345773422,2052.440331102285,0.3864,2009-07-28
0,same_place_other_date,glc-1088,2017-08-17,8,26.887,88.28,5,West Bengal,19.6,36.2,61.1,538.5,754.6,983.8,483.781,5.9,7,2.57,7.65,167.58,437.15,0.426,0.426,0.428,23.7,17.8,0,1594,21.557,281.24,0.195,-0.981,-0.067,445,1,0,,open-meteo-era5,26.96,88.202,10.97,4.67,1.8565785475539347,7.012631853105873,2.989364934670313,17,31,114.05547345773422,2052.440331102285,0.16690000000000002,2017-07-28
0,same_place_other_date,glc-1088,2026-08-30,8,26.887,88.28,5,West Bengal,15.6,10.1,34.4,69.6,148.2,299.7,87.908,3.5,7,15.5,37.21,56.49,327.8,0.409,0.405,0.399,23.7,18.5,0,1594,21.557,281.24,0.195,-0.981,-0.067,445,2.065,0,,open-meteo-era5,26.96,88.202,10.97,4.67,1.0452749924035245,0.9063680166688369,0.9106654512306289,17,31,114.05547345773422,2052.440331102285,0.6507000000000001,2026-07-28
0,nearby_place_same_date,glc-1088,2009-08-16,8,27.172,88.375,5,West Bengal,48.6,10.9,158.9,309.6,613.3,1081.8,384.911,5.5,7,15.93,28.57,61.51,342.4,0.423,0.425,0.424,21.4,16.8,0,1593,22.433,171.293,-0.988,0.151,-0.5,532,2.241,0,,open-meteo-era5,27.241,88.395,10.97,4.67,4.828319659677909,4.03177497069931,3.2871467639015495,1,6,51.57904346011231,1037.720740302949,0.3504,2009-07-28
1,event,glc-1090,2009-08-16,8,26.96,88.268,5,West Bengal,37.1,17,127.5,222.9,387.2,696,258.568,5.1,7,15.93,28.57,61.51,342.4,0.426,0.426,0.425,18.6,17.1,0,1878,15.389,269.236,-0.013,-1,0.124,291,2.193,0,,open-meteo-era5,26.96,88.202,10.97,4.67,3.874202370100273,2.9027217085558012,2.1148587055606196,0,13,518.5941422956734,1855.4635850352909,0.08600000000000001,2009-07-28
0,same_place_other_date,glc-1090,2019-08-30,8,26.96,88.268,5,West Bengal,3.5,5.6,10.2,27.9,112.8,307.9,70.906,3.1,7,11.74,28.75,50.76,247.67,0.402,0.398,0.406,22.6,15.2,0,1878,15.389,269.236,-0.013,-1,0.124,291,1.182,1,4.5,open-meteo-era5,26.96,88.202,10.97,4.67,0.30993618960802183,0.3633285584060424,0.9355818900030385,0,36,518.5941422956734,1855.4635850352909,0.8534,2019-07-28
0,same_place_other_date,glc-1090,2010-07-12,7,26.96,88.268,5,West Bengal,80.8,80.7,421.4,481.4,668.5,1225.2,515.033,14.9,7,15.73,63.03,151.04,476.94,0.429,0.429,0.427,20.8,16.9,0,1878,15.389,269.236,-0.013,-1,0.124,291,1.261,1,4.6,open-meteo-era5,26.96,88.202,14.36,4.67,9.78180129990715,4.789096697174692,2.844011142061282,0,18,518.5941422956734,1855.4635850352909,0.10650000000000001,2010-06-10
0,nearby_place_same_date,glc-1090,2009-08-16,8,27.119,88.13,5,West Bengal,37.1,17,127.5,222.9,387.2,696,258.568,5.1,7,15.93,28.57,61.51,342.4,0.424,0.423,0.426,22.4,20.4,0,1294,38.22,352.223,0.991,-0.135,0.97,596,2.258,0,,open-meteo-era5,27.17,88.196,10.23,4.23,4.1544477028347995,3.112693757855048,2.2678396871945257,0,0,492.0703219649563,287.58638841799694,0.6441,2009-07-28
1,event,glc-1093,2009-08-16,8,26.882,88.32,5,West Bengal,37.1,17,127.5,222.9,387.2,696,258.568,5.1,7,15.93,28.57,61.51,342.4,0.428,0.428,0.423,20.5,19.4,0,1251,14.163,144.462,-0.814,0.581,0.631,485,2.164,0,,open-meteo-era5,26.96,88.302,10.97,4.67,3.874202370100273,2.9027217085558012,2.1148587055606196,8,9,38.306835531698994,3000,0.1988,2009-07-28
0,same_place_other_date,glc-1093,2021-08-15,8,26.882,88.32,5,West Bengal,37.2,12.1,66.5,146.9,264.3,653.3,182.755,13.5,7,15.31,43.4,81.02,442.01,0.421,0.421,0.426,23.6,20.1,0,1251,14.163,144.462,-0.814,0.581,0.631,485,3.738,1,4.5,open-meteo-era5,26.96,88.302,10.97,4.67,2.0206624126405344,1.9130095064461519,1.985110908538438,18,31,38.306835531698994,3000,0.20470000000000002,2021-07-28
0,same_place_other_date,glc-1093,2008-09-12,9,26.882,88.32,5,West Bengal,5.4,2.4,10.1,33.9,205.5,744.6,133.412,2.8,7,14.11,19.38,20.37,294.98,0.398,0.401,0.406,24.4,18.2,0,1251,14.163,144.462,-0.814,0.581,0.631,485,3.213,0,,open-meteo-era5,26.96,88.302,8.78,4.67,0.3834472285497343,0.5515782622844126,2.826879271070615,4,4,38.306835531698994,3000,0.09670000000000001,2008-08-12
0,nearby_place_same_date,glc-1093,2009-08-16,8,27.098,88.105,5,West Bengal,29.4,18.7,109.4,188.7,391.3,679.5,247.771,3.5,7,15.93,28.57,61.51,342.4,0.424,0.423,0.426,21.1,19.1,0,1424,27.021,126.209,-0.591,0.807,-0.115,525,2.254,0,,open-meteo-era5,27.1,88.198,10.23,4.23,3.5646790485500164,2.6351068286552155,2.2140762463343107,0,0,7.723811449098663,516.5449638448498,0.40990000000000004,2009-07-28
1,event,glc-1102,2009-08-19,8,27.264,88.137,10,,34.8,27.2,151.4,346.2,658.3,1203.2,426.367,4.7,7,40.68,60.27,78.52,263.88,0.426,0.427,0.424,25.1,19.2,0,1266,13.601,32.159,0.847,0.532,-0.751,282,2.302,0,,open-meteo-era5,27.241,88.194,7.51,3.01,6.719928983577452,6.58550504089785,5.3404349755881055,0,0,215.1112058404143,63.9685868594713,0.5764,2009-07-28
0,same_place_other_date,glc-1102,2021-09-18,9,27.264,88.137,10,,7.6,10.7,18.3,29.4,192.7,1089.7,183.557,4.5,4,9.61,18.49,31.6,289.09,0.398,0.383,0.385,23,17.6,0,1266,13.601,32.159,0.847,0.532,-0.751,282,1.452,1,4.4,open-meteo-era5,27.241,88.194,5.35,3.01,1.1401869158878508,0.7850467289719627,6.789408099688473,0,1,215.1112058404143,63.9685868594713,0.8325,2021-08-29
0,same_place_other_date,glc-1102,2021-07-19,7,27.264,88.137,10,,114.2,93.4,238.4,484.9,703.5,1287,465.489,18.6,7,7.05,34.12,74.14,349.1,0.429,0.428,0.428,23.1,20,0,1266,13.601,32.159,0.847,0.532,-0.751,282,2.476,3,5.3,open-meteo-era5,27.241,88.194,9.44,3.01,8.418079096045197,7.338075060532687,4.544491525423729,0,1,215.1112058404143,63.9685868594713,0.9470000000000001,2021-06-26
0,nearby_place_same_date,glc-1102,2009-08-19,8,27.286,88.282,10,,23.7,29.2,152.3,499.7,724.2,1161.3,499.028,3.5,7,40.68,60.27,78.52,263.88,0.424,0.428,0.406,25.7,22.5,0,615,26.786,308.29,0.62,-0.785,-0.029,525,2.288,0,,open-meteo-era5,27.241,88.294,7.27,2.99,6.983035304906007,9.819217921006091,5.3246217331499315,0,0,47.502029079674244,112.2479648499256,0.5317000000000001,2009-07-28
1,event,glc-1109,2009-08-20,8,25.522,93.165,25,Assam,2.7,3.6,9.9,90.1,152.5,297.6,100.659,0.5,6,12.55,40.34,100.43,285.98,0.47,0.45,0.495,27.6,24.2,0,281,3.39,78.232,0.204,0.979,0.495,68,3.047,2,5.5,open-meteo-era5,25.554,93.127,7.34,4.22,0.449591280653951,1.7536006228104322,1.35149863760218,0,0,3000,2381.010226433865,0.7206,2009-07-28
0,same_place_other_date,glc-1109,2010-09-05,9,25.522,93.165,25,Assam,0,0,13.9,102.3,162.5,215,99.733,0,4,3.71,29.55,49.44,197.83,0.484,0.497,0.501,30.3,25.1,0,281,3.39,78.232,0.204,0.979,0.495,68,1.754,2,4.7,open-meteo-era5,25.554,93.127,6.15,4.22,0.7533875338753386,2.376306620209059,1.165311653116531,0,0,3000,2381.010226433865,0.8704000000000001,2010-08-13
0,same_place_other_date,glc-1109,2025-07-31,7,25.522,93.165,25,Assam,0.2,0.2,1.2,33.9,113.4,226.6,69.61,0.1,4,6.12,26.47,70.85,212.67,0.327,0.394,0.331,34,25.4,0,281,3.39,78.232,0.204,0.979,0.495,68,2.037,4,4.6,open-meteo-era5,25.554,93.127,8.37,4.22,0.04778972520908005,0.5785970302099335,0.9024293110314616,0,0,3000,2381.010226433865,0.7496,2025-07-12
0,nearby_place_same_date,glc-1109,2009-08-20,8,25.277,93.16,25,Assam,6.8,3.1,13.7,91.3,159.5,330.4,103.548,1.1,7,12.55,40.34,100.43,285.98,0.488,0.471,0.488,26.5,22.9,0,434,3.244,336.161,0.915,-0.404,0.391,166,3.054,2,5.5,open-meteo-era5,25.272,93.114,7.34,4.22,0.6221616712079927,1.7769560140132348,1.5004541326067211,0,0,344.5791509876033,361.60179597203137,0.7665000000000001,2009-07-28
1,event,glc-1112,2009-08-20,8,27.176,88.529,25,Sikkim,43.3,23.7,96.2,504.6,710.8,1195.2,472.651,7.6,7,47.06,120.65,200.19,501.12,0.422,0.427,0.419,26.7,25,0,299,12.143,222.23,-0.74,-0.672,-0.442,234,2.22,0,,open-meteo-era5,27.17,88.497,10.97,4.67,2.9231236706168335,6.571168120849069,3.631722880583409,1,4,24.19640524606183,299.9130687804493,0.7438,2009-07-28
0,same_place_other_date,glc-1112,2015-07-11,7,27.176,88.529,25,Sikkim,22.3,30.8,62.5,124.7,338.7,523.2,187.601,2.4,7,7.43,29.64,61.15,335.19,0.425,0.429,0.398,30.6,24.8,0,299,12.143,222.23,-0.74,-0.672,-0.442,234,2.615,14,5.1,open-meteo-era5,27.17,88.497,14.36,4.67,1.4507892293407614,1.2405491444488659,1.2144846796657385,1,16,24.19640524606183,299.9130687804493,0.6329,2015-06-10
0,same_place_other_date,glc-1112,2024-08-10,8,27.176,88.529,25,Sikkim,30.4,17.3,75.9,187,355.4,663.7,222.928,5.5,7,11.44,43.23,138.73,472.44,0.424,0.423,0.435,31,25.5,0,299,12.143,222.23,-0.74,-0.672,-0.442,234,3.858,1,4.5,open-meteo-era5,27.17,88.497,10.97,4.67,2.3062898814949864,2.435212918348743,2.0167122455180797,3,18,24.19640524606183,299.9130687804493,0.1958,2024-07-11
0,nearby_place_same_date,glc-1112,2009-08-20,8,27.006,88.62,25,Sikkim,43.3,23.7,96.2,504.6,710.8,1195.2,472.651,7.6,7,47.06,120.65,200.19,501.12,0.427,0.43,0.41,24.2,19.1,0,995,31.483,229.051,-0.655,-0.755,-1.265,607,2.159,0,,open-meteo-era5,27.03,88.6,10.97,4.67,2.9231236706168335,6.571168120849069,3.631722880583409,0,0,1044.5720078420147,641.9217855625292,0.16010000000000002,2009-07-28
1,event,glc-1108,2009-08-20,8,24.993,93.5,10,Assam,9.4,6.9,24.2,87,146.7,299,95.185,1.3,7,5.16,18.51,97.15,239.58,0.422,0.422,0.419,21.2,17.9,0,1225,6.59,31.373,0.854,0.521,0.157,266,3.356,3,5.5,open-meteo-era5,24.991,93.585,6.15,3.7,1.3116531165311651,2.0209059233449476,1.6205962059620596,0,1,13.352531838412279,1092.3062501388551,0.3673,2009-07-28
0,same_place_other_date,glc-1108,2014-07-28,7,24.993,93.5,10,Assam,4.9,4.3,10.4,28.9,102,175.5,52.568,2.8,7,4.9,8.59,22.37,113.24,0.397,0.394,0.403,25.2,19.4,0,1225,6.59,31.373,0.854,0.521,0.157,266,2.503,2,4.3,open-meteo-era5,24.991,93.585,7.53,3.7,0.46038069942452414,0.5482830582432175,0.7768924302788844,3,7,13.352531838412279,1092.3062501388551,0.1525,2014-06-26
0,same_place_other_date,glc-1108,2017-08-12,8,24.993,93.5,10,Assam,27.4,31.5,79.5,235.6,392.9,593.8,233.282,4.3,7,12.85,24.65,52.9,205.55,0.428,0.429,0.428,20.3,18.3,0,1225,6.59,31.373,0.854,0.521,0.157,266,3.769,5,5.1,open-meteo-era5,24.991,93.585,6.15,3.7,4.308943089430894,5.472706155632984,3.2184281842818425,3,7,13.352531838412279,1092.3062501388551,0.7090000000000001,2017-07-12
0,nearby_place_same_date,glc-1108,2009-08-20,8,25.137,93.734,10,Assam,5.8,3.4,14.7,102.9,155.8,305.9,102.647,1,7,5.16,18.51,97.15,239.58,0.418,0.419,0.415,21.3,18.2,0,1342,19.791,355.778,0.997,-0.074,0.51,650,3.43,3,5.5,open-meteo-era5,25.132,93.786,6.15,3.7,0.7967479674796747,2.3902439024390243,1.6579945799457994,0,0,2204.767817669139,1529.5706749075055,0.7487,2009-07-28
1,event,glc-1111,2009-08-20,8,27.134,88.458,5,West Bengal,43.3,23.7,96.2,504.6,710.8,1195.2,472.651,7.6,7,47.06,120.65,200.19,501.12,0.428,0.429,0.409,24.5,22.5,0,636,21.543,263.228,-0.118,-0.993,0.134,472,2.218,0,,open-meteo-era5,27.17,88.396,10.97,4.67,2.9231236706168335,6.571168120849069,3.631722880583409,0,6,971.239989842001,209.93077477181626,0.8401000000000001,2009-07-28
0,same_place_other_date,glc-1111,2015-09-20,9,27.134,88.458,5,West Bengal,95.7,0.1,96.1,118.2,197.5,754.9,118.94,9.9,4,18.44,24.79,43.28,292.27,0.354,0.369,0.354,27.2,23.2,0,636,21.543,263.228,-0.118,-0.993,0.134,472,2.123,7,5,open-meteo-era5,27.17,88.396,8.78,4.67,3.648443432042521,1.923202082655386,2.8659832953682614,1,20,971.239989842001,209.93077477181626,0.8403,2015-08-29
0,same_place_other_date,glc-1111,2026-08-13,8,27.134,88.458,5,West Bengal,20.9,1.4,23.5,81.9,262.1,580.4,140.526,4.9,7,6.9,13.04,84.73,451.53,0.376,0.391,0.414,30.4,25.1,0,636,21.543,263.228,-0.118,-0.993,0.134,472,1,0,,open-meteo-era5,27.17,88.396,10.97,4.67,0.7140686721361288,1.0665451230628988,1.7635976906715283,1,23,971.239989842001,209.93077477181626,0.9242,2026-07-12
0,nearby_place_same_date,glc-1111,2009-08-20,8,27.256,88.426,5,West Bengal,46.3,38.9,115.4,615.8,986,1853.6,666.336,7.1,7,38.49,88.84,112.67,297.18,0.426,0.43,0.419,24.9,21.8,0,672,38.414,352.446,0.991,-0.131,0.308,596,2.258,0,,open-meteo-era5,27.17,88.396,7.27,2.99,5.291150848234755,12.100609157005305,8.498853736817972,0,3,704.2449613308539,1586.1906646685102,0.8516,2009-07-28
1,event,glc-1107,2009-08-20,8,27.074,88.478,25,West Bengal,43.3,23.7,96.2,504.6,710.8,1195.2,472.651,7.6,7,47.06,120.65,200.19,501.12,0.428,0.429,0.409,21,19,0,1159,13.49,157.493,-0.924,0.383,0.125,277,2.198,0,,open-meteo-era5,27.1,88.498,10.97,4.67,2.9231236706168335,6.571168120849069,3.631722880583409,2,6,113.73883155866622,2575.000300851296,0.3936,2009-07-28
0,same_place_other_date,glc-1107,2024-08-06,8,27.074,88.478,25,West Bengal,45.9,19.1,69.5,177.5,408.7,752,231.96,10.8,7,36.96,83.14,158.46,523.02,0.41,0.4,0.424,22.8,20.7,0,1159,13.49,157.493,-0.924,0.383,0.125,277,1,0,,open-meteo-era5,27.1,88.498,10.97,4.67,2.1118201154664233,2.311498893085037,2.285019750835612,9,23,113.73883155866622,2575.000300851296,0.2607,2024-07-11
0,same_place_other_date,glc-1107,2019-08-19,8,27.074,88.478,25,West Bengal,14.4,12.1,40.2,116.3,232.7,878.8,171.379,3,7,2.02,13.88,106.85,431.66,0.416,0.411,0.411,23.9,19.8,0,1159,13.49,157.493,-0.924,0.383,0.125,277,1,0,,open-meteo-era5,27.1,88.498,10.97,4.67,1.2215132178669097,1.5145201198072664,2.670312974779702,9,23,113.73883155866622,2575.000300851296,0.6435000000000001,2019-07-28
0,nearby_place_same_date,glc-1107,2009-08-20,8,27.005,88.518,25,West Bengal,43.3,23.7,96.2,504.6,710.8,1195.2,472.651,7.6,7,47.06,120.65,200.19,501.12,0.422,0.429,0.416,20.3,17.8,0,1239,22.707,211.366,-0.854,-0.521,-0.249,342,2.173,0,,open-meteo-era5,27.03,88.5,10.97,4.67,2.9231236706168335,6.571168120849069,3.631722880583409,0,4,23.687186657150043,1781.0184316993996,0.3043,2009-07-28
1,event,glc-1110,2009-08-20,8,26.884,88.281,10,West Bengal,111.4,20.8,163.6,369.7,565.8,918.9,308.921,15.9,7,61.76,146.77,195.56,466.42,0.426,0.427,0.428,20.6,17.9,0,1627,18.957,269.388,-0.011,-1,-0.057,399,2.169,0,,open-meteo-era5,26.96,88.202,10.97,4.67,4.971133394105134,4.81442896210444,2.7921604375569733,10,14,320.9692200704228,2384.00694331837,0.1024,2009-07-28
0,same_place_other_date,glc-1110,2021-09-12,9,26.884,88.281,10,West Bengal,1.2,5.1,6.8,60,175.8,782.2,173.272,2,6,0.4,13.6,52.68,501.54,0.409,0.408,0.408,24.5,15.9,0,1627,18.957,269.388,-0.011,-1,-0.057,399,1.297,1,4.4,open-meteo-era5,26.96,88.202,8.78,4.67,0.258162490508732,0.97624471200781,2.9696279422930907,17,29,320.9692200704228,2384.00694331837,0.0608,2021-08-13
0,same_place_other_date,glc-1110,2021-08-04,8,26.884,88.281,10,West Bengal,4.2,6.3,23.7,107.1,209.9,604.3,167.992,1.1,7,5.73,25.56,126.69,483.99,0.418,0.42,0.421,22.3,17.5,0,1627,18.957,269.388,-0.011,-1,-0.057,399,3.742,3,5.3,open-meteo-era5,26.96,88.202,10.97,4.67,0.7201458523245213,1.3947128532360982,1.8362199939228196,17,29,320.9692200704228,2384.00694331837,0.19840000000000002,2021-07-12
0,nearby_place_same_date,glc-1110,2009-08-20,8,26.634,88.57,10,West Bengal,38.6,23.5,100.1,260.4,452.7,759.2,276.324,7.5,7,51.66,157.74,303.4,670.99,0.428,0.433,0.424,27.9,24.3,0,101,1.387,,0,0,0.038,11,2.064,0,,open-meteo-era5,26.608,88.609,12.71,5.61,2.6252294781012324,2.926829268292683,1.991083136637818,0,0,773.7816377732878,83.15377167509415,0.788,2009-07-28
1,event,glc-1106,2009-08-20,8,26.899,88.167,1,West Bengal,111.4,20.8,163.6,369.7,565.8,918.9,308.921,15.9,7,61.76,146.77,195.56,466.42,0.427,0.427,0.428,19.4,17.6,0,1550,9.437,153.812,-0.897,0.441,0.21,275,2.187,0,,open-meteo-era5,26.96,88.202,10.23,4.23,5.330726621049202,5.162686775590001,2.9941348973607034,0,9,96.04610954268558,1795.355561757249,0.13820000000000002,2009-07-28
0,same_place_other_date,glc-1106,2013-08-04,8,26.899,88.167,1,West Bengal,6.6,5.3,31.1,77.6,180.6,939.6,167.882,2.5,7,18.07,31.99,66.5,398.36,0.416,0.418,0.425,24.3,17.2,0,1550,9.437,153.812,-0.897,0.441,0.21,275,2.14,2,4.7,open-meteo-era5,26.96,88.202,10.23,4.23,1.0133594004561746,1.0836475352604384,3.06158357771261,0,13,96.04610954268558,1795.355561757249,0.0678,2013-07-12
0,same_place_other_date,glc-1106,2016-09-20,9,26.899,88.167,1,West Bengal,26.1,4.2,44,75.4,220.8,398.4,122.884,4.1,7,23.52,47.46,85.88,317.02,0.421,0.421,0.424,21.1,17.1,0,1550,9.437,153.812,-0.897,0.441,0.21,275,2.805,1,4.2,open-meteo-era5,26.96,88.202,8.05,4.23,1.8219461697722565,1.3380656610470274,1.6496894409937886,1,20,96.04610954268558,1795.355561757249,0.10010000000000001,2016-08-28
0,nearby_place_same_date,glc-1106,2009-08-20,8,26.818,87.856,1,West Bengal,106.2,34.5,181.1,293.6,460.6,674.3,235.812,10.8,7,61.76,146.77,195.56,466.42,0.427,0.427,0.427,23.7,22.5,0,420,15.408,52.927,0.603,0.798,0.019,248,2.197,0,,open-meteo-era5,26.819,87.807,10.23,4.23,5.9009449332029975,4.0999860354699065,2.1971326164874547,0,0,3000,3000,0.7806000000000001,2009-07-28
1,event,glc-1125,2009-08-26,8,27.375,88.765,25,Sikkim,12.4,16.5,57.1,158.2,536.9,1004.3,309.151,2.8,7,5.78,16.5,52.29,255.57,0.425,0.425,0.423,12,7.5,0,3749,4.99,297.646,0.464,-0.886,-0.096,251,1.477,0,,open-meteo-era5,27.381,88.793,7.27,2.99,2.6180651077487394,3.108665749656121,4.604768454837231,0,1,179.00520487013893,695.0800458621376,0.021,2009-07-28
0,same_place_other_date,glc-1125,2013-07-17,7,27.375,88.765,25,Sikkim,24,21,92.2,206.8,688,1004.5,366.207,2.4,7,2.76,12.7,27.64,261.48,0.425,0.427,0.425,13.5,9.1,0,3749,4.99,297.646,0.464,-0.886,-0.096,251,2.255,2,4.7,open-meteo-era5,27.381,88.793,9.15,2.99,3.3588342440801453,3.2287275565964095,3.6593806921675776,2,6,179.00520487013893,695.0800458621376,0.1259,2013-06-26
0,same_place_other_date,glc-1125,2015-08-18,8,27.375,88.765,25,Sikkim,10.3,92.2,149.3,285.5,484.2,715.5,332.541,9,7,7.39,15.79,34.48,166.07,0.428,0.429,0.427,13.1,8.8,0,3749,4.99,297.646,0.464,-0.886,-0.096,251,2.756,6,4.7,open-meteo-era5,27.381,88.793,7.27,2.99,6.8454837230628165,5.610139516604441,3.2806052269601103,3,7,179.00520487013893,695.0800458621376,0.1527,2015-07-28
0,nearby_place_same_date,glc-1125,2009-08-26,8,27.209,88.746,25,Sikkim,30.9,36.4,96.2,204,850.1,1369.2,438.988,4.8,7,6.68,17.01,83.26,453.94,0.423,0.429,0.429,20.5,16.4,0,1809,28.646,16.157,0.961,0.278,-0.289,650,1.485,0,,open-meteo-era5,27.241,88.696,10.97,4.67,2.9231236706168335,2.6565959109259016,4.160437556973564,0,1,1542.8793501773498,1509.171218020807,0.0949,2009-07-28
1,event,glc-1127,2009-08-27,8,25.172,93.123,10,Assam,7.3,9.1,20.5,106.5,277.3,481.7,152.545,5.1,7,4.12,19.43,59.39,295.64,0.479,0.492,0.451,25.9,21.9,0,723,12.418,288.831,0.323,-0.946,0.223,206,3.071,3,5.5,open-meteo-era5,25.202,93.11,8.14,4.87,0.8394758394758394,1.8690768690768689,1.9725634725634724,0,0,511.5855811198496,405.75440884376223,0.4043,2009-07-28
0,same_place_other_date,glc-1127,2022-07-22,7,25.172,93.123,10,Assam,18.8,6.7,27.9,72.2,101.3,178.5,62.622,11.9,7,4.4,20.24,49.24,232.82,0.466,0.471,0.45,27,21.8,0,723,12.418,288.831,0.323,-0.946,0.223,206,1.782,3,4.6,open-meteo-era5,25.202,93.11,9.79,4.87,0.9499489274770174,1.0535531883846492,0.6077630234933606,0,5,511.5855811198496,405.75440884376223,0.7736000000000001,2022-06-26
0,same_place_other_date,glc-1127,2016-08-05,8,25.172,93.123,10,Assam,17.5,6.8,24.3,29.7,141.3,253.8,68.126,3.8,4,11.31,16.94,23.01,345.21,0.432,0.437,0.468,26.8,22.9,0,723,12.418,288.831,0.323,-0.946,0.223,206,1.248,2,4.4,open-meteo-era5,25.202,93.11,8.14,4.87,0.995085995085995,0.5212355212355212,1.0393120393120392,0,5,511.5855811198496,405.75440884376223,0.7017,2016-07-11
0,nearby_place_same_date,glc-1127,2009-08-27,8,25.106,93.467,10,Assam,4.1,6.9,11.4,82.9,176.3,292.6,103.509,3.1,5,2.22,11.8,53.46,242.29,0.403,0.403,0.416,29.7,24.6,0,315,22.545,10.528,0.983,0.183,0.343,400,3.291,3,5.5,open-meteo-era5,25.062,93.394,6.15,3.7,0.6178861788617885,1.9256678281068524,1.5859078590785909,0,1,3000,258.0289681075668,0.8384,2009-07-28
1,event,glc-1168,2009-09-17,9,27.195,88.612,5,Sikkim,11.8,7.4,24.8,125.9,183.6,396.3,118.053,2.8,7,4.39,10.49,13.42,225.29,0.4,0.395,0.4,27.6,23.1,0,472,6.596,175.135,-0.996,0.085,0.067,308,1.911,0,,open-meteo-era5,27.17,88.597,8.78,4.67,0.9415337889141991,2.048486820696388,1.5045558086560367,1,4,116.1350429062698,93.43503000019473,0.6401,2009-08-29
0,same_place_other_date,glc-1168,2014-08-07,8,27.195,88.612,5,Sikkim,16.8,7.5,43.3,81.3,119.1,348.3,92.35,2.8,7,9.81,20.8,33.26,219.47,0.427,0.425,0.429,27.7,24,0,472,6.596,175.135,-0.996,0.085,0.067,308,1.759,3,4.3,open-meteo-era5,27.17,88.597,10.97,4.67,1.3157095107869945,1.0587316056778224,1.0583409298085689,2,7,116.1350429062698,93.43503000019473,0.6333000000000001,2014-07-12
0,same_place_other_date,glc-1168,2008-08-23,8,27.195,88.612,5,Sikkim,16.5,5.4,25.8,241.9,529,684.9,296.234,2.5,7,15.9,25.44,91.84,366.16,0.426,0.424,0.403,29,23.5,0,472,6.596,175.135,-0.996,0.085,0.067,308,1.597,0,,open-meteo-era5,27.17,88.597,10.97,4.67,0.7839562443026435,3.150149759083214,2.081130355515041,0,2,116.1350429062698,93.43503000019473,0.5336000000000001,2008-07-27
0,nearby_place_same_date,glc-1168,2009-09-17,9,27.185,88.501,5,Sikkim,11.8,7.4,24.8,125.9,183.6,396.3,118.053,2.8,7,4.39,10.49,13.42,225.29,0.408,0.407,0.41,28.4,24.5,0,364,4.126,170.218,-0.985,0.17,0.077,221,1.89,0,,open-meteo-era5,27.17,88.497,8.78,4.67,0.9415337889141991,2.048486820696388,1.5045558086560367,3,9,231.5612372614639,298.025113167217,0.6892,2009-08-29
1,event,glc-1222,2009-10-05,10,23.735,92.721,5,Mizoram,28.3,17.3,87.2,94.3,230,353.8,120.856,4.4,5,16.64,63.8,74.72,226.3,0.425,0.424,0.41,23.9,19,0,979,19.265,71.318,0.32,0.947,0.599,315,2.967,0,,open-meteo-era5,23.726,92.756,5.47,5.87,5.313833028641072,2.4627840167145467,2.1560024375380866,0,0,293.20974596761965,3000,0.4555,2009-09-14
0,same_place_other_date,glc-1222,2024-08-31,8,23.735,92.721,5,Mizoram,6.7,9.4,43.5,89.9,264.8,404.4,144.405,3,6,25.79,42.46,75.51,830.64,0.409,0.408,0.404,28.2,19.6,0,979,19.265,71.318,0.32,0.947,0.599,315,1.395,2,4.4,open-meteo-era5,23.726,92.756,10.58,5.87,1.3705103969754253,1.213880637321091,1.274102079395085,11,11,293.20974596761965,3000,0.2642,2024-08-12
0,same_place_other_date,glc-1222,2025-11-14,11,23.735,92.721,5,Mizoram,0,0,0,0.1,17.1,50.4,10.225,0,0,0,0,0,65.45,0.126,0.132,0.128,25.6,11.1,0,979,19.265,71.318,0.32,0.947,0.599,315,1.704,4,4.6,open-meteo-era5,23.726,92.756,1.04,5.87,0,0.013736263736263736,1.6153846153846152,11,11,293.20974596761965,3000,0.3632,2025-10-16
0,nearby_place_same_date,glc-1222,2009-10-05,10,23.665,92.785,5,Mizoram,28.3,17.3,87.2,94.3,230,353.8,120.856,4.4,5,16.64,63.8,74.72,226.3,0.425,0.424,0.406,28.1,23.2,0,321,21.369,63.045,0.453,0.891,0.1,409,2.933,0,,open-meteo-era5,23.656,92.753,3.37,3.28,8.625123639960435,3.9974565493853325,3.499505440158259,0,0,3000,544.88898498923,0.8477,2009-09-14
1,event,glc-1596,2010-03-27,3,24.734,93.916,5,Manipur,2.5,0,2.5,2.5,2.7,8.7,0.822,1.4,1,11.35,12.42,14.34,30.05,0.168,0.189,0.214,29.3,18.3,0,883,8.99,221.309,-0.751,-0.66,0.738,128,3.025,2,5.5,open-meteo-era5,24.71,93.859,1.57,3.47,0.5307855626326964,0.22747952684258416,0.18471337579617833,0,0,686.7805023116492,661.1959358311024,0.38320000000000004,2010-03-06
0,same_place_other_date,glc-1596,2008-02-26,2,24.734,93.916,5,Manipur,0,0.1,0.1,5.3,5.5,22.7,6.33,0.1,2,0.07,0.25,0.25,20.02,0.251,0.267,0.279,23.5,12.9,0,883,8.99,221.309,-0.751,-0.66,0.738,128,2.038,3,4.9,open-meteo-era5,24.71,93.859,0.71,3.47,0.04694835680751174,1.0663983903420524,1.0657276995305165,0,0,686.7805023116492,661.1959358311024,0.5217,2008-02-02
0,same_place_other_date,glc-1596,2021-04-15,4,24.734,93.916,5,Manipur,0,0.6,0.6,1.2,9.2,38.3,9.34,0.5,0,0.84,3.42,5.31,71.74,0.125,0.15,0.197,30.8,16.5,0,883,8.99,221.309,-0.751,-0.66,0.738,128,1.611,1,4.2,open-meteo-era5,24.71,93.859,4.05,3.47,0.04938271604938272,0.04232804232804233,0.31522633744855966,0,1,686.7805023116492,661.1959358311024,0.49050000000000005,2021-03-22
0,nearby_place_same_date,glc-1596,2010-03-27,3,24.978,94.081,5,Manipur,1.4,0,1.4,2.2,4,36.6,5.031,0.9,1,14.12,18.89,23.35,41.11,0.26,0.283,0.311,29.5,17.5,0,875,14.773,191.31,-0.981,-0.196,-0.398,242,2.903,2,5.5,open-meteo-era5,24.991,94.069,1.66,3.7,0.28112449799196787,0.18932874354561105,0.7349397590361446,0,0,66.42217135374582,124.12558917396002,0.40440000000000004,2010-03-06
1,event,glc-1611,2010-04-01,4,25.155,93.028,25,Assam,15.3,20.7,96.8,137.6,139.1,181.3,112.917,3.5,6,40.47,104.47,158.73,176.46,0.476,0.489,0.388,25,17.9,0,564,21.174,14.036,0.97,0.243,-0.353,293,2.573,2,5.5,open-meteo-era5,25.202,93.013,6.15,4.87,5.2466124661246605,3.196283391405342,0.9826558265582657,0,1,317.5816354163858,585.4072254973108,0.5924,2010-03-06
0,same_place_other_date,glc-1611,2026-03-13,3,25.155,93.028,25,Assam,8.1,6.4,16.8,18.8,19.7,19.8,10.191,3.1,4,12.58,16.57,19.97,22.4,0.443,0.429,0.45,23.7,18.3,0,564,21.174,14.036,0.97,0.243,-0.353,293,1.565,1,4.9,open-meteo-era5,25.202,93.013,2.05,4.87,2.731707317073171,1.310104529616725,0.3219512195121952,2,3,317.5816354163858,585.4072254973108,0.6638000000000001,2026-02-18
0,same_place_other_date,glc-1611,2007-03-29,3,25.155,93.028,25,Assam,0,0,0,44.5,86.3,94.4,49.599,0,1,0,0,5.83,15.53,0.423,0.441,0.437,31.3,18.3,0,564,21.174,14.036,0.97,0.243,-0.353,293,1.151,2,4.3,open-meteo-era5,25.202,93.013,2.05,4.87,0,3.1010452961672477,1.5349593495934961,0,0,317.5816354163858,585.4072254973108,0.5524,2007-03-06
0,nearby_place_same_date,glc-1611,2010-04-01,4,25.436,92.949,25,Assam,5.6,8.9,53.1,75.8,76.3,88.5,63.916,2.7,5,23.52,74.36,124.58,141.54,0.497,0.479,0.336,26,18.4,0,446,10.332,11.459,0.98,0.199,0.205,154,2.435,1,4.4,open-meteo-era5,25.413,92.925,5.23,4.22,3.3843212237093687,2.0704725484840205,0.5640535372848948,0,0,170.03271700396476,2502.973438747263,0.3798,2010-03-06
1,event,glc-1613,2010-04-02,4,27.9,93.35,1,Arunachal Pradesh,20.2,22.5,62.6,122.9,215.8,426.7,143.457,3.5,7,6.29,18.64,40.38,81.13,0.423,0.425,0.425,20.9,14.8,4.06,866,6.658,234.462,-0.581,-0.814,0.029,211,2.055,0,,open-meteo-era5,27.873,93.446,5.41,5.75,3.8570548367221194,3.245312912595722,2.6290819470117066,0,0,421.3276220542377,406.5629480451622,0.4353,2010-03-06
0,same_place_other_date,glc-1613,2018-03-30,3,27.9,93.35,1,Arunachal Pradesh,12.8,10.5,25.3,52.8,122.2,217.5,67.65,2.2,7,0.14,1.31,4.05,46.2,0.406,0.401,0.407,19.6,14.7,0,866,6.658,234.462,-0.581,-0.814,0.029,211,1,0,,open-meteo-era5,27.873,93.446,1.78,5.75,4.737827715355806,4.237560192616372,4.073033707865169,0,0,421.3276220542377,406.5629480451622,0.5243,2018-03-06
0,same_place_other_date,glc-1613,2024-03-26,3,27.9,93.35,1,Arunachal Pradesh,17.5,16.6,37.7,98.8,189.1,332.3,112.921,7.4,7,5.66,14.67,35.09,43.03,0.419,0.416,0.418,19.4,11.9,0,866,6.658,234.462,-0.581,-0.814,0.029,211,1,0,,open-meteo-era5,27.873,93.446,1.78,5.75,7.05992509363296,7.929373996789726,6.222846441947566,0,0,421.3276220542377,406.5629480451622,0.4818,2024-03-05
0,nearby_place_same_date,glc-1613,2010-04-02,4,27.647,93.507,1,Arunachal Pradesh,41.3,34.1,108.2,216.5,350.7,530.7,210.232,4,7,11.69,32.15,71.38,140.7,0.428,0.428,0.429,13.7,9.6,0,2135,29.57,179.627,-1,0.007,-0.174,412,1.969,0,,open-meteo-era5,27.663,93.434,6.62,6.66,5.448136958710977,4.671989641778161,2.6722054380664657,0,0,3000,3000,0.7989,2010-03-06
1,event,glc-1755,2010-04-17,4,27.334,88.608,5,Sikkim,4.7,1.9,8.4,25.3,48.2,192.8,44.656,1.2,6,0.26,1.83,3.59,7.11,0.381,0.379,0.37,20.5,14.3,0,1448,22.174,274.663,0.081,-0.997,-0.058,440,1.597,0,,open-meteo-era5,27.311,88.594,1.89,2.99,1.4814814814814816,1.9123204837490555,3.4003527336860673,2,3,21.45006683802976,1201.2818388280023,0.5655,2010-03-22
0,same_place_other_date,glc-1755,2024-04-24,4,27.334,88.608,5,Sikkim,0,0,1.2,57.6,70.4,111.9,45.732,0,5,0.28,1.62,3.05,49.41,0.368,0.382,0.38,26.6,10.7,0,1448,22.174,274.663,0.081,-0.997,-0.058,440,1.33,0,,open-meteo-era5,27.311,88.594,1.89,2.99,0.21164021164021163,4.35374149659864,1.9735449735449737,6,11,21.45006683802976,1201.2818388280023,0.4872,2024-04-06
0,same_place_other_date,glc-1755,2014-03-11,3,27.334,88.608,5,Sikkim,0.5,0.9,9.6,51.1,139.8,350.3,91.264,0.3,5,0,0,0.61,6.47,0.402,0.412,0.402,16.9,10.9,0.21,1448,22.174,274.663,0.081,-0.997,-0.058,440,1,0,,open-meteo-era5,27.311,88.594,0.96,2.99,3.3333333333333335,7.604166666666667,12.163194444444446,6,11,21.45006683802976,1201.2818388280023,0.5066,2014-02-18
0,nearby_place_same_date,glc-1755,2010-04-17,4,27.53,88.42,5,Sikkim,11.2,4.2,20.1,85,207.3,567.2,153.214,1.9,7,0.06,1.38,2.19,4.65,0.416,0.418,0.42,16.7,10.6,8.47,1923,47.637,168.816,-0.981,0.194,-0.455,650,1.613,0,,open-meteo-era5,27.522,88.488,1.89,2.99,3.544973544973545,6.424792139077854,10.003527336860671,0,1,3000,1921.2129757721736,0.7258,2010-03-22
1,event,glc-1756,2010-04-17,4,27.322,88.609,1,Sikkim,4.7,1.9,8.4,25.3,48.2,192.8,44.656,1.2,6,0.26,1.83,3.59,7.11,0.381,0.379,0.37,20.1,13.9,0,1514,26.732,277.419,0.129,-0.992,0.617,471,1.594,0,,open-meteo-era5,27.311,88.594,1.89,2.99,1.4814814814814816,1.9123204837490555,3.4003527336860673,2,4,16.741979272721274,1203.1280312637634,0.4471,2010-03-22
0,same_place_other_date,glc-1756,2014-04-19,4,27.322,88.609,1,Sikkim,3.7,0.1,8.8,16.4,97.2,203.3,47.463,1.9,6,1.38,5.58,7.56,31.55,0.378,0.376,0.389,22.2,12.5,0,1514,26.732,277.419,0.129,-0.992,0.617,471,1.508,0,,open-meteo-era5,27.311,88.594,1.89,2.99,1.5520282186948855,1.2396069538926682,3.585537918871253,6,13,16.741979272721274,1203.1280312637634,0.4611,2014-03-22
0,same_place_other_date,glc-1756,2024-04-06,4,27.322,88.609,1,Sikkim,0,3,4.1,16.7,104.6,147.7,49.159,1.3,5,1.07,4.89,9.6,87.76,0.359,0.355,0.392,24.5,10.2,0,1514,26.732,277.419,0.129,-0.992,0.617,471,1.331,1,4.4,open-meteo-era5,27.311,88.594,1.89,2.99,0.7231040564373897,1.2622826908541196,2.6049382716049383,6,13,16.741979272721274,1203.1280312637634,0.41900000000000004,2024-03-05
0,nearby_place_same_date,glc-1756,2010-04-17,4,27.373,88.52,1,Sikkim,4.7,1.9,8.4,25.3,48.2,192.8,44.656,1.2,6,0.26,1.83,3.59,7.11,0.406,0.405,0.403,19.9,14.4,0,1609,17.265,357.963,0.999,-0.036,-0.752,481,1.594,0,,open-meteo-era5,27.381,88.492,1.89,2.99,1.4814814814814816,1.9123204837490555,3.4003527336860673,0,4,158.4624966584344,2160.758543577051,0.6131,2010-03-22
1,event,glc-1771,2010-04-20,4,26.198,91.767,0.5,Assam,50.4,24.8,105.5,182.6,190.6,282.4,123.665,4.2,7,33.21,123.36,189.67,297.34,0.483,0.489,0.38,23.9,20.7,0,81,9.19,112.521,-0.383,0.924,0.076,150.832,1.576,0,,open-meteo-era5,26.186,91.776,7.67,5.51,4.584963059539331,3.40100577388713,1.2272924815297697,2,2,191.03489940879277,1314.3925058888055,0.312,2010-03-22
0,same_place_other_date,glc-1771,2014-03-18,3,26.198,91.767,0.5,Assam,0.2,0.1,0.3,0.3,0.3,11,1.096,0.2,0,0,0,0,19.11,0.259,0.284,0.316,32.2,20.1,0,81,9.19,112.521,-0.383,0.924,0.076,150.832,2.188,2,4.4,open-meteo-era5,26.186,91.776,1.91,5.51,0.05235602094240838,0.02243829468960359,0.19197207678883071,4,11,191.03489940879277,1314.3925058888055,0.28700000000000003,2014-02-18
0,same_place_other_date,glc-1771,2007-04-12,4,26.198,91.767,0.5,Assam,0,10.5,33.1,121.1,128.5,151.7,98.16,2.6,6,0.35,29.22,110.91,142.36,0.467,0.476,0.363,26.8,17.4,0,81,9.19,112.521,-0.383,0.924,0.076,150.832,1,0,,open-meteo-era5,26.186,91.776,7.67,5.51,1.438504997827032,2.255541069100391,0.6592785745328118,0,0,191.03489940879277,1314.3925058888055,0.30860000000000004,2007-03-22
0,nearby_place_same_date,glc-1771,2010-04-20,4,26.297,91.667,0.5,Assam,50.4,24.8,105.5,182.6,190.6,282.4,123.665,4.2,7,46.99,135.63,189.17,292.54,0.476,0.493,0.468,24.1,21.1,0,49,0.394,,0,0,-0.019,6,1.596,0,,open-meteo-era5,26.327,91.681,7.74,5.33,4.543496985357451,3.3702473237356956,1.2161929371231694,0,0,106.05936546251972,1092.8055924874486,0.5131,2010-03-22
1,event,glc-1770,2010-04-20,4,26.197,91.763,1,Assam,50.4,24.8,105.5,182.6,190.6,282.4,123.665,4.2,7,33.21,123.36,189.67,297.34,0.483,0.489,0.38,23.9,20.7,0,94,3.222,302.661,0.54,-0.842,0.302,134.637,1.575,0,,open-meteo-era5,26.186,91.776,7.67,5.51,4.584963059539331,3.40100577388713,1.2272924815297697,2,2,261.44255273674634,1206.399980807948,0.14780000000000001,2010-03-22
0,same_place_other_date,glc-1770,2023-05-28,5,26.197,91.763,1,Assam,0.9,21,44.2,98.3,182.7,241.8,118.537,12.7,6,0.32,28.38,53.83,157.29,0.491,0.491,0.371,30.9,22.4,0,94,3.222,302.661,0.54,-0.842,0.302,134.637,2.311,1,4.5,open-meteo-era5,26.186,91.776,9.23,5.51,1.596244131455399,1.5214363101687045,0.8732394366197183,12,31,261.44255273674634,1206.399980807948,0.21400000000000002,2023-05-09
0,same_place_other_date,glc-1770,2021-04-02,4,26.197,91.763,1,Assam,1,0,21.1,23.8,23.8,28.9,20.764,0.7,3,4.29,19.3,42.31,59.21,0.395,0.28,0.32,31,19.2,0,94,3.222,302.661,0.54,-0.842,0.302,134.637,2.563,2,5,open-meteo-era5,26.186,91.776,7.67,5.51,0.9169926119078663,0.4432855280312908,0.12559756627553237,12,31,261.44255273674634,1206.399980807948,0.20270000000000002,2021-03-06
0,nearby_place_same_date,glc-1770,2010-04-20,4,26.184,91.562,1,Assam,52.1,24.7,109.3,213.2,219.7,341.6,146.483,5.4,7,32.67,118.45,192.19,292.65,0.473,0.491,0.425,24.1,21,0,50,0.098,,0,0,0.057,11,1.566,0,,open-meteo-era5,26.186,91.579,7.97,5.79,4.571309075700544,3.8214733823265816,1.4286909242994563,0,0,198.51316508340983,3000,0.4989,2010-03-22
1,event,glc-1776,2010-04-21,4,25.361,92.285,25,Meghalaya,18.3,57.3,139.5,225.6,263.8,439.6,217.992,7.9,7,22.82,90.58,192.15,373.26,0.488,0.489,0.517,21.8,17.7,0,1226,3.75,173.66,-0.994,0.11,-0.065,55,1.397,0,,open-meteo-era5,25.343,92.24,8.05,6.38,5.7763975155279494,4.00354924578527,1.8202898550724635,0,0,699.1933158551958,302.9755643546792,0.2893,2010-03-22
0,same_place_other_date,glc-1776,2018-05-17,5,25.361,92.285,25,Meghalaya,0.5,6.2,9.8,27.7,300,529.1,148.083,1.7,6,3.38,17.81,25.92,289.06,0.494,0.485,0.453,21.7,15.5,0,1226,3.75,173.66,-0.994,0.11,-0.065,55,1.654,1,4.4,open-meteo-era5,25.343,92.24,10.63,6.38,0.30730636563185953,0.37226179276978894,1.6591407964879272,1,2,699.1933158551958,302.9755643546792,0.3335,2018-04-23
0,same_place_other_date,glc-1776,2013-05-31,5,25.361,92.285,25,Meghalaya,5.9,13.7,48.8,70.6,255.9,490,167.005,2.7,7,2.7,36.49,57.63,508.55,0.487,0.485,0.484,23.6,19.1,0,1226,3.75,173.66,-0.994,0.11,-0.065,55,1,0,,open-meteo-era5,25.343,92.24,10.63,6.38,1.5302602696770147,0.9487972046767905,1.5365318281592975,1,1,699.1933158551958,302.9755643546792,0.22,2013-05-09
0,nearby_place_same_date,glc-1776,2010-04-21,4,25.428,92.666,25,Meghalaya,6.7,126.4,191.1,248.2,266.8,378,240.897,11.9,7,22.82,90.58,192.15,373.26,0.49,0.499,0.503,25.1,20.8,0,771,9.244,139.814,-0.764,0.645,-0.037,86,1.413,0,,open-meteo-era5,25.413,92.633,8.05,6.38,7.913043478260868,4.404614019520851,1.5652173913043477,0,0,1646.2151136838354,1324.0882750719002,0.5079,2010-03-22
1,event,glc-1857,2010-05-11,5,25.343,92.29,25,Meghalaya,37.2,73.4,152,166,201,813.1,216.171,10.7,5,12.85,28.61,56.39,418.07,0.49,0.491,0.495,23.4,18,0,1205,1.897,,0,0,-0.028,46,1.308,1,4.5,open-meteo-era5,25.343,92.338,10.63,6.38,4.766384446534964,2.2308829458406123,2.5497021009720915,1,1,1263.90566015318,648.4297509512495,0.5535,2010-04-23
0,same_place_other_date,glc-1857,2014-04-24,4,25.343,92.29,25,Meghalaya,0,0,0,2.5,7.3,93.5,19.653,0,1,0,0,0.22,39.39,0.327,0.343,0.31,27.3,17.1,0,1205,1.897,,0,0,-0.028,46,2.223,3,4.4,open-meteo-era5,25.343,92.338,8.05,6.38,0,0.04436557231588287,0.3871635610766045,1,1,1263.90566015318,648.4297509512495,0.338,2014-03-22
0,same_place_other_date,glc-1857,2025-06-21,6,25.343,92.29,25,Meghalaya,16.8,18.8,90.7,178.1,210.1,735.5,209.75,3.3,7,5.16,42.23,126.51,658.09,0.511,0.505,0.498,22.7,20.1,0,1205,1.897,,0,0,-0.028,46,2.656,3,5.1,open-meteo-era5,25.343,92.338,14.29,6.38,2.11569862374621,1.7804658602419274,1.7156519710753442,1,2,1263.90566015318,648.4297509512495,0.1709,2025-05-25
0,nearby_place_same_date,glc-1857,2010-05-11,5,25.286,92.455,25,Meghalaya,18.9,74.1,135.8,148.1,180.3,572.4,182.498,11.9,7,12.85,28.61,56.39,418.07,0.475,0.483,0.508,26,20.7,0,844,13.722,145.054,-0.82,0.573,0.074,200,1.41,1,4.5,open-meteo-era5,25.272,92.432,10.63,6.38,4.258388209470054,1.9903238811987631,1.7949200376293506,0,0,3000,1304.0149445070901,0.7624000000000001,2010-04-23
1,event,glc-1929,2010-05-31,5,27.354,88.643,5,Sikkim,3.5,5.1,15.8,62.7,189.7,286.7,111.413,2.5,7,4.53,9.04,21.88,124.71,0.407,0.398,0.415,19.2,12.7,0,2120,23.099,84.716,0.092,0.996,-0.212,537,1.645,0,,open-meteo-era5,27.311,88.694,3.57,2.99,1.4752567693744165,2.5090036014405763,2.676937441643324,4,6,74.88501401955992,1520.9883226552543,0.4549,2010-05-09
0,same_place_other_date,glc-1929,2008-07-09,7,27.354,88.643,5,Sikkim,34,37.9,87.6,308.6,573.1,951.9,345.865,5.8,7,3.22,14.52,33.66,199.17,0.418,0.423,0.41,20.5,13.5,0,2120,23.099,84.716,0.092,0.996,-0.212,537,1.741,2,4.1,open-meteo-era5,27.311,88.694,9.15,2.99,3.1912568306010924,4.818110850897737,3.46775956284153,1,2,74.88501401955992,1520.9883226552543,0.5018,2008-06-09
0,same_place_other_date,glc-1929,2023-05-13,5,27.354,88.643,5,Sikkim,2.1,0.8,2.9,5.5,25.9,39.9,11.498,0.8,2,0,0.53,25.73,111.09,0.259,0.278,0.302,19.4,11.2,0,2120,23.099,84.716,0.092,0.996,-0.212,537,1,1,4.3,open-meteo-era5,27.311,88.694,3.57,2.99,0.27077497665732964,0.22008803521408565,0.37254901960784315,6,13,74.88501401955992,1520.9883226552543,0.6717000000000001,2023-04-23
0,nearby_place_same_date,glc-1929,2010-05-31,5,27.413,88.8,5,Sikkim,2.9,5.2,11.4,31,126.7,248.4,78.727,1.2,6,4.53,9.04,21.88,124.71,0.414,0.415,0.415,7.3,0.6,0,4536,16.884,156.132,-0.914,0.405,0.483,324,1.715,1,4.9,open-meteo-era5,27.452,88.792,3.57,2.99,1.0644257703081235,1.2404961984793919,2.319327731092437,0,1,1241.3919275585354,2026.2000059124862,0.0077,2010-05-09
1,event,glc-1935,2010-06-03,6,23.899,91.76,5,Tripura,6.2,4.3,14.2,117.2,238.7,350.6,133.261,1.3,7,40.65,82.29,196.52,497.9,0.406,0.408,0.415,32,25.5,0,187,2.88,121.43,-0.521,0.853,-0.637,175,1,0,,open-meteo-era5,23.866,91.81,14.66,6.33,0.3228740336516598,1.1420775677255894,0.797180536607549,0,0,21.884361789433875,3000,0.4137,2010-05-09
0,same_place_other_date,glc-1935,2016-06-01,6,23.899,91.76,5,Tripura,9.2,14.1,31.1,92,311.7,432.1,159.796,4,7,4.88,19.94,127.06,579.79,0.423,0.424,0.423,31.8,23.3,0,187,2.88,121.43,-0.521,0.853,-0.637,175,1.764,6,4.8,open-meteo-era5,23.866,91.81,14.66,6.33,0.7071396089131423,0.8965114012862989,0.9824920418371987,0,0,21.884361789433875,3000,0.7916000000000001,2016-05-08
0,same_place_other_date,glc-1935,2014-05-25,5,23.899,91.76,5,Tripura,31.7,3.7,35.5,38.2,73.3,293.6,44.598,5.5,3,21.42,26.42,26.6,225.22,0.326,0.323,0.329,31.8,23.2,0,187,2.88,121.43,-0.521,0.853,-0.637,175,1.951,1,4.3,open-meteo-era5,23.866,91.81,11.99,6.33,0.9869335557408953,0.4551411890861432,0.8162357520155686,0,0,21.884361789433875,3000,0.6556000000000001,2014-04-23
0,nearby_place_same_date,glc-1935,2010-06-03,6,23.908,91.972,5,Tripura,2.3,3.5,8.4,93.1,206.7,301,115.057,0.7,7,40.65,82.29,196.52,497.9,0.403,0.406,0.412,32.1,26.5,0,81,8.366,81.607,0.146,0.989,-0.428,88,1,0,,open-meteo-era5,23.937,92.002,14.66,6.33,0.19099590723055934,0.9072305593451568,0.6844020009095043,0,0,3000,1843.3272637934792,0.6998000000000001,2010-05-09
1,event,glc-1934,2010-06-03,6,24.601,92.381,25,Assam,3.1,7.7,19.9,144.9,294.5,436.5,175.555,1.7,7,54.42,121.7,190.57,565.7,0.456,0.455,0.42,32.4,24.3,0,97,7.279,309.668,0.638,-0.77,0.377,74,1,0,,open-meteo-era5,24.569,92.406,16.08,7.17,0.4125207296849088,1.2873134328358211,0.9048507462686568,0,0,623.3066590641419,3000,0.735,2010-05-09
0,same_place_other_date,glc-1934,2023-06-04,6,24.601,92.381,25,Assam,2.6,22.7,26.3,27.2,111.4,170.8,67.567,18.1,3,0.48,16.01,17.4,226.73,0.304,0.3,0.266,34.4,23.6,0,97,7.279,309.668,0.638,-0.77,0.377,74,2.771,3,4.9,open-meteo-era5,24.569,92.406,16.08,7.17,0.545190713101161,0.2416488983653163,0.3540630182421228,0,0,623.3066590641419,3000,0.8286,2023-05-09
0,same_place_other_date,glc-1934,2015-05-22,5,24.601,92.381,25,Assam,1.8,7.3,9.6,51.1,107.3,188.6,66.629,2.3,5,11.58,19.99,68.37,327.9,0.422,0.414,0.446,32.7,25,0,97,7.279,309.668,0.638,-0.77,0.377,74,4.426,0,,open-meteo-era5,24.569,92.406,12.94,7.17,0.2472952086553323,0.5641421947449768,0.48583204533745494,0,0,623.3066590641419,3000,0.776,2015-04-23
0,nearby_place_same_date,glc-1934,2010-06-03,6,24.512,92.283,25,Assam,10,11.1,30.9,157.9,325.3,517.7,195.208,1.8,7,54.42,121.7,190.57,565.7,0.425,0.426,0.407,32.8,24.9,0,35,0.4,,0,0,-0.009,50,1,0,,open-meteo-era5,24.499,92.308,16.08,7.17,0.6405472636815921,1.4028073916133619,1.0731757877280266,0,0,2211.5709992292063,3000,0.7109000000000001,2010-05-09
1,event,glc-1963,2010-06-11,6,26.944,88.444,10,West Bengal,4.2,12.5,37.5,72.7,109.3,273.1,93.432,3.4,7,5.36,5.51,13.9,193.6,0.413,0.42,0.378,30.2,22.9,0,165,11.824,96.71,-0.117,0.993,-0.584,291,1.42,0,,open-meteo-era5,26.889,88.503,8.99,4.67,1.3904338153503895,1.1552518671539806,1.0126065999258436,0,5,144.1367417774576,99.59048687976677,0.6813,2010-05-09
0,same_place_other_date,glc-1963,2021-06-19,6,26.944,88.444,10,West Bengal,22.7,19.6,51,118.7,286.1,438.5,151.35,3.6,7,35.52,88.45,161.43,432.86,0.425,0.43,0.433,28.2,23.3,0,165,11.824,96.71,-0.117,0.993,-0.584,291,1.424,0,,open-meteo-era5,26.889,88.503,8.99,4.67,1.8909899888765296,1.8862227872238997,1.6258806080830552,4,20,144.1367417774576,99.59048687976677,0.48760000000000003,2021-05-25
0,same_place_other_date,glc-1963,2025-07-16,7,26.944,88.444,10,West Bengal,27.6,13.6,63,75,203,456.4,122.026,4.2,6,24.72,69.55,92.22,386.16,0.408,0.38,0.399,27.9,24,0,165,11.824,96.71,-0.117,0.993,-0.584,291,1,0,,open-meteo-era5,26.889,88.503,14.36,4.67,1.4623955431754876,0.7461201750895344,1.0594243268337977,4,20,144.1367417774576,99.59048687976677,0.46480000000000005,2025-06-26
0,nearby_place_same_date,glc-1963,2010-06-11,6,27.076,88.649,10,West Bengal,6.2,11.8,27.1,49.1,87.7,287.8,78.268,2.9,7,5.36,5.51,13.9,193.6,0.405,0.418,0.39,21.9,15.8,0,1738,16.125,164.021,-0.961,0.275,-0.23,438,1.521,0,,open-meteo-era5,27.1,88.699,8.99,4.67,1.0048201705598814,0.7802320038137613,1.0671116054875789,0,2,1041.7778255711062,538.1758746618362,0.8583000000000001,2010-05-09
1,event,glc-1986,2010-06-15,6,26.334,94.551,1,Nagaland,20.3,12.6,45.9,82,435.9,665,203.765,4,7,40.07,75.47,135.07,370.59,0.49,0.49,0.478,23.4,18.9,0,1378,4.203,245.556,-0.414,-0.91,0.53,200,1.545,2,4.6,open-meteo-era5,26.257,94.643,9.94,4.8,1.539235412474849,1.178499568841621,2.2300469483568075,0,0,99.96494347284272,3000,0.2472,2010-05-25
0,same_place_other_date,glc-1986,2018-05-20,5,26.334,94.551,1,Nagaland,4.4,6.8,15.4,46.3,161.7,267.3,89.094,1.8,7,7.67,20.3,41.09,186.93,0.493,0.497,0.496,22.1,17.3,0,1378,4.203,245.556,-0.414,-0.91,0.53,200,1.582,2,4.6,open-meteo-era5,26.257,94.643,7.34,4.8,0.6993642143505904,0.9011288439081355,1.2138964577656677,2,5,99.96494347284272,3000,0.6641,2018-04-23
0,same_place_other_date,glc-1986,2008-07-25,7,26.334,94.551,1,Nagaland,12.7,7,25.5,53.4,162.1,419.2,99.666,4.5,7,9.67,19.17,64.93,344.33,0.473,0.495,0.472,23,18.8,0,1378,4.203,245.556,-0.414,-0.91,0.53,200,3.16,4,4.9,open-meteo-era5,26.257,94.643,10.73,4.8,0.7921714818266543,0.7109572626814006,1.3022677850264055,0,0,99.96494347284272,3000,0.1829,2008-06-25
0,nearby_place_same_date,glc-1986,2010-06-15,6,26.253,94.598,1,Nagaland,20.3,12.6,45.9,82,435.9,665,203.765,4,7,40.07,75.47,135.07,370.59,0.486,0.494,0.478,23.3,19.2,0,1444,11.68,186.415,-0.994,-0.112,1.22,484,1.601,2,4.6,open-meteo-era5,26.257,94.643,9.94,4.8,1.539235412474849,1.178499568841621,2.2300469483568075,0,0,2102.3933047174955,2178.8306252117345,0.6995,2010-05-25
1,event,glc-1987,2010-06-15,6,25.227,93.166,25,Assam,8.1,5.7,23.5,54,337,583.3,185.972,1.4,7,23.82,45.04,129.3,444.31,0.504,0.499,0.453,29.4,22.8,0,396,3.173,270,0,-1,-0.139,105,1.438,1,4.4,open-meteo-era5,25.272,93.114,10.1,4.87,0.7755775577557756,0.7637906647807637,1.925082508250825,0,1,1989.6544216533764,416.86307483779564,0.3748,2010-05-25
0,same_place_other_date,glc-1987,2010-07-20,7,25.227,93.166,25,Assam,5,7.1,19.6,28.8,64.7,209,55.174,1.5,6,8.13,35.35,87.51,292.55,0.47,0.491,0.459,27.4,23.4,0,396,3.173,270,0,-1,-0.139,105,1.048,2,4.3,open-meteo-era5,25.272,93.114,9.79,4.87,0.6673476336397686,0.4202539033999708,0.7116104868913858,0,1,1989.6544216533764,416.86307483779564,0.3765,2010-06-26
0,same_place_other_date,glc-1987,2009-05-10,5,25.227,93.166,25,Assam,0.2,0,0.4,46,88.5,149.8,62.828,0.2,3,17.92,21.32,29.92,143.29,0.448,0.462,0.396,32.2,22.8,0,396,3.173,270,0,-1,-0.139,105,1.695,4,4.7,open-meteo-era5,25.272,93.114,8.22,4.87,0.016220600162206,0.7994438651372957,0.6074614760746148,0,0,1989.6544216533764,416.86307483779564,0.4632,2009-04-07
0,nearby_place_same_date,glc-1987,2010-06-15,6,25.203,92.803,25,Assam,15.1,14,53.3,93.7,642.2,973.1,332.283,2.7,7,39.68,63.95,146.46,698.21,0.502,0.496,0.476,26.4,20.2,0,1112,6.167,277.046,0.123,-0.992,0.093,150,1.248,1,4.4,open-meteo-era5,25.202,92.819,10.1,4.87,1.7590759075907592,1.3253182461103252,3.2115511551155116,0,0,1247.2123995354443,290.77430386033774,0.8206,2010-05-25
1,event,glc-1993,2010-06-16,6,26.807,88.316,10,West Bengal,18.7,11.2,33.8,71.7,144.8,391.7,95.471,2.2,7,27.13,40.16,56.59,209.2,0.42,0.419,0.415,29.1,24.1,0,229,1.979,,0,0,0.057,46,1,0,,open-meteo-era5,26.749,88.308,8.99,4.67,1.2532443455691509,1.1393611949785476,1.4523544679273266,1,14,1070.0453769560156,144.7118319920322,0.5377000000000001,2010-05-25
0,same_place_other_date,glc-1993,2015-06-09,6,26.807,88.316,10,West Bengal,26.7,3.8,42.8,70,139.8,220.5,66.621,4.7,7,2.95,11.4,35.59,200.72,0.415,0.414,0.395,28.7,24.4,0,229,1.979,,0,0,0.057,46,5.562,81,7.3,open-meteo-era5,26.749,88.308,8.99,4.67,1.5869484612532443,1.1123470522803114,0.8175750834260289,1,19,1070.0453769560156,144.7118319920322,0.6926,2015-05-09
0,same_place_other_date,glc-1993,2023-06-29,6,26.807,88.316,10,West Bengal,10.2,50.1,115.7,203.9,539.5,681.9,306.727,6.4,7,23.88,81.45,107.56,401.41,0.432,0.435,0.434,29.8,23.4,0,229,1.979,,0,0,0.057,46,1.664,0,,open-meteo-era5,26.749,88.308,8.99,4.67,4.2899517982944015,3.240108056570793,2.528364849833148,1,24,1070.0453769560156,144.7118319920322,0.6857000000000001,2023-06-10
0,nearby_place_same_date,glc-1993,2010-06-16,6,26.809,88.081,10,West Bengal,13.5,7,21.8,39.4,99.8,315.4,66.19,2.5,7,27.13,40.16,56.59,209.2,0.415,0.414,0.41,24.5,19.5,0,1007,25.041,54.149,0.586,0.811,-0.086,412,1,0,,open-meteo-era5,26.819,88.106,7.82,4.23,0.9292412617220801,0.7197661673364998,1.3444160272804773,0,1,3000,3000,0.7875000000000001,2010-05-25
1,event,glc-1995,2010-06-16,6,27.077,88.481,10,West Bengal,7,6.6,16.9,48.8,118.7,301.5,78.803,1.6,7,28.34,45.19,64.71,230.15,0.405,0.399,0.386,24.3,19.5,0,1209,16.388,170.655,-0.987,0.162,0.221,389,1,0,,open-meteo-era5,27.1,88.498,8.99,4.67,0.6266221727845754,0.7754648021611313,1.117908787541713,2,9,83.16163234931466,2620.741279302875,0.43920000000000003,2010-05-25
0,same_place_other_date,glc-1995,2021-06-10,6,27.077,88.481,10,West Bengal,11.5,13.3,35.4,81.2,227.4,343.2,117.231,3.8,7,0.96,46.92,123.39,314.57,0.425,0.43,0.431,25.4,17,0,1209,16.388,170.655,-0.987,0.162,0.221,389,1.735,1,4.5,open-meteo-era5,27.1,88.498,8.99,4.67,1.3125695216907676,1.2903225806451613,1.2725250278086764,8,21,83.16163234931466,2620.741279302875,0.4194,2021-05-09
0,same_place_other_date,glc-1995,2019-06-17,6,27.077,88.481,10,West Bengal,8,14.1,53,76.3,133.9,460.6,126.492,6.6,5,6.57,31.47,72.74,266.81,0.418,0.416,0.435,24.8,19.1,0,1209,16.388,170.655,-0.987,0.162,0.221,389,1.738,2,4.6,open-meteo-era5,27.1,88.498,8.99,4.67,1.9651464590285503,1.2124582869855394,1.7078235076010384,8,21,83.16163234931466,2620.741279302875,0.4782,2019-05-25
0,nearby_place_same_date,glc-1995,2010-06-16,6,26.818,88.58,10,West Bengal,15.8,8.4,27.8,58,114.4,370.7,82.042,2.2,7,28.34,45.19,64.71,230.15,0.415,0.408,0.396,28.3,23.7,0,138,2.17,91.848,-0.032,0.999,0.038,25,1,0,,open-meteo-era5,26.819,88.605,8.99,4.67,1.0307749351130886,0.9216589861751152,1.374490174267705,0,2,1528.3991941795603,405.57299823417014,0.4539,2010-05-25
1,event,glc-1994,2010-06-16,6,25.063,92.803,25,Assam,12.2,20.6,65,111.7,580.3,1028.7,329.672,2.3,7,14.74,62.96,129.34,697.4,0.476,0.46,0.501,26.1,24.5,0,94,9.981,130.006,-0.643,0.766,-0.083,248,1.273,1,4.4,open-meteo-era5,24.991,92.809,10.1,4.87,2.145214521452145,1.57991513437058,3.3950495049504954,0,0,266.78013836284083,61.609532638687625,0.2881,2010-05-25
0,same_place_other_date,glc-1994,2019-06-07,6,25.063,92.803,25,Assam,11.7,9.4,47.4,118.4,403.6,583.9,191.626,3.2,6,31.57,66.04,195.83,563.98,0.499,0.508,0.508,27.6,23,0,94,9.981,130.006,-0.643,0.766,-0.083,248,1.714,3,4.6,open-meteo-era5,24.991,92.809,10.1,4.87,1.5643564356435644,1.6746817538896748,1.927062706270627,1,3,266.78013836284083,61.609532638687625,0.6136,2019-05-09
0,same_place_other_date,glc-1994,2021-07-27,7,25.063,92.803,25,Assam,0.9,2.6,10.8,35.7,159.7,508.6,99.252,1.1,6,3.12,9.47,59.46,591.65,0.473,0.471,0.457,34.7,25.7,0,94,9.981,130.006,-0.643,0.766,-0.083,248,2.464,5,5.3,open-meteo-era5,24.991,92.809,9.79,4.87,0.3677221654749745,0.5209397344228806,1.731699012597889,1,3,266.78013836284083,61.609532638687625,0.7628,2021-06-26
0,nearby_place_same_date,glc-1994,2010-06-16,6,24.791,92.935,25,Assam,15.5,17.9,72.8,119.7,292.9,628.8,206.957,2.2,7,4.4,33.39,90.37,440.34,0.487,0.493,0.514,26,24.4,0,26,0.702,,0,0,-0.065,12,1.383,1,4.4,open-meteo-era5,24.78,92.897,10.1,4.87,2.402640264026403,1.693069306930693,2.0752475247524753,0,0,2032.8482622871197,1619.0349696634128,0.3105,2010-05-25
1,event,glc-1996,2010-06-17,6,26.433,94.883,25,Nagaland,29.1,9.2,52.3,126.7,328,541.2,166.637,4.4,7,2.62,54.18,97.49,359.67,0.486,0.483,0.504,29.6,23.4,0,552,18.043,329.697,0.863,-0.505,0.114,270,1.664,2,4.6,open-meteo-era5,26.467,94.857,9.38,4.65,1.8585643212508882,1.9296375266524517,1.9232409381663111,0,0,1610.354329472352,1271.1624827439296,0.5809000000000001,2010-05-25
0,same_place_other_date,glc-1996,2021-07-06,7,26.433,94.883,25,Nagaland,8.3,1.1,19,50.5,79.3,347.4,76.275,2.3,7,6.73,16.21,49.07,294.03,0.488,0.497,0.496,27.7,23.5,0,552,18.043,329.697,0.863,-0.505,0.114,270,2.127,4,4.8,open-meteo-era5,26.467,94.857,10.5,4.65,0.6031746031746031,0.6870748299319728,1.1028571428571428,0,3,1610.354329472352,1271.1624827439296,0.7911,2021-06-10
0,same_place_other_date,glc-1996,2020-05-04,5,26.433,94.883,25,Nagaland,3,31.2,55.7,87.6,147.1,210.5,103.805,8.5,7,7.69,32.22,44.28,146.88,0.503,0.499,0.421,27.2,16.8,0,552,18.043,329.697,0.863,-0.505,0.114,270,2.693,3,4.6,open-meteo-era5,26.467,94.857,7.12,4.65,2.607677902621723,1.757624398073836,0.9854868913857678,0,3,1610.354329472352,1271.1624827439296,0.6405000000000001,2020-04-06
0,nearby_place_same_date,glc-1996,2010-06-17,6,26.499,95.142,25,Nagaland,24.2,15.9,58.2,148.6,341.5,593.2,193.226,3.5,7,2.62,54.18,97.49,359.67,0.46,0.454,0.457,25.9,19.2,0,1463,28.722,43.739,0.722,0.691,0.646,461,1.75,2,4.6,open-meteo-era5,26.538,95.16,9.38,4.65,2.068230277185501,2.263173926286932,2.1080312722103765,0,0,3000,427.7440682441534,0.36150000000000004,2010-05-25
1,event,glc-2025,2010-06-28,6,25.573,91.885,5,Meghalaya,68.2,46,179.4,320,503.6,789,313.023,6.4,7,49.93,121.2,150.53,653.89,0.483,0.5,0.486,22.9,19.1,0,1503,3.56,352.185,0.991,-0.136,-0.056,64,1,0,,open-meteo-era5,25.554,91.857,19.13,8.33,3.12598013591218,2.3896647001717573,1.374803972817564,0,0,8.547077514697497,984.5927305822951,0.5427000000000001,2010-06-10
0,same_place_other_date,glc-2025,2020-08-04,8,25.573,91.885,5,Meghalaya,10.1,2.5,18.1,49.5,197.6,470,111.654,4.4,7,0.11,14.69,83.9,1051.12,0.488,0.496,0.474,26,19.8,0,1503,3.56,352.185,0.991,-0.136,-0.056,64,2.255,3,4.8,open-meteo-era5,25.554,91.857,14.39,8.33,0.4192726430391476,0.4914126873821106,1.0887190178364603,2,2,8.547077514697497,984.5927305822951,0.1496,2020-07-11
0,same_place_other_date,glc-2025,2014-07-14,7,25.573,91.885,5,Meghalaya,10,10.2,27.7,76,219,850.8,176.33,2.8,7,24.06,39.01,78.35,514.84,0.474,0.482,0.494,23,19.7,0,1503,3.56,352.185,0.991,-0.136,-0.056,64,1.073,1,4.3,open-meteo-era5,25.554,91.857,18.91,8.33,0.48827780715670716,0.5741482208959734,1.4997355896351137,0,0,8.547077514697497,984.5927305822951,0.1462,2014-06-26
0,nearby_place_same_date,glc-2025,2010-06-28,6,25.497,91.942,5,Meghalaya,68.2,46,179.4,320,503.6,789,313.023,6.4,7,49.93,121.2,150.53,653.89,0.478,0.496,0.489,21.5,18.1,0,1679,10.425,3.764,0.998,0.066,-0.14,187,1,0,,open-meteo-era5,25.483,91.952,19.13,8.33,3.12598013591218,2.3896647001717573,1.374803972817564,0,0,798.8671289515681,882.4224709351195,0.8142,2010-06-10
1,event,glc-2034,2010-07-04,7,26.871,88.305,0.5,West Bengal,9.6,34.3,100.1,162.1,597.5,839.7,336.502,3.8,7,24.76,60.25,122.95,314.98,0.426,0.426,0.427,24.7,20,0,1150,33.609,47.981,0.669,0.743,0.163,589,1,0,,open-meteo-era5,26.889,88.304,14.36,4.67,2.3235840297121633,1.6126144050935138,1.9491643454039,11,15,17.69039085555007,3000,0.548,2010-06-10
0,same_place_other_date,glc-2034,2013-05-26,5,26.871,88.305,0.5,West Bengal,32.6,4.6,41.8,68.6,174.3,378.7,94.408,5.2,7,1.87,2.06,85.47,146.98,0.389,0.392,0.362,26.1,19.8,0,1150,33.609,47.981,0.669,0.743,0.163,589,1.232,0,,open-meteo-era5,26.889,88.304,5.35,4.67,2.604361370716511,1.8317757009345794,2.3595015576323988,15,19,17.69039085555007,3000,0.3541,2013-04-23
0,same_place_other_date,glc-2034,2012-08-04,8,26.871,88.305,0.5,West Bengal,3,4.2,18.6,58,176.9,763.1,160.154,1.5,7,5.11,9.99,29.97,357.31,0.415,0.42,0.416,25.3,19.8,0,1150,33.609,47.981,0.669,0.743,0.163,589,1.736,1,4.7,open-meteo-era5,26.889,88.304,10.97,4.67,0.5651777575205105,0.7553066805573642,2.318748100881191,15,19,17.69039085555007,3000,0.1453,2012-07-11
0,nearby_place_same_date,glc-2034,2010-07-04,7,26.783,88.052,0.5,West Bengal,13.9,23.3,88,137,379,493.6,231.923,3.3,7,24.76,60.25,122.95,314.98,0.427,0.428,0.43,27.2,22.5,0,642,7.873,144.345,-0.813,0.583,0.325,138,1,0,,open-meteo-era5,26.819,88.007,13.51,4.23,2.1712311867752283,1.4486623665010046,1.2178633111275599,0,0,3000,3000,0.4431,2010-06-10
1,event,glc-2045,2010-07-06,7,26.236,94.813,5,Nagaland,3.2,4.1,17,88.5,202.6,380.3,133.374,1.1,7,9.26,32.72,75.34,355.44,0.498,0.494,0.496,24.3,18.7,0,1570,10.238,53.207,0.599,0.801,0.217,319,1.828,4,4.4,open-meteo-era5,26.257,94.841,8.85,3.91,0.64030131826742,1.4285714285714286,1.432391713747646,0,0,141.76487781031977,644.2680998237396,0.2642,2010-06-10
0,same_place_other_date,glc-2045,2015-08-07,8,26.236,94.813,5,Nagaland,43.6,18.6,76.4,112.4,256.6,582.1,154.92,5.1,7,4.48,20.81,56.66,318.85,0.481,0.492,0.499,21.4,18.3,0,1570,10.238,53.207,0.599,0.801,0.217,319,1.705,3,4.5,open-meteo-era5,26.257,94.841,7.64,3.91,3.333333333333334,2.1017202692595367,2.5397033158813267,1,3,141.76487781031977,644.2680998237396,0.45840000000000003,2015-07-12
0,same_place_other_date,glc-2045,2026-06-16,6,26.236,94.813,5,Nagaland,30.4,8.4,56.9,149,204.6,335.8,130.392,8.8,7,13.69,32.03,71.46,243.61,0.502,0.504,0.47,23.6,16.8,0,1570,10.238,53.207,0.599,0.801,0.217,319,1.882,5,4.4,open-meteo-era5,26.257,94.841,7.94,3.91,2.388748950461797,2.680820439006837,1.4097397145256088,1,3,141.76487781031977,644.2680998237396,0.4582,2026-05-25
0,nearby_place_same_date,glc-2045,2010-07-06,7,26.057,94.802,5,Nagaland,6,3.8,22.5,87.6,181,367.3,123.598,0.8,7,9.26,32.72,75.34,355.44,0.469,0.475,0.498,24,18.2,0,1500,36.616,101.971,-0.207,0.978,-0.914,645,1.962,4,4.4,open-meteo-era5,26.116,94.83,8.85,3.91,0.8474576271186441,1.414043583535109,1.3834274952919021,0,0,3000,2261.9382909830656,0.3064,2010-06-10
1,event,glc-2044,2010-07-06,7,25.888,94.786,5,Nagaland,6,3.8,22.5,87.6,181,367.3,123.598,0.8,7,9.26,32.72,75.34,355.44,0.487,0.483,0.506,25.6,20.2,0,1172,4.973,347.125,0.975,-0.223,0.348,264,2.05,4,4.4,open-meteo-era5,25.905,94.814,8.85,3.91,0.8474576271186441,1.414043583535109,1.3834274952919021,0,0,30.511446053506486,2361.6855031763216,0.4243,2010-06-10
0,same_place_other_date,glc-2044,2025-07-27,7,25.888,94.786,5,Nagaland,34.2,7.4,41.6,47.3,90.3,168.9,36.932,8.8,4,20.2,46.88,63.35,300.71,0.343,0.302,0.277,24,20.2,0,1172,4.973,347.125,0.975,-0.223,0.348,264,1.927,5,4.6,open-meteo-era5,25.905,94.814,8.85,3.91,1.5668549905838043,0.7635189669087974,0.6361581920903955,1,1,30.511446053506486,2361.6855031763216,0.441,2025-06-26
0,same_place_other_date,glc-2044,2015-05-29,5,25.888,94.786,5,Nagaland,10,3.3,15.8,19,37.2,56.3,16.669,3.1,5,2.59,29.94,66.2,190.21,0.38,0.331,0.313,24.8,19.3,0,1172,4.973,347.125,0.975,-0.223,0.348,264,4.575,2,4.8,open-meteo-era5,25.905,94.814,5.87,3.91,0.8972174900624645,0.46239961061085416,0.31970471323111865,0,0,30.511446053506486,2361.6855031763216,0.34550000000000003,2015-05-09
0,nearby_place_same_date,glc-2044,2010-07-06,7,25.734,94.788,5,Nagaland,11.4,3.9,35.3,88.3,166.5,420.9,122.498,1,7,5.42,21.74,71.25,308.19,0.426,0.427,0.425,23.9,19.2,0,1370,25.256,350.997,0.988,-0.156,-0.459,538,2.095,3,4.4,open-meteo-era5,25.694,94.799,6.97,3.08,1.688187470109995,1.8097970895675344,2.012912482065997,0,0,192.54959408273317,3000,0.4585,2010-06-10
1,event,glc-2042,2010-07-06,7,26.009,94.524,5,Nagaland,5.1,3.9,23.3,101.1,290.8,565.4,180.246,0.9,7,9.14,35.75,73.22,362.61,0.449,0.473,0.507,22,16.3,0,1821,12.235,98.039,-0.14,0.99,0.424,214,1.822,4,4.4,open-meteo-era5,25.975,94.623,8.77,3.98,0.8855948308627899,1.6468480208503014,2.148992778411251,0,0,34.38397772496561,2695.5436382720336,0.3141,2010-06-10
0,same_place_other_date,glc-2042,2020-08-05,8,26.009,94.524,5,Nagaland,3,2.5,8.9,57,210.2,447.5,119.538,1.3,7,0.69,3.67,16.59,239.97,0.483,0.479,0.457,24.2,18.4,0,1821,12.235,98.039,-0.14,0.99,0.424,214,1.856,4,4.4,open-meteo-era5,25.975,94.623,7.59,3.98,0.3908651734738692,1.072840203274986,1.9653052261747914,3,5,34.38397772496561,2695.5436382720336,0.18330000000000002,2020-07-11
0,same_place_other_date,glc-2042,2024-08-16,8,26.009,94.524,5,Nagaland,1.1,3,4.9,54.4,213.5,443.8,127.869,2.3,6,0.47,10.86,35.67,369.34,0.474,0.477,0.485,24.2,17.4,0,1821,12.235,98.039,-0.14,0.99,0.424,214,2.396,3,4.4,open-meteo-era5,25.975,94.623,7.59,3.98,0.21519543258673696,1.0239036325992847,1.9490557751427318,3,5,34.38397772496561,2695.5436382720336,0.6126,2024-07-27
0,nearby_place_same_date,glc-2042,2010-07-06,7,26.147,94.796,5,Nagaland,3.2,4.1,17,88.5,202.6,380.3,133.374,1.1,7,9.26,32.72,75.34,355.44,0.469,0.475,0.498,25.4,19.6,0,1330,27.497,104.458,-0.25,0.968,-0.066,493,1.894,4,4.4,open-meteo-era5,26.116,94.83,8.85,3.91,0.64030131826742,1.4285714285714286,1.432391713747646,0,0,3000,569.5066731785678,0.28140000000000004,2010-06-10
1,event,glc-2043,2010-07-06,7,26.723,95.028,5,Nagaland,8.2,7.3,31.9,102.9,243,439.1,149.456,3.8,7,13.18,37.16,73.13,373.06,0.489,0.493,0.5,28.1,22.4,0,697,6.203,268.069,-0.034,-0.999,-0.381,158,1.423,4,4.4,open-meteo-era5,26.749,95.077,10.5,4.65,1.0126984126984127,1.4000000000000001,1.393968253968254,0,0,0.5528699997826507,1713.2580448669576,0.5225000000000001,2010-06-10
0,same_place_other_date,glc-2043,2025-07-02,7,26.723,95.028,5,Nagaland,10.8,2,22.5,66.9,222.7,313.4,113.83,5.2,7,15.9,47.67,66.91,290.55,0.485,0.496,0.504,27.7,22.3,0,697,6.203,268.069,-0.034,-0.999,-0.381,158,1.387,4,4.5,open-meteo-era5,26.749,95.077,10.5,4.65,0.7142857142857143,0.9102040816326531,0.9949206349206349,3,3,0.5528699997826507,1713.2580448669576,0.4233,2025-06-10
0,same_place_other_date,glc-2043,2026-06-10,6,26.723,95.028,5,Nagaland,4.5,8.3,26.6,48.2,110.1,222.3,74.287,1.8,7,10.93,35.69,96.97,260.88,0.502,0.507,0.489,28.5,22.6,0,697,6.203,268.069,-0.034,-0.999,-0.381,158,1.861,2,4.4,open-meteo-era5,26.749,95.077,9.38,4.65,0.945273631840796,0.7340846786475783,0.7899786780383795,3,3,0.5528699997826507,1713.2580448669576,0.5272,2026-05-09
0,nearby_place_same_date,glc-2043,2010-07-06,7,26.692,95.208,5,Nagaland,13.1,7.1,32.8,141.3,323.4,600,195.557,3.9,7,13.18,37.16,73.13,373.06,0.425,0.426,0.424,27.5,22.3,0,912,13.588,11.65,0.979,0.202,0.839,285,1.451,4,4.4,open-meteo-era5,26.749,95.177,10.5,4.65,1.0412698412698411,1.922448979591837,1.9047619047619047,0,0,1818.2575511746088,998.6837697409261,0.803,2010-06-10
1,event,glc-2098,2010-07-19,7,26.722,95.028,5,Nagaland,41.1,37,84.4,168.9,243.3,513.1,163.98,5.6,7,13.18,50.87,108.57,342.81,0.485,0.492,0.498,25.1,22.2,0,717,4.165,309.56,0.637,-0.771,0.257,162,1.424,3,4.4,open-meteo-era5,26.749,95.077,10.5,4.65,2.6793650793650796,2.2979591836734694,1.628888888888889,1,1,54.49311749833799,1805.765957223666,0.2765,2010-06-26
0,same_place_other_date,glc-2098,2025-07-23,7,26.722,95.028,5,Nagaland,10.6,2.9,17.2,29.1,92.2,256.6,66.896,4.6,7,0.55,10.26,57.75,292.28,0.46,0.478,0.463,31.1,23,0,717,4.165,309.56,0.637,-0.771,0.257,162,1.534,5,4.5,open-meteo-era5,26.749,95.077,10.5,4.65,0.546031746031746,0.3959183673469388,0.8146031746031747,3,3,54.49311749833799,1805.765957223666,0.5185000000000001,2025-06-26
0,same_place_other_date,glc-2098,2025-07-19,7,26.722,95.028,5,Nagaland,3.3,3.2,7.5,61.4,131.1,327.8,87.101,1.3,6,26.97,38.76,70.87,313.24,0.479,0.49,0.475,28.3,23,0,717,4.165,309.56,0.637,-0.771,0.257,162,1.534,5,4.5,open-meteo-era5,26.749,95.077,10.5,4.65,0.23809523809523808,0.8353741496598639,1.0406349206349206,3,3,54.49311749833799,1805.765957223666,0.5185000000000001,2025-06-26
0,nearby_place_same_date,glc-2098,2010-07-19,7,26.822,95.199,5,Nagaland,42.7,32.9,82.6,204.4,306.2,661.4,206.208,6,7,12.44,62.14,117.51,363.79,0.429,0.429,0.427,26.2,22.8,0,690,21.509,316.759,0.728,-0.685,-0.65,360,1.333,3,4.4,open-meteo-era5,26.819,95.183,12.42,5.42,2.2168545356951155,2.351046698872786,1.7750939345142243,0,0,3000,3000,0.5778,2010-06-26
1,event,glc-2106,2010-07-20,7,26.872,94.992,25,Nagaland,103.1,41.1,181.2,232.4,339.1,587.8,188.288,6.6,7,14.6,56.11,123.67,359.69,0.479,0.491,0.478,26,23.8,0,287,9.458,104.444,-0.249,0.968,0,225,1.286,3,4.4,open-meteo-era5,26.889,94.989,12.42,5.42,4.8631239935587764,2.673107890499195,1.5775630703166932,0,0,3000,3000,0.8663000000000001,2010-06-26
0,same_place_other_date,glc-2106,2008-07-28,7,26.872,94.992,25,Nagaland,31.3,19.9,68,89.5,188.1,363,109.726,7.5,7,12.9,13.9,36.31,354.92,0.486,0.498,0.474,31.5,24.2,0,287,9.458,104.444,-0.249,0.968,0,225,2.978,3,4.9,open-meteo-era5,26.889,94.989,12.42,5.42,1.8250134192163179,1.029445594662986,0.9742351046698872,0,0,3000,3000,0.9062,2008-06-25
0,same_place_other_date,glc-2106,2012-09-03,9,26.872,94.992,25,Nagaland,12.7,10.4,27,75.9,296.5,620,157.054,3.8,7,22.71,48.7,115.4,361.88,0.463,0.487,0.496,26.4,22.3,0,287,9.458,104.444,-0.249,0.968,0,225,1.824,3,4.8,open-meteo-era5,26.889,94.989,8.48,5.42,1.0613207547169812,1.2786388140161726,2.4371069182389937,0,0,3000,3000,0.8296,2012-08-12
0,nearby_place_same_date,glc-2106,2010-07-20,7,27.097,95.288,25,Nagaland,138.5,44.6,220.7,274.8,361.6,661.2,189.404,9.3,7,14.6,56.11,123.67,359.69,0.478,0.49,0.475,27.3,24.8,0,161,4.11,150.376,-0.869,0.494,-0.115,74,1.214,3,4.4,open-meteo-era5,27.1,95.306,11.24,4.97,6.545077105575326,3.4926283680732078,1.9608540925266906,0,0,3000,3000,0.6691,2010-06-26
1,event,glc-2113,2010-07-21,7,27.377,88.559,25,Sikkim,53.9,29.7,126.7,301.2,855,1347.9,460.107,6.1,7,7.3,45.36,99.3,294.82,0.423,0.429,0.411,20.3,17.7,0,1477,30.153,279.98,0.173,-0.985,0.154,681,1.398,2,4.6,open-meteo-era5,27.381,88.592,9.15,2.99,4.6156648451730415,4.702576112412178,4.910382513661203,0,7,1239.656602996963,1820.6467752116587,0.2144,2010-06-26
0,same_place_other_date,glc-2113,2026-08-05,8,27.377,88.559,25,Sikkim,37.1,5.5,56.1,127.2,219.2,632.1,153.77,6.9,7,22.47,64.98,109.48,322.62,0.403,0.412,0.406,23.1,19.6,0,1477,30.153,279.98,0.173,-0.985,0.154,681,1,1,4.3,open-meteo-era5,27.381,88.592,7.27,2.99,2.5722145804676755,2.49950874435056,2.898211829436039,0,10,1239.656602996963,1820.6467752116587,0.7877000000000001,2026-07-12
0,same_place_other_date,glc-2113,2013-06-20,6,27.377,88.559,25,Sikkim,16.1,25.2,55.8,78.1,315.3,604,175.814,2.2,7,3.16,9.55,18.86,164.18,0.427,0.427,0.391,23.1,18.3,0,1477,30.153,279.98,0.173,-0.985,0.154,681,1,0,,open-meteo-era5,27.381,88.592,5.4,2.99,3.4444444444444438,2.0661375661375656,3.728395061728395,0,10,1239.656602996963,1820.6467752116587,0.40490000000000004,2013-05-25
0,nearby_place_same_date,glc-2113,2010-07-21,7,27.663,88.458,25,Sikkim,49.6,30.6,149.8,363.5,846,1325.1,484.217,6.4,7,7.3,45.36,99.3,294.82,0.426,0.426,0.426,14.9,10.6,0,2883,42.18,196.17,-0.96,-0.278,-0.815,963,1.584,2,4.6,open-meteo-era5,27.663,88.485,9.15,2.99,5.457194899817851,5.675253708040594,4.827322404371585,0,0,3000,182.90013889409957,0.4324,2010-06-26
1,event,glc-2140,2010-07-25,7,25.048,92.801,25,Assam,9.3,9.9,33.7,83.3,226.7,488.3,133.901,2.1,7,3.43,18.78,96.12,400.27,0.449,0.479,0.502,32.6,24.9,0,172,17.657,69.647,0.348,0.938,-0.732,362,1.103,2,4.5,open-meteo-era5,24.991,92.809,9.79,4.87,1.1474293496765409,1.215526046986721,1.662580864828056,1,1,148.7427477041586,418.67601913422163,0.5999,2010-06-26
0,same_place_other_date,glc-2140,2011-06-14,6,25.048,92.801,25,Assam,2.4,1.6,9.5,87.1,173.2,566.2,136.362,1,7,3.61,14.11,30.59,287.49,0.477,0.483,0.479,31.1,24.4,0,172,17.657,69.647,0.348,0.938,-0.732,362,2.72,3,4.3,open-meteo-era5,24.991,92.809,10.1,4.87,0.31353135313531355,1.2319660537482318,1.868646864686469,1,2,148.7427477041586,418.67601913422163,0.7971,2011-05-25
0,same_place_other_date,glc-2140,2015-07-10,7,25.048,92.801,25,Assam,5.9,16.8,33.8,65.3,197.3,496.1,131.065,1.3,7,6.27,41.71,84.24,434.47,0.469,0.481,0.483,31,23.7,0,172,17.657,69.647,0.348,0.938,-0.732,362,1.987,7,5.1,open-meteo-era5,24.991,92.809,9.79,4.87,1.1508341845420498,0.9528673573617393,1.6891385767790263,1,3,148.7427477041586,418.67601913422163,0.8905000000000001,2015-06-10
0,nearby_place_same_date,glc-2140,2010-07-25,7,25.178,92.956,25,Assam,15,9.5,34.4,62.5,167.1,335.1,88.442,4.4,7,2.71,17.23,66.55,287.1,0.485,0.482,0.509,29.7,21.8,0,867,12.218,329.583,0.862,-0.506,0.149,221,1.101,2,4.5,open-meteo-era5,25.202,92.916,9.79,4.87,1.171263193735104,0.9120093389756311,1.1409601634320736,0,1,2913.5016484505463,2156.1647606068564,0.5262,2010-06-26
1,event,glc-2164,2010-07-29,7,25.31,94.482,25,Manipur,27.7,12.6,42.9,125.3,237.8,377,125.991,5.7,7,17.06,32.41,58.35,246.28,0.461,0.448,0.473,22.5,19.1,0,1547,24.821,155.507,-0.91,0.415,0.484,362,1.332,2,4.4,open-meteo-era5,25.272,94.476,7.38,3.4,1.937669376693767,2.4254742547425474,1.7028003613369467,0,0,86.12878650979334,3000,0.5492,2010-06-26
0,same_place_other_date,glc-2164,2011-07-10,7,25.31,94.482,25,Manipur,1.4,5.8,11.9,48.1,127.7,449.6,112.846,2.9,7,0.93,3.44,32.08,232.73,0.462,0.459,0.46,24.7,18.1,0,1547,24.821,155.507,-0.91,0.415,0.484,362,2.039,2,4.7,open-meteo-era5,25.272,94.476,7.38,3.4,0.5374887082204155,0.9310878823073946,2.030713640469738,1,1,86.12878650979334,3000,0.3588,2011-06-10
0,same_place_other_date,glc-2164,2021-06-18,6,25.31,94.482,25,Manipur,5.7,2.2,10.7,28.1,78.9,135.6,42.613,1,7,5.9,16.14,33.51,96,0.477,0.475,0.361,23.7,17.2,0,1547,24.821,155.507,-0.91,0.415,0.484,362,2.541,8,4.8,open-meteo-era5,25.272,94.476,6.71,3.4,0.531544957774466,0.5982542048115819,0.6736214605067063,1,2,86.12878650979334,3000,0.3103,2021-05-25
0,nearby_place_same_date,glc-2164,2010-07-29,7,25.611,94.376,25,Manipur,22.1,7.7,32.1,98.8,217.4,353.8,112.221,2.9,7,17.06,32.41,58.35,246.28,0.497,0.486,0.476,23.9,20.5,0,1128,12.676,88.768,0.022,1,-0.393,387,1.251,3,4.4,open-meteo-era5,25.624,94.402,7.38,3.4,1.4498644986449865,1.9125048393341078,1.5980126467931346,0,0,1599.04010932151,536.5222249994054,0.4333,2010-06-26
1,event,glc-2166,2010-07-29,7,24.979,93.503,10,Assam,35.6,2.8,41.1,83.7,144.4,251.6,72.152,3.9,7,19.68,36.42,58.59,262.53,0.408,0.41,0.421,19.8,18,0,1312,15.147,292.463,0.382,-0.924,-0.056,337,1.188,1,4.1,open-meteo-era5,24.991,93.585,7.53,3.7,1.8193891102257638,1.5879339783722255,1.113767153607791,2,2,58.71648995684717,1952.9839247897278,0.4491,2010-06-26
0,same_place_other_date,glc-2166,2020-07-19,7,24.979,93.503,10,Assam,25.7,17.2,53,72.6,195,404.2,113.902,3.9,7,3.7,7.18,49,238.7,0.428,0.427,0.418,21.9,18.2,0,1312,15.147,292.463,0.382,-0.924,-0.056,337,3.306,14,5.6,open-meteo-era5,24.991,93.585,7.53,3.7,2.3461708720672863,1.3773477518497437,1.7892872952633907,4,7,58.71648995684717,1952.9839247897278,0.46490000000000004,2020-06-25
0,same_place_other_date,glc-2166,2021-08-23,8,24.979,93.503,10,Assam,18.4,32.4,53.9,105.9,222.1,365,132.829,6,7,3.4,13.74,41.01,218.11,0.424,0.424,0.421,21.5,17.7,0,1312,15.147,292.463,0.382,-0.924,-0.056,337,3.067,5,4.9,open-meteo-era5,24.991,93.585,6.15,3.7,2.9214092140921406,2.45993031358885,1.978319783197832,4,7,58.71648995684717,1952.9839247897278,0.6658000000000001,2021-07-28
0,nearby_place_same_date,glc-2166,2010-07-29,7,25.093,93.878,10,Assam,41.1,5.6,49.1,93.6,145.8,240.5,70.915,4.1,7,19.68,36.42,58.59,262.53,0.433,0.433,0.448,18.6,15.7,0,1807,17.546,163.635,-0.959,0.282,-0.111,386,1.122,2,4.4,open-meteo-era5,25.132,93.883,7.53,3.7,2.17352810978309,1.7757541263517358,1.064630367419212,0,1,3000,3000,0.066,2010-06-26
1,event,glc-2163,2010-07-29,7,25.42,94.105,5,Nagaland,29,10.2,46.5,119,256.3,501.1,148.014,2.6,7,17.06,32.41,58.35,246.28,0.5,0.49,0.478,21.8,18.6,0,1398,15.258,185.332,-0.996,-0.093,-0.168,209,1.102,3,4.4,open-meteo-era5,25.413,94.095,7.3,3.58,2.1232876712328768,2.328767123287671,2.288127853881279,0,1,57.76807522451302,2065.46977902249,0.391,2010-06-26
0,same_place_other_date,glc-2163,2011-09-06,9,25.42,94.105,5,Nagaland,21.2,13,40.8,65.6,162.8,445.3,101.026,4.2,7,22.8,24.56,33.85,233.64,0.47,0.48,0.437,24,18.5,0,1398,15.258,185.332,-0.996,-0.093,-0.168,209,1.297,2,4.5,open-meteo-era5,25.413,94.095,5.37,3.58,2.532588454376164,1.7451449853684486,2.7641216635630044,2,7,57.76807522451302,2065.46977902249,0.6950000000000001,2011-08-13
0,same_place_other_date,glc-2163,2019-07-01,7,25.42,94.105,5,Nagaland,2.7,4.5,9.6,37.5,88.4,181.1,58.646,1.4,7,14.49,20.61,42.9,233.16,0.496,0.497,0.494,25,18,0,1398,15.258,185.332,-0.996,-0.093,-0.168,209,2.766,2,4.6,open-meteo-era5,25.413,94.095,7.3,3.58,0.4383561643835617,0.7338551859099804,0.8269406392694064,3,13,57.76807522451302,2065.46977902249,0.6767000000000001,2019-06-10
0,nearby_place_same_date,glc-2163,2010-07-29,7,25.261,94.201,5,Nagaland,25.1,7.3,33.8,90.8,190.8,329.7,99.343,3.2,7,17.06,32.41,58.35,246.28,0.483,0.481,0.483,21.1,17.6,0,1553,13.967,106.327,-0.281,0.96,-0.158,600,1.157,2,4.4,open-meteo-era5,25.272,94.184,7.3,3.58,1.54337899543379,1.7769080234833659,1.5054794520547945,0,0,3000,2777.355069948295,0.5495,2010-06-26
1,event,glc-2182,2010-07-31,7,24.936,93.844,25,Manipur,10,3.7,52.2,73.8,151.8,257.4,93.545,2.7,7,17.28,60.98,86.61,274.76,0.464,0.467,0.51,24.9,21,0,854,1.367,,0,0,0.009,55,1.206,3,4.6,open-meteo-era5,24.921,93.871,7.53,3.7,2.310756972111554,1.4001138303927148,1.139442231075697,1,1,48.369614811188704,937.49825325082,0.24750000000000003,2010-07-12
0,same_place_other_date,glc-2182,2011-08-08,8,24.936,93.844,25,Manipur,30,17.5,68,104.6,139.8,284,94.761,5,7,13.36,50.9,116.47,355.29,0.488,0.494,0.493,25,21.6,0,854,1.367,,0,0,0.009,55,1.444,3,4.3,open-meteo-era5,24.921,93.871,6.15,3.7,3.6856368563685633,2.4297328687572586,1.5392953929539295,1,2,48.369614811188704,937.49825325082,0.3509,2011-07-12
0,same_place_other_date,glc-2182,2021-07-12,7,24.936,93.844,25,Manipur,5.4,5.1,24.7,37.7,79.6,246.1,61.36,3.4,7,6.98,19.2,46.84,164.16,0.457,0.443,0.471,27.6,22.3,0,854,1.367,,0,0,0.009,55,2.065,3,4.6,open-meteo-era5,24.921,93.871,7.53,3.7,1.0934041611332448,0.7152343008916715,1.0894200973882249,1,2,48.369614811188704,937.49825325082,0.1443,2021-06-10
0,nearby_place_same_date,glc-2182,2010-07-31,7,24.825,93.725,25,Manipur,8.1,3.7,124.5,150,215.5,322.1,159.022,3.1,7,17.28,60.98,86.61,274.76,0.452,0.454,0.484,25.4,21.6,0,710,23.99,264.89,-0.089,-0.996,0.139,421,1.271,2,4.6,open-meteo-era5,24.851,93.673,7.53,3.7,5.51128818061089,2.8457598178713717,1.4258521469676848,0,0,1557.5602364040535,449.0814280735555,0.1752,2010-07-12
1,event,glc-2201,2010-08-05,8,27.037,88.263,5,West Bengal,14.8,18.1,42.7,172.6,427.9,1123.8,281.752,2.5,7,1.48,5.92,44.29,438.02,0.42,0.419,0.415,21.1,15,0,2113,22.689,318.798,0.752,-0.659,-0.019,450,1.301,2,4.6,open-meteo-era5,27.03,88.2,10.97,4.67,1.297477970221817,2.2476885011069148,3.4147675478577937,5,6,30.94504036252006,1897.2636109476152,0.5476,2010-07-12
0,same_place_other_date,glc-2201,2008-09-16,9,27.037,88.263,5,West Bengal,1.4,0,2.5,42.6,140.9,654.3,122.922,0.3,6,0.29,3.52,27.44,250.28,0.383,0.391,0.398,19.7,13.5,0,2113,22.689,318.798,0.752,-0.659,-0.019,450,3.251,0,,open-meteo-era5,27.03,88.2,8.78,4.67,0.09491268033409264,0.6931337455255452,2.4840546697038723,2,2,30.94504036252006,1897.2636109476152,0.38870000000000005,2008-08-28
0,same_place_other_date,glc-2201,2021-07-15,7,27.037,88.263,5,West Bengal,8.7,61.4,76.1,117.8,368.1,816.7,262.744,17.6,7,6.12,43.84,87.29,512.81,0.425,0.424,0.413,16.8,13.3,0,2113,22.689,318.798,0.752,-0.659,-0.019,450,2.62,3,5.3,open-meteo-era5,27.03,88.2,14.36,4.67,1.766480965645311,1.1719060883406287,1.89577530176416,10,14,30.94504036252006,1897.2636109476152,0.1375,2021-06-26
0,nearby_place_same_date,glc-2201,2010-08-05,8,27.062,88.418,5,West Bengal,1.4,3.9,6.9,103.7,250.8,964,201.753,0.5,7,1.48,5.92,44.29,438.02,0.405,0.406,0.395,29.8,23.8,0,476,17.52,74.94,0.26,0.966,0.058,408,1.278,2,4.6,open-meteo-era5,26.96,88.502,10.97,4.67,0.2096627164995442,1.3504362547206668,2.929200850805226,2,9,3.287423009569808,754.4426039706533,0.5274,2010-07-12
1,event,glc-2214,2010-08-06,8,27.038,88.263,25,West Bengal,6.4,14.8,39.3,105.5,403.6,1083.5,266.872,1.5,7,4.53,8.01,28.3,434.57,0.416,0.418,0.414,20.8,15.6,0,2070,18.028,315.914,0.718,-0.696,-0.441,460,1.302,2,4.6,open-meteo-era5,27.03,88.2,10.97,4.67,1.1941659070191428,1.373876806875895,3.292312367061683,5,6,21.668407293888293,2006.6780069190906,0.5605,2010-07-12
0,same_place_other_date,glc-2214,2014-08-21,8,27.038,88.263,25,West Bengal,20.1,67.8,103.4,168.9,379.8,572.7,238.572,6.4,7,6.21,37.99,80.5,269.55,0.427,0.427,0.422,18.1,15.5,0,2070,18.028,315.914,0.718,-0.696,-0.441,460,1.819,3,4.3,open-meteo-era5,27.03,88.2,10.97,4.67,3.1419021573989667,2.199505143898945,1.740200546946217,7,10,21.668407293888293,2006.6780069190906,0.2974,2014-07-28
0,same_place_other_date,glc-2214,2010-06-29,6,27.038,88.263,25,West Bengal,10,22.4,142.3,231.3,534.6,916.6,346.093,4.9,7,0.39,53.55,81.38,260.48,0.423,0.424,0.424,21.1,15.2,0,2070,18.028,315.914,0.718,-0.696,-0.441,460,1,0,,open-meteo-era5,27.03,88.2,8.99,4.67,5.276232851316278,3.675512474177658,3.398591027067112,5,6,21.668407293888293,2006.6780069190906,0.3168,2010-06-10
0,nearby_place_same_date,glc-2214,2010-08-06,8,27.129,88.195,25,West Bengal,2.2,2.1,11.5,45.1,231.1,888.5,170.793,0.5,7,4.53,8.01,28.3,434.57,0.421,0.422,0.389,26.9,22.8,0,752,36.043,23.199,0.919,0.394,-0.048,712,1.367,2,4.6,open-meteo-era5,27.17,88.296,10.23,4.23,0.37471489084392307,0.6298003072196621,2.8950798305637013,0,5,1680.8661374065416,425.3869788787869,0.7765000000000001,2010-07-12
1,event,glc-2205,2010-08-06,8,23.737,92.715,1,Mizoram,17.2,29.5,69,121.5,245.1,371.2,154.665,14.8,7,0.38,16.06,42.25,234.39,0.424,0.426,0.428,24.1,19.3,0,1007,26.536,258.583,-0.198,-0.98,-0.645,312,1.863,2,4.6,open-meteo-era5,23.726,92.756,10.58,5.87,2.1739130434782608,1.6405617067242775,1.1695022054190296,1,1,120.90890971360152,3000,0.377,2010-07-12
0,same_place_other_date,glc-2205,2009-06-29,6,23.737,92.715,1,Mizoram,3,1,8.1,58.5,114.1,306.4,80.069,1.1,7,35.49,76.87,94.75,291.46,0.399,0.4,0.386,25.2,19.6,0,1007,26.536,258.583,-0.198,-0.98,-0.645,312,2.79,3,4.5,open-meteo-era5,23.726,92.756,13.45,5.87,0.20074349442379183,0.6213489113117366,0.759355638166047,0,0,120.90890971360152,3000,0.2983,2009-06-10
0,same_place_other_date,glc-2205,2020-06-28,6,23.737,92.715,1,Mizoram,17.2,5.4,23.8,33.2,91.6,225,55.852,8.4,7,15,51.4,71.63,464.21,0.326,0.31,0.298,22.3,18.7,0,1007,26.536,258.583,-0.198,-0.98,-0.645,312,4.585,9,5.6,open-meteo-era5,23.726,92.756,13.45,5.87,0.5898389095415119,0.35262878385554974,0.5576208178438662,11,11,120.90890971360152,3000,0.3589,2020-06-09
0,nearby_place_same_date,glc-2205,2010-08-06,8,23.384,92.776,1,Mizoram,12.6,16.1,45.3,81.8,180.4,314.8,112.586,7.8,7,0.38,16.06,42.25,234.39,0.424,0.426,0.426,26.3,19.9,0,966,22.46,316.63,0.727,-0.687,0.126,346,2.149,2,4.6,open-meteo-era5,23.374,92.836,5.96,3.28,2.533557046979866,1.9606903163950145,1.7606263982102908,0,0,1983.0890501954723,3000,0.5790000000000001,2010-07-12
1,event,glc-2243,2010-08-13,8,25.702,94.046,5,Nagaland,14.4,21.9,59,88.5,245.1,489.5,154.844,4.1,7,10.61,13.72,16.8,191.18,0.47,0.486,0.475,25.2,20.5,0,1011,15.094,76.774,0.229,0.973,0.094,319,1.477,3,4.1,open-meteo-era5,25.764,94.02,6.32,3.58,3.111814345991561,2.0004520795660037,2.58175105485232,2,3,73.5188042626019,814.0660776957972,0.1993,2010-07-12
0,same_place_other_date,glc-2243,2022-08-07,8,25.702,94.046,5,Nagaland,7.6,27.2,56.4,193.4,332.9,616.3,232.546,7.6,7,6.27,17.37,39.82,163.15,0.504,0.513,0.503,28.6,20.4,0,1011,15.094,76.774,0.229,0.973,0.094,319,1.78,3,4.6,open-meteo-era5,25.764,94.02,6.32,3.58,2.9746835443037973,4.371609403254973,3.2505274261603367,2,15,73.5188042626019,814.0660776957972,0.8057000000000001,2022-07-12
0,same_place_other_date,glc-2243,2023-09-23,9,25.702,94.046,5,Nagaland,7,7.5,26.8,129.8,235.4,435.3,155.82,2.7,7,2.31,19.98,48.21,129.11,0.501,0.501,0.512,25.2,19.3,0,1011,15.094,76.774,0.229,0.973,0.094,319,2.43,3,5,open-meteo-era5,25.764,94.02,5.37,3.58,1.6635630043451273,3.453046022878425,2.7020484171322163,2,15,73.5188042626019,814.0660776957972,0.8935000000000001,2023-08-29
0,nearby_place_same_date,glc-2243,2010-08-13,8,25.544,94.277,5,Nagaland,11.6,9.1,38.3,53.2,163.2,383.3,99.641,5.7,6,12.04,15.29,19.64,194.71,0.475,0.492,0.473,22.1,16.1,0,1923,33.376,356.214,0.998,-0.066,0.15,566,1.799,6,4.6,open-meteo-era5,25.554,94.3,6.16,3.4,2.0725108225108224,1.2337662337662336,2.0741341991341993,0,0,141.87260306210206,3000,0.2144,2010-07-12
1,event,glc-2249,2010-08-14,8,26.081,94.803,25,Nagaland,15.1,12.4,35.8,64.6,138.8,392.5,103.968,2.3,7,11.86,53.09,65.68,280.21,0.491,0.487,0.505,25.5,22,0,972,33.801,13.633,0.972,0.236,-0.236,475,1.686,4,4.6,open-meteo-era5,26.046,94.825,7.64,3.91,1.5619546247818499,1.2079281974569933,1.712478184991274,0,0,3000,268.5849721551667,0.47100000000000003,2010-07-12
0,same_place_other_date,glc-2249,2019-07-22,7,26.081,94.803,25,Nagaland,10.8,6,28.9,41.8,321.3,528.2,149.58,2.2,7,8.58,29.94,48.19,337.56,0.494,0.483,0.454,27.9,21.2,0,972,33.801,13.633,0.972,0.236,-0.236,475,2.753,6,5.5,open-meteo-era5,26.046,94.825,8.85,3.91,1.088512241054614,0.6747376916868443,1.9894538606403014,0,4,3000,268.5849721551667,0.9900000000000001,2019-06-26
0,same_place_other_date,glc-2249,2008-08-01,8,26.081,94.803,25,Nagaland,13.3,16.8,66.7,92.9,151.5,274,104.056,10.7,7,3.52,18.26,47.92,289.86,0.471,0.474,0.511,28.3,20.6,0,972,33.801,13.633,0.972,0.236,-0.236,475,3.51,3,5.2,open-meteo-era5,26.046,94.825,7.64,3.91,2.910122164048866,1.737097980553478,1.1954624781849914,0,0,3000,268.5849721551667,0.323,2008-07-11
0,nearby_place_same_date,glc-2249,2010-08-14,8,25.921,94.561,25,Nagaland,4.9,4.5,12.8,22,81.3,284.1,61.494,1.4,7,9.65,33.46,41.81,210.11,0.495,0.483,0.465,20.3,16.7,0,1936,29.62,293.231,0.394,-0.919,0.856,446,1.58,5,4.6,open-meteo-era5,25.905,94.618,7.59,3.98,0.562143170838823,0.4140786749482402,1.2476943346508567,0,1,331.071592850995,2882.580392152886,0.2054,2010-07-12
1,event,glc-2248,2010-08-14,8,26.222,94.915,25,Nagaland,31.6,25.6,65.5,128.5,250.7,559.3,164.99,7.4,7,11.86,53.09,65.68,280.21,0.448,0.449,0.453,21.2,18.1,0,1755,26.693,332.506,0.887,-0.462,0.057,558,1.775,4,4.6,open-meteo-era5,26.257,94.94,7.64,3.91,2.8577661431064576,2.4027673896783845,2.44022687609075,0,1,740.4801538918382,2173.295087643241,0.1252,2010-07-12
0,same_place_other_date,glc-2248,2026-08-24,8,26.222,94.915,25,Nagaland,10.6,0.5,12.5,64.2,97,234.3,67.81,1.4,6,18.67,31.07,53.28,308.71,0.366,0.383,0.399,23,17.6,0,1755,26.693,332.506,0.887,-0.462,0.057,558,3.046,2,4.5,open-meteo-era5,26.257,94.94,7.64,3.91,0.5453752181500873,1.2004487658937921,1.0222513089005236,0,3,740.4801538918382,2173.295087643241,0.8946000000000001,2026-07-28
0,same_place_other_date,glc-2248,2018-08-31,8,26.222,94.915,25,Nagaland,7.9,4.3,50.8,212.8,285.9,459.3,205.346,2.1,7,19.38,45.92,109.57,431.35,0.419,0.42,0.426,22.6,16.1,0,1755,26.693,332.506,0.887,-0.462,0.057,558,1.863,3,4.9,open-meteo-era5,26.257,94.94,7.64,3.91,2.216404886561955,3.9790575916230373,2.003926701570681,0,3,740.4801538918382,2173.295087643241,0.3682,2018-08-13
0,nearby_place_same_date,glc-2248,2010-08-14,8,26.092,95.119,25,Nagaland,37.5,60,116.4,273.9,422,769.8,296.281,9.8,7,11.86,53.09,65.68,280.21,0.463,0.476,0.478,17.6,14.4,0,2431,21.12,208.74,-0.877,-0.481,0.934,643,1.916,4,4.6,open-meteo-era5,26.116,95.126,7.64,3.91,5.078534031413613,5.121540762902019,3.358638743455497,0,0,3000,2966.815320001297,0.0437,2010-07-12
1,event,glc-2247,2010-08-14,8,26.148,94.842,10,Nagaland,11.1,12,30.5,63.1,207,472.9,131.658,2.2,7,11.86,53.09,65.68,280.21,0.483,0.49,0.5,22.4,19.3,0,1528,28.685,20.124,0.939,0.344,-0.349,453,1.719,4,4.6,open-meteo-era5,26.116,94.83,7.64,3.91,1.330715532286213,1.1798803290949889,2.06326352530541,0,1,1335.1119535421894,1174.8304852770545,0.3632,2010-07-12
0,same_place_other_date,glc-2247,2023-08-17,8,26.148,94.842,10,Nagaland,1.1,2,8.6,55.6,282.1,407.7,138.088,0.7,7,0.52,27.55,70.07,321.24,0.494,0.498,0.497,26.1,17.9,0,1528,28.685,20.124,0.939,0.344,-0.349,453,2.315,4,5.3,open-meteo-era5,26.116,94.83,7.64,3.91,0.37521815008726006,1.0396409872849663,1.7787958115183247,0,6,1335.1119535421894,1174.8304852770545,0.30510000000000004,2023-07-28
0,same_place_other_date,glc-2247,2025-08-23,8,26.148,94.842,10,Nagaland,17.6,11.1,46.8,75.5,128.2,317.8,91.227,4.2,5,5.97,32.96,89.32,420.21,0.493,0.501,0.497,22.5,18,0,1528,28.685,20.124,0.939,0.344,-0.349,453,2.225,2,4.3,open-meteo-era5,26.116,94.83,7.64,3.91,2.0418848167539267,1.411742707554226,1.386561954624782,0,6,1335.1119535421894,1174.8304852770545,0.5896,2025-07-28
0,nearby_place_same_date,glc-2247,2010-08-14,8,25.992,94.708,10,Nagaland,15.1,12.4,35.8,64.6,138.8,392.5,103.968,2.3,7,11.86,53.09,65.68,280.21,0.503,0.498,0.469,22.4,19.1,0,1544,25.494,27.412,0.888,0.46,0.254,372,1.614,4,4.6,open-meteo-era5,25.975,94.721,7.59,3.98,1.572244180939833,1.2158855637116506,1.7237593324549847,0,1,1626.414786754827,3000,0.1756,2010-07-12
1,event,glc-2253,2010-08-15,8,25.31,94.483,25,Manipur,16.9,20.5,45,110.5,254.9,476.6,158.287,5.8,7,10.62,28.36,32.48,186.88,0.472,0.481,0.471,23.9,19.2,0,1548,23.294,138.406,-0.748,0.664,0.363,384,2.244,6,4.6,open-meteo-era5,25.272,94.476,6.16,3.4,2.435064935064935,2.562615955473098,2.579004329004329,1,1,43.73192749680252,3000,0.6018,2010-07-28
0,same_place_other_date,glc-2253,2026-07-03,7,25.31,94.483,25,Manipur,11.3,9.7,44.1,83.7,166.4,288.4,107.446,3.3,7,0.75,15.39,38.87,251.79,0.506,0.506,0.47,27.6,17.5,0,1548,23.294,138.406,-0.748,0.664,0.363,384,2.403,7,4.5,open-meteo-era5,25.272,94.476,7.38,3.4,1.991869918699187,1.6202090592334497,1.3026196928635951,1,2,43.73192749680252,3000,0.3559,2026-06-10
0,same_place_other_date,glc-2253,2009-08-10,8,25.31,94.483,25,Manipur,1.8,2.5,9,45.9,173.9,331.4,97.324,0.4,7,4.46,13.72,50.79,151.99,0.475,0.473,0.477,25.5,19.2,0,1548,23.294,138.406,-0.748,0.664,0.363,384,1.212,0,,open-meteo-era5,25.272,94.476,6.16,3.4,0.487012987012987,1.0644712430426715,1.7932900432900432,0,0,43.73192749680252,3000,0.7955,2009-07-12
0,nearby_place_same_date,glc-2253,2010-08-15,8,25.374,94.836,25,Manipur,20.6,19.2,48.9,103,197.8,482.9,134.492,7.1,7,13.56,35.63,47.64,223.23,0.481,0.495,0.461,25.9,20.5,0,1367,22.825,143.393,-0.803,0.596,0.242,346,2.476,6,4.6,open-meteo-era5,25.413,94.875,5.76,3.08,2.8298611111111107,2.554563492063492,2.794560185185185,0,0,3000,3000,0.8150000000000001,2010-07-28
1,event,glc-2261,2010-08-17,8,26.944,88.445,10,West Bengal,44.2,49.7,122.1,227.6,272.5,615.1,215.836,6.2,7,72.15,96.73,133.18,365.38,0.425,0.423,0.435,28.6,25.1,0,158,2.181,47.603,0.674,0.738,-0.775,273,1.18,1,4.5,open-meteo-era5,26.889,88.503,10.97,4.67,3.710118505013673,2.963927594738898,1.8690367669401398,1,6,243.35792279520652,2.877483516221196,0.6994,2010-07-28
0,same_place_other_date,glc-2261,2020-09-14,9,26.944,88.445,10,West Bengal,53.7,26.3,93.6,168.5,309.3,413.8,169.138,13.2,7,23.27,61.89,146.98,467.93,0.426,0.43,0.419,26.6,24.1,0,158,2.181,47.603,0.674,0.738,-0.775,273,3.031,1,4.4,open-meteo-era5,26.889,88.503,8.78,4.67,3.5535307517084287,2.741620566221933,1.5709946848899015,4,20,243.35792279520652,2.877483516221196,0.2672,2020-08-12
0,same_place_other_date,glc-2261,2025-07-26,7,26.944,88.445,10,West Bengal,12.2,24.9,37.7,77.6,200.7,389,124.689,14.8,5,10.35,30.95,81.98,336.09,0.306,0.341,0.405,31,25.2,0,158,2.181,47.603,0.674,0.738,-0.775,273,1,0,,open-meteo-era5,26.889,88.503,14.36,4.67,0.8751160631383473,0.7719856744926382,0.90297121634169,4,20,243.35792279520652,2.877483516221196,0.46480000000000005,2025-06-26
0,nearby_place_same_date,glc-2261,2010-08-17,8,26.819,88.647,10,West Bengal,31.6,20.9,81.7,153.4,208.3,575.4,157.597,3,7,72.15,96.73,133.18,365.38,0.423,0.42,0.435,28.7,24.6,0,134,0.7,,0,0,0.096,16,1.275,1,4.5,open-meteo-era5,26.819,88.605,10.97,4.67,2.4825281069583713,1.997655944784477,1.7484047402005467,0,1,1573.2240868296071,315.34450042542966,0.2903,2010-07-28
1,event,glc-2263,2010-08-17,8,26.275,94.665,25,Nagaland,5,28.8,78.1,117.9,236.2,505.8,171.838,4.8,7,17.35,49.71,103.86,284.05,0.478,0.48,0.512,24.9,21.1,0,1145,28.752,299.178,0.488,-0.873,0.18,421,1.608,4,4.6,open-meteo-era5,26.257,94.643,9.34,4.8,2.787294789436117,1.803303762618538,1.8051391862955033,0,1,1582.854924441611,3000,0.9545,2010-07-28
0,same_place_other_date,glc-2263,2013-09-24,9,26.275,94.665,25,Nagaland,5.1,1.8,9.1,43.5,101.8,254.4,69.87,1.8,7,0.15,0.24,9.66,230.07,0.486,0.487,0.474,25.9,20.5,0,1145,28.752,299.178,0.488,-0.873,0.18,421,2.466,3,4.5,open-meteo-era5,26.257,94.643,7.59,4.8,0.39964866051822573,0.818746470920384,1.1172595520421609,0,3,1582.854924441611,3000,0.364,2013-08-29
0,same_place_other_date,glc-2263,2021-07-28,7,26.275,94.665,25,Nagaland,20.1,20.7,46.2,74.8,142.8,317.1,94.709,9.6,6,0.19,4.6,40.77,252.29,0.499,0.506,0.508,28.1,20.4,0,1145,28.752,299.178,0.488,-0.873,0.18,421,2.289,3,4.9,open-meteo-era5,26.257,94.643,10.73,4.8,1.435228331780056,0.995872720010651,0.9850885368126747,0,4,1582.854924441611,3000,0.32370000000000004,2021-06-26
0,nearby_place_same_date,glc-2263,2010-08-17,8,26.472,94.347,25,Nagaland,2.7,20.1,36.2,88.1,159.1,363.2,112.728,3,7,17.35,49.71,103.86,284.05,0.474,0.496,0.503,29.4,24.5,0,318,20.878,294.928,0.421,-0.907,-0.237,307,1.414,4,4.6,open-meteo-era5,26.467,94.361,9.34,4.8,1.2919343326195576,1.3475068828387886,1.29621698786581,0,0,2144.8912630482255,1219.2131939363016,0.5185000000000001,2010-07-28
1,event,glc-2282,2010-08-19,8,26.198,94.816,1,Nagaland,31,15.5,51.5,147.7,245.7,504.6,157.244,4.4,7,13.74,29.82,94.99,276.17,0.487,0.494,0.469,21.4,17.3,0,1892,23.603,344.186,0.962,-0.273,-0.435,501,1.704,4,4.6,open-meteo-era5,26.186,94.836,7.64,3.91,2.2469458987783595,2.761780104712042,2.2015706806282727,1,4,28.992651694946368,3000,0.49010000000000004,2010-07-28
0,same_place_other_date,glc-2282,2011-09-07,9,26.198,94.816,1,Nagaland,33.2,23.3,83.7,122.7,232.3,483.8,143.483,8.4,7,39.88,65.39,75.43,285.12,0.472,0.495,0.49,21.1,16.3,0,1892,23.603,344.186,0.962,-0.273,-0.435,501,1.48,1,4.5,open-meteo-era5,26.186,94.836,6.04,3.91,4.619205298013245,2.902081362346263,2.6699779249448126,1,4,28.992651694946368,3000,0.8945000000000001,2011-08-13
0,same_place_other_date,glc-2282,2009-08-10,8,26.198,94.816,1,Nagaland,5.8,11.6,25.7,73,247.6,415.2,126.592,2.7,7,5.39,26.94,78.01,249.73,0.485,0.489,0.495,23.5,17.6,0,1892,23.603,344.186,0.962,-0.273,-0.435,501,1.156,0,,open-meteo-era5,26.186,94.836,7.64,3.91,1.1212914485165795,1.3649962602842185,1.8115183246073299,0,0,28.992651694946368,3000,0.44370000000000004,2009-07-12
0,nearby_place_same_date,glc-2282,2010-08-19,8,26.125,95.127,1,Nagaland,58.2,36.1,105.3,273.8,349.8,657.8,231.28,7.6,7,13.74,29.82,94.99,276.17,0.458,0.472,0.488,20.1,14.7,0,2411,29.104,117.403,-0.46,0.888,-0.368,461,1.926,4,4.6,open-meteo-era5,26.116,95.126,7.64,3.91,4.5942408376963355,5.11967090501122,2.869982547993019,0,0,3000,3000,0.131,2010-07-28
1,event,glc-2283,2010-08-19,8,24.896,93.496,5,Manipur,4.4,4.6,13.1,121.2,169.1,309.7,116.721,0.6,7,8.39,19.28,50.65,195.66,0.416,0.416,0.424,22.1,19.3,0,1079,25.547,97.804,-0.136,0.991,1.96,786,1.278,3,4.1,open-meteo-era5,24.921,93.484,6.15,3.7,0.7100271002710026,2.8153310104529616,1.678590785907859,0,3,744.4878312025718,2510.490418386484,0.2874,2010-07-28
0,same_place_other_date,glc-2283,2025-07-13,7,24.896,93.496,5,Manipur,0,1.3,1.5,71,249.8,624.9,166.59,0.3,5,2.31,10.22,45.69,266.33,0.386,0.398,0.415,28.9,18.4,0,1079,25.547,97.804,-0.136,0.991,1.96,786,1.812,5,4.6,open-meteo-era5,24.921,93.484,7.53,3.7,0.06640106241699867,1.3469929804591159,2.7662682602921644,1,6,744.4878312025718,2510.490418386484,0.8962,2025-06-10
0,same_place_other_date,glc-2283,2014-09-18,9,24.896,93.496,5,Manipur,12.3,4.5,18.9,31.3,81.5,165.9,42.941,2.5,6,12.26,13.26,23.54,175.62,0.393,0.391,0.4,26,19.4,0,1079,25.547,97.804,-0.136,0.991,1.96,786,2.424,4,4.7,open-meteo-era5,24.921,93.484,5.42,3.7,1.1623616236162362,0.8249868212967845,1.0202952029520296,1,6,744.4878312025718,2510.490418386484,0.9121,2014-08-29
0,nearby_place_same_date,glc-2283,2010-08-19,8,24.916,93.364,5,Manipur,9.2,2.8,16.2,131.2,180,318,119.035,1.2,7,10.39,25.98,63.54,246.04,0.415,0.416,0.424,26.5,22.5,0,522,23.193,224.091,-0.718,-0.696,-0.444,372,1.161,3,4.1,open-meteo-era5,24.921,93.387,6.15,3.7,0.8780487804878047,3.047619047619047,1.7235772357723578,0,0,3000,2589.9221509694494,0.9355,2010-07-28
1,event,glc-2281,2010-08-19,8,25.616,94.116,5,Nagaland,12.2,8.1,23.4,67.7,164.9,417.7,116.704,3,7,10.84,27.29,62.5,191.49,0.466,0.492,0.485,23.1,19.3,0,1620,22.55,103.47,-0.233,0.972,0.037,461,1.6,4,4.6,open-meteo-era5,25.624,94.109,6.32,3.58,1.2341772151898733,1.5302893309222423,2.2030590717299576,0,5,78.61456950458114,1901.64770873822,0.2092,2010-07-28
0,same_place_other_date,glc-2281,2010-07-06,7,25.616,94.116,5,Nagaland,8.4,6.1,36.9,144.8,300.4,711.8,209.159,1.4,7,4.5,20.02,66.91,302.38,0.487,0.474,0.498,23.9,18.7,0,1620,22.55,103.47,-0.233,0.972,0.037,461,1.718,4,4.4,open-meteo-era5,25.624,94.109,7.3,3.58,1.6849315068493151,2.833659491193738,3.250228310502283,0,4,78.61456950458114,1901.64770873822,0.4726,2010-06-10
0,same_place_other_date,glc-2281,2007-07-23,7,25.616,94.116,5,Nagaland,12.8,23.1,43.7,90.7,220.7,463.2,148.039,4.2,7,2,11.27,29.61,103.53,0.491,0.496,0.499,22.6,18,0,1620,22.55,103.47,-0.233,0.972,0.037,461,4.529,3,5.2,open-meteo-era5,25.624,94.109,7.3,3.58,1.9954337899543382,1.7749510763209393,2.1150684931506847,0,0,78.61456950458114,1901.64770873822,0.7785000000000001,2007-06-26
0,nearby_place_same_date,glc-2281,2010-08-19,8,25.385,94.105,5,Nagaland,12.2,8.1,23.4,67.7,164.9,417.7,116.704,3,7,10.84,27.29,62.5,191.49,0.488,0.497,0.499,25.7,21.6,0,1073,1.177,,0,0,0.009,171,1.762,4,4.1,open-meteo-era5,25.343,94.091,6.32,3.58,1.2341772151898733,1.5302893309222423,2.2030590717299576,1,2,1295.3146457792968,249.72172914583925,0.7044,2010-07-28
1,event,glc-2279,2010-08-19,8,26.972,88.448,10,West Bengal,87.1,35.2,166.5,326,389.3,694.6,247.554,9.2,7,13.28,123.86,174.28,351.64,0.427,0.429,0.421,26.2,23.2,0,444,32.273,328.465,0.852,-0.523,-0.22,565,1.184,1,4.5,open-meteo-era5,26.96,88.502,10.97,4.67,5.0592525068368275,4.245344445891392,2.110604679428745,2,8,1866.283026729114,937.5284117805189,0.9031,2010-07-28
0,same_place_other_date,glc-2279,2008-08-10,8,26.972,88.448,10,West Bengal,21,4.1,25.2,79.6,155.9,1139.8,162.819,4,6,10.29,18.96,79.92,337.43,0.394,0.395,0.396,27.6,22.4,0,444,32.273,328.465,0.852,-0.523,-0.22,565,1.428,0,,open-meteo-era5,26.96,88.502,10.97,4.67,0.7657247037374657,1.0365933064201067,3.4633849893649344,0,2,1866.283026729114,937.5284117805189,0.33680000000000004,2008-07-11
0,same_place_other_date,glc-2279,2012-08-09,8,26.972,88.448,10,West Bengal,1.4,12.1,22.7,50.4,162,612.6,137.738,2.3,7,4.95,16.25,40.24,342.33,0.422,0.426,0.399,30.5,21.8,0,444,32.273,328.465,0.852,-0.523,-0.22,565,1.683,1,4.7,open-meteo-era5,26.96,88.502,10.97,4.67,0.6897599513825584,0.6563354603463992,1.861440291704649,3,11,1866.283026729114,937.5284117805189,0.5357000000000001,2012-07-11
0,nearby_place_same_date,glc-2279,2010-08-19,8,26.878,88.517,10,West Bengal,35.2,24.4,94.5,180.2,233.4,495.2,165.184,3.5,7,13.28,123.86,174.28,351.64,0.427,0.429,0.421,27.9,24.9,0,154,0.443,,0,0,0.134,93,1.212,1,4.5,open-meteo-era5,26.889,88.503,10.97,4.67,2.8714676390154965,2.3466597213178795,1.504709814646004,1,4,571.1636909589154,160.46506748612407,0.47100000000000003,2010-07-28
1,event,glc-2296,2010-08-20,8,27.167,88.365,10,Sikkim,34.6,30.4,93.1,291.1,374.2,802.1,274.672,5,7,5.94,55.21,177.09,330.36,0.428,0.431,0.43,20,16.8,0,1476,22.382,178.977,-1,0.018,0.048,396,1,0,,open-meteo-era5,27.241,88.395,10.97,4.67,2.8289273776967483,3.7908581846594607,2.4372531145548466,1,6,36.01519123061963,1191.875389150443,0.37320000000000003,2010-07-28
0,same_place_other_date,glc-2296,2018-07-21,7,27.167,88.365,10,Sikkim,69,7.4,78.7,235.2,484.5,1287.7,297.673,6.8,7,8.39,12.63,22.65,274.74,0.413,0.415,0.402,21.7,18.5,0,1476,22.382,178.977,-1,0.018,0.048,396,1.261,0,,open-meteo-era5,27.241,88.395,14.36,4.67,1.8268337975858868,2.33983286908078,2.989090064995358,3,16,36.01519123061963,1191.875389150443,0.2692,2018-06-26
0,same_place_other_date,glc-2296,2019-09-15,9,27.167,88.365,10,Sikkim,18.2,35.8,121.4,246.1,349.2,559.8,257.955,5.8,7,6.02,41.53,74.34,231.39,0.43,0.432,0.427,21,17.1,0,1476,22.382,178.977,-1,0.018,0.048,396,1.242,1,4.5,open-meteo-era5,27.241,88.395,8.78,4.67,4.608959757023539,4.004230393752034,2.1252847380410023,3,16,36.01519123061963,1191.875389150443,0.5066,2019-08-13
0,nearby_place_same_date,glc-2296,2010-08-20,8,27.138,88.22,10,Sikkim,34.7,20.6,74.2,248.2,315.9,565.7,220.518,5.6,7,5.94,55.21,177.09,330.36,0.43,0.43,0.426,26.6,22.6,0,624,20.758,286.912,0.291,-0.957,0.134,399,1,0,,open-meteo-era5,27.17,88.296,10.23,4.23,2.417725643532095,3.4659963692221756,1.843271423916585,0,7,120.75069261444489,424.73960087962354,0.8004,2010-07-28
1,event,glc-2304,2010-08-21,8,25.572,94.121,10,Nagaland,4.8,14.4,31.4,67.5,160.3,418.4,118.309,2.6,7,5.7,25.64,59.56,196.8,0.506,0.501,0.489,21.9,18.8,0,1622,6.127,54.162,0.585,0.811,-0.795,606,1.639,5,4.6,open-meteo-era5,25.624,94.109,6.32,3.58,1.6561181434599155,1.5257685352622061,2.20675105485232,1,3,18.210695919392226,3000,0.3392,2010-07-28
0,same_place_other_date,glc-2304,2007-07-21,7,25.572,94.121,10,Nagaland,7.8,5.9,34.5,113,217.1,458.4,146.641,1.9,7,5.18,11.01,38.64,116.84,0.494,0.487,0.505,21.7,18.3,0,1622,6.127,54.162,0.585,0.811,-0.795,606,4.382,3,5.2,open-meteo-era5,25.624,94.109,7.3,3.58,1.5753424657534247,2.211350293542074,2.0931506849315067,0,0,18.210695919392226,3000,0.17170000000000002,2007-06-26
0,same_place_other_date,glc-2304,2026-07-13,7,25.572,94.121,10,Nagaland,10.1,17.8,50.9,126.8,224.5,613.7,167.687,5.1,7,35.9,51.35,85.67,239.16,0.505,0.51,0.495,24.1,18.3,0,1622,6.127,54.162,0.585,0.811,-0.795,606,2.177,8,4.5,open-meteo-era5,25.624,94.109,7.3,3.58,2.3242009132420094,2.4814090019569472,2.8022831050228314,2,18,18.210695919392226,3000,0.3553,2026-06-10
0,nearby_place_same_date,glc-2304,2010-08-21,8,25.575,93.922,10,Nagaland,4.8,14.4,31.4,67.5,160.3,418.4,118.309,2.6,7,6.27,26.1,61.96,194.3,0.455,0.469,0.472,21,18.1,0,1684,13.373,198.988,-0.946,-0.325,-0.112,348,1.467,3,4.1,open-meteo-era5,25.554,93.909,6.32,3.58,1.6561181434599155,1.5257685352622061,2.20675105485232,0,0,3000,1502.1995077498857,0.4174,2010-07-28
1,event,glc-2341,2010-08-26,8,27.232,88.497,10,,9.8,6.9,152.2,340.8,676.2,867.3,418.678,1.8,7,42.05,61.48,134.77,420.96,0.424,0.424,0.4,27.4,25.3,0,362,9.219,184.332,-0.997,-0.076,0.019,365,1,0,,open-meteo-era5,27.241,88.495,10.97,4.67,4.624734123366757,4.438077874723271,2.6353691886964445,2,8,28.744890384040772,121.93375530138142,0.6125,2010-07-28
0,same_place_other_date,glc-2341,2013-08-29,8,27.232,88.497,10,,17.2,16.8,58.3,124,200.1,578.5,156.254,2.6,7,3.66,31.09,77.09,417.39,0.422,0.419,0.436,27.8,24.3,0,362,9.219,184.332,-0.997,-0.076,0.019,365,1.553,1,4.3,open-meteo-era5,27.241,88.495,10.97,4.67,1.7714980249164385,1.6147935929157442,1.7578243694925553,2,10,28.744890384040772,121.93375530138142,0.6856,2013-07-28
0,same_place_other_date,glc-2341,2024-10-05,10,27.232,88.497,10,,2.4,16.5,32.9,60.9,404.8,453,218.382,3,6,5.72,26.7,57.79,660.98,0.42,0.426,0.42,28.6,22,0,362,9.219,184.332,-0.997,-0.076,0.019,365,2.813,1,4.3,open-meteo-era5,27.241,88.495,2.66,4.67,4.12280701754386,3.270676691729323,5.6766917293233075,2,13,28.744890384040772,121.93375530138142,0.6161,2024-09-13
0,nearby_place_same_date,glc-2341,2010-08-26,8,27.261,88.885,10,,17,4.6,119.5,471,750,1048.6,490.094,3.5,7,24.76,44.37,87.38,279.48,0.422,0.424,0.42,14,10.4,0,3405,47.772,205.025,-0.906,-0.423,0.751,907,1,0,,open-meteo-era5,27.311,88.895,7.27,2.99,5.479138010087117,9.255256435449008,4.807886290692343,0,0,3000,1917.0205006288156,0.136,2010-07-28
1,event,glc-2344,2010-08-27,8,24.751,93.422,5,Assam,8.1,7.6,27.5,60.4,273.9,483.6,129.246,1.2,7,8.73,15.13,35.38,221.57,0.422,0.423,0.418,25.9,21.1,0,787,6.297,247.62,-0.381,-0.925,0.526,176,1.204,2,4.1,open-meteo-era5,24.78,93.38,6.15,3.7,1.4905149051490512,1.403019744483159,2.621138211382114,1,1,362.3924637046742,3000,0.7124,2010-07-28
0,same_place_other_date,glc-2344,2014-09-24,9,24.751,93.422,5,Assam,1,14.2,18.4,105,143.3,324.8,113.626,2.6,7,5.09,71.99,146.63,256.03,0.422,0.421,0.421,24.9,19.9,0,787,6.297,247.62,-0.381,-0.925,0.526,176,2.511,6,5.4,open-meteo-era5,24.78,93.38,5.42,3.7,1.1316113161131611,2.767527675276753,1.997539975399754,3,3,362.3924637046742,3000,0.7723,2014-08-29
0,same_place_other_date,glc-2344,2020-08-21,8,24.751,93.422,5,Assam,7.2,28.3,59.1,109.4,182.8,346,131.434,7.7,7,12.12,20.45,47.36,244.91,0.426,0.427,0.425,24.5,20.6,0,787,6.297,247.62,-0.381,-0.925,0.526,176,2.455,5,4.8,open-meteo-era5,24.78,93.38,6.15,3.7,3.2032520325203246,2.5412311265969802,1.8753387533875339,4,5,362.3924637046742,3000,0.7678,2020-07-27
0,nearby_place_same_date,glc-2344,2010-08-27,8,24.625,93.333,5,Assam,8.9,9.1,32.3,73.3,311.8,522.8,149.032,1.7,7,8.57,16.55,35.02,214.71,0.422,0.424,0.428,25.7,20.9,0,746,17.751,250.75,-0.33,-0.944,-0.156,487,1.113,2,4.1,open-meteo-era5,24.64,93.373,5.65,3.47,1.9056047197640114,1.8533501896333753,3.0843657817109142,0,0,3000,3000,0.55,2010-07-28
1,event,glc-2343,2010-08-27,8,25.479,94.133,5,Nagaland,15.1,6.4,25.2,58.3,149.4,324.7,88.317,3.5,7,14.5,22.07,36.87,186.68,0.473,0.479,0.507,22.6,17.8,0,1759,6.045,45,0.707,0.707,0.317,249,1.722,3,4.1,open-meteo-era5,25.483,94.1,6.32,3.58,1.3291139240506329,1.3178119349005424,1.7125527426160334,1,3,204.3131743563044,3000,0.6178,2010-07-28
0,same_place_other_date,glc-2343,2011-07-18,7,25.479,94.133,5,Nagaland,24.6,23.8,78.5,159.3,223.5,470.2,163.449,6,7,38.04,56.25,126.24,308.32,0.466,0.481,0.491,22.6,17.7,0,1759,6.045,45,0.707,0.707,0.317,249,1.917,2,4.7,open-meteo-era5,25.483,94.1,7.3,3.58,3.5844748858447493,3.117416829745597,2.1470319634703197,3,7,204.3131743563044,3000,0.389,2011-06-26
0,same_place_other_date,glc-2343,2026-07-30,7,25.479,94.133,5,Nagaland,6,8.6,27.7,42,133.6,263.5,79.766,3.5,7,19.77,29.18,43.45,313.21,0.489,0.484,0.494,23.4,16.2,0,1759,6.045,45,0.707,0.707,0.317,249,2.191,5,4.6,open-meteo-era5,25.483,94.1,7.3,3.58,1.264840182648402,0.821917808219178,1.2031963470319635,4,12,204.3131743563044,3000,0.8140000000000001,2026-07-12
0,nearby_place_same_date,glc-2343,2010-08-27,8,25.295,94.099,5,Nagaland,9.7,4.3,16.8,34.5,96.1,243.3,57.841,1.5,7,14.5,22.07,36.87,186.68,0.482,0.486,0.494,25.7,20.1,0,1210,16.629,74.785,0.262,0.965,0.344,298,1.812,3,4.1,open-meteo-era5,25.272,94.086,6.32,3.58,0.8860759493670886,0.7798372513562387,1.2832278481012658,0,1,3000,3000,0.933,2010-07-28
1,event,glc-2345,2010-08-27,8,27.339,88.619,5,Sikkim,28.9,23.3,72.2,393.1,920.4,1379,526.904,3.2,7,11.94,39.91,93.81,282.22,0.427,0.429,0.414,20.1,15.1,0,1871,10.711,182.231,-0.999,-0.039,0.318,486,1,0,,open-meteo-era5,27.381,88.592,7.27,2.99,3.310408069692802,7.724503831794066,6.322787712058689,5,8,336.4872637706628,1891.9715856457149,0.7574000000000001,2010-07-28
0,same_place_other_date,glc-2345,2023-10-04,10,27.339,88.619,5,Sikkim,27.7,13.7,42.2,48.8,134.3,215.6,57.804,4.3,4,28.89,49.46,60.22,191.42,0.398,0.383,0.389,16.3,13.1,0,1871,10.711,182.231,-0.999,-0.039,0.318,486,1.951,1,4.9,open-meteo-era5,27.381,88.592,1.55,2.99,9.0752688172043,4.497695852534562,4.636559139784946,6,13,336.4872637706628,1891.9715856457149,0.7616,2023-09-14
0,same_place_other_date,glc-2345,2025-09-24,9,27.339,88.619,5,Sikkim,1.3,0.2,1.5,31.6,95,216.2,63.695,0.4,5,10.72,15.74,36.69,278.43,0.367,0.391,0.389,23.7,13.6,0,1871,10.711,182.231,-0.999,-0.039,0.318,486,2.287,2,5,open-meteo-era5,27.381,88.592,5.11,2.99,0.09784735812133072,0.883421861895443,1.41030658838878,6,13,336.4872637706628,1891.9715856457149,0.6209,2025-08-29
0,nearby_place_same_date,glc-2345,2010-08-27,8,27.343,88.709,5,Sikkim,15.9,16.7,44,299.5,788.4,1244.4,474.3,1.7,7,11.94,39.91,93.81,282.22,0.425,0.426,0.409,16.1,11.5,0,2862,30.478,211.005,-0.857,-0.515,-0.887,639,1,0,,open-meteo-era5,27.381,88.693,7.27,2.99,2.0174232003668044,5.8852426802908235,5.7056396148555715,0,7,464.5896065779337,1345.5941885976827,0.20750000000000002,2010-07-28
1,event,glc-2392,2010-09-04,9,27.37,88.733,10,Sikkim,16.7,15.6,44.9,128.8,391.2,838.8,242.122,1.9,7,2,17.97,46.09,283.13,0.425,0.427,0.412,10.2,7.3,0,3520,8.275,338.199,0.928,-0.371,-0.077,462,1,0,,open-meteo-era5,27.381,88.793,5.11,2.99,2.9288975864318325,3.6007827788649704,5.471624266144813,1,8,375.86663479061946,330.01233376226344,0.14300000000000002,2010-08-13
0,same_place_other_date,glc-2392,2025-08-29,8,27.37,88.733,10,Sikkim,12.3,33.7,58.1,117.2,271.5,833.5,214.029,5.2,7,10.5,34.98,50.52,284.46,0.427,0.428,0.426,13,8.9,0,3520,8.275,338.199,0.928,-0.371,-0.077,462,1.642,2,4.1,open-meteo-era5,27.381,88.793,7.27,2.99,2.663915635029803,2.303006484574573,3.821641448876662,4,12,375.86663479061946,330.01233376226344,0.132,2025-07-28
0,same_place_other_date,glc-2392,2009-10-14,10,27.37,88.733,10,Sikkim,0,0,0.2,45,200,326.4,114.691,0,2,0,0,17.52,119.6,0.372,0.381,0.391,9.4,2.3,4.41,3520,8.275,338.199,0.928,-0.371,-0.077,462,3.655,4,6.1,open-meteo-era5,27.381,88.793,1.55,2.99,0.04301075268817204,4.147465437788019,7.019354838709677,1,4,375.86663479061946,330.01233376226344,0.18460000000000001,2009-09-14
0,nearby_place_same_date,glc-2392,2010-09-04,9,27.293,88.748,10,Sikkim,15.5,25.8,60.4,164.7,483.9,1166.5,330.576,2.4,7,2,17.97,46.09,283.13,0.426,0.428,0.416,16.7,13.8,0,2292,30.674,96.89,-0.12,0.993,-0.308,816,1,0,,open-meteo-era5,27.311,88.694,5.11,2.99,3.939986953685583,4.604417109309477,7.609262883235486,0,7,3000,756.7869118233175,0.4948,2010-08-13
1,event,glc-2415,2010-09-12,9,25.64,94.111,25,Nagaland,16.2,9.6,39.4,76,161.7,314.3,99.704,4.2,7,4.38,6.8,35.08,181.17,0.468,0.498,0.507,25.1,18.7,0,1497,13.075,98.383,-0.146,0.989,0.693,376,2.298,1,4.7,open-meteo-era5,25.694,94.113,5.37,3.58,2.44568590937306,2.0218143123171055,1.9509621353196773,2,6,10.590609843676656,431.20321641527545,0.2859,2010-08-13
0,same_place_other_date,glc-2415,2012-10-01,10,25.64,94.111,25,Nagaland,11.3,6.8,26.6,80,132.4,374.5,102.31,5,7,10.8,18.47,18.98,228.88,0.5,0.495,0.476,22.8,17.8,0,1497,13.075,98.383,-0.146,0.989,0.693,376,2.057,4,4.8,open-meteo-era5,25.694,94.113,3.24,3.58,2.736625514403292,3.5273368606701943,3.852880658436214,5,9,10.590609843676656,431.20321641527545,0.07390000000000001,2012-09-13
0,same_place_other_date,glc-2415,2013-09-24,9,25.64,94.111,25,Nagaland,14.8,4.9,20.9,61.9,176.2,381.1,102.863,2.6,7,0.26,0.41,2.36,236.15,0.48,0.479,0.458,26,18.7,0,1497,13.075,98.383,-0.146,0.989,0.693,376,2.626,2,4.5,open-meteo-era5,25.694,94.113,5.37,3.58,1.297330850403476,1.6467145517424846,2.3656114214773436,8,12,10.590609843676656,431.20321641527545,0.21200000000000002,2013-08-29
0,nearby_place_same_date,glc-2415,2010-09-12,9,25.421,94.054,25,Nagaland,21.2,13.8,52,109.9,221.8,379.2,131.996,8.2,7,4.25,6.35,33.08,178.44,0.452,0.484,0.507,27.2,19.7,0,1199,14.955,170.112,-0.985,0.172,0.093,343,2.321,1,4.7,open-meteo-era5,25.413,94.095,5.37,3.58,3.2278088144009933,2.9236499068901303,2.3538175046554937,0,3,825.2216769909317,1005.0550631767723,0.2887,2010-08-13
1,event,glc-2424,2010-09-13,9,23.591,92.93,25,Mizoram,15.4,6.5,34.2,73.6,112.9,250.5,75.194,3,7,5.92,10.64,23.16,130.81,0.418,0.418,0.412,24.3,20.8,0,806,16.17,228.659,-0.661,-0.751,0.127,389,2.359,2,5.1,open-meteo-era5,23.585,92.94,4.55,3.28,2.505494505494506,2.3108320251177394,1.835164835164835,0,0,1467.6718409338762,3000,0.13470000000000001,2010-08-13
0,same_place_other_date,glc-2424,2025-09-13,9,23.591,92.93,25,Mizoram,18.5,24,70.4,84.3,146.7,294.7,99.365,6.9,6,36.22,68.79,105.64,244.57,0.414,0.4,0.324,27.2,21,0,806,16.17,228.659,-0.661,-0.751,0.127,389,3.465,4,5.3,open-meteo-era5,23.585,92.94,4.55,3.28,5.157509157509159,2.6467817896389327,2.158974358974359,0,0,1467.6718409338762,3000,0.734,2025-08-13
0,same_place_other_date,glc-2424,2013-10-04,10,23.591,92.93,25,Mizoram,9.9,10.4,22.8,79.9,136.1,249,88.926,2.4,7,6.99,17.18,30.69,177.87,0.413,0.412,0.416,23.8,19.3,0,806,16.17,228.659,-0.661,-0.751,0.127,389,3.382,3,4.6,open-meteo-era5,23.585,92.94,3.37,3.28,2.255192878338279,3.3870284018651975,2.462908011869436,0,0,1467.6718409338762,3000,0.8774000000000001,2013-09-14
0,nearby_place_same_date,glc-2424,2010-09-13,9,23.896,93.061,25,Mizoram,8.3,5.2,18.5,63.3,129.6,272.3,85.87,1.6,7,7.48,12.94,30.26,156.42,0.418,0.418,0.42,29.1,25.1,0,195,13.391,100.972,-0.19,0.982,-0.309,253,2.246,2,5.1,open-meteo-era5,23.937,93.051,5.41,3.85,1.1398644485520641,1.671507789807235,1.6777572396796057,0,0,2066.3070168883382,126.61170591791841,0.254,2010-08-13
1,event,glc-2421,2010-09-13,9,23.754,92.741,1,Mizoram,14.2,5.3,23.6,51.2,105.8,219.2,62.477,3.8,7,11.41,19.1,46.34,235.41,0.412,0.412,0.413,23,19.1,0,983,19.311,78.232,0.204,0.979,-0.191,434,2.472,2,5.1,open-meteo-era5,23.726,92.756,8.38,6,0.9387430389817025,0.8728264575519945,0.8719172633253777,2,2,707.4438894139562,3000,0.2114,2010-08-13
0,same_place_other_date,glc-2421,2009-08-16,8,23.754,92.741,1,Mizoram,1.7,13.1,23.8,45.2,113.9,395.3,93.391,3.7,7,3.51,45.88,66.14,424.19,0.422,0.423,0.412,23.6,19.6,0,983,19.311,78.232,0.204,0.979,-0.191,434,2.924,2,5.5,open-meteo-era5,23.726,92.756,10.32,6,0.7687338501291989,0.6256921373200443,1.2768087855297157,0,0,707.4438894139562,3000,0.11910000000000001,2009-07-28
0,same_place_other_date,glc-2421,2011-09-02,9,23.754,92.741,1,Mizoram,11.5,10.1,26.8,80.1,197.3,377.4,113.499,5.5,7,2.11,16.2,23.29,384.49,0.415,0.417,0.417,24.5,18.8,0,983,19.311,78.232,0.204,0.979,-0.191,434,1.678,5,4.4,open-meteo-era5,23.726,92.756,8.38,6,1.066030230708035,1.3654960790998976,1.5011933174224341,6,6,707.4438894139562,3000,0.515,2011-08-13
0,nearby_place_same_date,glc-2421,2010-09-13,9,24.033,92.731,1,Mizoram,11,4.9,21.9,62.3,105.7,198.7,67.799,3.4,7,11.41,19.1,46.34,235.41,0.416,0.418,0.416,28.2,24.2,0,245,27.734,214.267,-0.826,-0.563,0.091,172,2.428,2,5.1,open-meteo-era5,24.077,92.675,8.38,6,0.8711217183770882,1.062052505966587,0.7903739061256959,0,0,3000,3000,0.4822,2010-08-13
1,event,glc-2422,2010-09-13,9,23.742,92.714,1,Mizoram,14.2,5.3,23.6,51.2,105.8,219.2,62.477,3.8,7,9.93,17.18,36.45,218.07,0.413,0.413,0.411,23.1,19.3,0,930,22.807,286.793,0.289,-0.957,-0.209,484,2.493,2,5.1,open-meteo-era5,23.726,92.756,8.45,5.87,0.930966469428008,0.8655959425190196,0.8646942800788955,2,2,16.625442873775174,3000,0.364,2010-08-13
0,same_place_other_date,glc-2422,2011-09-16,9,23.742,92.714,1,Mizoram,4.6,10.2,33.5,69.9,144.4,332.4,104.312,3.3,7,49,85.18,105.54,265.82,0.425,0.426,0.425,22,19.6,0,930,22.807,286.793,0.289,-0.957,-0.209,484,1.122,1,4.2,open-meteo-era5,23.726,92.756,8.45,5.87,1.3214990138067062,1.1817413355874897,1.311242603550296,6,6,16.625442873775174,3000,0.5956,2011-08-29
0,same_place_other_date,glc-2422,2019-08-01,8,23.742,92.714,1,Mizoram,2.5,5.4,17.4,31.5,80.7,315.4,66.814,0.9,7,1.56,39.41,85.83,1075.24,0.39,0.372,0.367,27.6,19.5,0,930,22.807,286.793,0.289,-0.957,-0.209,484,1.989,3,4.5,open-meteo-era5,23.726,92.756,10.58,5.87,0.54820415879017,0.42533081285444235,0.9936988027725268,11,11,16.625442873775174,3000,0.2207,2019-07-12
0,nearby_place_same_date,glc-2422,2010-09-13,9,23.975,92.565,1,Mizoram,13.7,3.2,23.4,57.8,101.2,187.7,61.023,4,7,11.41,19.1,46.34,235.41,0.416,0.418,0.417,26.5,22.4,0,491,22.508,274.955,0.086,-0.996,0.31,509,2.556,2,5.1,open-meteo-era5,23.937,92.574,8.38,6,0.9307875894988066,0.9853392430958062,0.7466189339697692,0,0,3000,2787.077929466035,0.6761,2010-08-13
1,event,glc-2426,2010-09-13,9,22.718,92.842,25,Mizoram,19.6,10.5,43.4,74.6,126.7,246.9,81.141,6.4,7,5.13,13.96,29.88,201.06,0.423,0.424,0.418,24.7,20,0,734,11.345,43.568,0.725,0.689,-0.554,441,2.336,1,5.1,open-meteo-era5,22.742,92.903,5.91,4.12,2.4478285391990973,1.8032390621223104,1.392554991539763,0,0,344.57516504531503,2611.7012564143874,0.8476,2010-08-13
0,same_place_other_date,glc-2426,2014-08-12,8,22.718,92.842,25,Mizoram,8.5,10.7,24.2,51.8,136,304.6,87.72,2.6,7,8.21,19.7,27.79,176.64,0.417,0.418,0.413,24.4,20.7,0,734,11.345,43.568,0.725,0.689,-0.554,441,2.234,5,4.7,open-meteo-era5,22.742,92.903,8.21,4.12,0.98254161591555,0.9013398294762484,1.2367032074705644,0,0,344.57516504531503,2611.7012564143874,0.3682,2014-07-12
0,same_place_other_date,glc-2426,2022-10-21,10,22.718,92.842,25,Mizoram,0.2,3.4,11.1,30.4,62.2,174.7,51.256,2.8,6,0.39,6.77,14.52,218.37,0.3,0.29,0.333,29.6,17.7,0,734,11.345,43.568,0.725,0.689,-0.554,441,2.936,2,5.6,open-meteo-era5,22.742,92.903,3.88,4.12,0.9536082474226804,1.1192930780559647,1.5008591065292096,0,0,344.57516504531503,2611.7012564143874,0.8944000000000001,2022-09-30
0,nearby_place_same_date,glc-2426,2010-09-13,9,22.669,92.556,25,Mizoram,12.1,5.4,26.7,52.6,91.7,190.4,62.49,2.5,6,8.26,23.56,43.64,344.39,0.422,0.423,0.413,27.4,22.6,0,254,14.289,242.959,-0.455,-0.891,-0.348,387,2.507,1,5.1,open-meteo-era5,22.671,92.526,10.33,6.95,0.8615682478218779,0.7274235928640576,0.6143917392707325,0,0,1679.4119333240878,2805.2851527654097,0.7412000000000001,2010-08-13
1,event,glc-2423,2010-09-13,9,23.735,92.711,1,Mizoram,14.2,5.3,23.6,51.2,105.8,219.2,62.477,3.8,7,9.93,17.18,36.45,218.07,0.413,0.413,0.411,22.8,19,0,951,13.478,106.454,-0.283,0.959,0.127,234,2.496,2,5.1,open-meteo-era5,23.726,92.661,8.45,5.87,0.930966469428008,0.8655959425190196,0.8646942800788955,2,2,284.59677140417443,3000,0.20670000000000002,2010-08-13
0,same_place_other_date,glc-2423,2021-09-14,9,23.735,92.711,1,Mizoram,16.7,15.6,32.4,48.3,100.8,246.6,64.327,5.9,5,1.48,4.88,47.36,333.5,0.363,0.346,0.361,27.3,19.4,0,951,13.478,106.454,-0.283,0.959,0.127,234,2.197,3,4.9,open-meteo-era5,23.726,92.661,8.45,5.87,1.2781065088757397,0.8165680473372782,0.9727810650887575,11,11,284.59677140417443,3000,0.2,2021-08-13
0,same_place_other_date,glc-2423,2023-09-30,9,23.735,92.711,1,Mizoram,8.3,1.1,13.6,26.8,127,274.5,69.568,2.7,7,5.5,28.31,85.55,339.42,0.351,0.347,0.373,25.2,20.3,0,951,13.478,106.454,-0.283,0.959,0.127,234,3.024,5,5,open-meteo-era5,23.726,92.661,8.45,5.87,0.5364891518737673,0.4530853761622993,1.0828402366863907,11,11,284.59677140417443,3000,0.4474,2023-08-29
0,nearby_place_same_date,glc-2423,2010-09-13,9,23.729,92.441,1,Mizoram,10.6,9,24.1,41.2,95.6,196.1,58.19,3.5,7,9.93,17.18,36.45,218.07,0.412,0.41,0.401,28,24,0,238,2.459,303.69,0.555,-0.832,0.091,73,2.703,1,5.1,open-meteo-era5,23.726,92.376,8.45,5.87,0.95069033530572,0.6965342349957736,0.773570019723866,0,0,3000,89.31510202934427,0.5662,2010-08-13
1,event,glc-2425,2010-09-13,9,23.344,93.075,25,Mizoram,18.8,7.4,38.5,59.9,95.3,212.8,61.556,4.4,7,5.92,10.64,23.16,130.81,0.422,0.422,0.409,20.3,16.9,0,1313,32.085,100.586,-0.184,0.983,0.162,429,2.269,2,5.1,open-meteo-era5,23.374,93.12,4.55,3.28,2.8205128205128207,1.880690737833595,1.558974358974359,0,0,2293.417647425357,3000,0.27490000000000003,2010-08-13
0,same_place_other_date,glc-2425,2009-08-20,8,23.344,93.075,25,Mizoram,21.5,4.2,35.6,59.8,120.1,360.1,78.75,3.2,7,18.68,44.14,85.31,297.85,0.417,0.418,0.415,19.4,16.8,0,1313,32.085,100.586,-0.184,0.983,0.162,429,2.994,2,5.5,open-meteo-era5,23.374,93.12,5.96,3.28,1.9910514541387025,1.433365292425695,2.0139821029082774,0,0,2293.417647425357,3000,0.8443,2009-07-28
0,same_place_other_date,glc-2425,2021-10-26,10,23.344,93.075,25,Mizoram,1,0.7,1.7,14.6,30.7,83.8,21.834,0.3,3,1.74,1.75,33.04,118.78,0.298,0.308,0.311,23.2,14,0,1313,32.085,100.586,-0.184,0.983,0.162,429,3.174,3,5.5,open-meteo-era5,23.374,93.12,3.37,3.28,0.16815034619188923,0.618906316235693,0.8288822947576656,0,0,2293.417647425357,3000,0.873,2021-09-30
0,nearby_place_same_date,glc-2425,2010-09-13,9,23.378,93.33,25,Mizoram,11.5,14.9,39.7,62.2,97.7,203.6,67.383,3.6,7,5.92,10.64,23.16,130.81,0.422,0.422,0.407,23.4,19.9,0,1010,17.475,7.152,0.992,0.124,-0.578,323,2.119,2,5.1,open-meteo-era5,23.374,93.309,2.51,1.83,5.272244355909695,3.5401252134319865,2.7038512616201857,0,0,1902.415282739169,3000,0.4535,2010-08-13
1,event,glc-2420,2010-09-13,9,23.73,92.715,1,Mizoram,14.2,5.3,23.6,51.2,105.8,219.2,62.477,3.8,7,9.93,17.18,36.45,218.07,0.413,0.413,0.411,23,19.2,0,975,20.633,257.766,-0.212,-0.977,0.091,212,2.494,2,5.1,open-meteo-era5,23.726,92.756,8.45,5.87,0.930966469428008,0.8655959425190196,0.8646942800788955,2,2,59.290548269884525,3000,0.3588,2010-08-13
0,same_place_other_date,glc-2420,2023-10-21,10,23.73,92.715,1,Mizoram,0,0,0,0.2,17.3,91.2,16.883,0,0,0,0,0,207.13,0.216,0.242,0.3,28.9,12.8,0,975,20.633,257.766,-0.212,-0.977,0.091,212,1.557,0,,open-meteo-era5,23.726,92.756,5.47,5.87,0,0.0052232958997127195,0.5557586837294333,11,11,59.290548269884525,3000,0.4375,2023-09-30
0,same_place_other_date,glc-2420,2011-09-07,9,23.73,92.715,1,Mizoram,11.6,12.5,36,69.3,166.3,350.1,104.013,2.6,7,25.84,48.53,58.5,300.75,0.421,0.422,0.415,20.4,19.2,0,975,20.633,257.766,-0.212,-0.977,0.091,212,1.674,3,4.4,open-meteo-era5,23.726,92.756,8.45,5.87,1.4201183431952664,1.1715976331360949,1.3810650887573968,6,6,59.290548269884525,3000,0.502,2011-08-13
0,nearby_place_same_date,glc-2420,2010-09-13,9,23.773,92.867,1,Mizoram,14.2,5.3,23.6,51.2,105.8,219.2,62.477,3.8,7,7.48,12.94,30.26,156.42,0.419,0.42,0.418,25.7,21.5,0,683,18.88,50.654,0.634,0.773,-0.2,344,2.384,2,5.1,open-meteo-era5,23.796,92.854,5.41,3.85,1.4540973505853358,1.3519936625297069,1.350585335797905,0,0,1538.2973864783435,1548.5520680354853,0.2738,2010-08-13
1,event,glc-2436,2010-09-16,9,24.307,93.125,5,Mizoram,13.9,15.5,40.5,81.7,152.5,275,97.821,5.1,7,11.4,30.38,48.75,205.38,0.427,0.428,0.428,23.6,20.1,0,748,20.291,358.702,1,-0.023,0.339,487,2.133,2,5.1,open-meteo-era5,24.288,93.163,6.67,4.66,2.0239880059970017,1.7498393660312703,1.374312843578211,0,0,9.17764200000611,3000,0.3991,2010-08-29
0,same_place_other_date,glc-2436,2015-10-23,10,24.307,93.125,5,Mizoram,0,0,0,2.2,53.5,145.6,32.239,0,1,1.07,1.81,1.84,121.55,0.355,0.365,0.391,25.7,15.7,0,748,20.291,358.702,1,-0.023,0.339,487,1.808,5,4.6,open-meteo-era5,24.288,93.163,4.39,4.66,0,0.07159127888057275,1.1055429005315112,0,0,9.17764200000611,3000,0.8576,2015-09-30
0,same_place_other_date,glc-2436,2016-08-30,8,24.307,93.125,5,Mizoram,7.1,3,27.1,51.7,107.1,336.8,82.383,2.3,7,24.74,31.49,65.74,208.01,0.416,0.417,0.413,26.4,21.6,0,748,20.291,358.702,1,-0.023,0.339,487,4.045,2,5,open-meteo-era5,24.288,93.163,7.8,4.66,1.1581196581196582,0.946886446886447,1.4393162393162393,0,0,9.17764200000611,3000,0.7886000000000001,2016-08-12
0,nearby_place_same_date,glc-2436,2010-09-16,9,24.352,93.327,5,Mizoram,13.9,15.5,40.5,81.7,152.5,275,97.821,5.1,7,11.4,30.38,48.75,205.38,0.427,0.427,0.429,27.9,22.8,0,284,4.852,291.501,0.367,-0.93,-0.541,89,2.021,2,5.1,open-meteo-era5,24.429,93.266,5.01,3.47,2.694610778443114,2.3296264613629885,1.8296739853626083,0,0,379.7243367860867,583.6753789682273,0.7240000000000001,2010-08-29
1,event,glc-2437,2010-09-16,9,23.753,92.694,5,Mizoram,13,14.6,40,71.3,134.7,214,80.698,3,7,7.76,34.33,58.77,250.29,0.426,0.428,0.424,25.8,19.7,0,802,17.684,20.331,0.938,0.347,0.163,416,2.506,2,5.1,open-meteo-era5,23.726,92.661,8.38,6,1.5910898965791567,1.2154790317081485,0.8512330946698488,6,6,105.93949064930554,3000,0.5722,2010-08-29
0,same_place_other_date,glc-2437,2026-09-07,9,23.753,92.694,5,Mizoram,5.6,16.4,28.2,79.6,157.9,304,105.435,9.7,7,16.31,28.31,124.19,407.12,0.399,0.402,0.412,27.9,20.6,0,802,17.684,20.331,0.938,0.347,0.163,416,1.474,1,4.4,open-meteo-era5,23.726,92.661,8.38,6,1.1217183770883055,1.3569723832253664,1.209228321400159,10,11,105.93949064930554,3000,0.5712,2026-08-13
0,same_place_other_date,glc-2437,2019-09-06,9,23.753,92.694,5,Mizoram,12.2,8.2,25.8,62.2,173.5,323.2,92.619,5.1,7,9.46,46.73,89.56,304.2,0.42,0.421,0.41,27.9,21,0,802,17.684,20.331,0.938,0.347,0.163,416,3.016,2,5,open-meteo-era5,23.726,92.661,8.38,6,1.026252983293556,1.0603477667916807,1.2856006364359585,10,11,105.93949064930554,3000,0.5399,2019-08-13
0,nearby_place_same_date,glc-2437,2010-09-16,9,23.969,92.715,5,Mizoram,18.1,19.7,50.3,81.3,147.3,229.5,88.476,5.2,7,7.76,34.33,58.77,250.29,0.426,0.428,0.426,25.9,20.9,0,559,20.934,86.424,0.062,0.998,-0.328,387,2.453,2,5.1,open-meteo-era5,23.937,92.765,8.38,6,2.0007955449482893,1.3859529491987725,0.9128878281622911,0,0,842.514221181768,3000,0.5077,2010-08-29
1,event,glc-2539,2010-10-03,10,28.309,95.415,25,Arunachal Pradesh,4,3.5,10.2,67.2,192.3,866.5,141.78,1.5,7,2.35,13.64,31.43,426.52,0.406,0.405,0.408,20.5,12.6,0,1866,41.789,235.385,-0.568,-0.823,-0.226,901,1,0,,open-meteo-era5,28.366,95.414,3.26,6.04,1.0429447852760736,2.9447852760736195,8.859918200408998,0,0,3000,2363.3719246141163,0.1529,2010-09-14
0,same_place_other_date,glc-2539,2014-08-25,8,28.309,95.415,25,Arunachal Pradesh,97.3,121.7,387.2,595,1250.2,1446.6,685.837,8.9,7,20.77,74.63,155.38,505.56,0.429,0.429,0.429,17.4,15.4,0,1866,41.789,235.385,-0.568,-0.823,-0.226,901,1.278,1,4.1,open-meteo-era5,28.366,95.414,11.22,6.04,11.503267973856207,7.575757575757575,4.297682709447415,0,0,3000,2363.3719246141163,0.1072,2014-07-28
0,same_place_other_date,glc-2539,2022-08-25,8,28.309,95.415,25,Arunachal Pradesh,15.1,4.9,40,52.3,98.9,302.1,74.66,1.8,7,0.83,10.51,15.67,173.85,0.365,0.363,0.375,21.7,16.7,0,1866,41.789,235.385,-0.568,-0.823,-0.226,901,1,0,,open-meteo-era5,28.366,95.414,11.22,6.04,1.1883541295306,0.665902724726254,0.8975044563279857,0,0,3000,2363.3719246141163,0.23670000000000002,2022-07-28
0,nearby_place_same_date,glc-2539,2010-10-03,10,28.185,95.44,25,Arunachal Pradesh,0.2,2.3,2.8,39.7,108.5,570.2,88.782,1.2,4,2.38,10.12,29.77,586.53,0.413,0.409,0.433,26.2,16.7,0,968,10.461,183.457,-0.998,-0.06,1.018,215,1,0,,open-meteo-era5,28.225,95.402,3.95,7.27,0.23628691983122357,1.4358047016274864,4.811814345991562,0,0,2158.0646994578783,2122.5044472537675,0.1773,2010-09-14
1,event,glc-2566,2010-10-08,10,25.477,94.135,5,Nagaland,24.1,23.1,67.8,91.5,202.5,397.6,119.203,2.4,7,52.1,92.98,96.35,238.6,0.487,0.498,0.499,19.5,15.2,0,1668,16.016,133.295,-0.686,0.728,-0.551,298,1.463,0,,open-meteo-era5,25.483,94.1,3.24,3.58,6.975308641975308,4.034391534391535,4.090534979423868,2,4,3.8150972484517807,3000,0.8508,2010-09-14
0,same_place_other_date,glc-2566,2022-10-21,10,25.477,94.135,5,Nagaland,0,0,1.1,13.1,31.7,98.6,25.37,0,5,0,0.09,2.62,134.28,0.47,0.478,0.456,22.3,11.5,0,1668,16.016,133.295,-0.686,0.728,-0.551,298,2.737,3,5.6,open-meteo-era5,25.483,94.1,3.24,3.58,0.11316872427983539,0.5776014109347443,1.01440329218107,4,12,3.8150972484517807,3000,0.8989,2022-09-30
0,same_place_other_date,glc-2566,2018-08-31,8,25.477,94.135,5,Nagaland,9.6,9.5,20.7,92.4,174.5,367,122.282,3.5,7,12.88,29.65,78.83,312,0.49,0.478,0.507,24.5,14.8,0,1668,16.016,133.295,-0.686,0.728,-0.551,298,2.294,3,4.9,open-meteo-era5,25.483,94.1,6.32,3.58,1.091772151898734,2.088607594936709,1.9356540084388183,4,12,3.8150972484517807,3000,0.2482,2018-08-13
0,nearby_place_same_date,glc-2566,2010-10-08,10,25.209,94.098,5,Nagaland,28.1,19.7,64,76.2,152.4,286.2,84.95,3.1,7,72.74,130.58,135.83,259.09,0.489,0.5,0.472,21,17.8,0,1057,24.959,357.923,0.999,-0.036,-0.102,300,1.531,0,,open-meteo-era5,25.202,94.082,3.66,3.7,5.828779599271402,2.9742388758782203,2.60655737704918,0,0,3000,3000,0.8696,2010-09-14
1,event,glc-2567,2010-10-08,10,25.663,94.47,5,Manipur,26.2,23.7,65.1,82.5,146.1,260.7,83.347,3.6,7,52.1,92.98,96.35,238.6,0.47,0.493,0.491,20,15.4,0,1450,4.92,4.028,0.998,0.07,0.131,284,1.327,0,,open-meteo-era5,25.694,94.407,3.1,3.4,6.999999999999999,3.8018433179723505,2.803225806451613,0,0,104.89803956026873,3000,0.6255000000000001,2010-09-14
0,same_place_other_date,glc-2567,2024-08-27,8,25.663,94.47,5,Manipur,2.7,1.3,5,64,145.9,470,116.788,1,7,2.45,9.38,46.5,353.84,0.473,0.477,0.465,25.9,17.8,0,1450,4.92,4.028,0.998,0.07,0.131,284,3.128,4,4.5,open-meteo-era5,25.694,94.407,6.16,3.4,0.27056277056277056,1.484230055658627,2.543290043290043,0,0,104.89803956026873,3000,0.2938,2024-07-27
0,same_place_other_date,glc-2567,2011-11-08,11,25.663,94.47,5,Manipur,0.7,0.6,1.7,2.2,6.2,45.7,8.659,0.7,0,0,0.05,0.22,17.93,0.402,0.41,0.425,19.3,9.2,0,1450,4.92,4.028,0.998,0.07,0.131,284,2.578,4,4.7,open-meteo-era5,25.694,94.407,0.65,3.4,0.8717948717948717,0.4835164835164836,2.3435897435897437,0,0,104.89803956026873,3000,0.7268,2011-10-16
0,nearby_place_same_date,glc-2567,2010-10-08,10,25.849,94.507,5,Manipur,26.2,23.7,65.1,82.5,146.1,260.7,83.347,3.6,7,36.49,61.06,62.79,251.45,0.492,0.5,0.488,20,15.7,0,1514,10.712,96.988,-0.122,0.993,0.028,358,1.281,0,,open-meteo-era5,25.835,94.515,3.07,3.98,7.068403908794789,3.8389948813401586,2.8306188925081432,0,0,1839.6682746348213,1880.327163462759,0.8663000000000001,2010-09-14
1,event,glc-2570,2010-10-08,10,24.837,93.913,5,Manipur,25.3,22.5,66.4,71.5,93.7,161.9,57.805,2,5,76.95,132.5,135.86,272.23,0.49,0.495,0.466,20.9,18.6,0,792,8.575,191.489,-0.98,-0.199,-0.185,110,1.671,0,,open-meteo-era5,24.851,93.867,3.66,3.7,6.04735883424408,2.790788446526151,1.4744990892531875,0,3,70.69673980377057,3000,0.132,2010-09-14
0,same_place_other_date,glc-2570,2019-09-28,9,24.837,93.913,5,Manipur,0.6,5.2,8.9,81,120.6,216.8,85.901,3.1,6,2.98,14.48,68.76,201.66,0.478,0.477,0.505,25.8,18.3,0,792,8.575,191.489,-0.98,-0.199,-0.185,110,2.649,3,5.4,open-meteo-era5,24.851,93.867,5.42,3.7,0.5473554735547357,2.134949920927781,1.3333333333333335,0,3,70.69673980377057,3000,0.49310000000000004,2019-08-29
0,same_place_other_date,glc-2570,2018-08-24,8,24.837,93.913,5,Manipur,17.1,5.6,28.9,53,89.2,192.3,55.33,2.3,7,24.91,38.79,55.2,273.73,0.494,0.489,0.441,25.3,21.1,0,792,8.575,191.489,-0.98,-0.199,-0.185,110,2.652,4,4.9,open-meteo-era5,24.851,93.867,6.15,3.7,1.5663956639566392,1.2311265969802554,1.0422764227642276,0,3,70.69673980377057,3000,0.3388,2018-07-28
0,nearby_place_same_date,glc-2570,2010-10-08,10,24.917,94.157,5,Manipur,22.7,20,59.1,65.9,98.9,192.9,61.952,2.2,7,72.74,130.58,135.83,259.09,0.467,0.469,0.443,20.9,18.7,0,910,14.219,110.842,-0.356,0.935,0.296,92,1.567,0,,open-meteo-era5,24.921,94.161,3.66,3.7,5.382513661202186,2.572209211553474,1.756830601092896,0,0,483.4507593137932,237.9148714963042,0.4539,2010-09-14
1,event,glc-2569,2010-10-08,10,25.275,94.021,5,Nagaland,28.1,19.7,64,76.2,152.4,286.2,84.95,3.1,7,53.95,91.32,93.44,235.71,0.434,0.433,0.416,22.2,18.6,0,1076,7.303,131.186,-0.659,0.753,0.409,157,1.543,0,,open-meteo-era5,25.272,94.086,3.24,3.58,6.584362139917695,3.35978835978836,2.944444444444444,0,0,90.92567701719159,603.1235641153747,0.5114000000000001,2010-09-14
0,same_place_other_date,glc-2569,2017-08-25,8,25.275,94.021,5,Nagaland,5.2,3.5,9.9,25.4,118.5,221.4,60.485,2.5,6,8.79,19.57,26.14,210.45,0.468,0.472,0.446,26.3,19.7,0,1076,7.303,131.186,-0.659,0.753,0.409,157,3.307,4,5.1,open-meteo-era5,25.272,94.086,6.32,3.58,0.5221518987341772,0.574141048824593,1.1677215189873416,0,2,90.92567701719159,603.1235641153747,0.5333,2017-07-28
0,same_place_other_date,glc-2569,2015-10-18,10,25.275,94.021,5,Nagaland,2.8,4.6,13.6,32.8,94.9,182,60.154,2.5,7,0,0.83,9.64,167.97,0.418,0.418,0.418,24.5,16.2,0,1076,7.303,131.186,-0.659,0.753,0.409,157,2.448,7,4.7,open-meteo-era5,25.272,94.086,3.24,3.58,1.3991769547325101,1.4462081128747795,1.8724279835390947,0,2,90.92567701719159,603.1235641153747,0.6663,2015-09-30
0,nearby_place_same_date,glc-2569,2010-10-08,10,25.074,94.148,5,Nagaland,22.7,20,59.1,65.9,98.9,192.9,61.952,2.2,7,72.74,130.58,135.83,259.09,0.49,0.5,0.487,20.5,17.6,0,980,19.734,307.639,0.611,-0.792,0.38,272,1.541,0,,open-meteo-era5,25.062,94.17,3.66,3.7,5.382513661202186,2.572209211553474,1.756830601092896,0,0,1020.4385315597818,2642.6309295787814,0.8476,2010-09-14
1,event,glc-2568,2010-10-08,10,24.768,93.411,25,Assam,29.9,17.4,69.9,84.6,165,333.7,94.775,2.5,5,86.18,138.2,141.73,313.55,0.425,0.42,0.399,23,20.6,0,507,18.419,308.853,0.627,-0.779,0.148,431,1.888,0,,open-meteo-era5,24.78,93.38,3.66,3.7,6.366120218579235,3.302107728337236,3.0391621129326043,2,2,1422.8184865495145,3000,0.8853000000000001,2010-09-14
0,same_place_other_date,glc-2568,2017-10-01,10,24.768,93.411,25,Assam,3.9,16,31.2,63.3,135.1,361.9,98.819,5.4,6,6.29,58.53,112.14,299.51,0.422,0.423,0.415,28.8,22.2,0,507,18.419,308.853,0.627,-0.779,0.148,431,1.768,2,4.4,open-meteo-era5,24.78,93.38,3.66,3.7,2.841530054644809,2.470725995316159,3.2959927140255005,4,5,1422.8184865495145,3000,0.5993,2017-08-29
0,same_place_other_date,glc-2568,2013-11-11,11,24.768,93.411,25,Assam,0,0,0,0,3,49.6,7.128,0,0,0,0,0,49.53,0.283,0.301,0.343,27.5,13.5,0,507,18.419,308.853,0.627,-0.779,0.148,431,3.145,5,5.4,open-meteo-era5,24.78,93.38,0.77,3.7,0,0,2.1471861471861473,3,3,1422.8184865495145,3000,0.9049,2013-10-16
0,nearby_place_same_date,glc-2568,2010-10-08,10,24.956,93.152,25,Assam,29.1,8.4,44.9,49.4,123.5,260.8,57.404,3.2,5,86.18,138.2,141.73,313.55,0.409,0.378,0.375,25.6,22.6,0,117,0.96,,0,0,0.435,58,1.945,0,,open-meteo-era5,24.921,93.194,4.29,4.87,3.488733488733488,1.6450216450216448,2.0264180264180265,0,0,3000,1199.5624866548092,0.8666,2010-09-14
1,event,glc-2578,2010-10-09,10,25.318,94.046,5,Nagaland,21.6,28.1,69.4,94.8,159.7,303.8,104.194,3.1,7,26.82,107.81,120.26,258.3,0.434,0.434,0.426,24.2,18.9,0,1015,16.026,277.722,0.134,-0.991,-0.251,231,1.525,0,,open-meteo-era5,25.272,94.086,3.24,3.58,7.139917695473251,4.1798941798941796,3.125514403292181,0,1,161.67781957152096,16.05657249111051,0.778,2010-09-14
0,same_place_other_date,glc-2578,2016-11-15,11,25.318,94.046,5,Nagaland,0,0,0,0.9,98.8,158.5,52.699,0,0,0,0,0.2,95.74,0.365,0.377,0.407,23.9,13.3,0,1015,16.026,277.722,0.134,-0.991,-0.251,231,1.914,4,4.9,open-meteo-era5,25.272,94.086,0.73,3.58,0,0.17612524461839532,7.23744292237443,0,6,161.67781957152096,16.05657249111051,0.6661,2016-10-15
0,same_place_other_date,glc-2578,2011-08-26,8,25.318,94.046,5,Nagaland,10.1,7.3,47.1,86.4,159.7,348.9,116.55,4.3,7,0.03,15.62,74.93,292.01,0.428,0.43,0.435,28.6,20.5,0,1015,16.026,277.722,0.134,-0.991,-0.251,231,1.494,2,4.4,open-meteo-era5,25.272,94.086,6.32,3.58,2.4841772151898733,1.952983725135624,1.8401898734177211,0,4,161.67781957152096,16.05657249111051,0.2932,2011-07-28
0,nearby_place_same_date,glc-2578,2010-10-09,10,25.625,93.99,5,Nagaland,22.4,26.1,70.2,105.5,196.7,451.6,132.733,3.1,7,26.82,107.81,120.26,258.3,0.486,0.501,0.497,17.8,11.9,0,2245,22.668,241.654,-0.475,-0.88,-0.084,410,1.474,0,,open-meteo-era5,25.624,94.011,3.24,3.58,7.222222222222222,4.651675485008818,4.646090534979424,0,7,1129.8011094778913,2416.0631635166956,0.12440000000000001,2010-09-14
1,event,glc-2576,2010-10-09,10,25.479,94.14,10,Nagaland,17.9,24.1,65.1,102.9,200.3,410.9,130.823,3.1,7,23.12,99.99,119.47,256.38,0.488,0.492,0.508,21.4,15.1,0,1644,14.65,144.401,-0.813,0.582,0.065,238,1.461,0,,open-meteo-era5,25.483,94.1,3.24,3.58,6.69753086419753,4.537037037037037,4.227366255144033,2,4,171.3439700097265,2549.1198916169533,0.8515,2010-09-14
0,same_place_other_date,glc-2576,2020-09-16,9,25.479,94.14,10,Nagaland,2.8,2.1,7.3,33.3,56.1,201.2,48.575,0.6,7,22.37,29.39,56.19,144.39,0.491,0.492,0.471,23.1,16.5,0,1644,14.65,144.401,-0.813,0.582,0.065,238,2.466,5,5.3,open-meteo-era5,25.483,94.1,5.37,3.58,0.45313469894475483,0.885873902633679,1.2489137181874612,4,12,171.3439700097265,2549.1198916169533,0.7709,2020-08-28
0,same_place_other_date,glc-2576,2011-09-19,9,25.479,94.14,10,Nagaland,7.5,4.3,21.8,65.4,149.1,298.5,85.83,6.6,7,0.08,11.05,33.53,177.32,0.47,0.458,0.509,23.5,16.3,0,1644,14.65,144.401,-0.813,0.582,0.065,238,3.511,3,4.5,open-meteo-era5,25.483,94.1,5.37,3.58,1.3531967721911857,1.739824421388667,1.8528864059590318,3,8,171.3439700097265,2549.1198916169533,0.8057000000000001,2011-08-29
0,nearby_place_same_date,glc-2576,2010-10-09,10,25.28,93.825,10,Nagaland,27.3,29.4,73.9,95.3,154.8,326.5,102.67,3.9,7,26.82,107.81,120.26,258.3,0.428,0.429,0.423,17.9,12.8,0,1990,13.824,5.906,0.995,0.103,0.047,190,1.607,0,,open-meteo-era5,25.272,93.892,3.24,3.58,7.602880658436214,4.201940035273369,3.3590534979423867,0,0,3000,3000,0.7966000000000001,2010-09-14
1,event,glc-2579,2010-10-09,10,25.682,94.108,1,Nagaland,18.4,26.8,68.6,99.4,164.2,420.7,122.327,3.9,7,23.12,99.99,119.47,256.38,0.485,0.479,0.511,21.6,15.7,0,1447,9.168,282.995,0.225,-0.974,-0.019,273,1.426,0,,open-meteo-era5,25.694,94.113,3.24,3.58,7.057613168724279,4.382716049382716,4.328189300411522,2,7,28.670907269974943,462.4327204570279,0.17300000000000001,2010-09-14
0,same_place_other_date,glc-2579,2022-10-01,10,25.682,94.108,1,Nagaland,5,2.9,18.6,93.1,218.6,585.8,162.832,5,7,9.02,12.67,37.25,185.74,0.492,0.501,0.504,25.3,17.9,0,1447,9.168,282.995,0.225,-0.974,-0.019,273,2.569,5,5.6,open-meteo-era5,25.694,94.113,3.24,3.58,1.9135802469135803,4.104938271604938,6.026748971193415,4,16,28.670907269974943,462.4327204570279,0.36060000000000003,2022-08-29
0,same_place_other_date,glc-2579,2018-11-20,11,25.682,94.108,1,Nagaland,0,0,5.5,13.1,20.9,58.2,17.865,0,3,0,0.09,3.12,10.54,0.447,0.419,0.418,17,7.7,0,1447,9.168,282.995,0.225,-0.974,-0.019,273,2.672,4,5.2,open-meteo-era5,25.694,94.113,0.73,3.58,2.5114155251141552,2.5636007827788654,2.657534246575343,4,16,28.670907269974943,462.4327204570279,0.3432,2018-11-01
0,nearby_place_same_date,glc-2579,2010-10-09,10,25.927,93.976,1,Nagaland,16.5,25.6,53.4,58.7,71.1,200.3,57.734,3.4,5,19.75,73.87,80.93,248.2,0.486,0.491,0.467,26,20.3,0,179,2.153,20.772,0.935,0.355,0.075,52,1.406,0,,open-meteo-era5,25.975,93.934,3.01,3.86,5.913621262458472,2.785951589938301,2.2181616832779625,0,0,541.0636015322933,2450.9101869313536,0.7891,2010-09-14
1,event,glc-2573,2010-10-09,10,25.18,93.008,5,Assam,57.9,53.3,129.7,148.5,252.4,432.8,143.164,11.5,6,31.14,154.03,172.87,338.59,0.493,0.504,0.472,23.7,19.4,0,691,7.256,69.507,0.35,0.937,0.093,193,1.93,1,4.5,open-meteo-era5,25.202,93.013,4.29,4.87,10.077700077700076,4.945054945054945,3.3628593628593633,1,2,349.24057666185865,1181.0384513340257,0.8318000000000001,2010-09-14
0,same_place_other_date,glc-2573,2017-10-29,10,25.18,93.008,5,Assam,22.4,0.1,22.5,30.6,230.3,306.5,107.513,4.6,4,8.99,8.99,11.43,262.24,0.455,0.465,0.45,23.9,16.6,0,691,7.256,69.507,0.35,0.937,0.093,193,1.767,1,4.5,open-meteo-era5,25.202,93.013,4.29,4.87,1.7482517482517481,1.018981018981019,2.3815073815073817,2,3,349.24057666185865,1181.0384513340257,0.7708,2017-09-30
0,same_place_other_date,glc-2573,2018-09-30,9,25.18,93.008,5,Assam,2.6,2.1,5.6,12,27.9,63.2,19.079,0.6,5,0.69,7.6,19.93,187.56,0.428,0.405,0.405,27.4,20.9,0,691,7.256,69.507,0.35,0.937,0.093,193,2.208,5,4.6,open-meteo-era5,25.202,93.013,7.01,4.87,0.26628625772705655,0.24454860403505196,0.3005230622919639,2,3,349.24057666185865,1181.0384513340257,0.7487,2018-08-29
0,nearby_place_same_date,glc-2573,2010-10-09,10,25.3,93.199,5,Assam,41.9,32.7,90.4,110.2,162.1,358.4,107.761,7.9,6,26.53,110.95,121.17,276.74,0.481,0.501,0.497,25.5,20.7,0,438,8.335,302.905,0.543,-0.84,0.065,117,1.82,0,,open-meteo-era5,25.343,93.214,3.5,4.22,8.609523809523811,4.497959183673469,3.413333333333333,0,1,3000,2427.3206378018895,0.8812000000000001,2010-09-14
1,event,glc-2587,2010-10-10,10,25.662,94.107,1,Nagaland,1.8,18.4,47,94.6,157.2,408.9,128.334,3.9,7,0.87,76.09,120.34,255.27,0.474,0.473,0.509,22.3,15.1,0,1382,11.515,47.406,0.677,0.736,-0.272,192,1,0,,open-meteo-era5,25.694,94.113,3.24,3.58,4.8353909465020575,4.171075837742504,4.2067901234567895,2,7,137.6300469528191,346.06610203337874,0.36100000000000004,2010-09-14
0,same_place_other_date,glc-2587,2019-09-05,9,25.662,94.107,1,Nagaland,15.9,9.8,33.1,54.4,124.1,420.2,92.303,4.8,7,5.65,13.31,24.93,179.27,0.495,0.491,0.47,23.3,18.8,0,1382,11.515,47.406,0.677,0.736,-0.272,192,2.485,3,5,open-meteo-era5,25.694,94.113,5.37,3.58,2.0546244568590937,1.447193402500665,2.6083178150217257,9,16,137.6300469528191,346.06610203337874,0.6227,2019-08-13
0,same_place_other_date,glc-2587,2007-10-21,10,25.662,94.107,1,Nagaland,2.6,12.4,31,100.2,268.3,391.9,147.794,2.3,7,1,12.85,45.42,91.74,0.472,0.495,0.495,19.7,13.7,0,1382,11.515,47.406,0.677,0.736,-0.272,192,1.615,3,4.5,open-meteo-era5,25.694,94.113,3.24,3.58,3.1893004115226335,4.417989417989419,4.031893004115226,0,1,137.6300469528191,346.06610203337874,0.3785,2007-09-30
0,nearby_place_same_date,glc-2587,2010-10-10,10,25.435,93.98,1,Nagaland,1.3,22.4,49.8,103.9,185.4,435.9,141.601,3.1,7,0.67,81.44,120.93,257.11,0.425,0.428,0.431,23.1,16.7,0,1302,32.051,228.596,-0.661,-0.75,-0.317,577,1,0,,open-meteo-era5,25.413,93.998,3.24,3.58,5.1234567901234565,4.581128747795415,4.484567901234567,0,1,1031.362545232374,1379.5052660772135,0.8151,2010-09-14
1,event,glc-2743,2010-11-22,11,27.58,91.857,1,Arunachal Pradesh,0,3.4,12.3,28.1,50,66.7,33.934,0.4,5,0,1.5,2.56,3.26,0.411,0.41,0.393,11.1,-2.4,6.93,2759,22.311,243.281,-0.45,-0.893,-0.165,591,2.204,2,4.6,open-meteo-era5,27.592,91.816,0.29,2.96,14.137931034482762,13.842364532019706,7.666666666666668,0,0,750.614783188499,3000,0.51,2010-11-01
0,same_place_other_date,glc-2743,2022-11-21,11,27.58,91.857,1,Arunachal Pradesh,0,0,0,4.2,17.2,113.7,14.823,0,2,0,0,0,57.32,0.323,0.338,0.359,11.1,-2.4,0.07,2759,22.311,243.281,-0.45,-0.893,-0.165,591,2.759,2,5.5,open-meteo-era5,27.592,91.816,0.29,2.96,0,2.0689655172413794,13.06896551724138,2,3,750.614783188499,3000,0.7286,2022-11-01
0,same_place_other_date,glc-2743,2019-11-09,11,27.58,91.857,1,Arunachal Pradesh,0.2,0.5,3.9,8.1,17.7,57.4,15.71,0.2,2,0.07,0.07,2.3,24.78,0.342,0.341,0.358,13.6,5.1,0,2759,22.311,243.281,-0.45,-0.893,-0.165,591,1,0,,open-meteo-era5,27.592,91.816,0.29,2.96,4.482758620689656,3.9901477832512318,6.597701149425288,2,3,750.614783188499,3000,0.6809000000000001,2019-10-16
0,nearby_place_same_date,glc-2743,2010-11-22,11,27.711,92.209,1,Arunachal Pradesh,0,0.3,0.3,2.4,10.7,20,6.207,0.1,2,0,7,9.37,9.91,0.377,0.377,0.374,5.1,-11.8,3.99,4099,43.341,49.764,0.646,0.763,-0.107,744,2.511,2,4.6,open-meteo-era5,27.663,92.121,0.29,2.96,0.3448275862068966,1.1822660098522169,2.298850574712644,0,0,3000,618.3094950941957,0.7444000000000001,2010-11-01
1,event,glc-3269,2011-03-22,3,28.079,96.524,10,Arunachal Pradesh,24.9,99.6,192.4,253.3,295.8,333.4,229.182,9.9,5,7.48,55.41,102.32,130.32,0.428,0.428,0.429,19.1,14.1,0.91,550,16.558,166.541,-0.973,0.233,-0.029,253,2.146,0,,open-meteo-era5,28.084,96.508,2.82,5.43,22.74231678486998,12.83181357649443,3.940898345153664,0,0,12.02332143046974,214.08299536133265,0.42460000000000003,2011-02-18
0,same_place_other_date,glc-3269,2017-02-21,2,28.079,96.524,10,Arunachal Pradesh,78.5,12.2,90.7,90.7,114.5,147.9,24.079,6.8,2,17.38,26.18,26.18,31.4,0.342,0.339,0.37,16.8,14.2,0,550,16.558,166.541,-0.973,0.233,-0.029,253,1.405,1,4.5,open-meteo-era5,28.084,96.508,1.42,5.43,21.291079812206576,9.124748490945676,3.4718309859154934,1,1,12.02332143046974,214.08299536133265,0.4645,2017-02-02
0,same_place_other_date,glc-3269,2017-03-16,3,28.079,96.524,10,Arunachal Pradesh,1.6,1.9,18.6,132.1,468.2,720.2,227.908,1,7,0,0,27.96,142.74,0.406,0.413,0.413,23.7,14.3,0,550,16.558,166.541,-0.973,0.233,-0.029,253,2.518,1,4.4,open-meteo-era5,28.084,96.508,2.82,5.43,2.1985815602836882,6.691995947315096,8.513002364066194,1,1,12.02332143046974,214.08299536133265,0.3337,2017-02-18
0,nearby_place_same_date,glc-3269,2011-03-22,3,28.24,96.394,10,Arunachal Pradesh,48.9,126.4,279.8,353.3,547.7,630,356.348,7.1,5,7.48,55.41,102.32,130.32,0.429,0.429,0.429,-0.4,-2.3,209.23,3661,40.866,16.88,0.957,0.29,-0.47,820,2.067,0,,open-meteo-era5,28.295,96.327,2.82,5.43,33.073286052009465,17.897669706180345,7.446808510638299,0,0,3000,3000,-0.0253,2011-02-18
1,event,glc-3525,2011-05-22,5,25.067,93.409,25,Assam,35,17.4,76.9,126.7,148,236,94.94,4.5,7,12.35,93.39,115.49,240.83,0.426,0.416,0.28,24.4,20.6,0,459,5.32,243.104,-0.452,-0.892,0.482,301,3.132,4,4.7,open-meteo-era5,25.062,93.394,5.84,3.7,4.389269406392694,3.099315068493151,1.3470319634703196,0,2,3000,1847.4132658039553,0.8305,2011-04-23
0,same_place_other_date,glc-3525,2007-06-14,6,25.067,93.409,25,Assam,4.5,2.5,52.9,141.7,162.5,369.1,141.901,0.9,7,17.96,19.57,65.84,269.41,0.412,0.415,0.418,28.5,22.8,0,459,5.32,243.104,-0.452,-0.892,0.482,301,2.1,1,4.3,open-meteo-era5,25.062,93.394,7.25,3.7,2.432183908045977,2.792118226600985,1.6970114942528736,0,0,3000,1847.4132658039553,0.1598,2007-05-25
0,same_place_other_date,glc-3525,2012-06-13,6,25.067,93.409,25,Assam,6.7,2.7,11.3,44.1,274.9,322,118.169,0.8,6,20.21,39.18,57.76,258.04,0.403,0.405,0.402,29.3,23,0,459,5.32,243.104,-0.452,-0.892,0.482,301,2.141,3,4.7,open-meteo-era5,25.062,93.394,7.25,3.7,0.5195402298850575,0.8689655172413794,1.4804597701149425,0,2,3000,1847.4132658039553,0.8524,2012-05-24
0,nearby_place_same_date,glc-3525,2011-05-22,5,25.188,93.186,25,Assam,57.8,10.6,73.4,112.5,138.1,234.7,65.068,10.7,7,12.35,93.39,115.49,240.83,0.49,0.497,0.442,24.2,20.4,0,820,11.216,334.058,0.899,-0.437,-0.084,321,3.302,4,4.7,open-meteo-era5,25.202,93.207,8.22,4.87,2.976480129764801,1.9551616266944731,0.951743714517437,1,2,232.66808758843626,1635.040595429573,0.7323000000000001,2011-04-23
1,event,glc-3532,2011-05-24,5,25.089,92.855,10,Assam,17.3,32.5,106.4,216.2,289.6,382.6,203.77,2.8,7,15.2,50.01,141.96,276.17,0.477,0.471,0.502,27.5,22.2,0,271,14.358,343.61,0.959,-0.282,-0.037,289,3.301,4,4.4,open-meteo-era5,24.991,92.906,8.22,4.87,4.314679643146796,3.7573861661452894,1.551500405515004,0,2,2031.5323793394157,1339.3191751943468,0.7772,2011-04-23
0,same_place_other_date,glc-3532,2017-05-08,5,25.089,92.855,10,Assam,1,4.2,5.4,14.8,205.5,576.4,138.78,2.6,4,0.01,9.39,17.89,240.3,0.486,0.479,0.435,28.6,20.5,0,271,14.358,343.61,0.959,-0.282,-0.037,289,2.385,3,4.5,open-meteo-era5,24.991,92.906,8.22,4.87,0.218978102189781,0.25721237400069513,2.3373884833738847,1,3,2031.5323793394157,1339.3191751943468,0.7435,2017-04-07
0,same_place_other_date,glc-3532,2014-06-17,6,25.089,92.855,10,Assam,7.3,11.5,20.6,104.5,126.3,192.6,86.256,2,7,17.59,87.92,176.19,261.92,0.473,0.456,0.48,29.2,25.1,0,271,14.358,343.61,0.959,-0.282,-0.037,289,2.395,8,4.6,open-meteo-era5,24.991,92.906,10.1,4.87,0.67986798679868,1.478076379066478,0.6356435643564357,1,3,2031.5323793394157,1339.3191751943468,0.7100000000000001,2014-05-25
0,nearby_place_same_date,glc-3532,2011-05-24,5,25.112,93.205,10,Assam,4.4,10.2,50.7,117.3,146.8,216.3,109.986,1.6,7,15.2,50.01,141.96,276.17,0.452,0.463,0.426,23.1,17.7,0,1007,36.6,170.293,-0.986,0.169,-0.223,597,3.317,5,4.7,open-meteo-era5,25.132,93.204,8.22,4.87,2.0559610705596105,2.038581856100104,0.8771289537712895,0,2,3000,1101.0189556403795,0.731,2011-04-23
1,event,glc-3556,2011-05-31,5,25.156,93.847,25,Manipur,93.7,54.6,167.7,195.4,369,463.7,168.723,10.2,7,15.72,45.38,50.95,265.15,0.429,0.428,0.411,21.3,18.6,0,1378,28.969,194.49,-0.968,-0.25,-0.26,663,1.415,4,4.7,open-meteo-era5,25.202,93.791,5.84,3.7,9.571917808219178,4.779843444227007,2.646689497716895,0,1,3000,96.96468593995719,0.7311000000000001,2011-05-09
0,same_place_other_date,glc-3556,2024-06-02,6,25.156,93.847,25,Manipur,0.3,2,3.4,210.7,254.4,303.8,162.383,0.7,6,5.27,15.63,164.97,267.54,0.379,0.378,0.311,25.5,18.8,0,1378,28.969,194.49,-0.968,-0.25,-0.26,663,2.89,4,5.4,open-meteo-era5,25.202,93.791,7.25,3.7,0.15632183908045977,4.151724137931034,1.3967816091954024,0,1,3000,96.96468593995719,0.872,2024-05-08
0,same_place_other_date,glc-3556,2021-07-14,7,25.156,93.847,25,Manipur,24.7,6,41.4,94.3,169.2,346.2,97.63,5.2,7,9.07,29.63,52.29,180.85,0.395,0.392,0.399,21.9,16.8,0,1378,28.969,194.49,-0.968,-0.25,-0.26,663,2.066,3,4.6,open-meteo-era5,25.202,93.791,7.53,3.7,1.8326693227091633,1.7890343388351355,1.5325365205843293,0,1,3000,96.96468593995719,0.7907000000000001,2021-06-26
0,nearby_place_same_date,glc-3556,2011-05-31,5,24.81,93.784,25,Manipur,15.5,21.5,52.2,68.6,185.3,243.4,94.11,1.8,6,15.72,45.38,50.95,265.15,0.494,0.492,0.398,23.8,20.4,0,880,4.761,56.768,0.548,0.836,-0.175,151,1.628,4,4.7,open-meteo-era5,24.78,93.766,5.84,3.7,2.9794520547945207,1.678082191780822,1.3892694063926943,0,2,643.1423037535313,3000,0.6137,2011-05-09
1,event,glc-3621,2011-06-17,6,26.88,88.28,5,West Bengal,37.1,4.2,50.8,69,223.8,377,101.189,4.6,7,6.37,16.77,28.53,157.85,0.416,0.416,0.413,22.7,18.1,0,1566,21.652,236.555,-0.551,-0.834,-0.029,401,3.673,1,5,open-meteo-era5,26.96,88.202,8.99,4.67,1.8835743418613273,1.0964563801048783,1.3978494623655915,12,18,212.7674557996651,2718.3090944331066,0.2733,2011-05-25
0,same_place_other_date,glc-3621,2025-05-12,5,26.88,88.28,5,West Bengal,5.5,8.2,18.9,41.6,117.5,194,69.062,2.4,7,21.25,39.29,59.09,163.36,0.374,0.352,0.297,20.6,15.3,0,1566,21.652,236.555,-0.551,-0.834,-0.029,401,2.853,3,5.5,open-meteo-era5,26.96,88.202,5.35,4.67,1.177570093457944,1.1108144192256344,1.2087227414330217,17,29,212.7674557996651,2718.3090944331066,0.4803,2025-04-23
0,same_place_other_date,glc-3621,2013-06-19,6,26.88,88.28,5,West Bengal,30.5,32.4,80.6,102.3,181.3,533.8,140.657,4.5,5,9.66,19.44,35.96,271.51,0.428,0.427,0.416,24.2,17.8,0,1566,21.652,236.555,-0.551,-0.834,-0.029,401,1,0,,open-meteo-era5,26.96,88.202,8.99,4.67,2.9885057471264367,1.625615763546798,1.979236188357434,13,21,212.7674557996651,2718.3090944331066,0.1542,2013-05-25
0,nearby_place_same_date,glc-3621,2011-06-17,6,26.967,88.356,5,West Bengal,37.1,4.2,50.8,69,223.8,377,101.189,4.6,7,6.37,16.77,28.53,157.85,0.41,0.411,0.411,22.1,17.6,0,1491,18.295,120.455,-0.507,0.862,0.134,464,3.76,1,5,open-meteo-era5,26.96,88.302,8.99,4.67,1.8835743418613273,1.0964563801048783,1.3978494623655915,0,26,203.67898645670283,2010.7333671147449,0.2786,2011-05-25
1,event,glc-3617,2011-06-17,6,26.849,88.262,5,West Bengal,27.4,8.9,50.6,81.7,165.2,317.9,93.55,3.4,7,6.37,16.77,28.53,157.85,0.415,0.416,0.412,25.4,20.6,0,964,26.256,41.787,0.746,0.666,-0.583,345,3.633,1,5,open-meteo-era5,26.889,88.304,8.99,4.67,1.8761586948461255,1.298267916732878,1.17871709306637,10,16,6.274796583746875,1436.9973338885263,0.1492,2011-05-25
0,same_place_other_date,glc-3617,2023-05-13,5,26.849,88.262,5,West Bengal,0.1,0,0.1,4,69.6,101.6,28.175,0.1,1,0.24,0.32,16.18,89.11,0.29,0.315,0.332,29,19.9,0,964,26.256,41.787,0.746,0.666,-0.583,345,1,1,4.3,open-meteo-era5,26.889,88.304,5.35,4.67,0.006230529595015578,0.10680907877169561,0.6330218068535826,15,26,6.274796583746875,1436.9973338885263,0.8677,2023-04-23
0,same_place_other_date,glc-3617,2018-05-21,5,26.849,88.262,5,West Bengal,0.9,5.7,34.1,49.6,158.4,322.4,110.391,1.3,5,0.53,3.99,18.01,136.89,0.417,0.419,0.417,24.8,19.4,0,964,26.256,41.787,0.746,0.666,-0.583,345,1.572,2,4.4,open-meteo-era5,26.889,88.304,5.35,4.67,2.124610591900312,1.3244325767690255,2.0087227414330218,15,26,6.274796583746875,1436.9973338885263,0.641,2018-04-23
0,nearby_place_same_date,glc-3617,2011-06-17,6,26.719,87.901,5,West Bengal,22.5,9.8,42.5,59.7,113.7,227.1,65.021,2.9,7,7.61,19.66,33,200.23,0.393,0.371,0.286,29,24.3,0,230,1.535,,0,0,0.162,64,3.474,1,5,open-meteo-era5,26.749,87.909,9.25,4.86,1.5315315315315314,0.9220077220077221,0.8183783783783783,0,0,3000,3000,0.7671,2011-05-25
1,event,glc-3632,2011-06-20,6,27.064,88.466,5,West Bengal,6.3,31.7,63,109,138.8,245.2,115.919,3,7,3.47,18.74,40.27,140.33,0.421,0.424,0.329,24.5,19.5,0,1170,13.416,305.811,0.585,-0.811,0.201,327,3.803,1,5,open-meteo-era5,27.1,88.498,8.99,4.67,2.3359288097886544,1.7320832671221993,0.9091583240637746,4,11,13.863437403879418,2682.20900205127,0.5776,2011-05-25
0,same_place_other_date,glc-3632,2011-05-18,5,27.064,88.466,5,West Bengal,2,2.8,9.1,21.7,46.7,89.3,31.589,1.7,7,6.25,8.28,18.7,84.25,0.348,0.289,0.266,25.8,18.6,0,1170,13.416,305.811,0.585,-0.811,0.201,327,1,1,4,open-meteo-era5,27.1,88.498,5.35,4.67,0.5669781931464175,0.5794392523364487,0.5563862928348909,4,11,13.863437403879418,2682.20900205127,0.5249,2011-04-23
0,same_place_other_date,glc-3632,2010-07-29,7,27.064,88.466,5,West Bengal,27,7.9,54.9,138.2,321,1058.5,260.392,3.4,7,22.55,36.85,78.13,514.54,0.4,0.397,0.418,23.7,20,0,1170,13.416,305.811,0.585,-0.811,0.201,327,1.266,2,4.6,open-meteo-era5,27.1,88.498,14.36,4.67,1.2743732590529249,1.374850775964982,2.4570566388115136,4,9,13.863437403879418,2682.20900205127,0.1625,2010-06-26
0,nearby_place_same_date,glc-3632,2011-06-20,6,27.137,88.124,5,West Bengal,11.7,23.2,59.4,147.1,224.5,407.2,163.666,2.1,7,3.98,17.21,36.07,136.87,0.427,0.427,0.429,22.5,17,0,1935,24.762,196.51,-0.959,-0.284,-0.058,582,4.178,1,5,open-meteo-era5,27.1,88.098,7.82,4.23,2.5319693094629154,2.6872488125685057,1.7357203751065642,0,1,383.24950042791,1423.2648300769238,0.8453,2011-05-25
1,event,glc-3633,2011-06-20,6,26.319,94.512,5,Nagaland,11.8,6.6,57.6,133.4,303.9,569.4,190.738,3.8,7,3.79,13.89,32.67,285.78,0.478,0.465,0.462,25.2,19.3,0,1256,13.71,196.809,-0.957,-0.289,-0.151,314,1.36,4,4.3,open-meteo-era5,26.257,94.544,9.94,4.8,1.93158953722334,1.917217591261857,1.909456740442656,1,1,28.861793035842524,1983.9812304245672,0.4158,2011-05-25
0,same_place_other_date,glc-3633,2025-07-24,7,26.319,94.512,5,Nagaland,1.7,2.6,5.8,18.7,62.6,195.9,48.191,0.9,7,14.82,15.37,56.7,280.57,0.46,0.463,0.409,27.5,20.1,0,1256,13.71,196.809,-0.957,-0.289,-0.151,314,1.953,4,4.4,open-meteo-era5,26.257,94.544,10.73,4.8,0.1801801801801802,0.24896818000266274,0.608574091332712,2,4,28.861793035842524,1983.9812304245672,0.5273,2025-06-26
0,same_place_other_date,glc-3633,2014-06-02,6,26.319,94.512,5,Nagaland,0.8,3.4,8.8,31.6,70.4,158.3,48.503,1.7,6,1.77,1.96,52.26,343.53,0.482,0.47,0.411,26,18.6,0,1256,13.71,196.809,-0.957,-0.289,-0.151,314,2.882,3,4.6,open-meteo-era5,26.257,94.544,9.94,4.8,0.29510395707578807,0.4541534923828687,0.5308517773306506,1,3,28.861793035842524,1983.9812304245672,0.3277,2014-05-09
0,nearby_place_same_date,glc-3633,2011-06-20,6,26.499,94.563,5,Nagaland,5.3,3,22.4,102.2,274.2,614.3,177.752,3.3,7,3.79,13.89,32.67,285.78,0.48,0.468,0.484,29.6,25,0,454,26.602,251.124,-0.324,-0.946,0.104,300,1.224,4,4.3,open-meteo-era5,26.538,94.565,9.94,4.8,0.7511737089201878,1.4688128772635816,2.0600268276324614,0,0,397.4114837635467,1275.1076838201977,0.8632000000000001,2011-05-25
1,event,glc-3637,2011-06-21,6,25.516,94.234,1,Nagaland,16.1,20.8,51.8,115.6,419.2,648,225.884,8.8,7,8.32,18.31,51.05,212.23,0.484,0.5,0.503,26.6,17.8,0,1649,19.131,271.796,0.031,-1,-0.121,405,2.107,4,4.3,open-meteo-era5,25.483,94.197,7.03,3.58,2.456140350877193,2.3491160333265593,3.072546230440967,0,5,2062.1796623123582,3000,0.5506,2011-05-25
0,same_place_other_date,glc-3637,2017-06-13,6,25.516,94.234,1,Nagaland,37.4,14.9,76.7,84.4,292.9,383.8,116.523,7.9,7,7.05,27.64,53.27,241.97,0.502,0.488,0.439,20,17.7,0,1649,19.131,271.796,0.031,-1,-0.121,405,2.501,3,4.6,open-meteo-era5,25.483,94.197,7.03,3.58,3.6367946894262686,1.7150985572038204,1.8198198198198199,0,6,2062.1796623123582,3000,0.37470000000000003,2017-05-25
0,same_place_other_date,glc-3637,2012-05-31,5,25.516,94.234,1,Nagaland,15.1,23.6,70.4,104.1,141.2,211.4,98.975,5,6,7.47,23.96,24.5,92.5,0.485,0.501,0.485,20.3,17.7,0,1649,19.131,271.796,0.031,-1,-0.121,405,3.393,4,5.4,open-meteo-era5,25.483,94.197,5.7,3.58,4.116959064327485,2.6090225563909772,1.2362573099415206,0,5,2062.1796623123582,3000,0.5349,2012-05-08
0,nearby_place_same_date,glc-3637,2011-06-21,6,25.443,94.176,1,Nagaland,16.1,20.8,51.8,115.6,419.2,648,225.884,8.8,7,8.32,18.31,51.05,212.23,0.463,0.476,0.509,28.7,19.9,0,1250,5.122,152.745,-0.889,0.458,-0.196,218,2.172,4,4.3,open-meteo-era5,25.413,94.193,7.03,3.58,2.456140350877193,2.3491160333265593,3.072546230440967,0,5,2642.8769828577897,662.2988075058648,0.8189000000000001,2011-05-25
1,event,glc-3643,2011-06-23,6,27.288,88.258,5,,19.6,17.2,48.5,160.6,272.4,569.8,179.231,1.8,7,19.64,35.42,52.2,106.42,0.426,0.428,0.415,22.1,17.8,0,1506,16.906,153.642,-0.896,0.444,0.559,546,4.328,1,5,open-meteo-era5,27.311,88.292,5.4,2.99,2.9938271604938267,4.248677248677248,3.5172839506172835,0,1,49.622058160324094,1878.8358513339128,0.8081,2011-05-25
0,same_place_other_date,glc-3643,2022-06-10,6,27.288,88.258,5,,15.1,19.2,45.3,49,68.3,236.2,59.614,2.9,5,15.66,58.64,87.97,240.65,0.416,0.397,0.376,21.3,16.4,0,1506,16.906,153.642,-0.896,0.444,0.559,546,1.029,1,4.2,open-meteo-era5,27.311,88.292,5.4,2.99,2.796296296296296,1.296296296296296,1.4580246913580246,1,2,49.622058160324094,1878.8358513339128,0.7585000000000001,2022-05-09
0,same_place_other_date,glc-3643,2021-07-09,7,27.288,88.258,5,,8.3,98.4,164.4,216.7,511.1,817.5,343.002,15.7,7,6.68,57.37,99.87,365.48,0.435,0.436,0.428,24.1,16.7,0,1506,16.906,153.642,-0.896,0.444,0.559,546,2.526,3,5.3,open-meteo-era5,27.311,88.292,9.15,2.99,5.989071038251366,3.383294301327088,2.978142076502732,1,2,49.622058160324094,1878.8358513339128,0.6726000000000001,2021-06-10
0,nearby_place_same_date,glc-3643,2011-06-23,6,27.452,88.013,5,,4.7,11.2,40,122.8,217.7,328.3,139.774,2.1,7,19.64,35.42,52.2,106.42,0.426,0.427,0.428,16.9,11.3,2.59,3264,31.166,290.202,0.345,-0.938,-0.203,841,4.664,1,5,open-meteo-era5,27.452,87.987,5.32,3.01,2.506265664160401,3.2975295381310414,2.057017543859649,0,0,3000,3000,0.1486,2011-05-25
1,event,glc-3662,2011-06-28,6,25.036,94.014,25,Manipur,8.6,8.2,24,45.3,155.2,372,92.061,4,6,12.9,73.66,106.5,275.16,0.497,0.485,0.505,25.9,20.3,0,877,6.279,76.724,0.23,0.973,0.927,192,2.539,6,4.7,open-meteo-era5,24.991,94.069,7.25,3.7,1.103448275862069,0.8926108374384236,1.710344827586207,0,1,129.36162842066872,207.80751638400469,0.17900000000000002,2011-06-10
0,same_place_other_date,glc-3662,2019-05-17,5,25.036,94.014,25,Manipur,3.9,0.7,4.9,7.3,19.4,29.1,7.941,0.5,2,2.19,13.06,43.64,131.14,0.273,0.267,0.275,28.6,18.3,0,877,6.279,76.724,0.23,0.973,0.927,192,2.824,5,5.2,open-meteo-era5,24.991,94.069,5.84,3.7,0.2796803652968037,0.17857142857142858,0.16609589041095893,0,1,129.36162842066872,207.80751638400469,0.5245000000000001,2019-04-23
0,same_place_other_date,glc-3662,2018-06-20,6,25.036,94.014,25,Manipur,0.2,1,2.1,27.9,233.8,270.7,117.963,0.4,5,2.92,6.74,48.88,266.12,0.456,0.455,0.497,30.2,19.6,0,877,6.279,76.724,0.23,0.973,0.927,192,2.908,9,4.9,open-meteo-era5,24.991,94.069,7.25,3.7,0.09655172413793103,0.5497536945812808,1.2445977011494251,0,1,129.36162842066872,207.80751638400469,0.8054,2018-05-25
0,nearby_place_same_date,glc-3662,2011-06-28,6,24.693,93.916,25,Manipur,10.2,9.1,25.8,38.6,160.7,342.4,89.935,4.1,6,12.58,71.2,104.69,276.13,0.451,0.443,0.43,26,21.3,0,773,0.138,,0,0,-0.037,11,2.684,6,4.7,open-meteo-era5,24.71,93.955,6.87,3.47,1.2518195050946144,0.8026616760241214,1.6613294517224648,1,1,1360.6223043102138,2186.4405145743117,0.19190000000000002,2011-06-10
1,event,glc-3683,2011-07-01,7,25.878,94.174,10,Nagaland,10,26.6,61.7,131.5,236,391.1,162.077,5.4,7,19.89,41.75,91.78,246.03,0.477,0.478,0.496,23.8,18.8,0,1350,11.883,355.045,0.996,-0.086,-0.094,354,1.645,1,4.7,open-meteo-era5,25.905,94.225,8.03,3.86,2.561228725612288,2.3394413805372714,1.6234952262349525,0,0,281.9714452899207,3000,0.5129,2011-06-10
0,same_place_other_date,glc-3683,2025-06-08,6,25.878,94.174,10,Nagaland,0.8,3.5,6.7,29.7,270.9,345.3,132.286,0.9,6,13.08,17.44,73.69,320.83,0.461,0.473,0.496,25.6,16.9,0,1350,11.883,355.045,0.996,-0.086,-0.094,354,2.842,4,5.1,open-meteo-era5,25.905,94.225,7.76,3.86,0.28780068728522334,0.5467599410898379,1.4832474226804124,0,3,281.9714452899207,3000,0.8046000000000001,2025-05-09
0,same_place_other_date,glc-3683,2007-05-25,5,25.878,94.174,10,Nagaland,1.7,2.4,6.2,59.4,185.2,257.7,95.513,1,7,10.66,37.6,56.71,119.78,0.497,0.496,0.503,25.3,16.9,0,1350,11.883,355.045,0.996,-0.086,-0.094,354,2.114,2,4.3,open-meteo-era5,25.905,94.225,6.19,3.86,0.33387183629509964,1.3708746826678972,1.3877221324717284,0,0,281.9714452899207,3000,0.6984,2007-04-23
0,nearby_place_same_date,glc-3683,2011-07-01,7,25.658,94.135,10,Nagaland,15,32.8,66.3,169.4,273.4,503.6,193.113,6.8,7,12.69,32.55,95.87,242.59,0.498,0.501,0.459,27.1,21.1,0,1159,15.857,355.115,0.996,-0.085,0.056,185,1.789,1,4.7,open-meteo-era5,25.694,94.211,7.3,3.58,3.0273972602739727,3.315068493150685,2.299543378995434,4,9,275.0213723890486,167.33325747421654,0.8863000000000001,2011-06-10
1,event,glc-3741,2011-07-07,7,25.419,94.108,5,Nagaland,6.8,7.7,28.5,81.2,270.8,670.8,177.7,3.8,7,2.6,11.26,55.45,247.4,0.487,0.497,0.483,23.7,18.2,0,1389,9.996,76.535,0.233,0.973,-0.047,239,1.96,2,4.7,open-meteo-era5,25.413,94.095,7.3,3.58,1.3013698630136987,1.5890410958904109,3.0630136986301366,1,6,62.254638047586,1762.0512331993195,0.2742,2011-06-10
0,same_place_other_date,glc-3741,2008-06-01,6,25.419,94.108,5,Nagaland,11.6,43.1,66.7,131.8,284.5,618.6,205.58,7.6,7,13.58,23.1,38.9,134.68,0.463,0.495,0.499,24.5,16.8,0,1389,9.996,76.535,0.233,0.973,-0.047,239,1.521,5,4.5,open-meteo-era5,25.413,94.095,7.03,3.58,3.1626363205310577,2.678317415159521,2.933143669985775,0,1,62.254638047586,1762.0512331993195,0.4045,2008-05-08
0,same_place_other_date,glc-3741,2009-08-16,8,25.419,94.108,5,Nagaland,6.4,82.4,110.1,159.7,296.6,623.4,229.481,13,7,2.84,63.62,104.02,226.78,0.484,0.496,0.494,22.9,18.5,0,1389,9.996,76.535,0.233,0.973,-0.047,239,3.43,1,5.5,open-meteo-era5,25.413,94.095,6.32,3.58,5.806962025316455,3.6098553345388784,3.287974683544303,0,1,62.254638047586,1762.0512331993195,0.6249,2009-07-28
0,nearby_place_same_date,glc-3741,2011-07-07,7,25.502,94.32,5,Nagaland,4.9,12.9,27.9,59.5,221.3,629.7,150.346,7.4,7,2.6,11.26,55.45,247.4,0.477,0.49,0.484,23.5,17.3,0,1538,22.288,66.003,0.407,0.914,0.924,439,1.902,2,4.7,open-meteo-era5,25.483,94.295,7.38,3.4,1.2601626016260161,1.1517615176151763,2.8441734417344176,0,1,1432.495295335177,3000,0.0655,2011-06-10
1,event,glc-3760,2011-07-11,7,25.67,94.11,25,Nagaland,12.8,3.7,19.3,46.6,236.6,501.7,122.06,3.4,7,0.1,1.79,14.8,230.9,0.475,0.482,0.493,25,18.1,0,1445,16.197,88.091,0.033,0.999,0.29,157,1.779,1,4.7,open-meteo-era5,25.694,94.113,7.3,3.58,0.8812785388127855,0.9119373776908023,2.2908675799086757,4,9,36.736639212479766,935.7401248157349,0.152,2011-06-10
0,same_place_other_date,glc-3760,2025-07-30,7,25.67,94.11,25,Nagaland,23.5,22.4,73.5,197.7,263,552.3,198.411,9,7,2.9,31.04,79.93,251.39,0.499,0.502,0.515,25.4,19.4,0,1445,16.197,88.091,0.033,0.999,0.29,157,1.893,6,4.6,open-meteo-era5,25.694,94.113,7.3,3.58,3.356164383561644,3.8688845401174166,2.521917808219178,8,16,36.736639212479766,935.7401248157349,0.45680000000000004,2025-07-12
0,same_place_other_date,glc-3760,2012-08-18,8,25.67,94.11,25,Nagaland,8.3,11.4,31.9,76.5,228.4,496.2,145.477,2.3,7,0.07,0.71,4.55,174.82,0.478,0.473,0.491,26.2,18.6,0,1445,16.197,88.091,0.033,0.999,0.29,157,2.811,6,5.1,open-meteo-era5,25.694,94.113,6.32,3.58,1.6824894514767932,1.7292043399638335,2.6170886075949364,4,9,36.736639212479766,935.7401248157349,0.4186,2012-07-27
0,nearby_place_same_date,glc-3760,2011-07-11,7,25.686,94.396,25,Nagaland,5.6,2.1,8.6,39.1,195.1,340,89.049,3.4,6,0.1,1.79,14.8,230.9,0.485,0.484,0.468,25,17.4,0,1550,26.067,139.614,-0.762,0.648,0.656,425,1.77,2,4.7,open-meteo-era5,25.694,94.407,7.38,3.4,0.3884372177055104,0.7568718544328301,1.5356820234869015,0,1,162.1562516288381,3000,0.7978000000000001,2011-06-10
1,event,glc-3776,2011-07-15,7,27.125,93.715,5,Arunachal Pradesh,40.2,44.1,94.3,121.2,183.7,427.8,125.862,5.6,7,22.61,108.87,132.86,416.47,0.427,0.427,0.375,25.9,24.2,0,130,1.294,,0,0,-0.096,55,1.151,0,,open-meteo-era5,27.1,93.704,14,6.02,2.2452380952380953,1.236734693877551,1.0185714285714287,0,1,508.2173049238991,126.84940535539852,0.2737,2011-06-26
0,same_place_other_date,glc-3776,2015-06-16,6,27.125,93.715,5,Arunachal Pradesh,3.9,8.6,22.9,116.3,445.5,811.6,267.407,1.2,7,20.26,51.15,120.63,644.16,0.426,0.425,0.407,26,23.9,0,130,1.294,,0,0,-0.096,55,1.026,1,4.3,open-meteo-era5,27.1,93.704,12.93,6.02,0.5903583397782933,1.284940890509336,2.092291827790668,2,6,508.2173049238991,126.84940535539852,0.10650000000000001,2015-05-25
0,same_place_other_date,glc-3776,2013-08-10,8,27.125,93.715,5,Arunachal Pradesh,7.6,10.4,36.2,120,208.6,365.6,138.15,1.6,7,10.5,41.09,125.91,425.21,0.421,0.424,0.436,30.3,24.5,0,130,1.294,,0,0,-0.096,55,1.461,0,,open-meteo-era5,27.1,93.704,11.69,6.02,1.0322212717422299,1.4664548454112185,1.0424864556601086,2,3,508.2173049238991,126.84940535539852,0.3295,2013-07-12
0,nearby_place_same_date,glc-3776,2011-07-15,7,26.958,94.051,5,Arunachal Pradesh,43.3,19.8,83.8,95.8,173.9,395.6,103.979,5.4,7,22.61,108.87,132.86,416.47,0.483,0.494,0.477,26.5,24.1,0,80,0.496,,0,0,0.019,8,1.133,1,4.4,open-meteo-era5,26.96,94.095,14,6.02,1.9952380952380953,0.9775510204081632,0.9419047619047619,0,0,3000,2146.2325772709514,0.642,2011-06-26
1,event,glc-3789,2011-07-16,7,27.274,92.906,10,Arunachal Pradesh,12.4,70.8,126,185,327.7,605.4,243.623,9.5,7,2.2,79.4,131.24,399.8,0.426,0.426,0.427,23.8,21.5,0,640,12.335,226.818,-0.684,-0.729,-0.732,557,1.114,0,,open-meteo-era5,27.311,92.913,13.72,5.53,3.061224489795918,1.9262807163681799,1.4708454810495626,0,0,451.2894648140974,671.8042237527288,0.2851,2011-06-26
0,same_place_other_date,glc-3789,2025-08-29,8,27.274,92.906,10,Arunachal Pradesh,86.1,26.3,113.5,133.8,198.5,445.7,100.124,9.3,6,21.91,58.07,71.33,424.47,0.402,0.389,0.397,24.6,21.9,0,640,12.335,226.818,-0.684,-0.729,-0.732,557,2.265,2,4.5,open-meteo-era5,27.311,92.913,10.97,5.53,3.448799756912792,1.7424143768719886,1.3542996049832876,0,0,451.2894648140974,671.8042237527288,0.7844,2025-07-28
0,same_place_other_date,glc-3789,2014-07-26,7,27.274,92.906,10,Arunachal Pradesh,8.9,14.6,60.3,174.7,311.2,556.2,208.457,4.2,7,1.97,17.42,95.59,377.74,0.425,0.425,0.424,28.6,22,0,640,12.335,226.818,-0.684,-0.729,-0.732,557,1,1,4.3,open-meteo-era5,27.311,92.913,13.72,5.53,1.465014577259475,1.8190337359433566,1.3513119533527698,0,0,451.2894648140974,671.8042237527288,0.7537,2014-06-26
0,nearby_place_same_date,glc-3789,2011-07-16,7,27.021,92.931,10,Arunachal Pradesh,25.7,57.1,106.4,129.3,237.1,490.2,171.119,8.4,7,5.62,70.88,109.45,386.7,0.423,0.428,0.436,25.4,22.7,0,246,7.023,229.028,-0.656,-0.755,-0.403,300,1.058,0,,open-meteo-era5,27.03,92.9,12.88,5.6,2.7536231884057973,1.434117125110914,1.2686335403726707,0,0,3000,3000,0.19290000000000002,2011-06-26
1,event,glc-3794,2011-07-17,7,26.992,88.423,5,Sikkim,19.8,105.6,166.8,252.7,485.3,1036.3,370.008,12.8,7,6.33,24.99,77.76,467.22,0.427,0.427,0.422,27.8,22.9,0,275,26.392,168.191,-0.979,0.205,-0.316,444,1,0,,open-meteo-era5,26.889,88.503,14.36,4.67,3.8718662952646246,2.513927576601671,2.4055246053853296,2,10,20.19200130385154,189.0492117508165,0.343,2011-06-26
0,same_place_other_date,glc-3794,2019-06-21,6,26.992,88.423,5,Sikkim,21.2,23.7,54.3,168.9,308.6,415.8,164.009,5.7,7,3.98,12.72,57.84,182.29,0.416,0.413,0.421,30.2,23.6,0,275,26.392,168.191,-0.979,0.205,-0.316,444,1.714,2,4.6,open-meteo-era5,26.889,88.503,8.99,4.67,2.013348164627364,2.6839345304306375,1.5417130144605118,2,21,20.19200130385154,189.0492117508165,0.5640000000000001,2019-05-25
0,same_place_other_date,glc-3794,2025-08-16,8,26.992,88.423,5,Sikkim,0.1,0.8,1.3,188.2,371.5,614.9,233.172,0.5,4,6.11,12.09,110.37,462.14,0.387,0.403,0.399,32.2,23.2,0,275,26.392,168.191,-0.979,0.205,-0.316,444,1,0,,open-meteo-era5,26.889,88.503,10.97,4.67,0.0395016712245518,2.450839953118895,1.8684290489213002,2,21,20.19200130385154,189.0492117508165,0.7422000000000001,2025-07-28
0,nearby_place_same_date,glc-3794,2011-07-17,7,27.062,88.632,5,Sikkim,21.5,99.1,166.1,278.4,467.8,1133.8,383.788,11.8,7,4.67,26.07,77.64,451.29,0.426,0.433,0.43,19.6,16.1,0,1678,15.588,159.179,-0.935,0.355,0.259,468,1,0,,open-meteo-era5,27.1,88.699,14.36,4.67,3.8556174558960072,2.7695980899323516,2.6318477251624888,0,3,1104.5019412142594,864.8708965059219,0.1943,2011-06-26
1,event,glc-3806,2011-07-19,7,27.103,93.688,10,Arunachal Pradesh,21.8,38.9,71.5,191.7,228.4,460,177.926,4.1,7,58.61,136.8,253.15,532.64,0.432,0.427,0.432,26.9,24.2,0,148,1.324,,0,0,0.048,75,1.144,0,,open-meteo-era5,27.1,93.704,14,6.02,1.7023809523809523,1.9561224489795916,1.0952380952380953,1,2,154.98278363208712,138.13031779841717,0.321,2011-06-26
0,same_place_other_date,glc-3806,2016-07-19,7,27.103,93.688,10,Arunachal Pradesh,15.3,6.8,26,89.3,158.1,296.9,104.234,2.5,7,6.82,18.49,134.75,448.29,0.41,0.4,0.43,27.1,24.5,0,148,1.324,,0,0,0.048,75,1.284,2,4.7,open-meteo-era5,27.1,93.704,14,6.02,0.6190476190476191,0.9112244897959183,0.7069047619047618,2,6,154.98278363208712,138.13031779841717,0.2782,2016-06-25
0,same_place_other_date,glc-3806,2023-08-27,8,27.103,93.688,10,Arunachal Pradesh,27,42.4,87.2,148,216.5,390.4,144.828,5.8,7,37.81,72.54,152.56,408.74,0.432,0.436,0.422,29.3,24.1,0,148,1.324,,0,0,0.048,75,2.879,2,5.3,open-meteo-era5,27.1,93.704,11.69,6.02,2.486455660108355,1.8086276426738361,1.1132021670943826,2,6,154.98278363208712,138.13031779841717,0.4162,2023-07-28
0,nearby_place_same_date,glc-3806,2011-07-19,7,27.218,93.744,10,Arunachal Pradesh,20.9,32.8,59.6,184.7,244.6,428.6,170.898,3.3,7,58.61,136.8,253.15,532.64,0.49,0.502,0.492,25.1,22.4,0,508,8.347,99.62,-0.167,0.986,-0.789,403,1.177,0,,open-meteo-era5,27.17,93.708,14,6.02,1.4190476190476191,1.8846938775510202,1.0204761904761905,0,1,2361.1202020718824,2048.211314713717,0.033800000000000004,2011-06-26
1,event,glc-3805,2011-07-19,7,27.054,88.426,1,Sikkim,140.2,7.4,167.4,377.5,518.2,1127.2,322.638,12.5,7,36.35,54.71,109.87,502.37,0.408,0.416,0.404,27.1,25.6,0,239,21.73,79.38,0.184,0.983,-0.125,324,1,0,,open-meteo-era5,26.96,88.502,14.36,4.67,3.8857938718662957,3.755471547950657,2.61652739090065,3,14,5.145452366870887,65.47362306073306,0.4883,2011-06-26
0,same_place_other_date,glc-3805,2007-06-12,6,27.054,88.426,1,Sikkim,4.8,4.7,110.9,123.4,133.1,188.8,114.891,1.6,6,1.94,9.49,42.11,111.3,0.412,0.415,0.345,30,25.1,0,239,21.73,79.38,0.184,0.983,-0.125,324,4.439,3,4.9,open-meteo-era5,26.96,88.502,8.99,4.67,4.111976269929552,1.9609089464484348,0.7000370782350761,0,0,5.145452366870887,65.47362306073306,0.49920000000000003,2007-05-25
0,same_place_other_date,glc-3805,2026-08-18,8,27.054,88.426,1,Sikkim,17.4,14.7,33.6,60.1,139,410.6,99.309,3,6,15.86,30.21,47.73,346.67,0.397,0.392,0.39,29.5,25,0,239,21.73,79.38,0.184,0.983,-0.125,324,1,0,,open-meteo-era5,26.96,88.502,10.97,4.67,1.0209662716499543,0.7826539914051308,1.2476450926769977,7,24,5.145452366870887,65.47362306073306,0.7731,2026-07-28
0,nearby_place_same_date,glc-3805,2011-07-19,7,26.768,88.447,1,Sikkim,193.1,13,233.2,414.5,545.4,1203.7,317.336,16.1,7,36.03,52.96,110.96,484.31,0.413,0.417,0.407,26.3,25,0,146,0.221,,0,0,0.095,26,1,0,,open-meteo-era5,26.749,88.407,14.36,4.67,5.4131847725162485,4.123557500994827,2.7941039925719595,0,6,117.63073735915138,707.8904153314539,0.057100000000000005,2011-06-26
1,event,glc-3813,2011-07-20,7,27.114,88.466,25,West Bengal,45.9,140.2,193.5,395.8,544.7,1166.8,429.23,12.5,7,13.06,61.35,107.98,493.9,0.434,0.433,0.423,28.8,25.6,0,268,19.142,174.33,-0.995,0.099,-0.442,312,1,0,,open-meteo-era5,27.1,88.498,14.36,4.67,4.491643454038997,3.9375248706725032,2.7084493964716807,4,14,317.072924224369,37.09393435108877,0.7044,2011-06-26
0,same_place_other_date,glc-3813,2014-08-01,8,27.114,88.466,25,West Bengal,3.9,0.9,9.5,17.3,108.5,338.3,80.028,1.7,5,0.48,7.59,40.76,221.8,0.372,0.376,0.378,31.5,26.2,0,268,19.142,174.33,-0.995,0.099,-0.442,312,1.599,3,4.3,open-meteo-era5,27.1,88.498,10.97,4.67,0.2886660589486478,0.22528975126969655,1.027955028866606,4,19,317.072924224369,37.09393435108877,0.8455,2014-07-12
0,same_place_other_date,glc-3813,2018-07-01,7,27.114,88.466,25,West Bengal,87.1,34.4,126.8,308,626.8,839.9,315.116,14.8,7,51.27,82.06,113.88,402.93,0.416,0.417,0.398,30.2,25.7,0,268,19.142,174.33,-0.995,0.099,-0.442,312,3.369,3,4.4,open-meteo-era5,27.1,88.498,14.36,4.67,2.943361188486537,3.064066852367688,1.949628597957289,5,24,317.072924224369,37.09393435108877,0.6987,2018-06-10
0,nearby_place_same_date,glc-3813,2011-07-20,7,26.913,88.264,25,West Bengal,45.1,83,146.7,432.7,550.9,1125,425.116,6.7,7,12.47,60.85,104.82,510.86,0.429,0.429,0.427,22.2,18.6,0,1391,8.056,160.313,-0.942,0.337,0.918,382,1,0,,open-meteo-era5,26.96,88.302,14.36,4.67,3.4052924791086348,4.304615996816554,2.6114206128133706,9,23,2395.800751102847,531.6873504902075,0.1968,2011-06-26
1,event,glc-3830,2011-07-22,7,24.353,94.343,10,Manipur,25.7,14.5,73.6,172.5,243.3,414.4,170.833,4.8,7,5.5,39.36,128.4,348.17,0.447,0.451,0.439,28.5,23.9,0,283,13.083,70.445,0.335,0.942,-0.027,220,2.948,4,4.7,open-meteo-era5,24.359,94.318,6,2.88,4.088888888888889,4.107142857142857,2.302222222222222,0,0,2270.3899369197225,2955.4911608836937,0.77,2011-06-26
0,same_place_other_date,glc-3830,2025-08-09,8,24.353,94.343,10,Manipur,0.3,21.2,47.9,78.6,181.7,339.1,125.354,6.8,4,0.36,15.62,32.88,185.88,0.501,0.505,0.434,32.1,23.2,0,283,13.083,70.445,0.335,0.942,-0.027,220,2.365,10,5.1,open-meteo-era5,24.359,94.318,4.75,2.88,3.3614035087719296,2.36390977443609,2.3796491228070176,0,0,2270.3899369197225,2955.4911608836937,0.329,2025-07-12
0,same_place_other_date,glc-3830,2012-07-12,7,24.353,94.343,10,Manipur,1.4,1.4,6.5,60.1,125.6,371.2,98.114,0.7,7,10.07,13.21,26.74,160.17,0.423,0.435,0.457,32.5,24.8,0,283,13.083,70.445,0.335,0.942,-0.027,220,3.747,3,5.6,open-meteo-era5,24.359,94.318,6,2.88,0.3611111111111111,1.430952380952381,2.062222222222222,0,0,2270.3899369197225,2955.4911608836937,0.8308000000000001,2012-06-09
0,nearby_place_same_date,glc-3830,2011-07-22,7,24.492,94.371,10,Manipur,24.9,13.5,71.2,188.3,273.2,462,189.812,7.1,7,5.5,39.36,128.4,348.17,0.427,0.427,0.425,28.1,23,0,348,14.647,99.765,-0.17,0.986,0.147,187,2.802,3,4.7,open-meteo-era5,24.499,94.423,6,2.88,3.9555555555555557,4.483333333333333,2.566666666666667,0,0,3000,466.25793154015025,0.8517,2011-06-26
1,event,glc-3860,2011-07-29,7,25.419,94.108,10,Nagaland,14,14.8,31.8,98.8,321.7,524,173.746,5.7,7,4.21,9.26,33.41,300.12,0.489,0.493,0.481,26,18.6,0,1389,9.996,76.535,0.233,0.973,-0.047,239,1,1,4,open-meteo-era5,25.413,94.095,7.3,3.58,1.452054794520548,1.933463796477495,2.3926940639269407,2,7,62.254638047586,1762.0512331993195,0.3373,2011-06-26
0,same_place_other_date,glc-3860,2017-08-15,8,25.419,94.108,10,Nagaland,9.8,12.8,30.1,103.1,159.9,302.4,110.466,7.1,7,4.67,13.49,40.58,292.92,0.497,0.494,0.504,23.3,18.5,0,1389,9.996,76.535,0.233,0.973,-0.047,239,3.117,5,5.1,open-meteo-era5,25.413,94.095,6.32,3.58,1.5875527426160339,2.3304701627486435,1.5949367088607591,3,12,62.254638047586,1762.0512331993195,0.3755,2017-07-28
0,same_place_other_date,glc-3860,2024-06-30,6,25.419,94.108,10,Nagaland,40.7,26.2,128.7,158.4,241.6,287.6,141.241,8.7,7,19.39,57.1,158.25,286.07,0.505,0.512,0.511,24.4,19.5,0,1389,9.996,76.535,0.233,0.973,-0.047,239,2.487,4,4.8,open-meteo-era5,25.413,94.095,7.03,3.58,6.102418207681365,3.218857955700061,1.3636794689426268,3,12,62.254638047586,1762.0512331993195,0.6249,2024-06-09
0,nearby_place_same_date,glc-3860,2011-07-29,7,25.302,94.131,10,Nagaland,7,8.3,21,57,198,299.3,101.11,2.7,7,4.21,9.26,33.41,300.12,0.48,0.492,0.474,26.4,19.2,0,1304,14.412,240.789,-0.488,-0.873,-0.168,243,1,1,4,open-meteo-era5,25.272,94.086,7.3,3.58,0.9589041095890412,1.1154598825831703,1.3666666666666667,0,4,3000,3000,0.30260000000000004,2011-06-26
1,event,glc-3881,2011-08-05,8,27.103,93.689,5,Arunachal Pradesh,19.8,23.8,59.5,64.9,130.4,366.7,97.259,2.8,5,21.34,48.21,57.1,521.8,0.415,0.403,0.358,27.5,24.8,0,148,1.324,,0,0,0.048,75,1,1,4.2,open-meteo-era5,27.1,93.704,11.69,6.02,1.6966067864271457,0.7931076622265674,1.0456230396350157,2,3,142.18539396921022,43.28013352256656,0.29760000000000003,2011-07-12
0,same_place_other_date,glc-3881,2015-08-24,8,27.103,93.689,5,Arunachal Pradesh,18,51.2,76,158.6,221.2,290.1,144.699,4.9,7,18.15,32.49,111.2,276.89,0.433,0.434,0.435,29.4,24.6,0,148,1.324,,0,0,0.048,75,1.331,2,4.5,open-meteo-era5,27.1,93.704,11.69,6.02,2.1670943826632447,1.938164487351827,0.8272027373823782,2,6,142.18539396921022,43.28013352256656,0.47900000000000004,2015-07-28
0,same_place_other_date,glc-3881,2025-06-26,6,27.103,93.689,5,Arunachal Pradesh,0.1,2.9,36.6,112.7,153.8,454.1,129.486,0.9,6,1.02,33.64,105.23,466.3,0.406,0.421,0.409,33,25.3,0,148,1.324,,0,0,0.048,75,1.98,1,5.1,open-meteo-era5,27.1,93.704,12.93,6.02,0.9435421500386698,1.2451662799690644,1.1706625418922405,2,6,142.18539396921022,43.28013352256656,0.3492,2025-05-25
0,nearby_place_same_date,glc-3881,2011-08-05,8,27.337,93.547,5,Arunachal Pradesh,32.4,18.4,61.6,116.6,236.8,541,150.648,2.7,7,15.94,50.37,65.22,612.53,0.439,0.439,0.44,21.6,19.4,0,1623,13.138,331.414,0.878,-0.478,-0.472,361,1,0,,open-meteo-era5,27.311,93.516,13.14,6.66,1.5626585489599187,1.26766688410524,1.3723997970573312,0,0,2126.368702055029,1894.7659688581937,0.1767,2011-07-12
1,event,glc-3916,2011-08-13,8,25.771,93.807,10,Assam,26.6,22.7,70.6,193.9,350.5,620,219.897,5.5,7,9.88,16.2,56.43,318.92,0.471,0.483,0.463,26.6,23.9,0,238,1.181,,0,0,-0.216,153,1.19,2,4.2,open-meteo-era5,25.764,93.824,7.21,3.86,3.2639852057327783,3.841886269070735,2.866389274156264,0,0,96.42908613047157,40.1419872212283,0.8052,2011-07-12
0,same_place_other_date,glc-3916,2013-07-21,7,25.771,93.807,10,Assam,10.3,9.1,22.4,96.7,147.5,451.3,114.941,2.8,6,16.56,53.34,80.27,355.95,0.498,0.475,0.482,29.5,24.8,0,238,1.181,,0,0,-0.216,153,2.793,2,4.3,open-meteo-era5,25.764,93.824,8.03,3.86,0.9298464092984642,1.7203344600604877,1.8733914487339147,0,0,96.42908613047157,40.1419872212283,0.7364,2013-06-26
0,same_place_other_date,glc-3916,2010-09-07,9,25.771,93.807,10,Assam,7.4,3.6,12.8,51.2,138.5,268.4,82.52,4.1,7,4.34,21.27,49.92,230.73,0.485,0.485,0.492,29.3,24,0,238,1.181,,0,0,-0.216,153,2.073,1,4.7,open-meteo-era5,25.764,93.824,5.96,3.86,0.7158836689038032,1.227229146692234,1.501118568232662,0,0,96.42908613047157,40.1419872212283,0.8330000000000001,2010-08-13
0,nearby_place_same_date,glc-3916,2011-08-13,8,25.767,94.001,10,Assam,33.8,26.5,90.9,245.8,445.1,776.8,279.094,7.3,7,9.88,16.2,56.43,318.92,0.471,0.487,0.491,23.2,20.1,0,1050,11.728,256.855,-0.227,-0.974,-0.009,247,1.284,2,4.2,open-meteo-era5,25.764,94.02,7.21,3.86,4.202496532593621,4.870219932633248,3.5913083680073967,0,4,229.5363874326179,2211.2219049510313,0.8904000000000001,2011-07-12
1,event,glc-3932,2011-08-18,8,25.83,94.13,0.5,Nagaland,3.8,4.2,23.7,74.6,343.8,545.2,173.802,1,7,4.67,37.16,91.83,306.79,0.48,0.476,0.478,24.1,18.7,0,1018,7.818,4.554,0.997,0.079,-0.31,196,1.311,2,4.2,open-meteo-era5,25.835,94.122,7.21,3.86,1.0957004160887656,1.4781058054289675,2.5205732778548313,0,1,1560.8092696100814,3000,0.7386,2011-07-28
0,same_place_other_date,glc-3932,2022-09-05,9,25.83,94.13,0.5,Nagaland,2.6,7.2,12.5,22.1,62.5,88.2,34.297,3.2,6,3.69,11.94,46.31,141.23,0.48,0.452,0.419,24.8,19.4,0,1018,7.818,4.554,0.997,0.079,-0.31,196,2.092,2,5,open-meteo-era5,25.835,94.122,5.96,3.86,0.6991051454138703,0.5297219558964525,0.49328859060402686,2,3,1560.8092696100814,3000,0.9430000000000001,2022-08-13
0,same_place_other_date,glc-3932,2013-08-23,8,25.83,94.13,0.5,Nagaland,12.8,9.4,34.4,51.6,152.4,362.4,98.694,4.2,7,5.91,19.56,33.87,279.61,0.491,0.497,0.478,26.7,20.8,0,1018,7.818,4.554,0.997,0.079,-0.31,196,2.162,5,5,open-meteo-era5,25.835,94.122,7.21,3.86,1.5903837263060565,1.0223895383396078,1.6754507628294033,0,1,1560.8092696100814,3000,0.6849000000000001,2013-07-28
0,nearby_place_same_date,glc-3932,2011-08-18,8,25.893,94.383,0.5,Nagaland,10.5,1.5,22.3,57.6,248.2,384.7,116.494,1.8,6,4.67,37.16,91.83,306.79,0.489,0.485,0.49,24.3,19.4,0,1019,17.69,114.228,-0.41,0.912,-0.038,248,1.375,2,4.2,open-meteo-era5,25.905,94.421,7.59,3.98,0.979358805445762,1.0841332580463017,1.689503732981994,0,0,3000,3000,0.41440000000000005,2011-07-28
1,event,glc-3943,2011-08-23,8,27.139,88.226,10,,32.8,31.7,72.3,437.8,571.2,802.7,343.621,8,7,18.66,46.72,104.73,499.37,0.429,0.428,0.396,23.7,21.1,0,883,27.625,276.992,0.122,-0.993,0.192,535,1,1,4,open-meteo-era5,27.17,88.296,10.23,4.23,2.3558162267839684,6.113671274961598,2.6155099380905833,0,8,698.913534151744,1027.8739965444408,0.5335,2011-07-28
0,same_place_other_date,glc-3943,2017-09-28,9,27.139,88.226,10,,12.1,14.8,35.8,103.5,222.6,919,212.669,3.9,7,2.78,3.84,33.76,230.72,0.409,0.413,0.397,27.2,22.1,0,883,27.625,276.992,0.122,-0.993,0.192,535,1,1,4.1,open-meteo-era5,27.17,88.296,8.05,4.23,1.4824016563146996,1.8367346938775508,3.805383022774327,0,16,698.913534151744,1027.8739965444408,0.3446,2017-08-29
0,same_place_other_date,glc-3943,2023-09-03,9,27.139,88.226,10,,0.2,1,1.5,60.9,634.9,972.1,303.154,0.4,5,10.53,14.64,39.2,511.19,0.368,0.384,0.373,30.2,20.5,0,883,27.625,276.992,0.122,-0.993,0.192,535,1.599,1,4.3,open-meteo-era5,27.17,88.296,8.05,4.23,0.06211180124223602,1.0807453416149067,4.0252587991718425,0,16,698.913534151744,1027.8739965444408,0.5912000000000001,2023-08-13
0,nearby_place_same_date,glc-3943,2011-08-23,8,27.253,88.315,10,,21.4,23.4,62.9,409.8,575,954.1,363.793,4.4,6,15.81,32.19,66.97,305.4,0.429,0.428,0.396,23.9,21.4,0,782,26.039,220.929,-0.756,-0.655,0.395,478,1,1,4,open-meteo-era5,27.241,88.294,7.27,2.99,2.883998165978909,8.052662605619965,4.374598807886291,0,3,548.362757277076,1145.6929957454786,0.7899,2011-07-28
1,event,glc-3944,2011-08-25,8,27.734,88.633,10,,8.7,9.2,27.1,49.4,237,477.2,140.578,2.3,7,4.66,42.6,65.15,300.86,0.424,0.424,0.427,11,6.1,1.19,3497,23.031,136.174,-0.721,0.692,0.068,605,1,1,4,open-meteo-era5,27.663,88.687,7.27,2.99,1.2425492893168273,0.9707211632933779,2.1879871618523614,0,0,3000,3000,0.2195,2011-07-28
0,same_place_other_date,glc-3944,2011-07-17,7,27.734,88.633,10,,11.1,32.5,65.8,135.9,249.6,421.8,171.819,3.1,7,1.92,17.62,57.18,271.88,0.428,0.428,0.427,9.6,7.3,7.35,3497,23.031,136.174,-0.721,0.692,0.068,605,1,0,,open-meteo-era5,27.663,88.687,9.15,2.99,2.397085610200364,2.1217798594847777,1.5366120218579236,0,0,3000,3000,0.10350000000000001,2011-06-26
0,same_place_other_date,glc-3944,2008-09-09,9,27.734,88.633,10,,2.1,2.5,5.2,24,143,372.7,82.247,0.5,6,0.62,0.95,10.1,163.01,0.424,0.427,0.42,8.8,6.4,0.7,3497,23.031,136.174,-0.721,0.692,0.068,605,3.306,0,,open-meteo-era5,27.663,88.687,5.11,2.99,0.33920417482061316,0.670953312831982,2.4311806914546636,0,0,3000,3000,0.10160000000000001,2008-08-12
0,nearby_place_same_date,glc-3944,2011-08-25,8,27.59,88.942,10,,9.1,7.2,38.8,85.7,337.7,662.7,206.495,2.6,7,4.66,42.6,65.15,300.86,0.424,0.425,0.427,11.8,1.4,0,4490,34.628,150.787,-0.873,0.488,0.097,468,1,1,4,open-meteo-era5,27.663,88.99,7.27,2.99,1.7790004585052728,1.6840243662802123,3.0385144429160937,0,0,3000,3000,0.1017,2011-07-28
1,event,glc-3965,2011-09-06,9,24.808,93.117,1,Assam,8.9,20.2,45.4,68.2,173,551.1,140.942,3.2,7,22.29,30.58,45.24,305.33,0.421,0.417,0.368,27.8,23.7,0,42,1.889,,0,0,0.037,20,1.188,2,4.4,open-meteo-era5,24.78,93.09,7.01,4.87,2.1588207322872086,1.3898512329325454,2.6205420827389445,0,0,48.323570924030946,146.91397841718594,0.6425000000000001,2011-08-13
0,same_place_other_date,glc-3965,2023-10-10,10,24.808,93.117,1,Assam,0.2,1.2,24.7,57.1,133.2,379.9,104.344,0.5,5,1.16,14.67,82.9,204.31,0.394,0.407,0.407,32.3,23,0,42,1.889,,0,0,0.037,20,2.351,4,5,open-meteo-era5,24.78,93.09,4.29,4.87,1.919191919191919,1.9014319014319014,2.9518259518259518,0,1,48.323570924030946,146.91397841718594,0.6388,2023-09-14
0,same_place_other_date,glc-3965,2008-08-20,8,24.808,93.117,1,Assam,7.2,21.7,57.5,135.4,245.1,437.7,176.7,4.7,7,3.69,52.22,121.13,326.01,0.42,0.417,0.433,31.3,23,0,42,1.889,,0,0,0.037,20,2.554,4,5.2,open-meteo-era5,24.78,93.09,8.14,4.87,2.3546273546273544,2.376272376272376,1.7923832923832923,0,0,48.323570924030946,146.91397841718594,0.6284000000000001,2008-07-27
0,nearby_place_same_date,glc-3965,2011-09-06,9,24.856,92.966,1,Assam,8.9,20.2,45.4,68.2,173,551.1,140.942,3.2,7,22.29,30.58,45.24,305.33,0.427,0.414,0.362,28.9,25,0,31,2.461,26.565,0.894,0.447,0.074,17,1.122,2,4.4,open-meteo-era5,24.851,92.997,7.01,4.87,2.1588207322872086,1.3898512329325454,2.6205420827389445,0,0,390.4476453710073,576.3153012424378,0.6965,2011-08-13
1,event,glc-3986,2011-09-25,9,27.061,88.255,1,West Bengal,61.8,26.7,98.2,140.4,259.1,387.6,130.432,9,7,13.16,31.52,59.16,243.66,0.428,0.427,0.428,18.9,14.6,0,1975,29.862,69.401,0.352,0.936,-0.24,438,6.506,3,6.9,open-meteo-era5,27.03,88.2,8.78,4.67,3.7281700835231595,2.2844126260982756,1.4715261958997725,5,9,4.019545413447727,2196.80585927951,0.5771000000000001,2011-08-29
0,same_place_other_date,glc-3986,2011-10-31,10,27.061,88.255,1,West Bengal,11.9,10.8,28,61.1,125.2,283.9,88.68,1.8,7,0,0,1.22,17.66,0.403,0.402,0.407,13.8,7,0,1975,29.862,69.401,0.352,0.936,-0.24,438,1.076,1,4.5,open-meteo-era5,27.03,88.2,2.66,4.67,3.508771929824561,3.2814178302900108,3.5576441102756884,5,9,4.019545413447727,2196.80585927951,0.7705000000000001,2011-09-30
0,same_place_other_date,glc-3986,2025-10-09,10,27.061,88.255,1,West Bengal,0.7,1.4,2.6,128,164,427.1,134.159,0.5,4,1.18,4.99,104.88,341.32,0.379,0.389,0.393,19.7,12.5,0,1975,29.862,69.401,0.352,0.936,-0.24,438,2.161,3,5,open-meteo-era5,27.03,88.2,2.66,4.67,0.3258145363408521,6.874328678839957,5.352130325814536,5,15,4.019545413447727,2196.80585927951,0.789,2025-09-14
0,nearby_place_same_date,glc-3986,2011-09-25,9,27.074,88.346,1,West Bengal,68.3,34.5,117,157.7,281.6,358,143.74,9.3,7,13.16,31.52,59.16,243.66,0.428,0.429,0.426,22.7,18.7,0,1149,33.292,18.367,0.949,0.315,0.125,728,6.503,3,6.9,open-meteo-era5,27.1,88.298,8.78,4.67,4.4419134396355355,2.5658965180605273,1.3591495823842066,0,21,1713.2506085203129,2558.825349495482,0.8807,2011-08-29
1,event,glc-6782,2011-09-28,9,26.855,88.337,0.5,West Bengal,1.1,54.1,78.6,195.7,417.2,556.7,259.684,10.8,7,0.81,43.97,77.12,287.18,0.425,0.427,0.427,26,19.5,0,795,23.818,160.261,-0.941,0.338,0.516,432,6.193,3,6.9,open-meteo-era5,26.889,88.304,8.78,4.67,2.984054669703873,3.184184835665474,2.113515565679575,4,21,49.03896495352121,2551.4811082288543,0.7704000000000001,2011-08-29
0,same_place_other_date,glc-6782,2011-08-27,8,26.855,88.337,0.5,West Bengal,0.6,1,20.8,97.4,373.2,708.2,207.698,0.3,6,0.33,15.02,114.51,449.67,0.405,0.41,0.423,27.8,20.8,0,795,23.818,160.261,-0.941,0.338,0.516,432,1,1,4,open-meteo-era5,26.889,88.304,10.97,4.67,0.6320267395928288,1.2683943221773668,2.151929504709815,4,21,49.03896495352121,2551.4811082288543,0.5337000000000001,2011-07-28
0,same_place_other_date,glc-6782,2012-09-27,9,26.855,88.337,0.5,West Bengal,0.3,0.3,3,25.6,522,677.4,196.512,0.3,5,0.01,0.35,20.18,272.64,0.395,0.402,0.407,27.7,20.3,0,795,23.818,160.261,-0.941,0.338,0.516,432,3.356,1,4.6,open-meteo-era5,26.889,88.304,8.78,4.67,0.11389521640091117,0.4165310771233323,2.571753986332574,5,22,49.03896495352121,2551.4811082288543,0.6772,2012-08-28
0,nearby_place_same_date,glc-6782,2011-09-28,9,26.69,88.389,0.5,West Bengal,0.3,35.4,59.5,153.8,349.5,430.5,208.122,5,6,1.07,61.26,100.21,344.14,0.417,0.426,0.427,29.4,22,0,118,0.699,,0,0,-0.019,13,5.973,4,6.9,open-meteo-era5,26.678,88.409,11.23,5.61,1.7661027010982489,1.9564940847220458,1.277827248441674,0,4,247.49248233439346,704.7056242843015,0.5680000000000001,2011-08-29
1,event,glc-3997,2011-09-30,9,27.516,88.558,10,,0.4,4.7,6.6,66.4,196.7,393.8,114.692,0.8,6,0.02,0.22,42.89,169.03,0.414,0.411,0.414,24.1,19.1,0,1341,21.311,349.469,0.983,-0.183,-0.513,430,6.934,3,6.9,open-meteo-era5,27.452,88.49,5.11,2.99,0.4305283757338551,1.856304165501817,2.568819308545336,0,2,21.871557905601776,1343.0711710524688,0.8321000000000001,2011-08-29
0,same_place_other_date,glc-3997,2008-08-23,8,27.516,88.558,10,,58.2,27,101.1,410.3,626.2,996.5,395.654,5.7,7,7.65,16.3,54.25,227.84,0.427,0.429,0.427,24.3,18.9,0,1341,21.311,349.469,0.983,-0.183,-0.513,430,1.575,0,,open-meteo-era5,27.452,88.49,7.27,2.99,4.635488308115543,8.062487718608764,4.569005043558001,0,1,21.871557905601776,1343.0711710524688,0.6704,2008-07-27
0,same_place_other_date,glc-3997,2018-10-30,10,27.516,88.558,10,,0,0,0,11.8,331.7,823.1,170.382,0,2,0.01,0.28,0.28,22.53,0.366,0.377,0.395,23,9.8,0,1341,21.311,349.469,0.983,-0.183,-0.513,430,1.353,0,,open-meteo-era5,27.452,88.49,1.55,2.99,0,1.0875576036866361,17.701075268817206,0,3,21.871557905601776,1343.0711710524688,0.7697,2018-09-30
0,nearby_place_same_date,glc-3997,2011-09-30,9,27.651,88.732,10,,4.6,11.3,18.9,86.6,231.3,474.7,138.622,1.5,7,0.02,0.22,42.89,169.03,0.405,0.398,0.422,15.2,11,0,2491,31.483,236.31,-0.555,-0.832,-0.068,741,6.763,3,6.9,open-meteo-era5,27.592,88.587,5.11,2.99,1.232876712328767,2.4210232038020685,3.0965427266797128,0,1,805.2459920121688,363.6180843825154,0.6169,2011-08-29
1,event,glc-4241,2012-03-04,3,25.16,93.68,25,Manipur,1.1,0.7,10,24.4,24.4,26.2,18.892,0.3,4,0.04,8.26,13.66,14.4,0.314,0.216,0.252,20.1,9.9,0,1094,15.355,303.551,0.553,-0.833,-0.028,351,2.751,3,4.8,open-meteo-era5,25.132,93.689,1.66,3.7,2.0080321285140563,2.099827882960413,0.5261044176706827,0,0,318.5557960309126,1929.7424719182748,0.42060000000000003,2012-02-02
0,same_place_other_date,glc-4241,2024-03-22,3,25.16,93.68,25,Manipur,0.6,12.7,25,25.2,27.7,54.9,26.432,4.9,2,4.88,18.45,18.86,62.39,0.329,0.241,0.278,19.6,9.9,0,1094,15.355,303.551,0.553,-0.833,-0.028,351,1.482,2,4.2,open-meteo-era5,25.132,93.689,1.66,3.7,5.020080321285141,2.1686746987951806,1.1024096385542168,1,1,318.5557960309126,1929.7424719182748,0.5169,2024-02-18
0,same_place_other_date,glc-4241,2021-02-21,2,25.16,93.68,25,Manipur,0,0,0,0,0,0,0,0,0,0,0,0.19,0.38,0.149,0.167,0.243,24.6,8,0,1094,15.355,303.551,0.553,-0.833,-0.028,351,2.213,6,4.6,open-meteo-era5,25.132,93.689,0.77,3.7,0,0,0,1,1,318.5557960309126,1929.7424719182748,0.4974,2021-02-02
0,nearby_place_same_date,glc-4241,2012-03-04,3,25,93.716,25,Manipur,0.8,2.1,14.5,35.7,35.7,38,28.456,0.4,4,0.04,8.26,13.66,14.4,0.356,0.258,0.271,19.5,10.1,0,1034,22.562,202.109,-0.926,-0.376,0.093,458,2.605,3,4.8,open-meteo-era5,24.991,93.681,1.66,3.7,2.9116465863453818,3.0722891566265065,0.7630522088353414,0,2,3000,656.736911859141,0.7089000000000001,2012-02-02
1,event,glc-4377,2012-06-02,6,26.148,91.736,5,Assam,19.2,12.2,60.8,95,141.6,174.2,85.257,4.1,7,12.72,43.71,113.79,184.34,0.465,0.48,0.375,30.1,24.9,0,53,0.696,,0,0,0.066,9,3.785,2,5.4,open-meteo-era5,26.116,91.774,13.21,5.79,1.5341912692404742,1.0273602249378178,0.4395659853646227,0,4,13.56450413631973,2169.5398008083534,0.39130000000000004,2012-05-08
0,same_place_other_date,glc-4377,2009-05-29,5,26.148,91.736,5,Assam,1.4,4.3,6.6,120.7,168.5,280,118.668,1.3,5,2.35,3.56,53.2,187.37,0.483,0.476,0.405,32,23.5,0,53,0.696,,0,0,0.066,9,1.186,0,,open-meteo-era5,26.116,91.774,9.62,5.79,0.22869022869022868,1.7923967923967927,0.9702009702009703,0,2,13.56450413631973,2169.5398008083534,0.48900000000000005,2009-05-09
0,same_place_other_date,glc-4377,2016-04-23,4,26.148,91.736,5,Assam,12.9,7.5,82.6,165.5,192.2,275.6,145.94,3.7,7,17.29,46.99,172.31,419.14,0.484,0.491,0.374,28.5,20.9,0,53,0.696,,0,0,0.066,9,3.955,2,5,open-meteo-era5,26.116,91.774,7.97,5.79,3.454621497281472,2.966481448288224,1.1526557925554162,10,27,13.56450413631973,2169.5398008083534,0.2257,2016-03-21
0,nearby_place_same_date,glc-4377,2012-06-02,6,26.219,92.017,5,Assam,14.1,10.2,72,121.1,152.7,192.6,104.742,2.6,7,12.72,43.71,113.79,184.34,0.478,0.492,0.417,30,24.7,0,53,0.22,,0,0,0.076,36,4.142,2,5.4,open-meteo-era5,26.186,91.974,12.46,5.51,1.9261637239165328,1.3884430176565008,0.5152487961476725,0,0,1190.4647067120852,561.096701751254,0.5899,2012-05-08
1,event,glc-4382,2012-06-03,6,25.118,92.857,5,Assam,154.4,20.9,293,335.8,369.8,462.9,183.448,13.2,7,27.34,76.45,112.95,189.89,0.456,0.457,0.504,28.2,23.9,0,152,6.147,206.565,-0.894,-0.447,-0.195,145,3.757,3,5.4,open-meteo-era5,25.062,92.813,10.1,4.87,9.66996699669967,4.7496463932107496,1.5277227722772277,1,3,159.06076203219595,261.91321362259134,0.5584,2012-05-08
0,same_place_other_date,glc-4382,2018-05-20,5,25.118,92.857,5,Assam,14.8,6.6,81.8,93.9,512.3,727.9,221.641,3.9,7,4.95,12.9,28.54,279.71,0.418,0.419,0.379,27.4,22.8,0,152,6.147,206.565,-0.894,-0.447,-0.195,145,1.896,2,5.1,open-meteo-era5,25.062,92.813,8.22,4.87,3.3171127331711268,1.6319082377476537,2.951743714517437,1,3,159.06076203219595,261.91321362259134,0.49920000000000003,2018-04-23
0,same_place_other_date,glc-4382,2010-05-04,5,25.118,92.857,5,Assam,9.5,1.6,14.5,35.9,252.3,357,102.187,2.1,6,2.34,13.61,23.49,250.48,0.468,0.467,0.435,29.2,22.6,0,152,6.147,206.565,-0.894,-0.447,-0.195,145,1.702,1,4.5,open-meteo-era5,25.062,92.813,8.22,4.87,0.5879967558799675,0.6239137990962808,1.4476885644768855,0,0,159.06076203219595,261.91321362259134,0.547,2010-04-07
0,nearby_place_same_date,glc-4382,2012-06-03,6,25.056,92.506,5,Assam,147.4,30,278.2,326.6,363.8,465.4,184.635,11.6,7,58.45,129.86,178.93,358.93,0.44,0.439,0.461,25.5,21.8,0,580,35.113,316.526,0.726,-0.688,-0.621,457,3.619,3,5.4,open-meteo-era5,25.132,92.524,17.96,7.97,5.163325909428359,2.5978364619790013,0.8637713437268002,0,0,3000,2391.8074782344643,0.6475000000000001,2012-05-08
1,event,glc-4385,2012-06-03,6,27.717,88.558,5,,12.1,13,39.1,102.2,185.9,338.7,123.366,3,7,0.37,5.51,34.32,71.45,0.425,0.426,0.417,12.4,8.9,0,2668,21.289,92.899,-0.051,0.999,-0.369,518,2.785,2,4.3,open-meteo-era5,27.663,88.586,5.4,2.99,2.41358024691358,2.7037037037037033,2.0907407407407406,0,1,121.93181000988397,416.3584460062793,0.5812,2012-05-08
0,same_place_other_date,glc-4385,2024-05-29,5,27.717,88.558,5,,3.9,27.9,33.1,37.4,59,100.1,43.886,5.6,4,20.53,29.53,36.51,124.58,0.328,0.332,0.344,17.3,12.6,0,2668,21.289,92.899,-0.051,0.999,-0.369,518,1,0,,open-meteo-era5,27.663,88.586,3.57,2.99,3.090569561157797,1.4965986394557824,0.934640522875817,0,5,121.93181000988397,416.3584460062793,0.54,2024-05-08
0,same_place_other_date,glc-4385,2023-05-15,5,27.717,88.558,5,,16.2,4.6,21.6,29.2,93.2,200.4,47.906,2.1,5,4.8,5.97,11.67,117.06,0.361,0.37,0.401,13.3,8.5,0,2668,21.289,92.899,-0.051,0.999,-0.369,518,1.154,1,4.3,open-meteo-era5,27.663,88.586,3.57,2.99,2.016806722689076,1.168467386954782,1.8711484593837537,0,5,121.93181000988397,416.3584460062793,0.5877,2023-04-23
0,nearby_place_same_date,glc-4385,2012-06-03,6,27.717,88.445,5,,10.5,10.8,27.8,56.3,108,264.6,77.037,0.9,7,0.37,5.51,34.32,71.45,0.433,0.422,0.412,5.6,3.7,0.77,4081,14.344,172.807,-0.992,0.125,-0.592,430,2.935,2,4.3,open-meteo-era5,27.733,88.483,5.4,2.99,1.7160493827160492,1.489417989417989,1.6333333333333335,0,0,3000,3000,0.0152,2012-05-08
1,event,glc-4384,2012-06-03,6,25.178,93.012,5,Assam,183.9,9,276.3,330.8,375.6,449.1,152.577,16.5,7,27.34,76.45,112.95,189.89,0.487,0.491,0.513,25.2,22.2,0,653,9.496,11.634,0.979,0.202,-0.353,231,3.827,3,5.4,open-meteo-era5,25.202,93.013,10.1,4.87,9.11881188118812,4.678925035360679,1.4821782178217822,2,3,21.298366271954208,1562.6352943618197,0.5895,2012-05-08
0,same_place_other_date,glc-4384,2022-05-02,5,25.178,93.012,5,Assam,10.9,2.8,14.7,21.9,30.7,92.3,21.042,6.5,6,22.4,47.35,57.94,302.22,0.428,0.34,0.339,27.6,17.6,0,653,9.496,11.634,0.979,0.202,-0.353,231,1.739,2,4.1,open-meteo-era5,25.202,93.013,8.22,4.87,0.5961070559610704,0.38060479666319075,0.37429034874290346,2,3,21.298366271954208,1562.6352943618197,0.528,2022-04-07
0,same_place_other_date,glc-4384,2025-05-07,5,25.178,93.012,5,Assam,2.5,0.4,4.1,28.7,50,85.4,30.031,1.6,4,4.58,13.86,46.33,168.5,0.398,0.393,0.267,27.8,20.1,0,653,9.496,11.634,0.979,0.202,-0.353,231,1.386,1,4.1,open-meteo-era5,25.202,93.013,8.22,4.87,0.1662611516626115,0.4987834549878345,0.34630981346309814,2,3,21.298366271954208,1562.6352943618197,0.48000000000000004,2025-04-07
0,nearby_place_same_date,glc-4384,2012-06-03,6,25.086,92.988,5,Assam,118.7,15.7,258.1,300,333.7,406.8,181.257,11.3,7,27.34,76.45,112.95,189.89,0.437,0.441,0.477,25.4,21.5,0,767,32.772,316.667,0.727,-0.686,-1.382,494,3.713,3,5.4,open-meteo-era5,25.062,93.006,10.1,4.87,8.51815181518152,4.243281471004243,1.3425742574257427,0,3,2161.7105835723864,1524.3275453096498,0.8533000000000001,2012-05-08
1,event,glc-4383,2012-06-03,6,25.306,93.127,5,Assam,148.6,10.4,237.7,282.4,322.3,373,137.377,16,6,26.59,84.45,114.11,192.91,0.489,0.488,0.511,27.4,23.9,0,318,10.853,279.048,0.157,-0.988,0.391,209,3.975,3,5.4,open-meteo-era5,25.343,93.117,8.66,4.22,9.149345650500385,4.658528538436159,1.4357197844495766,0,2,85.75458632118772,953.1168246560109,0.5414,2012-05-08
0,same_place_other_date,glc-4383,2020-06-11,6,25.306,93.127,5,Assam,2,30.2,50.9,73.7,150.1,386.2,132.249,7.4,6,10.23,19.48,61.25,349.16,0.504,0.509,0.469,31.2,23.5,0,318,10.853,279.048,0.157,-0.988,0.391,209,3.115,2,5.1,open-meteo-era5,25.343,93.117,8.66,4.22,1.9591993841416473,1.2157703728142526,1.4865280985373364,0,2,85.75458632118772,953.1168246560109,0.4998,2020-05-24
0,same_place_other_date,glc-4383,2008-06-16,6,25.306,93.127,5,Assam,9,4.3,19.6,34.5,80.8,238.3,61.531,3.3,7,4.95,21.01,52.9,192.86,0.479,0.477,0.506,32.1,25.3,0,318,10.853,279.048,0.157,-0.988,0.391,209,1.857,4,4.5,open-meteo-era5,25.343,93.117,8.66,4.22,0.754426481909161,0.5691191026064005,0.9172440338722094,0,0,85.75458632118772,953.1168246560109,0.5942000000000001,2008-05-24
0,nearby_place_same_date,glc-4383,2012-06-03,6,25.401,93.162,5,Assam,141.7,9.3,230.9,284.2,303.1,333.5,133.096,13.8,7,26.59,84.45,114.11,192.91,0.471,0.486,0.506,27.9,23.7,0,232,3.55,217.093,-0.798,-0.603,-0.131,120,4.097,3,5.4,open-meteo-era5,25.413,93.12,8.66,4.22,8.88760585065435,4.688221709006928,1.2836797536566589,0,1,2841.3368176571757,2639.3293779296205,0.6375000000000001,2012-05-08
1,event,glc-4394,2012-06-07,6,27.175,88.646,25,Sikkim,3.5,1.6,6.8,64.4,131.8,151.8,75.474,0.9,6,0.08,19.22,36.78,137.94,0.373,0.379,0.356,25.9,20.7,0,942,18.324,258.69,-0.196,-0.981,-0.211,469,2.844,2,4.3,open-meteo-era5,27.17,88.597,8.99,4.67,0.2521319985168706,1.0233592880978866,0.5628476084538376,2,3,87.43817943022344,986.3103343673118,0.6686000000000001,2012-05-08
0,same_place_other_date,glc-4394,2025-05-02,5,27.175,88.646,25,Sikkim,0.9,4.7,7.2,12,50.7,94.9,27.841,2.8,4,2.03,7.24,53.89,180.42,0.336,0.31,0.261,27,14.1,0,942,18.324,258.69,-0.196,-0.981,-0.211,469,1.757,6,4.4,open-meteo-era5,27.17,88.597,5.35,4.67,0.4485981308411216,0.3204272363150868,0.5912772585669782,2,6,87.43817943022344,986.3103343673118,0.7191000000000001,2025-04-07
0,same_place_other_date,glc-4394,2010-06-27,6,27.175,88.646,25,Sikkim,232.5,28.4,293.9,471.2,615.6,699.6,249.479,17.8,7,28.85,44.39,95.06,273.96,0.422,0.425,0.426,24.7,20.8,0,942,18.324,258.69,-0.196,-0.981,-0.211,469,1,0,,open-meteo-era5,27.17,88.597,8.99,4.67,10.897293288839451,7.487684729064039,2.5939933259176864,2,3,87.43817943022344,986.3103343673118,0.6589,2010-05-25
0,nearby_place_same_date,glc-4394,2012-06-07,6,26.956,88.909,25,Sikkim,11.2,8.8,24.2,75.4,123.6,207.7,79.227,1,7,0.08,19.22,36.78,137.94,0.341,0.333,0.285,27.8,22.9,0,357,1.551,,0,0,0.029,49,2.342,2,4.3,open-meteo-era5,26.96,88.901,8.99,4.67,0.8972932888394513,1.19815668202765,0.7701149425287356,0,0,2824.756698889959,1598.4026935228335,0.7165,2012-05-08
1,event,glc-4393,2012-06-07,6,27.757,88.632,25,,1.5,0.6,7.1,26.3,46.5,101.1,33.283,0.3,6,0.05,2.27,4.79,20.7,0.428,0.428,0.389,7.7,4.4,1.89,3885,15.055,65.078,0.421,0.907,-0.262,559,2.645,2,4.3,open-meteo-era5,27.733,88.685,2.8,1.73,0.8452380952380953,1.3418367346938778,1.2035714285714285,1,2,3000,3000,0.8957,2012-05-08
0,same_place_other_date,glc-4393,2026-05-04,5,27.757,88.632,25,,8.4,8.4,23.7,73.5,89.6,198.8,67.785,1.4,7,1.77,10.62,46.25,102.64,0.427,0.426,0.419,6.3,0.6,25.97,3885,15.055,65.078,0.421,0.907,-0.262,559,1,0,,open-meteo-era5,27.733,88.685,2.03,1.73,3.8916256157635467,5.172413793103448,3.2643678160919545,1,4,3000,3000,0.4182,2026-04-07
0,same_place_other_date,glc-4393,2009-06-16,6,27.757,88.632,25,,2.3,2.9,8.3,22.7,58.7,213,50.886,0.6,7,0.18,0.36,0.92,122.64,0.428,0.425,0.43,9.3,5.5,0.49,3885,15.055,65.078,0.421,0.907,-0.262,559,1.152,0,,open-meteo-era5,27.733,88.685,2.8,1.73,0.9880952380952384,1.1581632653061225,2.5357142857142856,0,0,3000,3000,0.41200000000000003,2009-05-25
0,nearby_place_same_date,glc-4393,2012-06-07,6,27.585,88.541,25,,7.7,5.1,23.1,80.7,196.3,371.1,118.65,0.6,7,0.06,8.66,14.26,63.06,0.427,0.426,0.424,12.9,9.7,0,2784,39.048,203.883,-0.914,-0.405,-0.542,1267,2.948,2,4.3,open-meteo-era5,27.592,88.587,5.4,2.99,1.4259259259259258,2.134920634920635,2.2907407407407407,0,3,3000,3000,0.7607,2012-05-08
1,event,glc-4411,2012-06-14,6,27.339,88.607,5,Sikkim,20.3,11.7,43.6,87.7,166.6,258.4,91.506,2.4,7,0.38,1.05,3.53,51.06,0.423,0.424,0.418,23.2,17.9,0,1510,18.024,253.342,-0.287,-0.958,0.01,473,3.295,3,4.5,open-meteo-era5,27.311,88.594,5.4,2.99,2.6913580246913575,2.32010582010582,1.5950617283950617,6,9,52.24463468864224,1152.6841388920213,0.5139,2012-05-24
0,same_place_other_date,glc-4411,2016-07-24,7,27.339,88.607,5,Sikkim,55.7,63.3,165.2,544.1,1017.8,1552.2,650.107,8.5,7,14.94,46.41,95.76,375.23,0.426,0.433,0.429,19.6,16.8,0,1510,18.024,253.342,-0.287,-0.958,0.01,473,2.043,1,4.7,open-meteo-era5,27.311,88.594,9.15,2.99,6.018214936247722,8.494925839188134,5.6546448087431695,6,11,52.24463468864224,1152.6841388920213,0.1693,2016-06-25
0,same_place_other_date,glc-4411,2025-07-26,7,27.339,88.607,5,Sikkim,25.9,43.4,77.3,161.6,242.3,442.4,158.065,12.4,7,5.93,24.99,63.36,247.72,0.398,0.391,0.407,20.9,17.9,0,1510,18.024,253.342,-0.287,-0.958,0.01,473,1,0,,open-meteo-era5,27.311,88.594,9.15,2.99,2.816029143897996,2.5230288836846215,1.6116575591985427,6,11,52.24463468864224,1152.6841388920213,0.3301,2025-06-26
0,nearby_place_same_date,glc-4411,2012-06-14,6,27.261,88.662,5,Sikkim,15.3,5.5,25.6,48,110.4,182.8,54.924,1.9,7,0.38,1.05,3.53,51.06,0.411,0.406,0.398,22.5,17.1,0,1872,27.076,160.956,-0.945,0.326,-0.221,485,3.213,3,4.5,open-meteo-era5,27.241,88.696,5.4,2.99,1.5802469135802468,1.2698412698412698,1.128395061728395,0,10,948.9819483418374,3000,0.802,2012-05-24
1,event,glc-4424,2012-06-20,6,26.149,91.735,1,Assam,46.1,30.8,90.4,151.5,217.4,382,129.566,5.9,7,32.69,36.57,116.35,463.87,0.471,0.485,0.486,31.4,25.6,0,53,0.53,,0,0,0.066,22,2.759,1,4.3,open-meteo-era5,26.116,91.774,13.21,5.79,2.2811001766338634,1.6383692008218882,0.9639162250820086,1,5,70.31682285603618,2045.0492843806157,0.388,2012-05-24
0,same_place_other_date,glc-4424,2025-07-10,7,26.149,91.735,1,Assam,6.3,14.8,22,109.3,266.3,475.1,168.163,5.9,5,2.35,18.46,62.03,254.67,0.465,0.48,0.48,31.4,24.8,0,53,0.53,,0,0,0.066,22,1.563,1,4.2,open-meteo-era5,26.116,91.774,12.45,5.79,0.5890227576974566,1.2541594951233506,1.2720214190093708,11,31,70.31682285603618,2045.0492843806157,0.4207,2025-06-10
0,same_place_other_date,glc-4424,2015-07-23,7,26.149,91.735,1,Assam,40.8,62.8,181.4,236.1,351.2,521.3,240.927,6.5,7,4.63,22.64,75.34,289.68,0.489,0.501,0.5,29.4,25.3,0,53,0.53,,0,0,0.066,22,3.084,5,5.1,open-meteo-era5,26.116,91.774,12.45,5.79,4.856760374832665,2.709122203098107,1.3957161981258366,9,24,70.31682285603618,2045.0492843806157,0.3556,2015-06-26
0,nearby_place_same_date,glc-4424,2012-06-20,6,26.18,92.094,1,Assam,41.5,36.4,94.5,140.9,201.1,364.9,126.073,5.7,7,32.69,36.57,116.35,463.87,0.462,0.491,0.499,31.4,26.1,0,55,0.22,,0,0,-0.094,13,2.298,1,4.3,open-meteo-era5,26.186,92.072,12.46,5.51,2.528089887640449,1.6154551708323779,0.976190476190476,0,0,1478.0136530654909,475.38589634088584,0.5439,2012-05-24
1,event,glc-4426,2012-06-22,6,26.123,91.716,5,Assam,53.8,88.7,185.9,242.1,258.3,381.4,192.004,9.8,7,43.46,79.73,89.48,503.09,0.484,0.486,0.515,28,25,0,74,16.94,142.125,-0.789,0.614,-0.406,148,2.76,1,4.3,open-meteo-era5,26.116,91.676,13.21,5.79,4.690890739338885,2.618146425867849,0.9624022205399949,2,6,236.562329950241,897.7455562521485,0.4857,2012-05-24
0,same_place_other_date,glc-4426,2010-08-01,8,26.123,91.716,5,Assam,19,42.7,87.2,129.3,246,527.5,177.286,6.3,7,2.93,24.45,68.66,288.59,0.454,0.48,0.494,31.1,25.6,0,74,16.94,142.125,-0.789,0.614,-0.406,148,2.168,2,4.5,open-meteo-era5,26.116,91.676,9.72,5.79,2.99039780521262,1.900352733686067,1.8089849108367626,0,4,236.562329950241,897.7455562521485,0.683,2010-07-12
0,same_place_other_date,glc-4426,2011-07-26,7,26.123,91.716,5,Assam,14.2,16,161.6,273.9,690.5,1106.8,443.613,5.3,7,8.94,35.59,61.64,490.24,0.497,0.498,0.466,30.1,24.8,0,74,16.94,142.125,-0.789,0.614,-0.406,148,1.059,1,4,open-meteo-era5,26.116,91.676,12.45,5.79,4.326639892904954,3.142857142857143,2.9633199464524766,0,4,236.562329950241,897.7455562521485,0.5778,2011-06-26
0,nearby_place_same_date,glc-4426,2012-06-22,6,26.07,91.85,5,Assam,53.8,88.7,185.9,242.1,258.3,381.4,192.004,9.8,7,43.46,79.73,89.48,503.09,0.483,0.487,0.515,27.4,24,0,244,17.664,176.941,-0.999,0.053,-0.085,274,2.532,1,4.3,open-meteo-era5,26.046,91.871,12.46,5.51,4.973247726056715,2.775739509286861,1.0203317281968967,0,4,1641.870413266514,3000,0.7312000000000001,2012-05-24
1,event,glc-4435,2012-06-25,6,27.174,95.801,10,Arunachal Pradesh,46.1,41.1,108.3,238,356.2,605.6,228.469,6.3,7,36.02,76.5,135.79,403.09,0.488,0.494,0.477,26.7,24.4,0,296,0.628,,0,0,-0.019,133,1.817,1,4.5,open-meteo-era5,27.241,95.819,9.01,4.56,4.006659267480577,3.7735849056603774,2.2404735479097297,0,0,481.5091526957929,223.65958390598885,0.7273000000000001,2012-05-24
0,same_place_other_date,glc-4435,2007-06-02,6,27.174,95.801,10,Arunachal Pradesh,4.4,8.3,16.6,35.5,137.3,309.4,82.299,4.3,6,9.3,24.96,34.55,106.56,0.48,0.489,0.475,29.1,23.3,0,296,0.628,,0,0,-0.019,133,2.118,1,4.3,open-meteo-era5,27.241,95.819,9.01,4.56,0.6141324454310026,0.5628666560964009,1.1446540880503144,0,0,481.5091526957929,223.65958390598885,0.5737,2007-05-09
0,same_place_other_date,glc-4435,2019-07-27,7,27.174,95.801,10,Arunachal Pradesh,10.8,28.9,46.2,121.7,204.4,503.9,163.224,3.1,7,16.64,34.31,100.45,504.74,0.504,0.505,0.506,28.9,24.4,0,296,0.628,,0,0,-0.019,133,2.581,6,5.5,open-meteo-era5,27.241,95.819,10.2,4.56,1.5098039215686276,1.704481792717087,1.6467320261437908,0,0,481.5091526957929,223.65958390598885,0.6033000000000001,2019-06-26
0,nearby_place_same_date,glc-4435,2012-06-25,6,27.402,95.803,10,Arunachal Pradesh,48.3,54,124,235.4,359,545.8,223.951,7.3,7,47.51,107.66,159.31,463.08,0.482,0.489,0.51,27.5,24,0,151,0.536,,0,0,-0.029,19,1.827,1,4.5,open-meteo-era5,27.381,95.832,9.8,5.03,4.217687074829931,3.4314868804664718,1.8564625850340135,0,0,2853.7393430667616,289.24917135833033,0.6649,2012-05-24
1,event,glc-4434,2012-06-25,6,26.105,91.737,1,Assam,36.9,81.6,168.4,380.6,425.5,545.2,309.893,7.8,7,100.21,151.86,234,647.02,0.484,0.494,0.517,27,24,0,151,13.368,175.018,-0.996,0.087,-0.236,158,2.713,1,4.3,open-meteo-era5,26.116,91.774,13.21,5.79,4.249306081251577,4.115929490645615,1.375725460509715,3,7,775.6272053979998,2109.2917566169704,0.6311,2012-05-24
0,same_place_other_date,glc-4434,2022-06-01,6,26.105,91.737,1,Assam,16.6,17,46.1,51.9,153.9,400.3,112.831,7.5,6,6.46,13.66,24.11,451.13,0.485,0.464,0.467,30.5,23.7,0,151,13.368,175.018,-0.996,0.087,-0.236,158,2.713,1,4.1,open-meteo-era5,26.116,91.774,13.21,5.79,1.1632601564471359,0.5612631123607656,1.0100933636134242,9,34,775.6272053979998,2109.2917566169704,0.6812,2022-05-09
0,same_place_other_date,glc-4434,2010-08-07,8,26.105,91.737,1,Assam,4,29.2,52,125.2,290.7,543.9,187.395,4.8,7,1.16,28.44,37.91,269.26,0.469,0.494,0.499,30.9,24.9,0,151,13.368,175.018,-0.996,0.087,-0.236,158,2.143,1,4.5,open-meteo-era5,26.116,91.774,9.72,5.79,1.783264746227709,1.8400940623162845,1.8652263374485594,0,4,775.6272053979998,2109.2917566169704,0.5506,2010-07-12
0,nearby_place_same_date,glc-4434,2012-06-25,6,26.118,91.871,1,Assam,36.9,81.6,168.4,380.6,425.5,545.2,309.893,7.8,7,100.21,151.86,234,647.02,0.482,0.49,0.517,26.7,24.1,0,132,14.629,167.645,-0.977,0.214,0.057,186,2.545,1,4.3,open-meteo-era5,26.116,91.873,12.46,5.51,4.505082932049224,4.36367805549186,1.458533975387908,0,6,1702.880259858354,3000,0.7431,2012-05-24
1,event,glc-4446,2012-07-05,7,28.999,94.889,5,Arunachal Pradesh,69.1,37.3,156.5,222.3,665,1060.9,341.626,4.5,7,4.3,30.75,65.95,289.14,0.428,0.428,0.428,24.8,22.7,0,592,4.722,95.194,-0.091,0.996,-0.378,115,2.356,2,4.7,open-meteo-era5,28.998,94.954,9.17,3.63,5.68884042166485,3.46315625486836,3.856415848782261,0,0,322.06495651259263,991.1907487454824,0.20450000000000002,2012-06-09
0,same_place_other_date,glc-4446,2025-07-11,7,28.999,94.889,5,Arunachal Pradesh,0.9,1.1,6.4,42.4,174.3,440.5,113.258,0.4,5,0,0.61,25.78,241.24,0.373,0.382,0.406,34.1,24.6,0,592,4.722,95.194,-0.091,0.996,-0.378,115,1.357,1,4.5,open-meteo-era5,28.998,94.954,9.17,3.63,0.23264267539076702,0.6605390247702134,1.6012359142130133,0,0,322.06495651259263,991.1907487454824,0.7571,2025-06-10
0,same_place_other_date,glc-4446,2020-05-24,5,28.999,94.889,5,Arunachal Pradesh,67.3,5.9,84.2,118,139.1,266.5,68.697,7.9,7,44.06,74.45,102.52,209.06,0.412,0.409,0.388,26.3,20.9,0,592,4.722,95.194,-0.091,0.996,-0.378,115,2.828,1,4.6,open-meteo-era5,28.998,94.954,4.65,3.63,6.03584229390681,3.625192012288786,1.9103942652329748,0,0,322.06495651259263,991.1907487454824,0.6904,2020-04-22
0,nearby_place_same_date,glc-4446,2012-07-05,7,28.956,94.72,5,Arunachal Pradesh,70.3,40.9,176,225.9,687.6,1254.7,373.496,4.6,7,4.3,30.75,65.95,289.14,0.428,0.428,0.429,15.7,14.1,0,2353,44.62,105.001,-0.259,0.966,1.411,783,2.377,2,4.7,open-meteo-era5,28.998,94.748,8.1,3.2,7.242798353909466,3.9841269841269846,5.163374485596708,0,0,3000,3000,0.0449,2012-06-09
1,event,glc-6783,2012-07-19,7,26.855,88.337,0.5,West Bengal,54.9,62.3,131.3,266.1,601.4,979.9,326.362,9.1,7,22.99,44.26,150.11,403.7,0.427,0.427,0.427,24.3,22.3,0,795,22.993,160.835,-0.945,0.328,0.755,449,1.755,1,4.7,open-meteo-era5,26.889,88.304,14.36,4.67,3.047818012999072,2.6472343812176686,2.2746053853296195,5,22,49.03896495352121,2551.4811082288543,0.8678,2012-06-25
0,same_place_other_date,glc-6783,2020-07-25,7,26.855,88.337,0.5,West Bengal,8.1,36.6,73.4,284.2,717.5,1483.2,441.495,4.7,7,4.64,40.01,155.58,817.97,0.426,0.427,0.428,26.8,21.3,0,795,22.993,160.835,-0.945,0.328,0.755,449,1,0,,open-meteo-era5,26.889,88.304,14.36,4.67,1.7038068709377903,2.8272980501392757,3.442896935933148,5,31,49.03896495352121,2551.4811082288543,0.4738,2020-06-25
0,same_place_other_date,glc-6783,2011-07-16,7,26.855,88.337,0.5,West Bengal,109.5,66.7,195.2,250.2,514.6,1159.3,314.401,14.8,7,6.41,37.64,111.28,467.26,0.428,0.429,0.429,23.4,21.8,0,795,22.993,160.835,-0.945,0.328,0.755,449,1,0,,open-meteo-era5,26.889,88.304,14.36,4.67,4.531104921077066,2.4890569040986867,2.6910399257195916,4,21,49.03896495352121,2551.4811082288543,0.09910000000000001,2011-06-26
0,nearby_place_same_date,glc-6783,2012-07-19,7,27.03,88.627,0.5,West Bengal,75.5,53.8,151.2,302.9,661.8,1051.9,346.507,10.9,7,21.46,41.57,135.33,403.73,0.418,0.429,0.416,20.9,17.9,0,1580,16.111,180,-1,0,0.383,442,1.961,1,4.7,open-meteo-era5,27.1,88.699,14.36,4.67,3.5097493036211698,3.0133306804615994,2.4417363045496754,0,1,848.2131755283189,836.5880986668352,0.2419,2012-06-25
1,event,glc-4552,2012-09-14,9,27.038,88.36,5,Sikkim,109.7,78.7,206.2,235.5,290.1,573.3,166.647,11.7,6,19.11,59.31,73.96,273.78,0.429,0.429,0.419,19.5,17,0,1468,16.832,145.217,-0.821,0.57,-0.163,442,1.006,0,,open-meteo-era5,27.03,88.3,8.78,4.67,7.828397873955961,3.8317604946306543,2.1765375854214124,0,24,200.214784527768,3000,0.45530000000000004,2012-08-12
0,same_place_other_date,glc-4552,2015-10-07,10,27.038,88.36,5,Sikkim,0.7,0.2,0.9,11.4,64.7,306.6,62.695,0.4,2,0,0,10.87,182.76,0.346,0.361,0.383,23.7,14.1,0,1468,16.832,145.217,-0.821,0.57,-0.163,442,1.422,7,4.5,open-meteo-era5,27.03,88.3,2.66,4.67,0.11278195488721804,0.6122448979591837,3.8421052631578947,0,32,200.214784527768,3000,0.8082,2015-09-14
0,same_place_other_date,glc-4552,2016-10-19,10,27.038,88.36,5,Sikkim,0,0,0,137.3,340.3,657.6,200.836,0,2,0,0,17.25,236.48,0.365,0.379,0.403,21.9,11.4,0,1468,16.832,145.217,-0.821,0.57,-0.163,442,1.502,1,4,open-meteo-era5,27.03,88.3,2.66,4.67,0,7.373791621911923,8.240601503759398,0,34,200.214784527768,3000,0.3447,2016-09-29
0,nearby_place_same_date,glc-4552,2012-09-14,9,27.033,88.251,5,Sikkim,109.7,78.7,206.2,235.5,290.1,573.3,166.647,11.7,6,19.11,59.31,73.96,273.78,0.429,0.429,0.424,17.7,16,0,1797,30.137,259.922,-0.175,-0.985,-0.796,527,1,0,,open-meteo-era5,27.03,88.2,8.78,4.67,7.828397873955961,3.8317604946306543,2.1765375854214124,8,10,609.5531052927014,1665.5872977993026,0.22110000000000002,2012-08-12
1,event,glc-4556,2012-09-16,9,27.168,88.365,5,Sikkim,70.3,72.6,228.7,355,451.2,878.2,322.037,9.3,7,36.17,98.58,150.96,343.09,0.43,0.43,0.437,19.4,15.5,0,1507,22.98,175.525,-0.997,0.078,0.202,401,1.002,0,,open-meteo-era5,27.241,88.395,8.78,4.67,8.682611996962795,5.77611454604621,3.3340926347760065,2,12,35.2093712912731,1244.4307603294142,0.7093,2012-08-28
0,same_place_other_date,glc-4556,2020-10-06,10,27.168,88.365,5,Sikkim,29.1,17.8,57.8,104.5,505.9,1063.4,250.233,4.7,7,4.89,10.91,18.31,568.19,0.423,0.422,0.403,20.7,16.9,0,1507,22.98,175.525,-0.997,0.078,0.202,401,3.372,2,5.3,open-meteo-era5,27.241,88.395,2.66,4.67,7.243107769423558,5.612244897959183,13.325814536340852,3,16,35.2093712912731,1244.4307603294142,0.4539,2020-09-13
0,same_place_other_date,glc-4556,2009-10-03,10,27.168,88.365,5,Sikkim,0.5,0.1,0.6,6.1,81.6,254.1,53.277,0.2,2,3.05,3.05,3.49,84.57,0.335,0.354,0.369,21.6,15.7,0,1507,22.98,175.525,-0.997,0.078,0.202,401,3.457,0,,open-meteo-era5,27.241,88.395,2.66,4.67,0.07518796992481203,0.3276047261009667,3.184210526315789,1,6,35.2093712912731,1244.4307603294142,0.6556000000000001,2009-09-14
0,nearby_place_same_date,glc-4556,2012-09-16,9,27.258,88.443,5,Sikkim,65.3,46.4,172,315.6,442,988.3,307.362,8.9,7,17.13,43.63,86.13,222.42,0.43,0.43,0.437,26.6,22.6,0,462,22.47,41.394,0.75,0.661,0.327,493,1.024,0,,open-meteo-era5,27.17,88.396,5.11,2.99,11.219830397912588,8.823036063740565,6.446836268754076,0,7,36.51535785967845,183.29109607194835,0.7777000000000001,2012-08-28
1,event,glc-4569,2012-09-19,9,27.839,88.556,10,,21.5,11.9,73.7,191.3,215,436.6,166.631,2,7,1.38,6.43,37.52,112.6,0.428,0.428,0.422,8.6,6.6,15.05,3827,19.629,229.205,-0.653,-0.757,-0.088,520,3.419,1,4.6,open-meteo-era5,27.803,88.583,2.6,1.73,9.448717948717949,10.510989010989013,5.597435897435898,0,3,520.759198326994,681.677204382954,0.6912,2012-08-28
0,same_place_other_date,glc-4569,2012-08-09,8,27.839,88.556,10,,3.9,8.1,12.8,34.2,123.1,406.7,85.659,0.9,5,4.34,11.78,22.1,143.01,0.428,0.425,0.429,11.7,7.2,0,3827,19.629,229.205,-0.653,-0.757,-0.088,520,2.007,3,4.9,open-meteo-era5,27.803,88.583,4.62,1.73,0.9235209235209236,1.0575139146567718,2.9343434343434343,0,3,520.759198326994,681.677204382954,0.2417,2012-07-11
0,same_place_other_date,glc-4569,2025-08-30,8,27.839,88.556,10,,5,31.4,56.8,73.3,101.5,196.7,84.487,4.2,6,2.72,16.99,31.45,150.92,0.422,0.409,0.285,13.7,7.7,0,3827,19.629,229.205,-0.653,-0.757,-0.088,520,2.134,2,4.1,open-meteo-era5,27.803,88.583,4.62,1.73,4.0981240981240985,2.266542980828695,1.4191919191919191,0,3,520.759198326994,681.677204382954,0.918,2025-07-28
0,nearby_place_same_date,glc-4569,2012-09-19,9,27.54,88.504,10,,20.1,7.2,67.3,296.1,403.5,928,316.617,2.1,7,5.16,19.03,89.34,220.17,0.422,0.423,0.42,22.4,19.6,0,1200,50.775,191.874,-0.979,-0.206,-0.648,884,3.95,1,4.6,open-meteo-era5,27.522,88.488,5.11,2.99,4.390084801043704,8.277886497064578,6.053489889106327,0,2,546.3745534954081,480.60127465119035,0.8214,2012-08-28
1,event,glc-4571,2012-09-19,9,27.656,88.605,10,,28.5,12.6,87.3,262.2,395.7,967.8,309.304,2.4,7,5.16,19.03,89.34,220.17,0.414,0.409,0.431,20.3,15.6,0,1935,2.756,212.471,-0.844,-0.537,-0.475,536,3.789,1,4.6,open-meteo-era5,27.592,88.587,5.11,2.99,5.694716242661447,7.330164942689404,6.313111545988257,0,3,21.215009373962445,71.24158455685026,0.8792000000000001,2012-08-28
0,same_place_other_date,glc-4571,2022-09-06,9,27.656,88.605,10,,20,15.2,63.2,183.3,204.2,324,151.915,3.7,7,12.52,28.07,94.59,330.65,0.419,0.425,0.426,22.4,16.9,0,1935,2.756,212.471,-0.844,-0.537,-0.475,536,1,0,,open-meteo-era5,27.592,88.587,5.11,2.99,4.122635355512068,5.124405926754263,2.1135029354207435,0,4,21.215009373962445,71.24158455685026,0.7396,2022-08-13
0,same_place_other_date,glc-4571,2011-09-17,9,27.656,88.605,10,,30.7,10.2,54.5,100.7,255.5,581.1,154.706,2.8,7,17.74,26.39,40.74,142.85,0.412,0.41,0.399,18.3,16.2,0,1935,2.756,212.471,-0.844,-0.537,-0.475,536,1,0,,open-meteo-era5,27.592,88.587,5.11,2.99,3.555120678408349,2.8152082750908582,3.790606653620352,0,1,21.215009373962445,71.24158455685026,0.786,2011-08-29
0,nearby_place_same_date,glc-4571,2012-09-19,9,27.735,88.47,10,,21.5,11.9,73.7,191.3,215,436.6,166.631,2,7,5.16,19.03,89.34,220.17,0.377,0.373,0.271,4.2,2.6,15.05,4722,26.965,226.177,-0.692,-0.721,0.049,423,3.579,1,4.6,open-meteo-era5,27.803,88.38,5.11,2.99,4.807566862361383,5.3480570310315905,2.8480104370515327,0,1,3000,3000,0.019700000000000002,2012-08-28
1,event,glc-4570,2012-09-19,9,27.846,95.225,1,Arunachal Pradesh,55.6,22.9,107.4,203.2,295.9,482.1,183.577,5.9,7,62.91,108.4,203.85,632.71,0.483,0.48,0.457,26.8,23.5,0,133,0.283,,0,0,-0.049,9,1.031,0,,open-meteo-era5,27.873,95.27,12.63,7.48,2.8345209817893906,2.2983825359122267,1.2723673792557402,0,0,293.92006470507175,3000,0.7401,2012-08-28
0,same_place_other_date,glc-4570,2015-10-20,10,27.846,95.225,1,Arunachal Pradesh,0.2,0,0.2,1.8,64.8,140.7,32.609,0.2,0,0,0,22.78,175.53,0.417,0.431,0.448,28.4,22,0,133,0.283,,0,0,-0.049,9,1,0,,open-meteo-era5,27.873,95.27,4.13,7.48,0.016142050040355124,0.06226219301279834,1.1355932203389831,0,0,293.92006470507175,3000,0.6917,2015-09-30
0,same_place_other_date,glc-4570,2018-08-14,8,27.846,95.225,1,Arunachal Pradesh,11.9,9.3,42,119.9,228.6,491.4,155.173,6.2,7,4.96,14.94,38.3,312.4,0.507,0.509,0.508,32.1,25.2,0,133,0.283,,0,0,-0.049,9,1,0,,open-meteo-era5,27.873,95.27,14.32,7.48,0.9776536312849162,1.1961292897047087,1.143854748603352,0,0,293.92006470507175,3000,0.7171000000000001,2018-07-12
0,nearby_place_same_date,glc-4570,2012-09-19,9,27.76,95.337,1,Arunachal Pradesh,55.6,22.9,107.4,203.2,295.9,482.1,183.577,5.9,7,56.69,96.48,202.14,606.4,0.495,0.486,0.456,26.9,23.6,0,121,0.499,,0,0,0.01,12,1.092,0,,open-meteo-era5,27.733,95.36,12.32,7.27,2.905844155844156,2.35621521335807,1.3043831168831168,0,0,3000,2423.9776532699,0.6542,2012-08-28
1,event,glc-4610,2012-11-11,11,23.771,92.522,5,Mizoram,0,0,0,32.3,45.2,64.2,30.339,0,4,0,0.09,28.72,36.8,0.375,0.38,0.361,27.3,17.3,0,76,4.011,350.218,0.985,-0.17,-0.245,195,4.279,4,4.6,open-meteo-era5,23.796,92.474,0.89,6,0,5.184590690208667,2.404494382022472,0,0,50.55820972771808,74.48599458840295,0.6843,2012-10-15
0,same_place_other_date,glc-4610,2015-11-11,11,23.771,92.522,5,Mizoram,0,0,0,0,13.7,42.7,7.188,0,0,0.01,0.02,0.02,20.5,0.298,0.313,0.349,28.9,20.5,0,76,4.011,350.218,0.985,-0.17,-0.245,195,3.189,5,4.8,open-meteo-era5,23.796,92.474,0.89,6,0,0,1.5992509363295881,0,0,50.55820972771808,74.48599458840295,0.6678000000000001,2015-10-16
0,same_place_other_date,glc-4610,2012-12-25,12,23.771,92.522,5,Mizoram,0,0,0,0,3.7,3.7,1.045,0,0,0,0,0,0.27,0.22,0.242,0.302,25,12,0,76,4.011,350.218,0.985,-0.17,-0.245,195,2.553,4,5.5,open-meteo-era5,23.796,92.474,0.59,6,0,0,0.2090395480225989,0,0,50.55820972771808,74.48599458840295,0.6309,2012-12-02
0,nearby_place_same_date,glc-4610,2012-11-11,11,23.89,92.396,5,Mizoram,0,0,0,28.3,41.3,69.3,27.633,0,4,0,0.09,28.72,36.8,0.375,0.38,0.36,26.3,16.1,0,164,16.048,101.962,-0.207,0.978,-0.218,164,4.213,4,4.6,open-meteo-era5,23.866,92.381,0.89,6,0,4.542536115569823,2.595505617977528,0,0,1431.2802213452721,1921.3242850469,0.8881,2012-10-15
1,event,glc-4757,2013-02-18,2,28.119,95.165,5,Arunachal Pradesh,10.4,11.2,21.7,21.7,21.8,26.2,11.56,1.9,2,2.93,5.34,5.34,5.34,0.261,0.235,0.284,16.3,10.4,0,785,33.9,213.749,-0.831,-0.556,-0.352,495,1.247,0,,open-meteo-era5,28.084,95.186,1.57,7.48,4.607218683651805,1.9745222929936306,0.5562632696390658,0,0,2461.3877758229537,3000,0.6955,2013-01-17
0,same_place_other_date,glc-4757,2026-03-14,3,28.119,95.165,5,Arunachal Pradesh,47.2,52.9,113.3,118.9,123.5,152.6,74.285,6.3,6,63.49,98.24,105.61,113.77,0.396,0.332,0.319,15.5,14.2,0,785,33.9,213.749,-0.831,-0.556,-0.352,495,1,0,,open-meteo-era5,28.084,95.186,2.97,7.48,12.716049382716049,5.719095719095718,1.7126823793490458,0,0,2461.3877758229537,3000,0.5992000000000001,2026-02-18
0,same_place_other_date,glc-4757,2020-01-22,1,28.119,95.165,5,Arunachal Pradesh,0.2,4.3,21.6,76.5,82.3,139.7,74.173,1.1,4,0,7.32,14.44,41.41,0.414,0.415,0.398,14.3,9.4,0,785,33.9,213.749,-0.831,-0.556,-0.352,495,1,0,,open-meteo-era5,28.084,95.186,0.58,7.48,12.413793103448278,18.842364532019705,8.028735632183908,0,0,2461.3877758229537,3000,0.8641000000000001,2020-01-01
0,nearby_place_same_date,glc-4757,2013-02-18,2,27.897,95.025,5,Arunachal Pradesh,12.8,17.9,31.5,31.8,32.2,41.4,19.475,3.2,2,2.93,5.34,5.34,5.34,0.228,0.215,0.269,20.3,14.5,0,255,1.93,,0,0,-0.37,159,1.181,0,,open-meteo-era5,27.873,95.068,1.57,7.48,6.687898089171974,2.8935395814376705,0.8789808917197451,0,0,3000,1671.884282756293,0.8392000000000001,2013-01-17
1,event,glc-4848,2013-05-08,5,24.09,91.466,5,Tripura,57.9,45,174.7,356.8,407.4,489.7,274.622,9.2,6,45.59,126.29,207.05,294.94,0.428,0.428,0.406,24,21.6,0,112,0.832,,0,0,0.064,51,1.338,2,4.6,open-meteo-era5,24.077,91.433,11.59,6.28,5.024446361806155,4.3978799457660545,1.4083980442910555,0,0,920.6605693282711,3000,0.651,2013-04-07
0,same_place_other_date,glc-4848,2008-04-18,4,24.09,91.466,5,Tripura,2.7,9.3,12,39.9,66.1,174.9,50.78,6.5,5,2.17,5.39,18.43,74.97,0.334,0.335,0.283,32.5,24.1,0,112,0.832,,0,0,0.064,51,1.583,4,4.6,open-meteo-era5,24.077,91.433,6.8,6.28,0.5882352941176471,0.838235294117647,0.8573529411764707,0,0,920.6605693282711,3000,0.6318,2008-03-21
0,same_place_other_date,glc-4848,2015-05-09,5,24.09,91.466,5,Tripura,0.1,0.7,0.8,1.7,56.8,279.4,66.108,0.3,0,0.27,22.62,30.02,235.19,0.353,0.366,0.393,31.5,22.9,0,112,0.832,,0,0,0.064,51,4.512,0,,open-meteo-era5,24.077,91.433,11.59,6.28,0.023008340523439752,0.020954024405275485,0.8035662927811331,0,0,920.6605693282711,3000,0.6597000000000001,2015-04-07
0,nearby_place_same_date,glc-4848,2013-05-08,5,23.828,91.356,5,Tripura,30.2,78.1,202.2,378.1,436.9,513,325.68,12.5,6,45.59,126.29,207.05,294.94,0.482,0.49,0.514,26.6,22.2,0,30,1.406,,0,0,0.064,29,1.352,2,4.6,open-meteo-era5,23.796,91.332,11.59,6.28,5.815358067299396,4.660421545667448,1.4754098360655739,0,0,950.8441242192475,566.1248642393952,0.5713,2013-04-07
1,event,glc-4859,2013-05-11,5,26.177,91.76,5,Assam,21.7,19.4,51.6,75.6,196.9,297.6,99.221,5,7,38.98,109.25,235.03,409.56,0.467,0.486,0.419,27.9,22.5,0,84,2.113,342.759,0.955,-0.296,0.501,38,3.634,3,4.4,open-meteo-era5,26.186,91.776,9.23,5.51,1.8634886240520043,1.170097508125677,1.074756229685807,6,8,283.4900264524133,1969.8444076591136,0.41190000000000004,2013-04-23
0,same_place_other_date,glc-4859,2025-04-04,4,26.177,91.76,5,Assam,0,0,0.1,0.2,3.6,51.6,6.379,0,0,0,4.07,6.46,22.81,0.145,0.339,0.273,33.6,21.3,0,84,2.113,342.759,0.955,-0.296,0.501,38,4.757,2,4.2,open-meteo-era5,26.186,91.776,7.67,5.51,0.00434593654932638,0.0037250884708511832,0.22425032594524122,14,33,283.4900264524133,1969.8444076591136,0.30410000000000004,2025-03-06
0,same_place_other_date,glc-4859,2022-04-25,4,26.177,91.76,5,Assam,0.7,0,6.3,38.3,98.4,240.1,63.074,0.6,4,0.69,6.1,40.06,283.03,0.432,0.411,0.326,31.1,20.8,0,84,2.113,342.759,0.955,-0.296,0.501,38,1,0,,open-meteo-era5,26.186,91.776,7.67,5.51,0.2737940026075619,0.7133544421680015,1.0434593654932638,14,33,283.4900264524133,1969.8444076591136,0.442,2022-04-07
0,nearby_place_same_date,glc-4859,2013-05-11,5,26.315,91.523,5,Assam,21.7,18.4,44,71.7,214,315.5,104.99,4.2,7,45.18,113.26,239.94,411.39,0.482,0.494,0.456,28,22.7,0,51,0.099,,0,0,0.095,9,3.16,3,4.4,open-meteo-era5,26.327,91.484,9.29,5.33,1.5787585217079299,1.1025680455174536,1.1320416218155724,0,0,135.31335434800604,65.72529930383291,0.6796,2013-04-23
1,event,glc-4857,2013-05-11,5,23.728,92.718,25,Mizoram,6.4,6.2,21.6,79.4,106.4,173.9,71.634,4.1,7,21.06,76.18,247.9,434.86,0.401,0.391,0.266,25.2,18.9,0,1077,18.059,259.265,-0.186,-0.982,0.517,240,2.065,4,4.6,open-meteo-era5,23.726,92.756,9.62,5.87,0.7484407484407485,1.1790911790911793,0.6025641025641026,7,7,9.647780280645998,3000,0.4082,2013-04-23
0,same_place_other_date,glc-4857,2016-06-20,6,23.728,92.718,25,Mizoram,1.2,1.6,5.5,67.8,218.1,316,123.194,0.4,7,3.26,6.64,54.8,291.95,0.408,0.412,0.416,25.2,18.8,0,1077,18.059,259.265,-0.186,-0.982,0.517,240,1.686,2,4.3,open-meteo-era5,23.726,92.756,13.45,5.87,0.13630731102850063,0.7201274561869357,0.7831474597273854,11,11,9.647780280645998,3000,0.5272,2016-05-24
0,same_place_other_date,glc-4857,2025-05-07,5,23.728,92.718,25,Mizoram,0.3,1.3,3.4,19,21.2,71.2,20.657,0.7,5,1.33,5.71,28.45,195.16,0.197,0.158,0.224,27.7,16.1,0,1077,18.059,259.265,-0.186,-0.982,0.517,240,1.683,1,4.1,open-meteo-era5,23.726,92.756,9.62,5.87,0.11781011781011781,0.2821502821502822,0.24670824670824676,11,11,9.647780280645998,3000,0.3687,2025-04-07
0,nearby_place_same_date,glc-4857,2013-05-11,5,23.706,93.003,25,Mizoram,3.5,8.9,22.2,77.4,111.1,171.1,74.811,4,7,13.72,42.92,137.81,261.75,0.403,0.392,0.257,28,21.2,0,743,24.66,356.878,0.999,-0.054,-0.49,511,2.279,4,4.6,open-meteo-era5,23.726,92.946,5.07,3.28,1.4595660749506902,2.180896027049873,1.1249178172255094,0,1,2559.301655638361,2415.400733843312,0.6663,2013-04-23
1,event,glc-4860,2013-05-11,5,26.102,91.691,5,Assam,29,7.4,39.2,73.1,108.2,138.3,47.905,10.1,7,38.98,109.25,235.03,409.56,0.454,0.482,0.378,27.8,22.3,0,114,23.491,19.245,0.944,0.33,0.302,123,3.576,3,4.4,open-meteo-era5,26.116,91.676,9.62,5.79,1.3582813582813584,1.0855360855360856,0.4792099792099793,2,8,106.84974745930074,380.1312397922702,0.4186,2013-04-23
0,same_place_other_date,glc-4860,2024-04-09,4,26.102,91.691,5,Assam,0,0,0,4.7,27.1,60.3,16.15,0,1,0,5.38,16.53,130.05,0.352,0.379,0.305,32.1,19.5,0,114,23.491,19.245,0.944,0.33,0.302,123,2.024,1,4.4,open-meteo-era5,26.116,91.676,7.97,5.79,0,0.08424448825954473,0.2521957340025094,5,26,106.84974745930074,380.1312397922702,0.38430000000000003,2024-03-21
0,same_place_other_date,glc-4860,2021-04-15,4,26.102,91.691,5,Assam,1.1,0,1.2,2.5,5.6,29.5,7.487,0.8,2,1.65,11.52,17.58,71.68,0.294,0.26,0.331,32.4,21.8,0,114,23.491,19.245,0.944,0.33,0.302,123,2.463,3,5.2,open-meteo-era5,26.116,91.676,7.97,5.79,0.05018820577164366,0.04481089801039613,0.12337933918862401,5,26,106.84974745930074,380.1312397922702,0.4511,2021-03-22
0,nearby_place_same_date,glc-4860,2013-05-11,5,25.924,91.6,5,Assam,22.2,12.4,38.5,94.1,162.6,200.6,81.21,6.7,7,38.98,109.25,235.03,409.56,0.498,0.495,0.406,25.5,19.4,0,432,11.231,108.877,-0.324,0.946,-0.207,321,3.379,3,4.4,open-meteo-era5,25.905,91.67,9.62,5.79,1.334026334026334,1.3973863973863976,0.6950796950796951,0,0,1988.962152215553,3000,0.6928000000000001,2013-04-23
1,event,glc-4861,2013-05-12,5,24.993,93.495,25,Assam,4.4,70,166.1,546.5,619.1,694.1,457.112,12,7,10.44,45.62,108.43,298.18,0.428,0.429,0.426,22.4,15.6,0,1138,6.664,272.951,0.051,-0.999,0.074,238,1.569,5,4.6,open-meteo-era5,24.991,93.585,5.84,3.7,9.480593607305936,13.368395303326812,3.9617579908675804,2,5,483.10237076961556,1539.9795933304847,0.6581,2013-04-23
0,same_place_other_date,glc-4861,2018-04-09,4,24.993,93.495,25,Assam,1.9,5.3,7.4,18.5,43.3,107,26.973,1.6,5,5.33,15.6,19.09,78.65,0.316,0.283,0.268,22,14.7,0,1138,6.664,272.951,0.051,-0.999,0.074,238,3.006,3,4.6,open-meteo-era5,24.991,93.585,4.35,3.7,0.5670498084291189,0.6075533661740559,0.8199233716475096,3,7,483.10237076961556,1539.9795933304847,0.5718,2018-03-22
0,same_place_other_date,glc-4861,2013-06-15,6,24.993,93.495,25,Assam,4.6,1.1,5.7,23.3,83.6,195.9,54.584,1.3,4,1.03,5.84,15.63,110.62,0.372,0.375,0.402,28,19.5,0,1138,6.664,272.951,0.051,-0.999,0.074,238,1,0,,open-meteo-era5,24.991,93.585,7.25,3.7,0.2620689655172414,0.45911330049261084,0.9006896551724138,2,5,483.10237076961556,1539.9795933304847,0.6264000000000001,2013-05-25
0,nearby_place_same_date,glc-4861,2013-05-12,5,24.934,93.353,25,Assam,4.2,86.5,192.1,586.7,650.9,702.2,486.759,19.8,7,14.25,66.1,147.77,378.46,0.428,0.428,0.426,24.3,17.7,0,820,16.478,304.401,0.565,-0.825,0.509,457,1.613,5,4.6,open-meteo-era5,24.921,93.387,5.84,3.7,10.964611872146119,14.351761252446186,4.00799086757991,0,1,3000,3000,0.7223,2013-04-23
1,event,glc-4906,2013-06-07,6,26.098,94.75,10,Nagaland,15.3,6.1,24.4,30.8,66.3,189.4,40.554,3.5,6,9.11,20.54,30.52,191.56,0.496,0.497,0.492,23.3,18.5,0,1554,7.167,40.301,0.763,0.647,0.179,337,1,0,,open-meteo-era5,26.046,94.726,7.94,3.91,1.0243492863140218,0.5541561712846347,0.7951301427371956,0,3,1520.0540840853707,3000,0.2743,2013-05-09
0,same_place_other_date,glc-4906,2016-05-01,5,26.098,94.75,10,Nagaland,1.4,0.5,2.3,5.4,168.5,221.1,73.506,0.7,2,10.09,22.64,43.32,222.41,0.474,0.469,0.478,22.7,16.1,0,1554,7.167,40.301,0.763,0.647,0.179,337,4.4,3,4.6,open-meteo-era5,26.046,94.726,5.87,3.91,0.1306076093128904,0.131418836699927,1.2555366269165247,1,4,1520.0540840853707,3000,0.7501,2016-04-06
0,same_place_other_date,glc-4906,2022-07-15,7,26.098,94.75,10,Nagaland,0,0.6,0.8,5,53.9,273.2,43.492,0.3,2,2.45,2.67,21.9,305.08,0.441,0.445,0.433,28.3,19.2,0,1554,7.167,40.301,0.763,0.647,0.179,337,1.334,1,4.3,open-meteo-era5,26.046,94.726,8.85,3.91,0.03013182674199624,0.08071025020177564,1.0290018832391714,1,4,1520.0540840853707,3000,0.7668,2022-06-26
0,nearby_place_same_date,glc-4906,2013-06-07,6,26.042,95.021,10,Nagaland,16.5,9.7,37.2,55.1,128.5,264.8,81.377,2.9,6,9.11,20.54,30.52,191.56,0.419,0.416,0.381,25.7,21.3,0,1153,33.361,217.06,-0.798,-0.603,0.707,489,1,0,,open-meteo-era5,26.046,94.923,7.94,3.91,1.561712846347607,0.9913637999280316,1.1116708648194793,0,0,3000,562.6279953067452,0.7442000000000001,2013-05-09
1,event,glc-4905,2013-06-07,6,26.098,94.703,25,Nagaland,15.3,6.1,24.4,30.8,66.3,189.4,40.554,3.5,6,9.11,20.54,30.52,191.56,0.496,0.497,0.492,22.3,17.5,0,1714,30.241,329.323,0.86,-0.51,-0.736,679,1,0,,open-meteo-era5,26.116,94.732,8.04,3.98,1.0116086235489221,0.5472636815920399,0.785240464344942,0,2,1625.866413940656,3000,0.14,2013-05-09
0,same_place_other_date,glc-4905,2019-07-04,7,26.098,94.703,25,Nagaland,51,109.4,187.7,226.3,290.6,535.2,215.83,26,7,4.84,32.81,68.1,330.3,0.507,0.509,0.512,22.7,18.2,0,1714,30.241,329.323,0.86,-0.51,-0.736,679,1.916,3,4.5,open-meteo-era5,26.116,94.732,8.77,3.98,7.134169517293804,3.686268121843949,2.0342075256556447,1,5,1625.866413940656,3000,0.7605000000000001,2019-06-10
0,same_place_other_date,glc-4905,2022-06-14,6,26.098,94.703,25,Nagaland,6.9,9,25.8,73.9,149.4,235.7,89.849,3.3,7,15.48,38.93,73.94,248.55,0.492,0.483,0.499,20.8,15.8,0,1714,30.241,329.323,0.86,-0.51,-0.736,679,1.998,2,4.3,open-meteo-era5,26.116,94.732,8.04,3.98,1.0696517412935325,1.3130774697938878,0.9771973466003316,1,5,1625.866413940656,3000,0.4732,2022-05-25
0,nearby_place_same_date,glc-4905,2013-06-07,6,25.742,94.645,25,Nagaland,15.1,5.2,22.5,27.5,69.5,194.5,40.543,2.9,6,5.28,14.76,17.93,159.46,0.478,0.489,0.474,23.4,18.2,0,1382,48.968,192.47,-0.976,-0.216,0.103,718,1,0,,open-meteo-era5,25.764,94.608,6.71,3.4,1.1177347242921014,0.585480093676815,0.9662195727769498,0,0,699.5225284299789,3000,0.31,2013-05-09
1,event,glc-4908,2013-06-08,6,27.372,88.708,25,Sikkim,16.4,13.6,49.2,93.3,275.6,361.2,151.845,1.9,7,10.3,15.09,35.18,164.71,0.429,0.428,0.418,14.1,9.4,0,3172,27.211,211.527,-0.852,-0.523,1.254,867,1.344,0,,open-meteo-era5,27.452,88.691,5.4,2.99,3.0370370370370368,2.468253968253968,2.2296296296296294,1,11,17.000167847277673,720.745409957063,0.0742,2013-05-09
0,same_place_other_date,glc-4908,2016-06-23,6,27.372,88.708,25,Sikkim,47.9,23,173.4,276.8,401.1,501.5,259.666,3.8,7,11.78,38.65,84.77,239.45,0.422,0.428,0.422,13.2,10.2,0,3172,27.211,211.527,-0.852,-0.523,1.254,867,1.188,1,4,open-meteo-era5,27.452,88.691,5.4,2.99,10.703703703703702,7.322751322751322,3.095679012345679,2,13,17.000167847277673,720.745409957063,0.39230000000000004,2016-05-24
0,same_place_other_date,glc-4908,2012-06-10,6,27.372,88.708,25,Sikkim,3.9,5,16,26,81.9,151.1,47.959,0.7,7,0.46,1.8,10.55,53.14,0.414,0.407,0.405,15.1,9.6,0.42,3172,27.211,211.527,-0.852,-0.523,1.254,867,2.774,2,4.3,open-meteo-era5,27.452,88.691,5.4,2.99,0.9876543209876542,0.6878306878306878,0.932716049382716,1,10,17.000167847277673,720.745409957063,0.385,2012-05-08
0,nearby_place_same_date,glc-4908,2013-06-08,6,27.53,88.378,25,Sikkim,23.6,27.3,77.6,148.8,332,605.1,212.368,3.1,7,12.73,20.19,43.88,168.82,0.427,0.428,0.427,10,6.2,0,3722,19.47,26.654,0.894,0.449,-0.6,456,1.432,0,,open-meteo-era5,27.522,88.287,5.4,2.99,4.7901234567901225,3.9365079365079363,3.7351851851851854,0,0,3000,1882.588592240353,0.009000000000000001,2013-05-09
1,event,glc-4990,2013-06-27,6,27.377,88.763,1,Sikkim,24.4,32.7,83.6,192.5,275.4,598.6,195.813,3.7,7,10.5,37.88,89.33,220.11,0.427,0.428,0.427,13.1,8.9,0,3761,19.891,194.744,-0.967,-0.254,-0.492,334,1,0,,open-meteo-era5,27.381,88.793,5.4,2.99,5.160493827160493,5.092592592592592,3.695061728395062,2,6,48.88160235835873,557.3600544725914,0.0356,2013-05-25
0,same_place_other_date,glc-4990,2011-07-01,7,27.377,88.763,1,Sikkim,18.9,47.1,135.6,230.9,456.4,565.2,279.218,3.7,7,18.17,48.26,77.65,180.37,0.428,0.429,0.427,10.9,8.3,0,3761,19.891,194.744,-0.967,-0.254,-0.492,334,3.692,1,5,open-meteo-era5,27.381,88.793,9.15,2.99,4.939890710382513,3.604996096799376,2.059016393442623,2,5,48.88160235835873,557.3600544725914,0.2675,2011-06-10
0,same_place_other_date,glc-4990,2014-05-18,5,27.377,88.763,1,Sikkim,2.2,1.9,8,18.2,112.9,162,57.342,0.5,7,0,0,5.17,62.31,0.379,0.382,0.395,11.8,3.6,3.01,3761,19.891,194.744,-0.967,-0.254,-0.492,334,1.135,0,,open-meteo-era5,27.381,88.793,3.57,2.99,0.7469654528478058,0.7282913165266106,1.512605042016807,3,7,48.88160235835873,557.3600544725914,0.2762,2014-04-23
0,nearby_place_same_date,glc-4990,2013-06-27,6,27.26,88.517,1,Sikkim,27.3,31.3,77.7,242.8,323,788.2,247.25,5.7,7,10.5,37.88,89.33,220.11,0.421,0.423,0.434,25.2,20.3,0,1146,9.59,117.681,-0.465,0.886,-0.27,355,1,0,,open-meteo-era5,27.241,88.495,5.4,2.99,4.796296296296296,6.423280423280423,4.8654320987654325,1,12,978.4730126607656,1784.4420888765583,0.598,2013-05-25
1,event,glc-5006,2013-07-01,7,26.115,94.386,1,Nagaland,15.5,29.7,60.5,101.5,207.3,273.1,124.925,4.1,7,9.11,27.57,97.88,195.91,0.498,0.477,0.51,30.2,26,0,353,1.601,,0,0,-0.491,206,1,0,,open-meteo-era5,26.116,94.337,8.77,3.98,2.2995058912960853,1.653363740022805,1.038008361839605,0,0,0.3793872079405436,41.58153165404883,0.8140000000000001,2013-06-10
0,same_place_other_date,glc-5006,2021-05-18,5,26.115,94.386,1,Nagaland,15.8,0.5,17.1,76.5,143.9,197.6,75.051,4,5,9.6,15.5,42.82,106.48,0.468,0.47,0.397,29.2,21.3,0,353,1.601,,0,0,-0.491,206,3.882,13,6,open-meteo-era5,26.116,94.337,6.08,3.98,0.9375,1.7974624060150375,1.0833333333333333,0,1,0.3793872079405436,41.58153165404883,0.5734,2021-04-23
0,same_place_other_date,glc-5006,2007-06-20,6,26.115,94.386,1,Nagaland,9.7,4,68.9,170.9,232,251.7,155.666,4.6,7,10.78,18.28,74.68,242.16,0.475,0.459,0.477,31.3,25.2,0,353,1.601,,0,0,-0.491,206,2.075,1,4.2,open-meteo-era5,26.116,94.337,8.04,3.98,2.856550580431178,3.0366027007818057,1.0435323383084578,0,0,0.3793872079405436,41.58153165404883,0.3428,2007-05-25
0,nearby_place_same_date,glc-5006,2013-07-01,7,26.356,94.108,1,Nagaland,7.9,17.2,31.3,79.3,149.2,221.9,96.188,3,7,13.21,32.24,124.01,252.73,0.497,0.494,0.508,30,25.6,0,112,0.909,,0,0,-0.038,13,1,0,,open-meteo-era5,26.397,94.059,10.39,4.77,1.0041706769329484,1.0903341124707822,0.7119024703240294,0,0,1750.4933689398972,3000,0.6255000000000001,2013-06-10
1,event,glc-5005,2013-07-01,7,26.72,95.029,5,Nagaland,28.8,33.4,72.6,139,247.6,387.8,149.232,4,7,14.44,33.33,111.85,271.64,0.484,0.491,0.513,26.2,22.4,0,689,10.006,165.579,-0.968,0.249,-0.153,195,1,0,,open-meteo-era5,26.749,95.077,10.5,4.65,2.3047619047619046,1.8911564625850341,1.231111111111111,2,2,78.21535426470781,2046.1474691588037,0.37260000000000004,2013-06-10
0,same_place_other_date,glc-5005,2023-05-24,5,26.72,95.029,5,Nagaland,12,2.3,35.6,82.3,131.6,220.4,83.663,6.4,7,11.94,17.34,62.42,155.7,0.487,0.494,0.469,27,20.2,0,689,10.006,165.579,-0.968,0.249,-0.153,195,2.455,3,5,open-meteo-era5,26.749,95.077,7.12,4.65,1.6666666666666667,1.6512841091492776,1.0318352059925093,3,3,78.21535426470781,2046.1474691588037,0.39840000000000003,2023-04-23
0,same_place_other_date,glc-5005,2009-05-20,5,26.72,95.029,5,Nagaland,0.8,0.6,16.3,52.2,86.6,147.2,61.498,0.2,4,0.48,1.17,8.49,165,0.458,0.475,0.461,28.1,19.3,0,689,10.006,165.579,-0.968,0.249,-0.153,195,1.633,2,4.7,open-meteo-era5,26.749,95.077,7.12,4.65,0.7631086142322098,1.0473515248796148,0.6891385767790262,0,0,78.21535426470781,2046.1474691588037,0.3679,2009-04-23
0,nearby_place_same_date,glc-5005,2013-07-01,7,26.567,94.897,5,Nagaland,20,37.2,66.7,125.5,217,336.4,138.906,5.9,7,14.44,33.33,111.85,271.64,0.479,0.49,0.508,28.7,24.8,0,415,17.742,324.615,0.815,-0.579,0.409,148,1,0,,open-meteo-era5,26.608,94.868,10.5,4.65,2.1174603174603175,1.7074829931972788,1.067936507936508,0,1,1433.467482891993,808.2816783289819,0.8479,2013-06-10
1,event,glc-5084,2013-07-12,7,25.616,94.117,10,Nagaland,27.7,14.6,44.4,91,257.2,480.3,136.836,2.8,7,18.68,107.07,129.82,306.22,0.498,0.492,0.479,24.1,18.2,0,1588,23.109,104.942,-0.258,0.966,-0.384,438,2.261,2,4.3,open-meteo-era5,25.624,94.109,7.3,3.58,2.0273972602739727,1.7808219178082192,2.1931506849315068,3,11,20.359654298547593,1960.9046742679868,0.6498,2013-06-10
0,same_place_other_date,glc-5084,2010-06-25,6,25.616,94.117,10,Nagaland,38.5,30.8,91.4,194.2,361,736,233.722,5.6,7,8.49,15.76,60.83,329.03,0.494,0.496,0.477,24.6,19.1,0,1588,23.109,104.942,-0.258,0.966,-0.384,438,1.718,3,4.6,open-meteo-era5,25.624,94.109,7.03,3.58,4.3338074917022285,3.9463523674049985,3.489805595068753,0,4,20.359654298547593,1960.9046742679868,0.1231,2010-05-25
0,same_place_other_date,glc-5084,2023-07-27,7,25.616,94.117,10,Nagaland,18.7,29.3,75.3,134.1,234.1,582.6,170.642,15.7,6,4.52,42.9,80.32,269.19,0.497,0.505,0.489,23.5,17.2,0,1588,23.109,104.942,-0.258,0.966,-0.384,438,1.881,7,4.6,open-meteo-era5,25.624,94.109,7.3,3.58,3.4383561643835616,2.62426614481409,2.66027397260274,8,16,20.359654298547593,1960.9046742679868,0.0724,2023-06-26
0,nearby_place_same_date,glc-5084,2013-07-12,7,25.782,94.221,10,Nagaland,48.1,19.6,72.5,140.1,293,461,152.489,4.6,7,16.83,75.85,100.3,313.13,0.496,0.495,0.478,24.3,20.9,0,879,6.99,80.91,0.158,0.987,0.619,379,2.21,2,4.3,open-meteo-era5,25.764,94.216,8.03,3.86,3.009547530095476,2.492439067781534,1.9136571191365714,0,2,681.3957887381506,545.9066123603632,0.8170000000000001,2013-06-10
1,event,glc-5087,2013-07-12,7,25.627,94.114,10,Nagaland,27.1,9.6,39.1,83,298.3,530,148.122,5,7,18.68,107.07,129.82,306.22,0.498,0.492,0.479,24.4,18.5,0,1572,11.838,33.232,0.836,0.548,-0.178,335,2.272,2,4.3,open-meteo-era5,25.624,94.109,7.3,3.58,1.7853881278538815,1.62426614481409,2.4200913242009134,5,11,12.068987066293536,831.4850153536217,0.7342000000000001,2013-06-10
0,same_place_other_date,glc-5087,2014-08-20,8,25.627,94.114,10,Nagaland,19.7,2.5,30.8,181.3,272.7,635.3,200.817,6.5,7,2.39,6.81,65.05,184.7,0.49,0.492,0.5,23.9,19.3,0,1572,11.838,33.232,0.836,0.548,-0.178,335,2.846,4,5,open-meteo-era5,25.624,94.109,6.32,3.58,1.6244725738396624,4.098101265822785,3.350738396624472,7,13,12.068987066293536,831.4850153536217,0.1762,2014-07-28
0,same_place_other_date,glc-5087,2017-08-12,8,25.627,94.114,10,Nagaland,13.5,18,33.4,159.5,275.2,510,175.089,2.6,7,10.63,25.32,70.68,290.44,0.506,0.498,0.475,21,18.4,0,1572,11.838,33.232,0.836,0.548,-0.178,335,2.913,5,5.1,open-meteo-era5,25.624,94.109,6.32,3.58,1.761603375527426,3.6053345388788425,2.6898734177215187,10,16,12.068987066293536,831.4850153536217,0.1471,2017-07-12
0,nearby_place_same_date,glc-5087,2013-07-12,7,25.682,94.29,10,Nagaland,48.1,19.6,72.5,140.1,293,461,152.489,4.6,7,18.68,107.07,129.82,306.22,0.46,0.488,0.455,20.5,17.2,0,1604,24.858,351.743,0.99,-0.144,-0.178,464,2.083,2,4.3,open-meteo-era5,25.624,94.304,7.38,3.4,3.274616079494128,2.7119628339140536,2.082204155374887,0,0,60.37266561695865,3000,0.7567,2013-06-10
1,event,glc-5107,2013-07-15,7,25.627,94.114,10,Nagaland,12,14.4,37,80.8,215.1,538.8,153.418,3.9,7,14.57,35.52,150.03,338.29,0.506,0.504,0.498,24.5,19.4,0,1572,11.838,33.232,0.836,0.548,-0.178,335,2.272,2,4.3,open-meteo-era5,25.624,94.109,7.3,3.58,1.6894977168949772,1.5812133072407044,2.4602739726027396,7,13,12.068987066293536,831.4850153536217,0.0674,2013-06-26
0,same_place_other_date,glc-5107,2022-08-19,8,25.627,94.114,10,Nagaland,2.9,2.5,7.6,24.5,52.3,331.2,57.894,1,7,0.46,2.81,12.11,176.6,0.454,0.445,0.44,25.7,18.5,0,1572,11.838,33.232,0.836,0.548,-0.178,335,1.747,1,4.6,open-meteo-era5,25.624,94.109,6.32,3.58,0.4008438818565401,0.5537974683544303,1.7468354430379744,10,16,12.068987066293536,831.4850153536217,0.7835000000000001,2022-07-28
0,same_place_other_date,glc-5107,2016-07-04,7,25.627,94.114,10,Nagaland,13.6,79.3,131.8,198.5,301.4,620,246.064,9.2,7,11.75,51.19,82.72,303,0.476,0.477,0.492,24.9,19.3,0,1572,11.838,33.232,0.836,0.548,-0.178,335,2.238,2,4.7,open-meteo-era5,25.624,94.109,7.3,3.58,6.018264840182649,3.8845401174168295,2.8310502283105023,10,16,12.068987066293536,831.4850153536217,0.195,2016-06-09
0,nearby_place_same_date,glc-5107,2013-07-15,7,25.503,93.815,10,Nagaland,19,13.7,41.9,75.1,179,476.2,125.394,3.5,6,20.44,35.24,142.27,334.56,0.437,0.439,0.442,29.2,23.4,0,748,21.331,261.82,-0.142,-0.99,0.215,349,2.495,2,4.3,open-meteo-era5,25.554,93.713,7.3,3.58,1.91324200913242,1.4696673189823872,2.1744292237442924,0,0,1237.244770873835,1561.2530643513314,0.15860000000000002,2013-06-26
1,event,glc-5250,2013-08-01,8,27.884,93.052,10,Arunachal Pradesh,17.7,7.2,31.9,114.3,499.2,1190.9,290.912,5.3,7,9.91,35.1,51.34,309.29,0.413,0.414,0.412,23.7,17.4,0,1590,37.2,152.935,-0.89,0.455,-0.798,425,1,3,4.2,open-meteo-era5,27.803,93.037,8.32,4.05,1.2780448717948716,1.9625686813186811,4.7712339743589745,0,0,3000,3000,0.6511,2013-07-12
0,same_place_other_date,glc-5250,2023-06-30,6,27.884,93.052,10,Arunachal Pradesh,36,12.9,56.3,78.6,241.2,673.9,169.116,4.9,7,4.1,18.96,44.84,325.56,0.418,0.418,0.403,21.2,17.4,0,1590,37.2,152.935,-0.89,0.455,-0.798,425,1.532,2,4.3,open-meteo-era5,27.803,93.037,8.72,4.05,2.152140672782874,1.287680209698558,2.576070336391437,0,0,3000,3000,0.2102,2023-06-10
0,same_place_other_date,glc-5250,2012-07-28,7,27.884,93.052,10,Arunachal Pradesh,63.3,26.3,100.8,288.7,778.9,1625.7,454.749,4.2,7,22.89,47.54,73.48,324.51,0.428,0.427,0.422,20.8,18.2,0,1590,37.2,152.935,-0.89,0.455,-0.798,425,2.689,1,4.7,open-meteo-era5,27.803,93.037,10.82,4.05,3.1053604436229203,3.811724320042249,5.008317929759704,0,0,3000,3000,0.1827,2012-06-25
0,nearby_place_same_date,glc-5250,2013-08-01,8,27.916,93.196,10,Arunachal Pradesh,7.5,6.2,21.5,66.3,351.7,734,189.909,2.8,7,9.91,35.1,51.34,309.29,0.413,0.414,0.412,23.2,16.6,0,1832,22.381,315,0.707,-0.707,0.263,525,1,3,4.2,open-meteo-era5,28.014,93.251,8.32,4.05,0.8613782051282051,1.138392857142857,2.9407051282051277,0,0,3000,3000,0.09920000000000001,2013-07-12
1,event,glc-5271,2013-08-04,8,26.284,94.581,5,Nagaland,9.3,3.8,30,66.4,227.9,364.2,125.277,2.9,7,5.53,15.66,54.81,307.87,0.494,0.5,0.489,29.4,22.7,0,718,20.804,19.247,0.944,0.33,-0.464,270,1.934,3,5,open-meteo-era5,26.327,94.549,9.34,4.8,1.0706638115631693,1.0156011012542063,1.2997858672376874,0,3,721.3994344194871,599.7312733563208,0.9004000000000001,2013-07-12
0,same_place_other_date,glc-5271,2015-07-24,7,26.284,94.581,5,Nagaland,39.4,51.3,116.1,239.1,370.8,629,247.478,9.3,7,15.43,57.1,109.45,321.41,0.48,0.497,0.511,25.7,22.5,0,718,20.804,19.247,0.944,0.33,-0.464,270,1.688,5,4.5,open-meteo-era5,26.327,94.549,10.73,4.8,3.6067101584342964,3.183331114365597,1.954022988505747,0,5,721.3994344194871,599.7312733563208,0.8543000000000001,2015-06-26
0,same_place_other_date,glc-5271,2010-09-02,9,26.284,94.581,5,Nagaland,14.1,1.4,20.7,65.6,156.6,339.5,91.319,7.4,7,3.01,17.72,93.23,326.95,0.472,0.479,0.488,28,22.5,0,718,20.804,19.247,0.944,0.33,-0.464,270,2.167,5,4.7,open-meteo-era5,26.327,94.549,7.59,4.8,0.9090909090909091,1.2347073216638433,1.4909969257795346,0,2,721.3994344194871,599.7312733563208,0.6302,2010-08-13
0,nearby_place_same_date,glc-5271,2013-08-04,8,26.49,94.581,5,Nagaland,10.1,2,29.9,92,295.1,398.6,150.246,1.4,7,5.53,15.66,54.81,307.87,0.467,0.465,0.499,31.4,24.8,0,322,8.833,279.019,0.157,-0.988,0.57,144,1.822,3,5,open-meteo-era5,26.538,94.565,9.34,4.8,1.067094932191292,1.4071581523401653,1.4225553176302643,0,0,1331.4833709524662,144.15817368151602,0.8609,2013-07-12
1,event,glc-5268,2013-08-04,8,26.014,94.516,25,Nagaland,4.9,1.3,17.4,35.6,134.9,339.1,89.834,1.1,6,5.78,14.93,47.43,290.88,0.448,0.463,0.5,24,17.3,0,1725,10.809,220.878,-0.756,-0.654,0.292,324,2.09,3,5,open-meteo-era5,26.046,94.628,7.59,3.98,0.764163372859025,0.6700545830980614,1.4892402283706634,1,1,808.223147520891,3000,0.3846,2013-07-12
0,same_place_other_date,glc-5268,2007-07-07,7,26.014,94.516,25,Nagaland,11.2,18.6,31.7,43.3,142,485.9,107.11,4.9,6,9.36,15.03,31.22,198.78,0.485,0.483,0.469,23.3,18,0,1725,10.809,220.878,-0.756,-0.654,0.292,324,4.908,4,5.2,open-meteo-era5,26.046,94.628,8.77,3.98,1.2048650703154695,0.7053266004235217,1.846826301786393,0,0,808.223147520891,3000,0.2406,2007-06-10
0,same_place_other_date,glc-5268,2010-08-07,8,26.014,94.516,25,Nagaland,1.9,7.8,10,57.9,149.2,348.8,101.907,2.1,6,1.69,2.12,23.33,241.25,0.484,0.492,0.482,23.8,17.4,0,1725,10.809,220.878,-0.756,-0.654,0.292,324,1.498,3,4.6,open-meteo-era5,26.046,94.628,7.59,3.98,0.43917435221783047,1.0897797854319593,1.5318401405357929,1,1,808.223147520891,3000,0.23390000000000002,2010-07-12
0,nearby_place_same_date,glc-5268,2013-08-04,8,25.812,94.403,25,Nagaland,5.8,1.2,16.6,28.3,93.1,341.1,75.052,2.3,5,5.78,14.93,47.43,290.88,0.471,0.486,0.466,23,16.3,0,1899,26.57,315.196,0.71,-0.705,0.235,510,2.208,3,5,open-meteo-era5,25.764,94.412,7.59,3.98,0.7290294246815987,0.5326557500470545,1.49802371541502,0,0,162.31638297044432,3000,0.9695,2013-07-12
1,event,glc-5273,2013-08-04,8,26.181,94.55,5,Nagaland,9.3,3.8,30,66.4,227.9,364.2,125.277,2.9,7,5.78,14.93,47.43,290.88,0.488,0.491,0.467,24.4,17.9,0,1637,20.827,178.353,-1,0.029,-0.463,651,1.992,3,5,open-meteo-era5,26.116,94.633,7.59,3.98,1.3175230566534915,1.249764728025598,1.5994729907773386,0,0,3000,2350.9030255688426,0.7881,2013-07-12
0,same_place_other_date,glc-5273,2021-09-05,9,26.181,94.55,5,Nagaland,21.3,1.8,25.4,77.6,189.8,381.4,108.792,5.5,7,1.34,7.52,56.21,237.92,0.484,0.488,0.473,22.5,17.6,0,1637,20.827,178.353,-1,0.029,-0.463,651,2.442,3,4.9,open-meteo-era5,26.116,94.633,6.18,3.98,1.3700107874865157,1.793804900601017,2.057173678532902,1,5,3000,2350.9030255688426,0.37,2021-08-13
0,same_place_other_date,glc-5273,2012-07-24,7,26.181,94.55,5,Nagaland,48.5,54.6,108,168.9,296.7,496.2,176.599,8.3,7,5.65,18.41,38.7,240.91,0.49,0.494,0.503,19.4,16.8,0,1637,20.827,178.353,-1,0.029,-0.463,651,4.583,7,5.6,open-meteo-era5,26.116,94.633,8.77,3.98,4.104903078677309,2.7512624205896725,1.8859749144811861,0,0,3000,2350.9030255688426,0.4108,2012-06-25
0,nearby_place_same_date,glc-5273,2013-08-04,8,26.079,94.277,5,Nagaland,7.4,2.8,23.7,69.1,258,417.1,135.967,1.8,7,5.78,14.93,47.43,290.88,0.452,0.475,0.483,22.3,16.3,0,1679,32.656,94.998,-0.087,0.996,0.349,468,2.142,3,5,open-meteo-era5,26.046,94.234,7.59,3.98,1.0408432147562583,1.300583474496518,1.831796223100571,0,1,976.4673187880727,3000,0.5913,2013-07-12
1,event,glc-5272,2013-08-04,8,26.208,94.544,1,Nagaland,9.3,3.8,30,66.4,227.9,364.2,125.277,2.9,7,5.78,14.93,47.43,290.88,0.479,0.484,0.481,25.3,18.8,0,1482,11.342,287.996,0.309,-0.951,0.68,397,1.976,3,5,open-meteo-era5,26.186,94.539,7.59,3.98,1.3175230566534915,1.249764728025598,1.5994729907773386,0,3,3000,3000,0.8385,2013-07-12
0,same_place_other_date,glc-5272,2017-07-27,7,26.208,94.544,1,Nagaland,9.4,7,30.7,100,206.2,617.4,163.7,5.2,7,11.53,35.53,73.32,498.33,0.502,0.512,0.51,22.7,18.4,0,1482,11.342,287.996,0.309,-0.951,0.68,397,2.134,5,4.9,open-meteo-era5,26.186,94.539,8.77,3.98,1.1668567084758648,1.6289297931259163,2.346636259977195,1,9,3000,3000,0.2195,2017-06-26
0,same_place_other_date,glc-5272,2014-09-14,9,26.208,94.544,1,Nagaland,17.4,14.2,35.6,67.7,174.6,392.7,106.513,5.1,7,4.56,21.78,55.44,201.27,0.483,0.473,0.481,22.8,17.6,0,1482,11.342,287.996,0.309,-0.951,0.68,397,2.435,5,5,open-meteo-era5,26.186,94.539,6.18,3.98,1.9201725997842505,1.5649560795191864,2.1181229773462786,1,7,3000,3000,0.1014,2014-08-13
0,nearby_place_same_date,glc-5272,2013-08-04,8,26.496,94.485,1,Nagaland,10.1,2,29.9,92,295.1,398.6,150.246,1.4,7,5.53,15.66,54.81,307.87,0.44,0.47,0.493,27.8,21.1,0,895,20.705,100.586,-0.184,0.983,0.731,427,1.816,3,5,open-meteo-era5,26.467,94.46,9.34,4.8,1.067094932191292,1.4071581523401653,1.4225553176302643,0,0,1245.8491531405234,3000,0.3745,2013-07-12
1,event,glc-5274,2013-08-04,8,26.084,94.564,25,Nagaland,4.9,1.3,17.4,35.6,134.9,339.1,89.834,1.1,6,5.78,14.93,47.43,290.88,0.488,0.491,0.467,23.2,16.7,0,1835,16.434,98.997,-0.156,0.988,0.198,336,2.05,3,5,open-meteo-era5,26.046,94.628,7.59,3.98,0.764163372859025,0.6700545830980614,1.4892402283706634,0,2,211.98419126151364,3000,0.9026000000000001,2013-07-12
0,same_place_other_date,glc-5274,2018-08-13,8,26.084,94.564,25,Nagaland,36,26,66.8,180.1,421.6,771.6,240.268,11.5,6,11.37,53.9,94.18,402.46,0.506,0.51,0.506,20.5,16.7,0,1835,16.434,98.997,-0.156,0.988,0.198,336,1.017,2,4.4,open-meteo-era5,26.046,94.628,7.59,3.98,2.9336846728151076,3.3897986071899116,3.3886693017127802,0,9,211.98419126151364,3000,0.2636,2018-07-12
0,same_place_other_date,glc-5274,2007-07-07,7,26.084,94.564,25,Nagaland,11.2,18.6,31.7,43.3,142,485.9,107.11,4.9,6,9.36,15.03,31.22,198.78,0.494,0.495,0.479,22.4,17.4,0,1835,16.434,98.997,-0.156,0.988,0.198,336,4.632,4,5.2,open-meteo-era5,26.046,94.628,8.77,3.98,1.2048650703154695,0.7053266004235217,1.846826301786393,0,0,211.98419126151364,3000,0.24750000000000003,2007-06-10
0,nearby_place_same_date,glc-5274,2013-08-04,8,26.102,94.954,25,Nagaland,17.9,7.8,46.8,108.2,242.2,594.8,164.051,6.1,7,20.58,23.57,59.87,325.91,0.437,0.442,0.448,29.7,23,0,875,30.564,36.304,0.806,0.592,-0.094,354,2.036,3,5,open-meteo-era5,26.046,94.923,7.64,3.91,2.0418848167539267,2.0231862378459238,2.595113438045375,0,2,3000,789.2561857357261,0.7429,2013-07-12
1,event,glc-5275,2013-08-04,8,26.15,94.606,10,Nagaland,9.3,3.8,30,66.4,227.9,364.2,125.277,2.9,7,5.78,14.93,47.43,290.88,0.488,0.491,0.467,24,17.5,0,1700,26.873,174.084,-0.995,0.103,-0.453,497,2.012,3,5,open-meteo-era5,26.116,94.633,7.59,3.98,1.3175230566534915,1.249764728025598,1.5994729907773386,0,1,49.11899943945434,3000,0.4345,2013-07-12
0,same_place_other_date,glc-5275,2014-07-21,7,26.15,94.606,10,Nagaland,28.8,5.7,51.8,154.6,238.5,498.6,159.665,5.3,7,5.35,14.45,37.56,187.71,0.49,0.48,0.477,23.5,17.9,0,1700,26.873,174.084,-0.995,0.103,-0.453,497,1.822,2,4.3,open-meteo-era5,26.116,94.633,8.77,3.98,1.968833143291524,2.5183254601726666,1.8950969213226914,0,4,49.11899943945434,3000,0.3534,2014-06-26
0,same_place_other_date,glc-5275,2012-06-22,6,26.15,94.606,10,Nagaland,38.2,38.8,118.5,192.4,249,500.7,187.231,10,7,21.11,50.91,56.82,266.4,0.482,0.481,0.511,22.3,17.8,0,1700,26.873,174.084,-0.995,0.103,-0.453,497,1.572,3,4.7,open-meteo-era5,26.116,94.633,8.04,3.98,4.912935323383085,3.41862117981521,2.075870646766169,0,0,49.11899943945434,3000,0.323,2012-05-24
0,nearby_place_same_date,glc-5275,2013-08-04,8,26.379,94.909,10,Nagaland,16.8,8.8,38.8,97.2,246.4,457.8,146.471,3.4,7,12.56,15.5,52.24,311.57,0.464,0.46,0.439,31.5,25.1,0,489,4.523,270.881,0.015,-1,0.019,176,1.88,3,5,open-meteo-era5,26.467,94.857,9.08,4.65,1.424375917767988,1.5292636878539962,1.6806167400881058,0,1,1541.871015460004,18.671985362834498,0.46430000000000005,2013-07-12
1,event,glc-5312,2013-08-11,8,26.71,94.693,10,Assam,26.4,17.6,50.8,105.7,200.9,396.9,127.257,5.6,7,6.1,12.29,114,349.21,0.483,0.48,0.491,25.4,20.8,0,685,11.853,256.206,-0.238,-0.971,-0.381,318,1.711,0,,open-meteo-era5,26.678,94.773,9.34,4.8,1.8129907209136331,1.6167023554603857,1.4164882226980728,0,0,19.67736050897605,3000,0.6774,2013-07-12
0,same_place_other_date,glc-5312,2025-07-09,7,26.71,94.693,10,Assam,10.5,9.2,21.7,91.8,219.3,499.9,150.566,5.1,7,4,25.15,110.31,324.21,0.487,0.494,0.462,29.4,21.1,0,685,11.853,256.206,-0.238,-0.971,-0.381,318,1.781,4,4.4,open-meteo-era5,26.678,94.773,10.73,4.8,0.6741223982603293,1.2222074291039808,1.5529667598633115,0,0,19.67736050897605,3000,0.7925000000000001,2025-06-10
0,same_place_other_date,glc-5312,2018-07-03,7,26.71,94.693,10,Assam,11.5,13,32.6,118.5,205.1,476.9,146.146,4.6,7,11.33,27.4,77.98,318.72,0.499,0.508,0.483,26.6,23.2,0,685,11.853,256.206,-0.238,-0.971,-0.381,318,2.213,4,4.9,open-meteo-era5,26.678,94.773,10.73,4.8,1.0127368748058405,1.5776860604446812,1.4815159987573778,0,0,19.67736050897605,3000,0.7942,2018-06-10
0,nearby_place_same_date,glc-5312,2013-08-11,8,26.865,94.546,10,Assam,24.3,10.2,45.4,109.4,200.3,418.6,131.301,3.1,7,13.04,22.83,138.7,413.73,0.486,0.488,0.499,29.7,24.4,0,96,0.754,,0,0,0,14,1.634,0,,open-meteo-era5,26.889,94.59,11.41,5.84,1.3263219398188721,1.3697258044322023,1.2229038854805727,0,0,302.6737092450843,3000,0.316,2013-07-12
1,event,glc-5427,2013-08-15,8,25.383,94.188,5,Nagaland,8.1,19.8,41.8,133.6,283.9,415.8,177.442,3.1,7,4.08,74.99,91.33,275.76,0.492,0.494,0.483,23,16.5,0,1689,17.132,229.764,-0.646,-0.763,0.466,273,2.465,2,5,open-meteo-era5,25.413,94.193,6.32,3.58,2.20464135021097,3.019891500904159,2.193037974683544,0,7,468.78283695406753,3000,0.47350000000000003,2013-07-28
0,same_place_other_date,glc-5427,2012-08-07,8,25.383,94.188,5,Nagaland,17.2,17.6,55.7,158.2,262.7,427.5,164.139,7,7,4.54,21.54,50.54,220.92,0.478,0.494,0.487,22,17.2,0,1689,17.132,229.764,-0.646,-0.763,0.466,273,4.578,11,5.7,open-meteo-era5,25.413,94.193,6.32,3.58,2.9377637130801686,3.575949367088607,2.2547468354430378,0,7,468.78283695406753,3000,0.8592000000000001,2012-07-11
0,same_place_other_date,glc-5427,2010-07-13,7,25.383,94.188,5,Nagaland,1.6,25,47,60.4,206.5,524.8,142.221,8.1,7,9.41,25.93,34.71,232.82,0.475,0.492,0.493,24.3,16.9,0,1689,17.132,229.764,-0.646,-0.763,0.466,273,1.577,3,4.4,open-meteo-era5,25.413,94.193,7.3,3.58,2.146118721461187,1.181996086105675,2.39634703196347,0,1,468.78283695406753,3000,0.6405000000000001,2010-06-10
0,nearby_place_same_date,glc-5427,2013-08-15,8,25.357,94.394,5,Nagaland,6.5,62,80.8,183.2,350.4,519.3,231.238,9.7,7,4.08,74.99,91.33,275.76,0.471,0.493,0.493,26.1,19.7,0,1166,12.568,189.972,-0.985,-0.173,0.317,470,2.521,2,5,open-meteo-era5,25.343,94.383,6.16,3.4,4.372294372294372,4.24860853432282,2.8100649350649345,0,2,413.08864125513264,881.2486053952333,0.6002000000000001,2013-07-28
1,event,glc-5338,2013-08-16,8,26.873,94.928,25,Assam,16.4,27.6,56.2,127.8,254.8,542.7,171.256,5.2,7,36.7,45.85,83.15,404.03,0.491,0.491,0.499,30.1,24.5,0,133,2.081,289.654,0.336,-0.942,-0.019,70,2.228,1,4.3,open-meteo-era5,26.889,94.889,10.38,5.42,1.804752729608221,1.7588769611890995,1.7427745664739884,0,1,3000,451.4109224306205,0.9028,2013-07-28
0,same_place_other_date,glc-5338,2025-07-14,7,26.873,94.928,25,Assam,13.4,0,13.7,24.6,101.1,325.6,60.826,6.5,3,10.27,10.33,19.83,311.57,0.349,0.436,0.447,35.2,26.2,0,133,2.081,289.654,0.336,-0.942,-0.019,70,1.527,5,4.5,open-meteo-era5,26.889,94.889,12.42,5.42,0.367686527106817,0.2829537612146308,0.8738593666129898,0,1,3000,451.4109224306205,0.5013000000000001,2025-06-26
0,same_place_other_date,glc-5338,2021-08-27,8,26.873,94.928,25,Assam,13.7,10.8,28.3,60.8,143.7,302.8,84.894,1.8,6,9.03,49.75,91.69,426.82,0.503,0.507,0.507,26.9,24,0,133,2.081,289.654,0.336,-0.942,-0.019,70,1.935,3,4.9,open-meteo-era5,26.889,94.889,10.38,5.42,0.9087989723827874,0.8367740159647672,0.972382787411689,0,1,3000,451.4109224306205,0.3733,2021-07-28
0,nearby_place_same_date,glc-5338,2013-08-16,8,26.822,94.691,25,Assam,10.4,14.3,37.6,112.1,202.4,427,140.554,3.7,7,36.7,45.85,83.15,404.03,0.466,0.47,0.5,30.5,25,0,98,0.594,,0,0,-0.019,10,2.165,1,4.3,open-meteo-era5,26.819,94.684,11.41,5.84,1.0984516505988897,1.4035307374483534,1.247443762781186,0,1,363.9874597212525,3000,0.2793,2013-07-28
1,event,glc-5337,2013-08-16,8,26.421,94.973,5,Nagaland,19.2,12.8,41.1,95.1,217.7,447.4,134.131,2.6,7,39.28,53.14,98.45,387.63,0.457,0.456,0.473,27,23,0,699,15.853,177.297,-0.999,0.047,0.171,326,2.11,2,5,open-meteo-era5,26.467,94.857,9.08,4.65,1.5088105726872245,1.4962240402769036,1.6424375917767988,0,1,44.288341648562465,3000,0.6445000000000001,2013-07-28
0,same_place_other_date,glc-5337,2016-08-09,8,26.421,94.973,5,Nagaland,18.8,12.2,68.3,167.8,237.8,513.8,179.999,3.5,7,11.82,33.02,74.53,371.5,0.429,0.446,0.449,28.3,23,0,699,15.853,177.297,-0.999,0.047,0.171,326,1,2,4.1,open-meteo-era5,26.467,94.857,9.08,4.65,2.5073421439060204,2.6400251730648208,1.8861967694566812,2,3,44.288341648562465,3000,0.5763,2016-07-11
0,same_place_other_date,glc-5337,2011-07-05,7,26.421,94.973,5,Nagaland,16.8,19.3,53.2,171.6,294,587.1,200.119,3.1,7,7.89,54.82,140.4,308.44,0.454,0.468,0.47,26.7,22.4,0,699,15.853,177.297,-0.999,0.047,0.171,326,1.37,0,,open-meteo-era5,26.467,94.857,10.5,4.65,1.6888888888888889,2.3346938775510204,1.8638095238095238,0,1,44.288341648562465,3000,0.7308,2011-06-10
0,nearby_place_same_date,glc-5337,2013-08-16,8,26.582,95.289,5,Nagaland,19.2,3.9,27,53.7,165.6,348.1,91.071,1.9,7,39.28,53.14,98.45,387.63,0.495,0.495,0.487,27.8,23.4,0,774,27.164,328.009,0.848,-0.53,0.076,419,2.213,2,5,open-meteo-era5,26.608,95.265,8.27,4.3,1.0882708585247884,0.9276213508377958,1.403063280935107,0,0,3000,3000,0.9129,2013-07-28
1,event,glc-5336,2013-08-16,8,26.39,94.944,10,Nagaland,19.2,12.8,41.1,95.1,217.7,447.4,134.131,2.6,7,39.28,53.14,98.45,387.63,0.448,0.459,0.446,28.9,24.7,0,522,7.081,318.972,0.754,-0.656,-0.825,416,2.096,2,5,open-meteo-era5,26.467,94.857,9.08,4.65,1.5088105726872245,1.4962240402769036,1.6424375917767988,0,1,8.0324996413014,57.79712706278602,0.807,2013-07-28
0,same_place_other_date,glc-5336,2009-07-26,7,26.39,94.944,10,Nagaland,17.9,8.7,32.6,76.4,176.2,437.6,110.21,3.4,7,8.53,36.8,74.33,343.47,0.451,0.455,0.457,30.2,26.1,0,522,7.081,318.972,0.754,-0.656,-0.825,416,1.776,1,4.1,open-meteo-era5,26.467,94.857,10.5,4.65,1.034920634920635,1.0394557823129253,1.3892063492063493,0,0,8.0324996413014,57.79712706278602,0.1739,2009-06-26
0,same_place_other_date,glc-5336,2009-08-22,8,26.39,94.944,10,Nagaland,17.7,19,56.5,165.9,421.8,707.4,231.715,3.6,7,30.53,93.34,129.2,507.43,0.452,0.459,0.468,29.9,24.1,0,522,7.081,318.972,0.754,-0.656,-0.825,416,2.853,2,5.5,open-meteo-era5,26.467,94.857,9.08,4.65,2.0741556534508074,2.6101321585903086,2.5969162995594717,0,0,8.0324996413014,57.79712706278602,0.8389000000000001,2009-07-28
0,nearby_place_same_date,glc-5336,2013-08-16,8,26.259,95.283,10,Nagaland,21,4.1,28.3,79.9,223.4,456.4,123.267,4.5,7,39.28,53.14,98.45,387.63,0.488,0.487,0.469,21.9,17.3,0,1667,16.06,52.549,0.608,0.794,-0.246,450,2.116,2,5,open-meteo-era5,26.257,95.236,8.27,4.3,1.1406690850463523,1.3802038348592158,1.8395808141878274,0,0,3000,3000,0.16840000000000002,2013-07-28
1,event,glc-5343,2013-08-17,8,24.763,93.434,10,Assam,12.5,7.9,35.6,78.9,188.8,416.9,119.449,2.3,7,8.13,26.33,125.91,339.01,0.42,0.421,0.417,25.9,21.8,0,669,24.81,137.526,-0.738,0.675,0.969,425,2.529,2,5,open-meteo-era5,24.78,93.476,6.15,3.7,1.9295392953929538,1.8327526132404182,2.259620596205962,3,3,55.96128041556196,3000,0.639,2013-07-28
0,same_place_other_date,glc-5343,2018-09-02,9,24.763,93.434,10,Assam,8.7,51.7,69.5,114.2,257.1,410.6,167.601,13.7,7,3.33,36.98,66.69,280.93,0.427,0.426,0.425,27.5,21.3,0,669,24.81,137.526,-0.738,0.675,0.969,425,2.417,4,4.9,open-meteo-era5,24.78,93.476,5.42,3.7,4.27429274292743,3.010015814443859,2.5252152521525217,4,5,55.96128041556196,3000,0.8914000000000001,2018-08-13
0,same_place_other_date,glc-5343,2015-09-13,9,24.763,93.434,10,Assam,5.4,9.4,23.6,34.6,183.1,460.3,107.337,2.2,7,6.19,15.95,39.43,334.83,0.406,0.402,0.395,29.9,21.6,0,669,24.81,137.526,-0.738,0.675,0.969,425,2.153,4,4.5,open-meteo-era5,24.78,93.476,5.42,3.7,1.4514145141451418,0.9119662625197682,2.8308733087330875,4,5,55.96128041556196,3000,0.4657,2015-08-13
0,nearby_place_same_date,glc-5343,2013-08-17,8,25.066,93.38,10,Assam,6,4.4,20.1,81.2,175.5,282.2,102.489,2.1,7,8.13,26.33,125.91,339.01,0.416,0.418,0.423,28.5,23.6,0,256,6.532,123.857,-0.557,0.83,-0.315,253,2.363,2,5,open-meteo-era5,25.062,93.394,6.15,3.7,1.089430894308943,1.8861788617886177,1.5295392953929539,1,3,3000,446.3921111724199,0.6795,2013-07-28
1,event,glc-5421,2013-08-30,8,26.421,94.973,5,Nagaland,9.3,5.3,29.6,101.1,189.2,402.6,126.674,2.3,7,7.63,44.85,79.68,350.44,0.448,0.443,0.445,27.9,23.3,0,699,15.853,177.297,-0.999,0.047,0.171,326,2.11,5,5,open-meteo-era5,26.467,94.857,9.08,4.65,1.0866372980910426,1.5906230333543108,1.4779735682819386,2,3,44.288341648562465,3000,0.6445000000000001,2013-07-28
0,same_place_other_date,glc-5421,2019-09-13,9,26.421,94.973,5,Nagaland,7.4,74.2,126.3,158.6,199.8,355.2,169.343,22.4,7,8.3,51.04,128.79,253.02,0.509,0.512,0.49,26.2,22.8,0,699,15.853,177.297,-0.999,0.047,0.171,326,2.387,3,5,open-meteo-era5,26.467,94.857,7.28,4.65,5.782967032967033,3.1122448979591835,1.6263736263736264,2,3,44.288341648562465,3000,0.8400000000000001,2019-08-13
0,same_place_other_date,glc-5421,2007-09-04,9,26.421,94.973,5,Nagaland,16.5,18.1,58.9,125.6,248.5,507.9,165.53,2.5,7,26.35,49.34,66.55,242.78,0.458,0.467,0.471,26,23,0,699,15.853,177.297,-0.999,0.047,0.171,326,1.407,3,4.4,open-meteo-era5,26.467,94.857,7.28,4.65,2.6968864468864466,2.464678178963893,2.3255494505494503,0,0,44.288341648562465,3000,0.8838,2007-08-13
0,nearby_place_same_date,glc-5421,2013-08-30,8,26.166,94.916,5,Nagaland,6,3.3,21.4,117.1,188.6,421.4,130.773,1.4,7,5.46,28.5,71.13,331.06,0.441,0.445,0.452,23.1,17.4,0,1690,13.518,238.639,-0.52,-0.854,-0.208,336,2.031,5,5,open-meteo-era5,26.186,94.934,7.64,3.91,0.9336823734729494,2.1896035901271502,1.8385689354275743,0,5,2988.049467337936,1260.8123727266498,0.4309,2013-07-28
1,event,glc-5431,2013-09-01,9,24.983,93.506,5,Assam,3.7,1.2,6.7,82.4,134,309.5,88.784,1.8,7,5.42,8.29,54.14,293.88,0.403,0.405,0.415,23.1,17.8,0,1322,20.8,6.18,0.994,0.108,0.037,375,1.563,4,4.3,open-meteo-era5,24.991,93.585,5.42,3.7,0.4120541205412055,2.171850289931471,1.9034440344403445,4,6,82.46825575083733,1429.7540217157873,0.38780000000000003,2013-08-13
0,same_place_other_date,glc-5431,2021-08-15,8,24.983,93.506,5,Assam,7.3,16.5,45.2,106.4,201.5,319.8,129.72,2.1,7,2.24,10.03,25.15,213.57,0.427,0.427,0.429,20.8,18.2,0,1322,20.8,6.18,0.994,0.108,0.037,375,3.023,4,4.9,open-meteo-era5,24.991,93.585,6.15,3.7,2.449864498644986,2.471544715447154,1.7333333333333334,4,7,82.46825575083733,1429.7540217157873,0.5730000000000001,2021-07-28
0,same_place_other_date,glc-5431,2023-09-12,9,24.983,93.506,5,Assam,15.3,17.9,47.5,94.5,125.7,242.8,90.982,11.7,6,10.49,14.71,23.89,167.3,0.415,0.407,0.379,26,18.8,0,1322,20.8,6.18,0.994,0.108,0.037,375,3.528,5,5.3,open-meteo-era5,24.991,93.585,5.42,3.7,2.921279212792128,2.4907749077490777,1.4932349323493237,4,7,82.46825575083733,1429.7540217157873,0.6852,2023-08-13
0,nearby_place_same_date,glc-5431,2013-09-01,9,24.806,93.592,5,Assam,5.8,2.3,12.2,117.7,205.6,394.4,125.063,1,7,5.42,8.29,54.14,293.88,0.428,0.43,0.436,26.3,20.7,0,881,28.341,297.592,0.463,-0.886,-0.314,499,1.668,4,4.3,open-meteo-era5,24.78,93.573,5.42,3.7,0.7503075030750308,3.102266736953084,2.4255842558425584,0,1,3000,2242.9332792426253,0.9633,2013-08-13
1,event,glc-5430,2013-09-01,9,24.904,93.487,25,Manipur,3.7,1.2,6.7,82.4,134,309.5,88.784,1.8,7,5.42,8.29,54.14,293.88,0.403,0.407,0.417,23,17.9,0,1253,27.395,244.148,-0.436,-0.9,-0.943,484,1.567,4,4.3,open-meteo-era5,24.921,93.484,5.42,3.7,0.4120541205412055,2.171850289931471,1.9034440344403445,1,5,24.128077193206956,3000,0.281,2013-08-13
0,same_place_other_date,glc-5430,2025-08-10,8,24.904,93.487,25,Manipur,7.7,8.1,40.5,102.2,252.8,380.7,142.824,1.3,7,1.35,13.8,40.58,205.04,0.421,0.423,0.427,23.2,17.9,0,1253,27.395,244.148,-0.436,-0.9,-0.943,484,1.749,3,4.6,open-meteo-era5,24.921,93.484,6.15,3.7,2.195121951219512,2.3739837398373984,2.0634146341463415,1,6,24.128077193206956,3000,0.4017,2025-07-12
0,same_place_other_date,glc-5430,2020-08-27,8,24.904,93.487,25,Manipur,5.9,4.4,10.5,40.2,126.5,261.6,78.785,1.6,6,1.31,10.59,23.36,172.51,0.395,0.397,0.412,24,16,0,1253,27.395,244.148,-0.436,-0.9,-0.943,484,2.939,7,5.3,open-meteo-era5,24.921,93.484,6.15,3.7,0.5691056910569104,0.9337979094076655,1.4178861788617887,1,6,24.128077193206956,3000,0.7174,2020-07-27
0,nearby_place_same_date,glc-5430,2013-09-01,9,24.974,93.624,25,Manipur,3.7,1.2,6.7,82.4,134,309.5,88.784,1.8,7,5.42,8.29,54.14,293.88,0.413,0.413,0.429,24,18.3,0,1391,26.222,272.939,0.051,-0.999,0.176,420,1.648,4,4.3,open-meteo-era5,24.991,93.681,5.42,3.7,0.4120541205412055,2.171850289931471,1.9034440344403445,0,4,3000,3000,0.0877,2013-08-13
1,event,glc-5441,2013-09-02,9,28.611,94.983,5,Arunachal Pradesh,43.9,30.2,85.1,151.1,198.4,416.7,127.911,3.4,7,24.66,57.5,122.63,401.7,0.428,0.428,0.429,18.7,16.6,0,1672,34.578,354.002,0.995,-0.104,0.503,752,3.448,1,4.5,open-meteo-era5,28.576,94.92,11.02,6.17,2.5741076830006047,1.9587762509722582,1.2604355716878404,0,0,3000,3000,0.6442,2013-08-13
0,same_place_other_date,glc-5441,2015-07-24,7,28.611,94.983,5,Arunachal Pradesh,8.8,3.8,22.2,45.6,208,415.6,117.951,2.5,5,10.36,67.63,96.94,289.16,0.423,0.423,0.408,23,15.4,0,1672,34.578,354.002,0.995,-0.104,0.503,752,2.6,8,5.1,open-meteo-era5,28.576,94.92,15.82,6.17,0.4677623261694058,0.4117753296008669,0.8756847871892119,0,0,3000,3000,0.9256000000000001,2015-06-26
0,same_place_other_date,glc-5441,2007-08-14,8,28.611,94.983,5,Arunachal Pradesh,23.1,25.8,64.3,87.1,185.3,703.6,155.537,4.3,6,23.19,40.45,58.15,423.27,0.428,0.428,0.429,19.3,16.9,0,1672,34.578,354.002,0.995,-0.104,0.503,752,1,0,,open-meteo-era5,28.576,94.92,11.85,6.17,1.808720112517581,1.0500301386377335,1.979184247538678,0,0,3000,3000,0.163,2007-07-12
0,nearby_place_same_date,glc-5441,2013-09-02,9,28.442,94.804,5,Arunachal Pradesh,109,63.1,213.7,312.6,355.1,558.8,210.028,6.4,7,24.66,57.5,122.63,401.7,0.428,0.428,0.429,20.6,19.1,0,1053,29.171,227.701,-0.673,-0.74,-0.02,438,3.542,1,4.5,open-meteo-era5,28.436,94.807,11.02,6.17,6.46400483968542,4.052372310085559,1.6902601330913491,0,0,3000,3000,0.8979,2013-08-13
1,event,glc-5476,2013-09-07,9,27.374,88.732,25,Sikkim,1.4,13.4,35.9,153.1,300.9,564.2,196.749,1.4,7,5.47,27.37,61.64,224.6,0.424,0.425,0.432,10.6,6.8,0,3442,26.69,191.694,-0.979,-0.203,0.019,375,1.693,1,4.9,open-meteo-era5,27.311,88.795,5.11,2.99,2.3418134377038484,4.280123008107352,3.680365296803653,4,12,62.22704779301388,110.68811156274495,0.31570000000000004,2013-08-13
0,same_place_other_date,glc-5476,2012-09-08,9,27.374,88.732,25,Sikkim,8.7,4.4,28.1,98.4,263.1,563.6,172.177,1.5,7,1.04,5.22,18.12,176.35,0.408,0.415,0.41,13.8,5.1,0,3442,26.69,191.694,-0.979,-0.203,0.019,375,1.12,0,,open-meteo-era5,27.311,88.795,5.11,2.99,1.8330071754729287,2.7509085826111264,3.6764514024787998,2,10,62.22704779301388,110.68811156274495,0.6054,2012-08-12
0,same_place_other_date,glc-5476,2020-07-31,7,27.374,88.732,25,Sikkim,51.5,37.1,108.3,176.3,490.1,1216.5,295.604,10.9,7,20.84,45.26,108.29,556.91,0.429,0.429,0.429,11.9,9.5,0,3442,26.69,191.694,-0.979,-0.203,0.019,375,1.842,1,4.1,open-meteo-era5,27.311,88.795,9.15,2.99,3.94535519125683,2.7525370804059333,4.4316939890710385,4,12,62.22704779301388,110.68811156274495,0.1082,2020-07-11
0,nearby_place_same_date,glc-5476,2013-09-07,9,27.534,88.58,25,Sikkim,3.7,26.9,65.3,232,445.3,816.5,292.276,2.6,7,5.47,27.37,61.64,224.6,0.424,0.424,0.434,21.8,17.4,0,1362,32.167,83.264,0.117,0.993,0.193,692,1.794,2,4.9,open-meteo-era5,27.522,88.589,5.11,2.99,4.25962165688193,6.4858820240424935,5.326157860404435,1,4,1167.7207653627534,605.963200266323,0.9107000000000001,2013-08-13
1,event,glc-5533,2013-09-16,9,27.06,88.467,5,West Bengal,0,1.4,1.7,11,150.9,359.3,80.763,1.4,4,2.88,5.66,21.29,279.54,0.344,0.358,0.342,24.4,17.3,0,1246,8.549,77.775,0.212,0.977,0.47,293,1.749,2,4.9,open-meteo-era5,27.1,88.498,8.78,4.67,0.064540622627183,0.17897819720143185,1.3640850417615795,7,16,33.31283420327596,2566.230316367435,0.737,2013-08-29
0,same_place_other_date,glc-5533,2021-10-11,10,27.06,88.467,5,West Bengal,0.3,3.7,11.5,21.5,46.1,131.6,33.601,1.2,5,0,2.6,28.91,188.2,0.363,0.35,0.326,25.2,16.2,0,1246,8.549,77.775,0.212,0.977,0.47,293,1.398,2,4.5,open-meteo-era5,27.1,88.498,2.66,4.67,1.4411027568922306,1.1546723952738989,1.6491228070175437,10,23,33.31283420327596,2566.230316367435,0.6641,2021-09-14
0,same_place_other_date,glc-5533,2010-10-19,10,27.06,88.467,5,West Bengal,0,0,13.6,18.6,34.6,90.2,26.567,0,2,0.54,11.95,25.44,160.78,0.367,0.353,0.308,23.7,15.5,0,1246,8.549,77.775,0.212,0.977,0.47,293,1.583,0,,open-meteo-era5,27.1,88.498,2.66,4.67,1.7042606516290726,0.9989258861439313,1.1303258145363406,5,11,33.31283420327596,2566.230316367435,0.6897,2010-09-30
0,nearby_place_same_date,glc-5533,2013-09-16,9,27.321,88.682,5,West Bengal,2.1,3.1,10.8,43.3,193.8,546.9,119.698,0.6,7,2.64,4.31,18.64,163.28,0.393,0.4,0.381,15.3,10.3,0,2812,26.082,121.259,-0.519,0.855,0.202,473,1.707,1,4.9,open-meteo-era5,27.381,88.693,5.11,2.99,0.7045009784735812,1.2105116019010342,3.5675146771037176,0,13,3000,3000,0.058100000000000006,2013-08-29
1,event,glc-5552,2013-09-24,9,25.099,94.362,5,Manipur,5.7,1.5,7.3,15.6,60.6,173.2,35.99,1.5,6,0.3,0.56,1.4,257.66,0.386,0.389,0.404,22.9,15.6,0,1900,2.964,358.668,1,-0.023,0.167,183,2.93,4,5.7,open-meteo-era5,25.132,94.369,4.65,3.16,0.5232974910394265,0.47926267281105983,1.2415770609318995,0,0,92.07734175259561,3000,0.2634,2013-08-29
0,same_place_other_date,glc-5552,2018-08-22,8,25.099,94.362,5,Manipur,17.8,13.3,33.8,65.4,162.7,364.4,98.521,4,6,4.06,26.38,39.78,313.26,0.413,0.41,0.413,20.8,16.4,0,1900,2.964,358.668,1,-0.023,0.167,183,2.667,4,4.9,open-meteo-era5,25.132,94.369,5.39,3.16,2.090290661719233,1.7333686721441826,2.2535559678416823,2,4,92.07734175259561,3000,0.2107,2018-07-28
0,same_place_other_date,glc-5552,2007-10-07,10,25.099,94.362,5,Manipur,16.1,6.2,25.6,43.9,58.9,127.2,35.415,3.6,5,9.28,10.66,13.9,57.92,0.408,0.402,0.376,20.1,15.2,0,1900,2.964,358.668,1,-0.023,0.167,183,2.152,5,4.6,open-meteo-era5,25.132,94.369,3.22,3.16,2.650103519668737,1.947648624667258,1.3167701863354035,0,0,92.07734175259561,3000,0.4489,2007-09-14
0,nearby_place_same_date,glc-5552,2013-09-24,9,25.411,94.551,5,Manipur,11.8,0.5,13.3,31.5,91.8,209.7,49.959,2,5,0.26,0.41,2.36,236.15,0.446,0.455,0.467,28.5,20.9,0,1016,8.456,240.313,-0.495,-0.869,-0.466,240,2.829,2,4.5,open-meteo-era5,25.413,94.485,5.12,3.4,0.8658854166666667,0.8789062499999999,1.365234375,0,2,52.3353012370048,802.4905495249748,0.803,2013-08-29
1,event,glc-5575,2013-10-05,10,25.827,94.15,5,Nagaland,26.4,11.2,42.4,61.6,152.5,286.4,78.052,4.1,6,16.72,36.68,39.65,165.52,0.482,0.495,0.494,18.9,16.1,0,1400,17.999,14.243,0.969,0.246,-0.103,240,2.56,4,4.6,open-meteo-era5,25.835,94.122,3.01,3.86,4.695459579180509,2.9235880398671097,3.1716500553709857,1,2,24.331364605683188,3000,0.8646,2013-09-14
0,same_place_other_date,glc-5575,2009-11-02,11,25.827,94.15,5,Nagaland,0.1,0,0.1,6.6,18.4,136,21.506,0.1,2,0,0,0,117.67,0.415,0.43,0.443,23,12.1,0,1400,17.999,14.243,0.969,0.246,-0.103,240,1.9,1,4.8,open-meteo-era5,25.835,94.122,0.7,3.86,0.04761904761904763,1.3469387755102042,6.476190476190476,0,0,24.331364605683188,3000,0.8728,2009-09-30
0,same_place_other_date,glc-5575,2016-10-19,10,25.827,94.15,5,Nagaland,2.2,1.3,13.4,29.7,126.3,251,72.898,0.8,6,0,0,1.03,166.26,0.471,0.478,0.476,22.5,12.4,0,1400,17.999,14.243,0.969,0.246,-0.103,240,2.506,5,4.7,open-meteo-era5,25.835,94.122,3.01,3.86,1.4839424141749724,1.4095870906502135,2.779623477297896,2,3,24.331364605683188,3000,0.8656,2016-09-29
0,nearby_place_same_date,glc-5575,2013-10-05,10,26.102,94.319,5,Nagaland,23.5,3.9,29.8,39.8,99.9,201.9,50.406,4.3,5,16.72,36.68,39.65,165.52,0.495,0.479,0.481,21.8,19.2,0,996,13.045,174.588,-0.996,0.094,0.604,268,2.483,4,4.6,open-meteo-era5,26.116,94.337,3.07,3.98,3.2356134636264935,1.8520241973010703,2.192182410423453,0,1,1576.6092634117988,3000,0.8701000000000001,2013-09-14
1,event,glc-5582,2013-10-06,10,26.131,91.838,5,Assam,24.5,13.6,47.5,65.6,134.7,289.1,87.486,3.3,5,62.76,151.09,174.79,276.04,0.487,0.493,0.509,25.1,22.7,0,107,10.804,29.338,0.872,0.49,-0.047,145,2.419,2,4.6,open-meteo-era5,26.116,91.873,4.36,5.51,3.631498470948012,2.149410222804718,2.2102446483180427,0,9,181.52127888167405,2367.08492207431,0.5302,2013-09-14
0,same_place_other_date,glc-5582,2014-11-02,11,26.131,91.838,5,Assam,0,0,0,4.1,5.7,51.2,8.386,0,2,0,0,0.04,59.4,0.347,0.375,0.394,28.7,21.9,0,107,10.804,29.338,0.872,0.49,-0.047,145,1.771,2,4.3,open-meteo-era5,26.116,91.873,0.45,5.51,0,1.3015873015873014,3.7925925925925927,2,21,181.52127888167405,2367.08492207431,0.7059000000000001,2014-09-30
0,same_place_other_date,glc-5582,2015-09-26,9,26.131,91.838,5,Assam,0.2,0.6,7.6,168.5,247.6,605.1,181.381,0.2,5,0,17.59,133,403.61,0.471,0.488,0.48,29.8,22.4,0,107,10.804,29.338,0.872,0.49,-0.047,145,3.195,4,4.4,open-meteo-era5,26.116,91.873,7.6,5.51,0.33333333333333337,3.167293233082707,2.653947368421053,3,25,181.52127888167405,2367.08492207431,0.6923,2015-08-29
0,nearby_place_same_date,glc-5582,2013-10-06,10,26.142,91.517,5,Assam,20,11,37.5,51.4,116.4,238.9,72.931,2.3,5,63.61,153.3,182.5,288.6,0.491,0.495,0.498,24.9,22.9,0,44,0.001,,0,0,0,0.75,2.242,1,4.5,open-meteo-era5,26.116,91.479,4.71,5.79,2.6539278131634823,1.558993023961177,1.6907289455060155,0,0,2703.0570589217077,1381.4002967787517,0.1221,2013-09-14
1,event,glc-5584,2013-10-06,10,26.167,91.705,5,Assam,24.5,13.6,47.5,65.6,134.7,289.1,87.486,3.3,5,62.76,151.09,174.79,276.04,0.483,0.493,0.492,24.1,22,0,231,10.549,195.124,-0.965,-0.261,0.057,233,2.386,1,4.5,open-meteo-era5,26.186,91.678,4.71,5.79,3.3616418966737442,1.989687594783136,2.046001415428167,2,10,297.3788725467491,1276.916331690884,0.6945,2013-09-14
0,same_place_other_date,glc-5584,2022-11-10,11,26.167,91.705,5,Assam,0.1,0.1,0.3,1.2,3.6,75.1,14.085,0.1,0,0,0,0.27,119.48,0.375,0.388,0.439,26.8,18.8,0,231,10.549,195.124,-0.965,-0.261,0.057,233,2.286,1,4.2,open-meteo-era5,26.186,91.678,0.41,5.79,0.24390243902439024,0.4181184668989547,6.105691056910569,5,30,297.3788725467491,1276.916331690884,0.7826000000000001,2022-10-16
0,same_place_other_date,glc-5584,2008-09-13,9,26.167,91.705,5,Assam,9.5,3.7,16.9,68.3,108.3,424.1,87.933,3.6,7,1.7,2.16,3.95,200.03,0.469,0.472,0.503,31.3,24.3,0,231,10.549,195.124,-0.965,-0.261,0.057,233,2.617,1,4.2,open-meteo-era5,26.186,91.678,8.04,5.79,0.7006633499170812,1.2135749822316988,1.7582918739635158,0,2,297.3788725467491,1276.916331690884,0.6934,2008-08-12
0,nearby_place_same_date,glc-5584,2013-10-06,10,25.882,91.683,5,Assam,33.4,15.4,68.6,86.9,149.4,271.2,89.863,4,5,62.76,151.09,174.79,276.04,0.485,0.482,0.511,23.3,21,0,370,11.604,128.29,-0.62,0.785,-0.122,170,2.075,2,4.6,open-meteo-era5,25.905,91.67,4.71,5.79,4.854918612880396,2.6357294510160756,1.91932059447983,0,0,103.03551564135924,3000,0.8766,2013-09-14
1,event,glc-5603,2013-10-13,10,25.426,94.602,5,Manipur,0,0.1,0.1,27.2,100.8,190.3,63.14,0.1,2,0.02,0.04,17.24,140.18,0.376,0.385,0.407,24.7,16.7,0,1336,13.635,335.603,0.911,-0.413,0.075,263,2.833,4,4.6,open-meteo-era5,25.413,94.583,3.1,3.4,0.01075268817204301,1.2534562211981566,2.046236559139785,0,0,1954.2864602416819,3000,0.859,2013-09-14
0,same_place_other_date,glc-5603,2022-09-25,9,25.426,94.602,5,Manipur,15.4,17,35,39.2,72.2,158.9,42.041,12.4,5,3.66,24.86,32.95,189.31,0.394,0.378,0.326,24,17.2,0,1336,13.635,335.603,0.911,-0.413,0.075,263,1.524,3,4.4,open-meteo-era5,25.413,94.583,5.12,3.4,2.2786458333333335,1.09375,1.0345052083333335,0,0,1954.2864602416819,3000,0.6752,2022-08-29
0,same_place_other_date,glc-5603,2009-11-03,11,25.426,94.602,5,Manipur,6.2,0.1,6.3,6.3,6.4,49.9,4.578,4.2,1,0,0,0,105.87,0.298,0.315,0.354,23.6,15.5,0,1336,13.635,335.603,0.911,-0.413,0.075,263,1.77,1,4.8,open-meteo-era5,25.413,94.583,0.65,3.4,3.2307692307692304,1.3846153846153846,2.5589743589743588,0,0,1954.2864602416819,3000,0.8383,2009-10-16
0,nearby_place_same_date,glc-5603,2013-10-13,10,25.542,94.769,5,Manipur,0.1,0.3,0.4,42.7,151.4,239,89.929,0.2,2,0,0,15.6,134.94,0.417,0.43,0.466,23.7,15.9,0,1329,17.024,259.311,-0.185,-0.983,-0.206,321,2.81,4,4.6,open-meteo-era5,25.624,94.696,2.68,3.08,0.04975124378109452,2.2761194029850746,2.972636815920398,0,0,3000,231.34207435996402,0.8892,2013-09-14
1,event,glc-6015,2014-05-08,5,27.903,96.174,1,Arunachal Pradesh,51.3,27.8,80,89,91.2,110.5,37.876,4.6,6,33.77,55.08,62.54,98.57,0.447,0.336,0.337,22.2,17.7,0,208,0.728,,0,0,0.039,21,1.675,0,,open-meteo-era5,27.873,96.182,7.38,5.43,3.6133694670280034,1.7228029423151376,0.499096657633243,0,0,1406.1026578385745,616.4898833962577,0.2576,2014-04-07
0,same_place_other_date,glc-6015,2012-04-05,4,27.903,96.174,1,Arunachal Pradesh,1.9,1.3,3.2,22.6,78.2,93.7,39.065,1.3,3,2.76,3.74,15.67,68.9,0.381,0.414,0.373,26.3,17.8,0,208,0.728,,0,0,0.039,21,1.885,3,4.7,open-meteo-era5,27.873,96.182,6.09,5.43,0.1751505199781062,0.5301430917194465,0.5128626163108922,0,0,1406.1026578385745,616.4898833962577,0.24350000000000002,2012-03-05
0,same_place_other_date,glc-6015,2017-06-09,6,27.903,96.174,1,Arunachal Pradesh,1.5,2.7,4.2,60.9,256.3,376.7,147.915,1.7,5,1.47,6.3,104.77,413.55,0.478,0.474,0.466,31.6,23.6,0,208,0.728,,0,0,0.039,21,1.189,1,4.5,open-meteo-era5,27.873,96.182,10.58,5.43,0.1323251417769376,0.8223062381852552,1.186830497794581,0,0,1406.1026578385745,616.4898833962577,0.28650000000000003,2017-05-09
0,nearby_place_same_date,glc-6015,2014-05-08,5,27.917,96.377,1,Arunachal Pradesh,67.5,31.1,101,120.4,130.3,149.7,52.677,5.5,7,33.77,55.08,62.54,98.57,0.475,0.37,0.368,18.5,15.1,0,1045,28.007,34.796,0.821,0.571,0.74,623,1.684,0,,open-meteo-era5,27.873,96.385,7.38,5.43,4.561878952122854,2.3306233062330626,0.6761517615176151,0,0,785.4877111247146,2552.740065951758,0.8116,2014-04-07
1,event,glc-6016,2014-05-09,5,24.867,92.358,1,Assam,53.9,65.9,160.1,224.1,274.3,279.8,165.313,6,7,43.71,124.37,171.03,220.83,0.482,0.496,0.325,25.3,22.1,0,22,0.832,,0,0,-0.092,13,1.729,1,4.3,open-meteo-era5,24.851,92.32,13.78,7.97,3.8727624576681183,2.3232427949409082,0.6768263183357524,0,0,58.515756074588154,764.2625985495259,0.48800000000000004,2014-04-07
0,same_place_other_date,glc-6016,2016-06-16,6,24.867,92.358,1,Assam,7.2,4.9,42,287.8,374.7,724.9,287.599,1.2,7,5.22,37.57,86.44,569.74,0.472,0.481,0.476,29.2,24.8,0,22,0.832,,0,0,-0.092,13,1.605,3,4.8,open-meteo-era5,24.851,92.32,17.96,7.97,0.7795100222717148,2.2892141266306076,1.3453971789161097,0,0,58.515756074588154,764.2625985495259,0.47500000000000003,2016-05-24
0,same_place_other_date,glc-6016,2016-05-27,5,24.867,92.358,1,Assam,8,17.3,87.2,216.6,476.3,546.7,256.373,3.6,7,14.84,36.14,147,673.87,0.469,0.476,0.489,30,22.6,0,22,0.832,,0,0,-0.092,13,2.299,6,4.8,open-meteo-era5,24.851,92.32,13.78,7.97,2.1093372036768265,2.245490358697906,1.322447992259313,0,0,58.515756074588154,764.2625985495259,0.4993,2016-05-08
0,nearby_place_same_date,glc-6016,2014-05-09,5,24.706,92.046,1,Assam,64.6,74.2,197.6,302.2,378.4,387.4,228.311,8.7,7,37.77,124.6,152.6,217.97,0.431,0.432,0.364,28.7,22.6,0,11,0.292,,0,0,-0.028,10,1.704,1,4.3,open-meteo-era5,24.71,92.026,15.32,8.28,4.2993907745865965,2.817978366281238,0.8429068755439512,0,0,3000,3000,0.5542,2014-04-07
1,event,glc-6106,2014-06-26,6,26.141,91.765,5,Assam,27.8,3.7,36.6,216,285.6,436.3,183.358,4.8,7,14.23,20.69,180.1,367.99,0.483,0.463,0.502,31.5,26,0,61,2.892,152.819,-0.89,0.457,0.009,43,2.289,3,4.3,open-meteo-era5,26.116,91.774,12.46,5.51,0.9791332263242375,2.4764962164641138,1.1672017121455323,5,12,52.75744455471184,3000,0.4389,2014-05-25
0,same_place_other_date,glc-6106,2026-08-01,8,26.141,91.765,5,Assam,17.9,30.6,86.6,159.1,314,664.9,221.934,7.2,7,4.9,23.15,46.35,417.26,0.491,0.491,0.482,30.2,25,0,61,2.892,152.819,-0.89,0.457,0.009,43,2.072,2,4.3,open-meteo-era5,26.116,91.774,9.21,5.51,3.1342743394860655,2.4678144873584613,2.406442272891784,9,34,52.75744455471184,3000,0.21350000000000002,2026-07-12
0,same_place_other_date,glc-6106,2013-06-12,6,26.141,91.765,5,Assam,0,0.7,7.2,39.7,129.2,340,89.839,0.4,5,0.14,1.06,19,191.12,0.469,0.468,0.503,36.3,24.9,0,61,2.892,152.819,-0.89,0.457,0.009,43,1,0,,open-meteo-era5,26.116,91.774,12.46,5.51,0.19261637239165327,0.455170832377895,0.9095773140716961,5,10,52.75744455471184,3000,0.48760000000000003,2013-05-25
0,nearby_place_same_date,glc-6106,2014-06-26,6,26.187,91.501,5,Assam,16,1.6,22.7,202.8,264.6,459,180.555,6.9,7,14.76,21.75,199.42,398.22,0.486,0.476,0.505,32.2,25.6,0,49,0.794,,0,0,-0.057,13,2.085,3,4.3,open-meteo-era5,26.186,91.48,13.21,5.79,0.5727983850618218,2.1931437222883097,1.1582134746404238,0,0,138.27312874766795,2408.2476126468205,0.6627000000000001,2014-05-25
1,event,glc-6107,2014-06-26,6,26.184,91.79,5,Assam,27.8,3.7,36.6,216,285.6,436.3,183.358,4.8,7,14.23,20.69,180.1,367.99,0.484,0.462,0.503,31.8,26,0,61,1.004,,0,0,-0.057,56,2.362,3,4.3,open-meteo-era5,26.186,91.776,12.46,5.51,0.9791332263242375,2.4764962164641138,1.1672017121455323,5,12,17.669095458317674,3000,0.39930000000000004,2014-05-25
0,same_place_other_date,glc-6107,2022-07-16,7,26.184,91.79,5,Assam,15.5,0,15.5,85.8,141.4,390.3,95.163,5.3,5,2.47,4.4,34,260.59,0.454,0.473,0.503,34.6,25.9,0,61,1.004,,0,0,-0.057,56,1,3,4.3,open-meteo-era5,26.186,91.776,11.73,5.51,0.44046604148905943,1.0449397150164412,1.1091219096334186,13,33,17.669095458317674,3000,0.38570000000000004,2022-06-26
0,same_place_other_date,glc-6107,2015-05-21,5,26.184,91.79,5,Assam,23.5,0.4,28.9,65.5,120.1,238,63.71,6,5,6.06,6.18,40.52,237.68,0.472,0.476,0.446,30.2,25.1,0,61,1.004,,0,0,-0.057,56,4.67,0,,open-meteo-era5,26.186,91.776,9.23,5.51,1.043698085951607,1.0137749574369292,0.8595160707836763,9,24,17.669095458317674,3000,0.4168,2015-04-23
0,nearby_place_same_date,glc-6107,2014-06-26,6,26.26,91.523,5,Assam,16,1.6,22.7,202.8,264.6,459,180.555,6.9,7,13.35,24.06,202.21,390.95,0.493,0.493,0.497,32.4,25.6,0,50,0.934,,0,0,-0.104,13,2.165,3,4.3,open-meteo-era5,26.257,91.482,11.98,5.33,0.6316082359488036,2.418316241354639,1.2771285475792986,0,0,81.90214644828875,271.9610590032096,0.735,2014-05-25
1,event,glc-6110,2014-06-27,6,26.162,91.77,0.5,Assam,7.1,27.8,38.6,168.4,284.5,433.5,192.433,4.8,7,6.85,21.91,150.58,349.14,0.477,0.485,0.502,29.8,25.8,0,55,0.311,,0,0,-0.019,70,2.317,3,4.3,open-meteo-era5,26.186,91.776,12.46,5.51,1.032637774210808,1.9307498280210962,1.1597110754414124,7,12,131.04745604393733,2832.8581084935977,0.3262,2014-05-25
0,same_place_other_date,glc-6110,2009-05-20,5,26.162,91.77,0.5,Assam,1.7,0.2,8.3,47.3,68.5,163.7,56.078,0.8,5,0.22,9.79,31.87,153.91,0.474,0.47,0.335,32.4,24.5,0,55,0.311,,0,0,-0.019,70,3.652,1,4.4,open-meteo-era5,26.186,91.776,9.23,5.51,0.2997472011556519,0.7320848165918588,0.5911881545684361,2,2,131.04745604393733,2832.8581084935977,0.3426,2009-04-23
0,same_place_other_date,glc-6110,2007-05-14,5,26.162,91.77,0.5,Assam,0.2,7.2,12.9,100.4,111.8,240.1,93.871,2.2,6,8.13,8.67,39.92,207.72,0.492,0.477,0.469,28.8,23.8,0,55,0.311,,0,0,-0.019,70,1.241,0,,open-meteo-era5,26.186,91.776,9.23,5.51,0.4658721560130011,1.5539390187277513,0.8671000361141205,0,0,131.04745604393733,2832.8581084935977,0.3768,2007-04-23
0,nearby_place_same_date,glc-6110,2014-06-27,6,26.25,91.995,0.5,Assam,13.3,30.3,48,184.6,308.6,433.5,200.099,5.8,7,9.89,24.82,151.79,329.68,0.472,0.496,0.506,28.4,24.4,0,315,15.647,298.233,0.473,-0.881,-0.322,262,2.657,3,4.3,open-meteo-era5,26.257,91.976,11.26,5.06,1.4209591474245116,2.342045166201472,1.2833037300177619,0,0,1232.879133691674,2266.5473384834922,0.6985,2014-05-25
1,event,glc-6112,2014-06-28,6,26.196,91.765,0.5,Assam,4.5,7.1,39.4,114.6,287.3,435.6,179.87,1.4,7,10.84,31.92,109.1,354.92,0.489,0.493,0.511,28.9,25.6,0,85,4.74,100.981,-0.19,0.982,0.217,144,2.352,3,4.3,open-meteo-era5,26.186,91.776,12.46,5.51,1.0540395933654358,1.313918825957349,1.1653290529695024,6,14,118.8968621718362,1403.2090644638781,0.29560000000000003,2014-06-10
0,same_place_other_date,glc-6112,2010-07-09,7,26.196,91.765,0.5,Assam,1.5,0,1.9,84.6,263,478.9,162.892,0.4,5,2.21,5.82,56.52,324.22,0.455,0.465,0.477,30.3,26.2,0,85,4.74,100.981,-0.19,0.982,0.217,144,1.391,1,4.3,open-meteo-era5,26.186,91.776,11.73,5.51,0.05399261153736857,1.03032517354768,1.360897982381358,4,4,118.8968621718362,1403.2090644638781,0.5254,2010-06-10
0,same_place_other_date,glc-6112,2025-08-01,8,26.196,91.765,0.5,Assam,20.9,26.1,72,204.9,253.9,496.6,187.001,9.2,7,6.67,25.45,143.02,305.15,0.445,0.452,0.412,32,26.4,0,85,4.74,100.981,-0.19,0.982,0.217,144,1.605,1,4.2,open-meteo-era5,26.186,91.776,9.21,5.51,2.6058631921824102,3.1782224290367616,1.7973217517191458,12,31,118.8968621718362,1403.2090644638781,0.5003000000000001,2025-07-12
0,nearby_place_same_date,glc-6112,2014-06-28,6,26.205,91.632,0.5,Assam,4.5,7.1,39.4,114.6,287.3,435.6,179.87,1.4,7,10.84,31.92,109.1,354.92,0.498,0.495,0.513,29.1,25.7,0,48,0.71,,0,0,-0.104,12,2.228,3,4.3,open-meteo-era5,26.186,91.678,13.21,5.79,0.994196315922281,1.2393208608197253,1.0991672975018925,0,8,554.3666907567265,3000,0.3865,2014-06-10
1,event,glc-6143,2014-07-14,7,23.733,92.746,5,Mizoram,19.1,47,92.1,132.7,169.4,365.8,134.646,7.1,5,4.46,14.06,35.85,446.56,0.425,0.426,0.406,25.6,21.1,0,837,26.751,227.49,-0.676,-0.737,0.781,296,1.296,4,4.3,open-meteo-era5,23.726,92.756,13.39,5.87,2.292755787901419,1.415768697322095,0.9106298232511824,7,8,346.668895915265,3000,0.7248,2014-06-26
0,same_place_other_date,glc-6143,2007-07-28,7,23.733,92.746,5,Mizoram,0.3,9.8,15,65.4,192.7,369.4,118.892,1.5,6,10.56,87.72,179.93,576.67,0.425,0.424,0.42,24.4,18.7,0,837,26.751,227.49,-0.676,-0.737,0.781,296,2.869,3,4.8,open-meteo-era5,23.726,92.756,13.39,5.87,0.37341299477221807,0.697748853088659,0.9195917351257156,0,0,346.668895915265,3000,0.8372,2007-06-26
0,same_place_other_date,glc-6143,2010-05-30,5,23.733,92.746,5,Mizoram,9,31.6,64.8,132,184,220.7,127.066,3.8,7,37.06,93.62,181.91,369.48,0.425,0.422,0.35,24.9,19.6,0,837,26.751,227.49,-0.676,-0.737,0.781,296,1,0,,open-meteo-era5,23.726,92.756,9.62,5.87,2.2453222453222454,1.9602019602019605,0.7647262647262648,1,1,346.668895915265,3000,0.6539,2010-05-09
0,nearby_place_same_date,glc-6143,2014-07-14,7,23.809,92.459,5,Mizoram,21.7,32.9,66,86.8,122.2,336.4,93.131,7.5,5,10.53,28.69,46.67,426.43,0.425,0.424,0.394,28.9,24.3,0,340,12.774,183.013,-0.999,-0.053,-0.018,373,1.19,4,4.3,open-meteo-era5,23.796,92.474,12.07,6,1.8227009113504555,1.0273405136702567,0.9290251311792321,0,1,3000,3000,0.9079,2014-06-26
1,event,glc-6146,2014-07-15,7,27.059,88.469,1,West Bengal,19.4,15.5,43,90.2,164.2,482.9,133.611,2.9,7,7.31,24.75,51.36,322,0.419,0.428,0.418,23,19.8,0,1184,16.586,103.065,-0.226,0.974,0.163,312,1,0,,open-meteo-era5,27.1,88.498,14.36,4.67,0.9981429897864439,0.8973338639076801,1.120937790157846,8,17,129.678442124804,2342.970884377839,0.6019,2014-06-26
0,same_place_other_date,glc-6146,2024-08-11,8,27.059,88.469,1,West Bengal,12.7,27.8,56.3,176.9,411.7,672.4,244.008,6.1,7,12.98,36.6,143.28,455.96,0.428,0.428,0.42,24.2,18.9,0,1184,16.586,103.065,-0.226,0.974,0.163,312,3.939,1,4.5,open-meteo-era5,27.1,88.498,10.97,4.67,1.7107262230325126,2.3036853756999607,2.0431479793375873,10,23,129.678442124804,2342.970884377839,0.2521,2024-07-11
0,same_place_other_date,glc-6146,2009-07-05,7,27.059,88.469,1,West Bengal,33.1,46.5,106.9,401.5,724.6,808.8,436.399,4.7,7,0.81,15.08,103.75,184.73,0.42,0.426,0.437,23,20,0,1184,16.586,103.065,-0.226,0.974,0.163,312,1,0,,open-meteo-era5,27.1,88.498,14.36,4.67,2.4814298978644387,3.994230003979308,1.8774373259052926,2,3,129.678442124804,2342.970884377839,0.48360000000000003,2009-06-10
0,nearby_place_same_date,glc-6146,2014-07-15,7,26.964,88.834,1,West Bengal,29.1,25.6,65.9,112.2,244.9,527.3,153.3,3.7,7,7.31,24.75,51.36,322,0.387,0.389,0.379,29.6,24.2,0,324,2.386,139.764,-0.763,0.646,0,55,1,0,,open-meteo-era5,26.96,88.801,14.36,4.67,1.529712163416899,1.1161957819339436,1.2240018570102136,0,0,136.4248834877963,1446.2174264956218,0.6774,2014-06-26
1,event,glc-6513,2014-08-14,8,23.014,91.717,5,Tripura,11.2,14.3,37.8,83.3,159.5,311.7,103.6,2.7,7,85.53,181.53,205.82,431.86,0.476,0.481,0.51,27.3,24.8,0,31,2.728,304.875,0.572,-0.82,-0.054,27,1.408,2,4.5,open-meteo-era5,23.023,91.693,15.14,7.67,0.83223249669749,0.7859973579920739,0.6862615587846762,0,0,5.348389398386778,1924.8094369163703,0.6444000000000001,2014-07-12
0,same_place_other_date,glc-6513,2008-08-04,8,23.014,91.717,5,Tripura,5.7,0.5,10.9,26.3,82.2,369,67.87,4,6,9.54,11.45,15.1,335.96,0.48,0.476,0.46,30.6,25.4,0,31,2.728,304.875,0.572,-0.82,-0.054,27,2.035,4,4.8,open-meteo-era5,23.023,91.693,15.14,7.67,0.2399823866138265,0.2481600301943763,0.8124174372523116,0,0,5.348389398386778,1924.8094369163703,0.6597000000000001,2008-07-11
0,same_place_other_date,glc-6513,2025-08-29,8,23.014,91.717,5,Tripura,18.4,1.9,24.8,54.2,132.8,299.6,77.965,9.4,5,10.11,27.46,112,596.91,0.458,0.456,0.493,29.8,24.6,0,31,2.728,304.875,0.572,-0.82,-0.054,27,2.477,3,5.3,open-meteo-era5,23.023,91.693,15.14,7.67,0.5460149713782475,0.51141724853746,0.6596213121972699,0,0,5.348389398386778,1924.8094369163703,0.4076,2025-07-28
0,nearby_place_same_date,glc-6513,2014-08-14,8,23.113,91.946,5,Tripura,9,11.2,26.1,59.8,135.9,272.4,84.281,2,7,85.53,181.53,205.82,431.86,0.479,0.474,0.488,26,23.5,0,191,13.099,171.209,-0.988,0.153,0.135,122,1.48,3,4.6,open-meteo-era5,23.093,91.977,15.07,7.68,0.5773059057730591,0.5668783770973551,0.6025215660252156,0,0,3000,3000,0.4329,2014-07-12
1,event,glc-6200,2014-08-17,8,27.087,93.609,10,Arunachal Pradesh,3.2,20,91.6,356.5,394.3,498.4,309.629,2.1,7,4.65,43.69,146.25,447.42,0.48,0.494,0.484,28.6,24.1,0,316,6.407,295.168,0.425,-0.905,0.029,127,1.793,1,5,open-meteo-era5,27.03,93.6,11.69,6.02,2.6119190191046475,4.3565929365758285,1.4211576846307385,1,4,2.686173445317956,634.3584525931333,0.3669,2014-07-28
0,same_place_other_date,glc-6200,2017-08-29,8,27.087,93.609,10,Arunachal Pradesh,4.7,4.6,16.8,22,88.1,465.4,97.076,1.1,5,5.38,27.6,42.81,356.39,0.394,0.391,0.354,29,24,0,316,6.407,295.168,0.425,-0.905,0.029,127,2.024,1,4.6,open-meteo-era5,27.03,93.6,11.69,6.02,0.47904191616766467,0.2688500549920567,1.3270601653835186,1,4,2.686173445317956,634.3584525931333,0.5113,2017-07-28
0,same_place_other_date,glc-6200,2015-07-16,7,27.087,93.609,10,Arunachal Pradesh,1.7,51,66.2,77.9,105.2,249,97.967,5.4,7,5.96,83.38,91.78,431.59,0.479,0.484,0.505,29.2,24.3,0,316,6.407,295.168,0.425,-0.905,0.029,127,2.758,3,4.5,open-meteo-era5,27.03,93.6,14,6.02,1.5761904761904764,0.7948979591836736,0.5928571428571429,1,4,2.686173445317956,634.3584525931333,0.4163,2015-06-26
0,nearby_place_same_date,glc-6200,2014-08-17,8,26.999,93.756,10,Arunachal Pradesh,3.6,23.2,107.1,380.4,467.2,680.2,361.259,2.9,7,4.65,43.69,146.25,447.42,0.455,0.46,0.449,29.2,24.3,0,105,0.887,,0,0,0.23,14,1.86,1,5,open-meteo-era5,27.03,93.8,11.69,6.02,3.053892215568862,4.648661859953562,1.9395494724836044,0,3,1946.1641427765446,3000,0.5703,2014-07-28
1,event,glc-6331,2014-09-08,9,25.947,94.628,25,Nagaland,5.4,9,14.9,27.3,61.3,252,52.037,3.8,6,3.11,20.52,21.92,230.72,0.485,0.473,0.443,24.1,18.2,0,1385,27.204,243.677,-0.443,-0.896,-0.273,496,2.64,4,5,open-meteo-era5,25.905,94.716,6.18,3.98,0.8036677454153183,0.6310679611650486,1.3592233009708738,0,2,3.0549092688987827,726.2550971823273,0.2024,2014-08-13
0,same_place_other_date,glc-6331,2011-08-05,8,25.947,94.628,25,Nagaland,23.2,17.5,44.7,71.1,178,398.2,102.881,7.2,6,25.52,46.09,52.22,335.27,0.47,0.49,0.462,23.9,19.5,0,1385,27.204,243.677,-0.443,-0.896,-0.273,496,1.415,2,4.4,open-meteo-era5,25.905,94.716,7.59,3.98,1.9631093544137024,1.3382269904009034,1.748792270531401,0,1,3.0549092688987827,726.2550971823273,0.5745,2011-07-12
0,same_place_other_date,glc-6331,2008-08-02,8,25.947,94.628,25,Nagaland,12.2,13.3,42.3,95.4,152,277,106.658,7.1,7,2.94,17.05,44.62,259.06,0.468,0.478,0.503,25.4,19.1,0,1385,27.204,243.677,-0.443,-0.896,-0.273,496,3.341,3,5.2,open-meteo-era5,25.905,94.716,7.59,3.98,1.8577075098814229,1.7955957086391872,1.2165129556433905,0,0,3.0549092688987827,726.2550971823273,0.18130000000000002,2008-07-11
0,nearby_place_same_date,glc-6331,2014-09-08,9,25.812,94.632,25,Nagaland,3.5,9.9,14,23.6,54.2,235.3,47.831,3.6,5,3.11,20.52,21.92,230.72,0.468,0.451,0.445,24.2,17.8,0,1367,21.38,87.695,0.04,0.999,-0.141,420,2.753,4,5,open-meteo-era5,25.764,94.608,6.18,3.98,0.7551240560949299,0.545538603791031,1.2691477885652644,0,0,3000,3000,0.21230000000000002,2014-08-13
1,event,glc-6291,2014-09-21,9,25.735,90.385,25,Meghalaya,10.1,10.3,54.7,84.8,131.1,298.1,97.046,1.8,6,58.74,149.12,181.87,412.63,0.477,0.486,0.493,25.7,23.2,0,338,1.608,,0,0,0.309,80,3.436,1,4.1,open-meteo-era5,25.764,90.392,10.74,6.9,1.697703289882061,1.1279595637137536,0.9252017380509001,0,0,53.38447183439931,3000,0.5568000000000001,2014-08-29
0,same_place_other_date,glc-6291,2022-08-20,8,25.735,90.385,25,Meghalaya,1,1.6,7.8,26.3,61.4,271.8,55.039,0.7,7,3.45,11.78,32.15,311.01,0.456,0.429,0.448,32.7,26.1,0,338,1.608,,0,0,0.309,80,1.891,1,4,open-meteo-era5,25.764,90.392,11.9,6.9,0.21848739495798317,0.3157262905162065,0.7613445378151261,0,0,53.38447183439931,3000,0.8025,2022-07-28
0,same_place_other_date,glc-6291,2015-10-14,10,25.735,90.385,25,Meghalaya,10.9,18.9,38.8,52.4,86.8,272.7,72.355,7.4,7,5.87,12.67,30.42,223.88,0.484,0.493,0.432,26.6,20.5,0,338,1.608,,0,0,0.309,80,1.838,2,4.4,open-meteo-era5,25.764,90.392,6.05,6.9,2.1377410468319558,1.2373081463990554,1.5024793388429751,0,0,53.38447183439931,3000,0.8225,2015-09-14
0,nearby_place_same_date,glc-6291,2014-09-21,9,25.772,90.511,25,Meghalaya,10.1,10.3,54.7,84.8,131.1,298.1,97.046,1.8,6,57.61,119.01,137.88,341.79,0.484,0.494,0.494,26.4,24.1,0,130,4.212,46.332,0.69,0.723,-0.375,112,3.047,1,4.1,open-meteo-era5,25.764,90.49,9.18,5.96,1.9862018881626726,1.3196389666977903,1.08242556281772,0,0,2036.341139489505,317.82228613799435,0.9051,2014-08-29
1,event,glc-6288,2014-09-22,9,26.199,91.8,5,Assam,55.8,27.7,142.1,178.3,248.3,503,166.051,7.2,6,126.76,191.59,231.7,354.68,0.481,0.484,0.506,26.9,23.5,0,77,4.876,190.67,-0.983,-0.185,-0.435,121,1.753,2,4.1,open-meteo-era5,26.186,91.776,7.6,5.51,6.232456140350878,3.3515037593984967,2.206140350877193,7,15,77.83895907222724,3000,0.6143000000000001,2014-08-29
0,same_place_other_date,glc-6288,2025-10-15,10,26.199,91.8,5,Assam,0.3,0,1.2,35.9,85.3,158.5,46.252,0.3,3,0,0.16,20.28,183.01,0.278,0.276,0.393,33,23.7,0,77,4.876,190.67,-0.983,-0.185,-0.435,121,2.023,1,4.2,open-meteo-era5,26.186,91.776,4.36,5.51,0.09174311926605502,1.176277850589777,1.2117737003058102,12,30,77.83895907222724,3000,0.6799000000000001,2025-09-14
0,same_place_other_date,glc-6288,2019-10-26,10,26.199,91.8,5,Assam,49.2,43.9,100,102.3,107.8,209.5,63.876,12.6,4,72.81,110.01,110.33,235.3,0.495,0.43,0.405,23.4,19.3,0,77,4.876,190.67,-0.983,-0.185,-0.435,121,2.636,2,4.8,open-meteo-era5,26.186,91.776,4.36,5.51,7.64525993883792,3.3519003931847964,1.6016819571865442,12,30,77.83895907222724,3000,0.6389,2019-09-30
0,nearby_place_same_date,glc-6288,2014-09-22,9,26.352,91.67,5,Assam,55.8,27.7,142.1,178.3,248.3,503,166.051,7.2,6,139.52,211.1,252.22,363.12,0.49,0.5,0.514,26.8,23.6,0,51,0.751,,0,0,0.028,11,1.688,2,4.1,open-meteo-era5,26.327,91.681,7.31,5.33,6.479708162334701,3.4844635528630064,2.2936616507067944,0,0,131.86381271229752,1861.3675570207893,0.5646,2014-08-29
1,event,glc-6283,2014-09-22,9,26.131,91.755,1,Assam,55.8,27.7,142.1,178.3,248.3,503,166.051,7.2,6,126.76,191.59,231.7,354.68,0.479,0.481,0.505,27.4,23.7,0,77,2.128,11.31,0.981,0.196,-0.057,53,1.771,2,4.1,open-meteo-era5,26.116,91.774,7.6,5.51,6.232456140350878,3.3515037593984967,2.206140350877193,6,16,330.1684196212053,3000,0.6295000000000001,2014-08-29
0,same_place_other_date,glc-6283,2025-10-21,10,26.131,91.755,1,Assam,0,0,0,0.2,57.7,113.8,27.439,0,0,0,0,0,107.13,0.183,0.329,0.411,33.9,20.7,0,77,2.128,11.31,0.981,0.196,-0.057,53,1.433,0,,open-meteo-era5,26.116,91.774,4.36,5.51,0,0.00655307994757536,0.8700305810397553,8,34,330.1684196212053,3000,0.6715,2025-09-30
0,same_place_other_date,glc-6283,2017-10-08,10,26.131,91.755,1,Assam,20.7,29.4,53.2,76.6,140.2,284.8,88.878,6.1,5,7.52,9.03,20.12,222.78,0.503,0.494,0.489,29.8,23.5,0,77,2.128,11.31,0.981,0.196,-0.057,53,1,0,,open-meteo-era5,26.116,91.774,4.36,5.51,4.0672782874617734,2.5098296199213626,2.1773700305810397,8,34,330.1684196212053,3000,0.6443,2017-09-14
0,nearby_place_same_date,glc-6283,2014-09-22,9,26.28,92.096,1,Assam,49.3,41.4,159.8,210.2,302.3,545.7,208.087,7.5,6,139.52,211.1,252.22,363.12,0.456,0.481,0.479,27.3,23.6,0,55,0.574,,0,0,-0.009,12,1.752,2,4.1,open-meteo-era5,26.257,92.075,6.97,5.06,7.642276422764228,4.308259889321582,2.6097560975609757,0,0,1645.0931995353596,1834.1200309165963,0.4434,2014-08-29
1,event,glc-6286,2014-09-22,9,26.104,91.708,5,Assam,37.1,29.6,140.8,171.8,265.1,542.7,188.307,8,6,126.76,191.59,231.7,354.68,0.458,0.474,0.504,27.4,23.9,0,54,1.773,,0,0,-0.009,57,1.775,2,4.1,open-meteo-era5,26.116,91.676,8.04,5.79,5.837479270315092,3.0525941719971574,2.2500000000000004,3,16,9.097563966450432,782.368544670477,0.1889,2014-08-29
0,same_place_other_date,glc-6286,2022-11-02,11,26.104,91.708,5,Assam,0.5,0,0.5,1,60.6,127.6,34.175,0.3,0,0.02,0.02,0.03,181.66,0.443,0.452,0.479,28.3,19.2,0,54,1.773,,0,0,-0.009,57,2.016,1,4.2,open-meteo-era5,26.116,91.676,0.41,5.79,0.4065040650406504,0.34843205574912894,10.3739837398374,5,30,9.097563966450432,782.368544670477,0.5991000000000001,2022-09-30
0,same_place_other_date,glc-6286,2012-11-06,11,26.104,91.708,5,Assam,0,0.4,0.4,0.4,0.9,25.3,2.15,0.2,0,4.9,9.84,9.89,78.7,0.314,0.355,0.397,26.7,20.5,0,54,1.773,,0,0,-0.009,57,3.09,3,4.6,open-meteo-era5,26.116,91.676,0.41,5.79,0.3252032520325204,0.1393728222996516,2.0569105691056913,2,8,9.097563966450432,782.368544670477,0.5808,2012-10-15
0,nearby_place_same_date,glc-6286,2014-09-22,9,26.125,91.44,5,Assam,41.5,15.3,113.2,136,224,515,151.854,5,5,155.05,222.55,260.93,398.38,0.46,0.48,0.513,26.7,23.9,0,49,0.716,,0,0,0.066,8.59,1.737,2,4.1,open-meteo-era5,26.116,91.479,8.04,5.79,4.693200663349917,2.416488983653163,2.1351575456053067,0,0,219.94384781401752,782.0027355193023,0.4494,2014-08-29
1,event,glc-6284,2014-09-22,9,26.132,91.834,5,Assam,55.8,27.7,142.1,178.3,248.3,503,166.051,7.2,6,126.76,191.59,231.7,354.68,0.479,0.481,0.505,27.4,23.8,0,71,6.887,344.846,0.965,-0.261,-0.132,133,1.779,2,4.1,open-meteo-era5,26.116,91.873,7.6,5.51,6.232456140350878,3.3515037593984967,2.206140350877193,1,16,148.0757656723445,2028.5575784245789,0.5974,2014-08-29
0,same_place_other_date,glc-6284,2009-08-14,8,26.132,91.834,5,Assam,18.6,45.4,92.9,177.1,375.6,686.4,266.397,6.9,7,13.01,36,71.28,425.6,0.496,0.483,0.49,30.6,25.3,0,71,6.887,344.846,0.965,-0.261,-0.132,133,2.251,0,,open-meteo-era5,26.116,91.873,9.21,5.51,3.3622873688020265,2.747014115092291,2.4842562432138977,0,2,148.0757656723445,2028.5575784245789,0.6628000000000001,2009-07-12
0,same_place_other_date,glc-6284,2021-10-14,10,26.132,91.834,5,Assam,0.3,0,0.3,10.2,29.1,137.4,23.979,0.3,3,0.66,0.89,4.73,102.28,0.41,0.425,0.423,34.8,25.7,0,71,6.887,344.846,0.965,-0.261,-0.132,133,1.715,0,,open-meteo-era5,26.116,91.873,4.36,5.51,0.022935779816513756,0.3342070773263433,1.0504587155963303,3,31,148.0757656723445,2028.5575784245789,0.5762,2021-09-14
0,nearby_place_same_date,glc-6284,2014-09-22,9,26.25,91.977,5,Assam,49.3,41.4,159.8,210.2,302.3,545.7,208.087,7.5,6,126.76,191.59,231.7,354.68,0.467,0.484,0.504,27.3,23.5,0,75,6.674,42.474,0.738,0.675,0.208,160,1.753,2,4.1,open-meteo-era5,26.257,91.976,6.97,5.06,7.642276422764228,4.308259889321582,2.6097560975609757,0,0,294.2507797231001,1904.4684714578345,0.7812,2014-08-29
1,event,glc-6287,2014-09-22,9,26.13,91.706,5,Assam,55.8,27.7,142.1,178.3,248.3,503,166.051,7.2,6,126.76,191.59,231.7,354.68,0.458,0.474,0.504,26.9,23.4,0,146,2.047,99.782,-0.17,0.985,0.349,86,1.767,2,4.1,open-meteo-era5,26.116,91.676,8.04,5.79,5.891376451077944,3.1680881307746986,2.085406301824212,6,16,1029.014267119786,1930.0050836937169,0.7332000000000001,2014-08-29
0,same_place_other_date,glc-6287,2009-09-25,9,26.13,91.706,5,Assam,17.9,10.1,39.5,71.3,124.1,357.8,95.134,4.4,7,0.63,19.79,109.55,219.93,0.476,0.49,0.499,29.9,23.4,0,146,2.047,99.782,-0.17,0.985,0.349,86,4.671,4,6.1,open-meteo-era5,26.116,91.676,8.04,5.79,1.6376451077943617,1.2668798862828714,1.4834162520729686,0,2,1029.014267119786,1930.0050836937169,0.8299000000000001,2009-08-29
0,same_place_other_date,glc-6287,2013-08-27,8,26.13,91.706,5,Assam,64.1,23.7,90,116.9,219.4,517.9,120.172,9,6,14.3,46.95,54.83,183.89,0.486,0.488,0.461,29.3,25.1,0,146,2.047,99.782,-0.17,0.985,0.349,86,2.121,2,4.2,open-meteo-era5,26.116,91.676,9.72,5.79,3.0864197530864192,1.7181069958847737,1.776063100137174,5,10,1029.014267119786,1930.0050836937169,0.5963,2013-07-28
0,nearby_place_same_date,glc-6287,2014-09-22,9,26.029,91.784,5,Assam,37.1,29.6,140.8,171.8,265.1,542.7,188.307,8,6,126.76,191.59,231.7,354.68,0.452,0.48,0.487,26.4,22.6,0,376,13.224,334.626,0.904,-0.429,0.075,145,1.81,2,4.1,open-meteo-era5,26.046,91.772,7.6,5.51,6.1754385964912295,3.2293233082706774,2.380263157894737,0,8,3000,3000,0.8968,2014-08-29
1,event,glc-6285,2014-09-22,9,26.159,91.818,5,Assam,55.8,27.7,142.1,178.3,248.3,503,166.051,7.2,6,126.76,191.59,231.7,354.68,0.481,0.484,0.506,27,23.6,0,63,6.486,139.332,-0.759,0.652,-0.066,128,1.769,2,4.1,open-meteo-era5,26.186,91.776,7.6,5.51,6.232456140350878,3.3515037593984967,2.206140350877193,5,16,14.781493113443583,478.9508028763873,0.5035000000000001,2014-08-29
0,same_place_other_date,glc-6285,2013-11-02,11,26.159,91.818,5,Assam,0.4,0.3,0.9,12.9,28.2,82.2,19.534,0.3,4,0,0,1.73,191.88,0.438,0.429,0.406,25.3,18.4,0,63,6.486,139.332,-0.759,0.652,-0.066,128,2.141,2,4.3,open-meteo-era5,26.186,91.776,0.45,5.51,0.6666666666666666,4.095238095238096,6.0888888888888895,3,12,14.781493113443583,478.9508028763873,0.5878,2013-09-30
0,same_place_other_date,glc-6285,2016-08-09,8,26.159,91.818,5,Assam,22.7,27.9,88.2,242,445.4,749.6,283.735,7.8,7,5.13,11.6,47.7,468.7,0.491,0.488,0.468,31,25.2,0,63,6.486,139.332,-0.759,0.652,-0.066,128,1,0,,open-meteo-era5,26.186,91.776,9.21,5.51,3.1921824104234524,3.7536838839770437,2.712993123416576,9,33,14.781493113443583,478.9508028763873,0.31720000000000004,2016-07-11
0,nearby_place_same_date,glc-6285,2014-09-22,9,26.037,91.636,5,Assam,37.1,29.6,140.8,171.8,265.1,542.7,188.307,8,6,126.76,191.59,231.7,354.68,0.462,0.473,0.493,26.1,22.8,0,294,7.436,42.739,0.734,0.679,0,87,1.79,2,4.1,open-meteo-era5,26.046,91.674,8.04,5.79,5.837479270315092,3.0525941719971574,2.2500000000000004,0,3,3000,3000,0.8978,2014-08-29
1,event,glc-6282,2014-09-22,9,26.11,91.775,5,Assam,37.1,29.6,140.8,171.8,265.1,542.7,188.307,8,6,126.76,191.59,231.7,354.68,0.479,0.481,0.505,27.5,23.9,0,59,1.184,,0,0,-0.057,74,1.781,2,4.1,open-meteo-era5,26.116,91.774,7.6,5.51,6.1754385964912295,3.2293233082706774,2.380263157894737,2,16,100.39371074777341,1558.1016890260717,0.4138,2014-08-29
0,same_place_other_date,glc-6282,2012-09-22,9,26.11,91.775,5,Assam,2.6,1.9,10.3,91.1,351.5,470.7,181.454,0.6,7,7.15,15.89,28.04,166.88,0.475,0.487,0.442,29.3,24.3,0,59,1.184,,0,0,-0.057,74,2.709,2,4.5,open-meteo-era5,26.116,91.774,7.6,5.51,0.45175438596491235,1.712406015037594,2.0644736842105265,1,8,100.39371074777341,1558.1016890260717,0.3262,2012-08-28
0,same_place_other_date,glc-6282,2016-10-13,10,26.11,91.775,5,Assam,3.8,59,209.3,245.1,303.4,541.6,268.186,6.7,7,7.48,52.73,96.37,192.74,0.488,0.488,0.503,28.4,23,0,59,1.184,,0,0,-0.057,74,2.167,2,4.3,open-meteo-era5,26.116,91.774,4.36,5.51,16.001529051987767,8.030799475753604,4.140672782874618,3,34,100.39371074777341,1558.1016890260717,0.44570000000000004,2016-09-13
0,nearby_place_same_date,glc-6282,2014-09-22,9,26.034,91.478,5,Assam,41.5,15.3,113.2,136,224,515,151.854,5,5,155.05,222.55,260.93,398.38,0.46,0.47,0.503,27.1,24.1,0,53,1.366,,0,0,-0.028,11,1.772,2,4.1,open-meteo-era5,26.046,91.477,8.04,5.79,4.693200663349917,2.416488983653163,2.1351575456053067,0,0,48.97124188493029,979.393226001206,0.8087000000000001,2014-08-29
1,event,glc-6289,2014-09-22,9,26.1,91.685,5,Assam,37.1,29.6,140.8,171.8,265.1,542.7,188.307,8,6,126.76,191.59,231.7,354.68,0.458,0.474,0.504,27.2,23.7,0,88,17.988,27.14,0.89,0.456,-0.396,202,1.774,2,4.1,open-meteo-era5,26.116,91.676,8.04,5.79,5.837479270315092,3.0525941719971574,2.2500000000000004,2,15,303.7322901333262,544.5698408643732,0.5354,2014-08-29
0,same_place_other_date,glc-6289,2017-10-07,10,26.1,91.685,5,Assam,21.4,0,21.4,36,104.1,244.7,56.55,4.1,5,1.38,3.43,27.99,223.37,0.471,0.471,0.496,31,24.8,0,88,17.988,27.14,0.89,0.456,-0.396,202,1,0,,open-meteo-era5,26.116,91.676,4.71,5.79,1.5145081387119603,1.091901728844404,1.7317763623496105,4,25,303.7322901333262,544.5698408643732,0.6251,2017-09-14
0,same_place_other_date,glc-6289,2010-09-01,9,26.1,91.685,5,Assam,39.2,32,80.9,254.4,408.7,572.6,245.431,5.5,7,78.96,83.46,100.94,324.71,0.483,0.492,0.511,29.4,25.4,0,88,17.988,27.14,0.89,0.456,-0.396,202,1.012,0,,open-meteo-era5,26.116,91.676,8.04,5.79,3.3540630182421234,4.520255863539446,2.3739635157545607,0,4,303.7322901333262,544.5698408643732,0.5447000000000001,2010-08-13
0,nearby_place_same_date,glc-6289,2014-09-22,9,26.292,91.613,5,Assam,66.3,18.8,125.7,142.4,195.3,441.6,121.393,7.5,6,139.52,211.1,252.22,363.12,0.469,0.484,0.498,26.8,23.8,0,55,1.084,,0,0,0.085,14,1.702,2,4.1,open-meteo-era5,26.327,91.582,7.31,5.33,5.73187414500684,2.782880594098105,2.013679890560876,0,0,655.0631559016888,441.35223428857404,0.1183,2014-08-29
1,event,glc-6292,2014-09-23,9,25.724,89.903,5,Assam,7.1,43.8,64.5,105.6,143.1,309.9,119.568,6,6,13.14,178.28,279.82,480.66,0.419,0.422,0.4,27.1,23.9,0,30,5.274,235.685,-0.564,-0.826,-0.225,43,4.651,1,4.1,open-meteo-era5,25.694,89.902,10.79,6.01,1.9925857275254868,1.3981199523368197,0.9573679332715477,0,0,4.1175990530007756,2090.0575931818703,0.5951000000000001,2014-08-29
0,same_place_other_date,glc-6292,2020-10-17,10,25.724,89.903,5,Assam,0,0,0,0.6,60.3,279,45.903,0,0,0,0.18,1.29,454.15,0.317,0.332,0.338,33.2,24.9,0,30,5.274,235.685,-0.564,-0.826,-0.225,43,2.204,2,4.4,open-meteo-era5,25.694,89.902,6.01,6.01,0,0.014261944378416923,1.5474209650582365,0,0,4.1175990530007756,2090.0575931818703,0.6041000000000001,2020-09-29
0,same_place_other_date,glc-6292,2007-10-03,10,25.724,89.903,5,Assam,0.4,4.5,6.1,36.2,53.2,252.4,51.641,2.4,6,0.1,8.05,15.57,271.77,0.367,0.367,0.327,31.8,25.2,0,30,5.274,235.685,-0.564,-0.826,-0.225,43,1.937,1,4.3,open-meteo-era5,25.694,89.902,6.01,6.01,0.33832501386577923,0.8604706441644878,1.3998890737659457,0,0,4.1175990530007756,2090.0575931818703,0.6195,2007-09-14
0,nearby_place_same_date,glc-6292,2014-09-23,9,25.763,89.584,5,Assam,6.8,48.9,94.3,150,231.9,368.2,169.473,7.4,6,4.21,155.62,216.26,486.57,0.43,0.425,0.437,27.7,24,0,30,0.597,,0,0,0.047,11,3.348,1,4.1,open-meteo-era5,25.764,89.608,11.8,5.86,2.6638418079096042,1.8159806295399514,1.0401129943502825,0,0,3000,3000,0.8792000000000001,2014-08-29
1,event,glc-6290,2014-09-23,9,25.577,91.867,5,Meghalaya,125.6,103.8,276.1,365.2,425.7,609.8,256.951,13.9,7,73.98,252.28,349.11,530.74,0.483,0.499,0.479,21,18.6,0,1477,4.6,327.265,0.841,-0.541,-0.037,136,1.989,3,4.4,open-meteo-era5,25.554,91.857,11.82,8.33,7.786238014664411,4.413826444283297,1.7196841511562322,1,1,512.7701619390446,1126.424427518869,0.7041000000000001,2014-08-29
0,same_place_other_date,glc-6290,2009-09-28,9,25.577,91.867,5,Meghalaya,8.8,0.9,16.4,71.6,185.7,366.7,114.139,4,6,0.08,0.08,41.62,244.73,0.463,0.464,0.48,26.2,18.7,0,1477,4.6,327.265,0.841,-0.541,-0.037,136,4.095,4,6.1,open-meteo-era5,25.554,91.857,11.82,8.33,0.4624929498025944,0.865361372975586,1.0341229554427522,0,0,512.7701619390446,1126.424427518869,0.5506,2009-08-29
0,same_place_other_date,glc-6290,2015-08-10,8,25.577,91.867,5,Meghalaya,7.9,11.6,34.5,101.5,295.8,934.4,223.248,3,7,10.26,37.82,81.9,456.12,0.496,0.487,0.491,24.3,18.7,0,1477,4.6,327.265,0.841,-0.541,-0.037,136,1.462,2,4.4,open-meteo-era5,25.554,91.857,14.39,8.33,0.7991660875608061,1.0076441973592771,2.1644660643965716,1,1,512.7701619390446,1126.424427518869,0.6904,2015-07-12
0,nearby_place_same_date,glc-6290,2014-09-23,9,25.822,92.046,5,Meghalaya,133.3,19.9,167.8,236.1,351.6,549.6,153.476,13.4,6,78.67,255.46,308.23,411.93,0.492,0.492,0.462,23,19.7,0,976,23.41,330.136,0.867,-0.498,0.056,336,1.915,2,4.1,open-meteo-era5,25.835,92.061,7.6,5.51,7.359649122807019,4.43796992481203,2.4105263157894736,0,0,2468.145777574854,3000,0.7432000000000001,2014-08-29
1,event,glc-6222,2014-10-01,10,27.125,93.771,5,Arunachal Pradesh,0,0,1,58.9,357.4,436.3,169.065,0,5,0,0.01,81.07,424.95,0.37,0.39,0.419,30.3,21.3,0,166,15.587,352.937,0.992,-0.123,0.615,144,1.892,2,4.7,open-meteo-era5,27.1,93.804,3.73,6.02,0.08936550491510277,2.255840674071237,3.8990169794459337,0,4,4.2992586942528375,241.30778250455037,0.7567,2014-08-29
0,same_place_other_date,glc-6222,2023-11-14,11,27.125,93.771,5,Arunachal Pradesh,0,0,0,0,2,3.8,1.111,0,0,0,0,0,2.8,0.195,0.234,0.293,28.7,14.5,0,166,15.587,352.937,0.992,-0.123,0.615,144,2.045,2,4.8,open-meteo-era5,27.1,93.804,0.71,6.02,0,0,0.17840375586854462,0,5,4.2992586942528375,241.30778250455037,0.7575000000000001,2023-10-16
0,same_place_other_date,glc-6222,2026-09-18,9,27.125,93.771,5,Arunachal Pradesh,5.5,17.5,50.7,92.4,157.7,252.1,104.715,2.2,7,10.36,50.06,94.75,312.61,0.427,0.431,0.405,30,24,0,166,15.587,352.937,0.992,-0.123,0.615,144,1,1,4.1,open-meteo-era5,27.1,93.804,9.7,6.02,1.7422680412371137,1.3608247422680415,0.8663230240549828,0,5,4.2992586942528375,241.30778250455037,0.40140000000000003,2026-08-13
0,nearby_place_same_date,glc-6222,2014-10-01,10,26.867,93.946,5,Arunachal Pradesh,0.1,0,0.1,54.4,444.9,562.2,204.995,0.1,3,0,0.01,81.07,424.95,0.451,0.462,0.476,31.7,22.8,0,79,0.752,,0,0,0.044,15,1.582,3,4.7,open-meteo-era5,26.889,93.991,3.73,6.02,0.008936550491510278,2.08349291459211,5.024128686327078,0,0,3000,320.6608778833478,0.0585,2014-08-29
1,event,glc-6214,2014-10-05,10,25.97,91.859,5,Meghalaya,0,0,0.6,2.3,130,371,76.1,0,1,0,0,0.02,387.35,0.452,0.454,0.438,30.9,19.9,0,283,8.696,152.622,-0.888,0.46,-0.216,139,1.84,2,4.1,open-meteo-era5,25.975,91.869,4.36,5.51,0.04587155963302751,0.07536041939711663,2.836391437308868,0,0,2.166268693306795,3000,0.8391000000000001,2014-09-14
0,same_place_other_date,glc-6214,2025-09-03,9,25.97,91.859,5,Meghalaya,9.5,4.4,14.2,99.2,247.6,457.9,143.557,4.4,6,0.64,2.85,22.44,282.48,0.451,0.467,0.446,33.1,24.7,0,283,8.696,152.622,-0.888,0.46,-0.216,139,2.346,1,4.3,open-meteo-era5,25.975,91.869,7.6,5.51,0.6228070175438597,1.8646616541353385,2.0083333333333333,1,4,2.166268693306795,3000,0.8009000000000001,2025-08-13
0,same_place_other_date,glc-6214,2011-08-24,8,25.97,91.859,5,Meghalaya,60.6,31.3,107.1,165.3,388.2,740.1,214.047,8.2,6,8.83,26.9,58.72,459.15,0.463,0.489,0.508,26.9,23.5,0,283,8.696,152.622,-0.888,0.46,-0.216,139,1,0,,open-meteo-era5,25.975,91.869,9.21,5.51,3.876221498371335,2.5639832480223363,2.6786102062975026,0,0,2.166268693306795,3000,0.5368,2011-07-28
0,nearby_place_same_date,glc-6214,2014-10-05,10,26.236,91.773,5,Meghalaya,0,0,1.5,6.9,132.9,353.9,75.715,0,2,0,0,0.02,387.35,0.445,0.451,0.442,31.9,22.2,0,52,0.492,,0,0,0.095,9,1.738,2,4.1,open-meteo-era5,26.257,91.778,4.36,5.51,0.11467889908256879,0.22608125819134992,2.7056574923547396,4,20,1425.741465772089,599.6492056961473,0.32370000000000004,2014-09-14
1,event,glc-6775,2015-02-14,2,26.147,91.647,5,Assam,0.3,0.4,0.7,0.8,1.2,1.3,0.638,0.2,0,0.26,0.26,0.26,2.05,0.247,0.285,0.328,23.1,13,0,63,12.929,305.961,0.587,-0.809,-0.415,88,1.417,1,4.2,open-meteo-era5,26.116,91.676,0.76,5.79,0.3070175438596491,0.15037593984962405,0.05701754385964912,0,18,30.378769107181952,591.2727937936521,0.42660000000000003,2015-01-17
0,same_place_other_date,glc-6775,2022-03-24,3,26.147,91.647,5,Assam,0,0,0,0,0,10.6,0.711,0,0,0.17,1.33,1.33,11.15,0.259,0.286,0.242,35,23.3,0,63,12.929,305.961,0.587,-0.809,-0.415,88,1.21,1,4.4,open-meteo-era5,26.116,91.676,1.9,5.79,0,0,0.18596491228070175,0,22,30.378769107181952,591.2727937936521,0.3889,2022-03-06
0,same_place_other_date,glc-6775,2010-01-20,1,26.147,91.647,5,Assam,0,0,0,0,0,0,0,0,0,0,0,0,6.37,0.25,0.285,0.338,25.3,12.9,0,63,12.929,305.961,0.587,-0.809,-0.415,88,3.835,1,5.5,open-meteo-era5,26.116,91.676,0.24,5.79,0,0,0,0,0,30.378769107181952,591.2727937936521,0.4922,2010-01-01
0,nearby_place_same_date,glc-6775,2015-02-14,2,26.177,91.32,5,Assam,0,0.1,0.1,0.1,0.3,0.3,0.186,0.1,0,0.28,0.28,0.28,2.27,0.107,0.296,0.369,23.1,14.3,0,47,1.083,,0,0,-0.047,8,1.241,1,4.2,open-meteo-era5,26.186,91.283,0.76,5.79,0.043859649122807015,0.018796992481203006,0.013157894736842105,0,0,3000,258.47225688639014,-0.012,2015-01-17
1,event,glc-6786,2015-02-19,2,24.611,92.562,5,Assam,0.7,0,0.7,2.6,2.6,2.6,1.387,0.3,1,9.38,10.96,11.17,11.21,0.131,0.154,0.202,25.5,16.7,0,34,1.866,,0,0,-0.046,21,2.418,5,4.8,open-meteo-era5,24.64,92.602,1,7.17,0.2333333333333333,0.37142857142857144,0.08666666666666667,0,0,1157.7120174534432,1334.6002879080786,0.4782,2015-01-17
0,same_place_other_date,glc-6786,2026-04-03,4,24.611,92.562,5,Assam,1.4,24.7,38.8,96.4,125.4,259.8,103.872,13.7,7,8.05,28.61,94.31,293.63,0.41,0.419,0.372,32.4,21,0,34,1.866,,0,0,-0.046,21,1.552,6,4.4,open-meteo-era5,24.64,92.602,8.99,7.17,1.4386355209492028,1.5318607977117433,0.9632925472747498,0,1,1157.7120174534432,1334.6002879080786,0.4748,2026-03-06
0,same_place_other_date,glc-6786,2022-02-19,2,24.611,92.562,5,Assam,0,0,0,0,22.8,51.4,9.145,0,0,0,0,0,47.52,0.195,0.226,0.257,25.6,10.4,0,34,1.866,,0,0,-0.046,21,2.9,2,5.4,open-meteo-era5,24.64,92.602,1,7.17,0,0,1.7133333333333334,0,1,1157.7120174534432,1334.6002879080786,0.5971000000000001,2022-01-17
0,nearby_place_same_date,glc-6786,2015-02-19,2,24.369,92.774,5,Assam,0.4,0,0.4,1.6,1.6,1.6,0.875,0.2,1,9.38,10.96,11.17,11.21,0.154,0.176,0.233,25.7,14.6,0,107,4.203,217.057,-0.798,-0.603,0.156,106,2.688,5,4.8,open-meteo-era5,24.359,92.783,0.84,4.66,0.15873015873015875,0.272108843537415,0.0634920634920635,0,0,434.6281013036121,560.0401574397777,0.7423000000000001,2015-01-17
1,event,glc-7591,2015-03-19,3,25.032,92.458,5,Assam,0,0,0,0.1,0.1,12.3,1.923,0,0,0.01,0.01,0.01,31.16,0.257,0.279,0.3,31.5,20.8,0,86,15.416,200.966,-0.934,-0.358,0.028,250,1.01,2,4.4,open-meteo-era5,25.062,92.425,2.8,7.97,0,0.005102040816326531,0.14642857142857144,0,0,12.999736525927482,269.46370102449384,0.47100000000000003,2015-02-18
0,same_place_other_date,glc-7591,2017-04-04,4,25.032,92.458,5,Assam,110.3,78.9,210.9,620.2,665.1,765.1,417.325,18.2,7,23.48,166.83,452.01,563.47,0.509,0.513,0.488,23.2,18.6,0,86,15.416,200.966,-0.934,-0.358,0.028,250,3.565,4,4.7,open-meteo-era5,25.062,92.425,10.11,7.97,6.953511374876361,8.763600395647874,2.5225848994394995,0,2,12.999736525927482,269.46370102449384,0.6032000000000001,2017-03-06
0,same_place_other_date,glc-7591,2007-02-28,2,25.032,92.458,5,Assam,0,0,0,0,35,85.6,14.066,0,0,0,2.17,2.17,79.66,0.332,0.368,0.329,26.4,13.7,0,86,15.416,200.966,-0.934,-0.358,0.028,250,1.086,1,4.4,open-meteo-era5,25.062,92.425,1.08,7.97,0,0,2.6419753086419746,0,0,12.999736525927482,269.46370102449384,0.5804,2007-02-02
0,nearby_place_same_date,glc-7591,2015-03-19,3,25.155,92.358,5,Assam,0,0,0.2,1.6,1.6,16.9,3.389,0,1,0.01,0.01,0.01,31.16,0.268,0.278,0.311,29.5,20.6,0,338,5.784,267.274,-0.048,-0.999,0.186,252,1,2,4.4,open-meteo-era5,25.132,92.33,2.8,7.97,0.023809523809523815,0.0816326530612245,0.20119047619047617,0,0,884.9593898276233,1934.1312876355944,0.7021000000000001,2015-02-18
1,event,glc-7031,2015-05-24,5,27.616,88.659,1,Sikkim,15.1,21.3,81.1,184.9,349.7,622.8,239.325,4.6,7,0.21,9.49,26.27,83.83,0.423,0.424,0.426,18.9,10.4,1.05,1852,37.712,132.678,-0.678,0.735,0.194,838,5.624,158,7.3,open-meteo-era5,27.522,88.589,3.57,2.99,7.572362278244631,7.398959583833534,5.815126050420168,0,4,7.326435117108397,273.78479861893095,0.7409,2015-04-23
0,same_place_other_date,glc-7031,2022-05-24,5,27.616,88.659,1,Sikkim,5.2,1.8,38,93.2,252.7,328.4,147.131,2,7,0.16,4.71,51.25,196.28,0.411,0.423,0.421,22.3,10.6,0,1852,37.712,132.678,-0.678,0.735,0.194,838,1,1,4.2,open-meteo-era5,27.522,88.589,3.57,2.99,3.5480859010270778,3.729491796718688,3.0662931839402425,0,4,7.326435117108397,273.78479861893095,0.7356,2022-04-23
0,same_place_other_date,glc-7031,2022-07-03,7,27.616,88.659,1,Sikkim,1.8,25,47.8,140.4,304.7,639.7,214.533,7.9,7,2.44,14.53,117.48,450.3,0.427,0.432,0.427,22.5,18,0,1852,37.712,132.678,-0.678,0.735,0.194,838,2.759,2,4.2,open-meteo-era5,27.522,88.589,9.15,2.99,1.7413479052823313,2.1920374707259955,2.3304189435336977,0,4,7.326435117108397,273.78479861893095,0.5327000000000001,2022-06-10
0,nearby_place_same_date,glc-7031,2015-05-24,5,27.693,88.544,1,Sikkim,21.8,25.8,85.8,150.6,275.5,496.2,188.809,2.4,6,0.21,9.49,26.27,83.83,0.432,0.433,0.422,6.2,3,7.49,3594,23.15,68.015,0.374,0.927,-0.553,588,5.674,173,7.3,open-meteo-era5,27.733,88.584,3.57,2.99,8.011204481792717,6.02641056422569,4.633053221288516,1,4,2052.591294585595,2434.606254283506,0.0669,2015-04-23
1,event,glc-6971,2015-06-09,6,27.099,93.816,5,Arunachal Pradesh,62.9,44,133,189.5,339.6,586,202.114,5.6,7,44.35,137.97,228.36,593.82,0.429,0.426,0.437,25,22.3,0,222,10.903,41.392,0.75,0.661,0.144,110,3.85,1,4.3,open-meteo-era5,27.1,93.804,12.93,6.02,3.4287187419438,2.093691304828196,1.5106986336684713,0,4,1088.8479628496527,1841.0097166973248,0.7749,2015-05-09
0,same_place_other_date,glc-6971,2024-07-18,7,27.099,93.816,5,Arunachal Pradesh,0,0.5,22.2,56.7,159.3,459.3,121.98,0.1,4,1.39,17.47,51.36,431.78,0.386,0.387,0.355,32.2,25.5,0,222,10.903,41.392,0.75,0.661,0.144,110,1.199,1,4.4,open-meteo-era5,27.1,93.804,14,6.02,0.5285714285714286,0.5785714285714286,1.0935714285714286,0,4,1088.8479628496527,1841.0097166973248,0.0927,2024-06-25
0,same_place_other_date,glc-6971,2010-05-05,5,27.099,93.816,5,Arunachal Pradesh,3,15.1,27.6,50.5,394,752,207.878,1.9,6,0.74,10.15,16.62,284.25,0.418,0.408,0.344,28.4,21.2,0,222,10.903,41.392,0.75,0.661,0.144,110,1.2,0,,open-meteo-era5,27.1,93.804,9.01,6.02,1.021087680355161,0.8006976375455843,2.782093969663337,0,0,1088.8479628496527,1841.0097166973248,0.5718,2010-04-07
0,nearby_place_same_date,glc-6971,2015-06-09,6,27.159,94.12,5,Arunachal Pradesh,72.8,37.3,150.7,230.6,381.3,634.1,230.053,5,7,48.98,131.5,210.18,544.98,0.427,0.429,0.435,25.8,23,0,87,0.8,,0,0,0.01,10,3.793,1,4.3,open-meteo-era5,27.17,94.109,12.93,6.02,3.88502191286414,2.5477847751629654,1.634699664862078,0,1,809.0227612716111,3000,0.6709,2015-05-09
1,event,glc-6968,2015-06-13,6,25.463,92.212,5,Meghalaya,40.2,165.8,310.6,420.5,504.1,656,395.537,11.8,7,32.26,105.13,265.65,590.6,0.495,0.508,0.493,22,18.8,0,1384,1.968,,0,0,0.261,97,1.396,1,4.3,open-meteo-era5,25.483,92.245,19.13,8.33,5.412092699076495,3.1401687700694496,1.1430562815821572,0,1,352.6032917236227,1581.7913653603964,0.6154000000000001,2015-05-25
0,same_place_other_date,glc-6968,2026-05-21,5,25.463,92.212,5,Meghalaya,0.2,5.6,12.1,30.1,64.8,166.4,50.5,1.8,6,2.27,16.07,59.65,238.85,0.487,0.487,0.491,26,18.5,0,1384,1.968,,0,0,0.261,97,1.26,1,4.4,open-meteo-era5,25.483,92.245,13.53,8.33,0.2981029810298103,0.3178122690317813,0.4099531904409954,0,1,352.6032917236227,1581.7913653603964,0.5954,2026-04-23
0,same_place_other_date,glc-6968,2020-05-24,5,25.463,92.212,5,Meghalaya,6.2,1.1,17.4,111.1,162.2,255.4,115.333,0.8,6,65.68,144.5,231.81,404.15,0.494,0.505,0.511,22.6,18.6,0,1384,1.968,,0,0,0.261,97,1.742,1,4.6,open-meteo-era5,25.483,92.245,13.53,8.33,0.42867701404286773,1.173054587688734,0.6292190194629219,0,1,352.6032917236227,1581.7913653603964,0.40390000000000004,2020-04-22
0,nearby_place_same_date,glc-6968,2015-06-13,6,25.396,91.895,5,Meghalaya,53.9,210.4,382.8,560.6,683,894.9,523.659,16,7,35.98,146.91,295.7,639.32,0.492,0.508,0.495,23.8,21.6,0,695,16.432,172.003,-0.99,0.139,-0.298,524,1.459,1,4.3,open-meteo-era5,25.343,91.948,19.13,8.33,6.670151594354417,4.186393846613397,1.5593308938839519,0,0,2232.8968016018234,1115.9977433454903,0.6372,2015-05-25
1,event,glc-6967,2015-06-13,6,27.017,88.248,1,West Bengal,33.4,43.4,109,224.4,462.7,872.2,288.657,3.9,7,8.35,48.05,74.48,241.78,0.427,0.427,0.426,16.5,13.4,0,2191,13.195,274.49,0.078,-0.997,0.173,486,3.029,15,5.5,open-meteo-era5,27.03,88.1,7.82,4.23,4.646206308610401,4.099378881987578,3.7178175618073315,7,15,8.052096915880208,1175.848900981895,0.4577,2015-05-25
0,same_place_other_date,glc-6967,2008-07-02,7,27.017,88.248,1,West Bengal,44.5,43.3,98.5,160.4,320.6,676.9,195.313,8.2,7,4.08,19.99,50.16,298.28,0.426,0.426,0.428,17.2,14.5,0,2191,13.195,274.49,0.078,-0.997,0.173,486,1,1,4.1,open-meteo-era5,27.03,88.1,13.51,4.23,2.4302985442881817,1.6960981283705194,1.6701208981001725,1,5,8.052096915880208,1175.848900981895,0.19770000000000001,2008-06-09
0,same_place_other_date,glc-6967,2010-07-20,7,27.017,88.248,1,West Bengal,23.7,31,100.3,191.6,702.9,1153.5,397.251,3.8,7,44.08,119.47,169.27,553.01,0.426,0.426,0.426,17.8,14.9,0,2191,13.195,274.49,0.078,-0.997,0.173,486,1.294,1,4.6,open-meteo-era5,27.03,88.1,13.51,4.23,2.474710091290402,2.0260124775298722,2.846039970392302,4,10,8.052096915880208,1175.848900981895,0.1388,2010-06-26
0,nearby_place_same_date,glc-6967,2015-06-13,6,26.94,88.285,1,West Bengal,16.7,30.6,59.5,125.3,235,447.4,152.361,3.3,7,8.35,48.05,74.48,241.78,0.427,0.427,0.426,20.1,17,0,1669,23.53,270.966,0.017,-1,0.038,471,2.988,15,5.5,open-meteo-era5,26.96,88.202,8.99,4.67,2.206154987022618,1.9911012235817576,1.6588802373007046,1,28,454.0926467577512,360.65887534523944,0.7416,2015-05-25
1,event,glc-6969,2015-06-16,6,25.511,90.215,1,Meghalaya,24.4,21.7,57.2,299.3,373.4,720.3,270.035,4.9,7,27.16,62.64,230.34,409.65,0.47,0.491,0.497,27.5,23.3,0,309,11.542,295.959,0.438,-0.899,-0.159,124,1,0,,open-meteo-era5,25.483,90.195,13.24,6.01,1.4400805639476335,3.229391454466983,1.8134441087613293,1,1,20.612142953692285,1143.3771947426287,0.47400000000000003,2015-05-25
0,same_place_other_date,glc-6969,2026-05-25,5,25.511,90.215,1,Meghalaya,122.3,4.2,136.1,157.3,323.5,512,110.111,46.6,5,29.93,48.55,103.75,518.31,0.487,0.493,0.48,28.1,22,0,309,11.542,295.959,0.438,-0.899,-0.159,124,3.149,1,4.4,open-meteo-era5,25.483,90.195,9.38,6.01,4.836531627576403,2.395674687785562,1.8194740582800282,3,3,20.612142953692285,1143.3771947426287,0.3309,2026-04-23
0,same_place_other_date,glc-6969,2023-07-07,7,25.511,90.215,1,Meghalaya,3.6,2.3,10.6,73.8,110,465.6,111.581,0.7,7,4.89,19.76,177,757.86,0.488,0.487,0.501,28.8,24.4,0,309,11.542,295.959,0.438,-0.899,-0.159,124,2.434,1,5,open-meteo-era5,25.483,90.195,13.26,6.01,0.26646556058320764,0.795087265675501,1.1704374057315234,3,3,20.612142953692285,1143.3771947426287,0.5978,2023-06-10
0,nearby_place_same_date,glc-6969,2015-06-16,6,25.428,90.227,1,Meghalaya,24.4,21.7,57.2,299.3,373.4,720.3,270.035,4.9,7,27.16,62.64,230.34,409.65,0.499,0.498,0.5,27.8,23.6,0,148,8.748,221.82,-0.745,-0.667,0.065,108,1,0,,open-meteo-era5,25.413,90.195,13.24,6.01,1.4400805639476335,3.229391454466983,1.8134441087613293,0,1,802.4984771887445,3000,0.6206,2015-05-25
1,event,glc-6970,2015-06-16,6,25.508,90.219,1,Meghalaya,24.4,21.7,57.2,299.3,373.4,720.3,270.035,4.9,7,27.16,62.64,230.34,409.65,0.47,0.491,0.497,27.5,23.4,0,319,10.534,291.732,0.37,-0.929,-0.093,232,1,0,,open-meteo-era5,25.483,90.195,13.24,6.01,1.4400805639476335,3.229391454466983,1.8134441087613293,1,1,15.643745446916185,1503.5826191743565,0.6472,2015-05-25
0,same_place_other_date,glc-6970,2011-07-14,7,25.508,90.219,1,Meghalaya,10.8,6.3,22.7,72.8,164,343.8,99.626,3.6,7,6.88,9.62,36.72,358.16,0.448,0.472,0.471,28.9,24.8,0,319,10.534,291.732,0.37,-0.929,-0.093,232,1.376,1,4.4,open-meteo-era5,25.483,90.195,13.26,6.01,0.5706385118149824,0.7843137254901961,0.8642533936651584,1,1,15.643745446916185,1503.5826191743565,0.6865,2011-06-26
0,same_place_other_date,glc-6970,2013-06-29,6,25.508,90.219,1,Meghalaya,6.8,7.9,32.2,58.8,128.9,237.9,86.017,3.6,7,18.67,89.62,142.8,294.79,0.493,0.491,0.509,29.1,24.4,0,319,10.534,291.732,0.37,-0.929,-0.093,232,1,0,,open-meteo-era5,25.483,90.195,13.24,6.01,0.8106747230614301,0.634441087613293,0.5989425981873112,1,1,15.643745446916185,1503.5826191743565,0.7160000000000001,2013-06-10
0,nearby_place_same_date,glc-6970,2015-06-16,6,25.601,90.488,1,Meghalaya,22.1,20.5,51.9,331.3,418,777.1,298.194,5.9,7,21.68,50.21,257.7,495.27,0.493,0.501,0.502,27.3,22.8,0,476,3.156,307.875,0.614,-0.789,0.655,78,1,0,,open-meteo-era5,25.624,90.489,15.57,6.9,1.1111111111111112,3.0397284154509587,1.6636694497966174,0,0,417.05454987550877,2997.6284918963443,0.4403,2015-05-25
1,event,glc-6945,2015-06-19,6,25.16,93.686,1,Manipur,1.8,5.5,12.5,37.6,125.4,222.5,80.309,3,7,1.74,5.62,28.44,182.72,0.407,0.408,0.408,26.5,20,0,1040,34.636,149.276,-0.86,0.511,0.065,485,2.128,3,4.3,open-meteo-era5,25.132,93.689,7.25,3.7,0.5747126436781609,0.7408866995073892,1.0229885057471264,1,1,2.3075107812223616,2395.6631595153835,0.6356,2015-05-25
0,same_place_other_date,glc-6945,2007-07-09,7,25.16,93.686,1,Manipur,1.8,3.9,14.6,33.6,112.5,380.2,81.149,1,7,2.24,10.59,32.83,213.4,0.41,0.405,0.404,25.5,20.3,0,1040,34.636,149.276,-0.86,0.511,0.065,485,3.13,3,5.2,open-meteo-era5,25.132,93.689,7.53,3.7,0.6463036741921204,0.6374501992031872,1.683045595396193,0,0,2.3075107812223616,2395.6631595153835,0.7844,2007-06-10
0,same_place_other_date,glc-6945,2013-05-23,5,25.16,93.686,1,Manipur,21.8,13,37.7,63,342.4,609.7,166.307,5.9,7,10.85,15.58,44.99,322.54,0.406,0.403,0.408,26,19.6,0,1040,34.636,149.276,-0.86,0.511,0.065,485,1.019,3,4.4,open-meteo-era5,25.132,93.689,5.84,3.7,2.1518264840182653,1.541095890410959,3.4800228310502286,1,1,2.3075107812223616,2395.6631595153835,0.5726,2013-04-23
0,nearby_place_same_date,glc-6945,2015-06-19,6,25.019,93.52,1,Manipur,0.5,0.8,5.4,30.1,107.5,191.7,67.802,0.4,5,1.74,5.62,28.44,182.72,0.402,0.406,0.406,27.3,20.4,0,964,17.673,233.909,-0.589,-0.808,-0.056,282,2.216,3,4.3,open-meteo-era5,25.062,93.588,7.25,3.7,0.24827586206896554,0.5931034482758621,0.8813793103448275,4,8,1064.610392618141,1804.0356096543169,0.6634,2015-05-25
1,event,glc-6990,2015-06-24,6,26.032,94.547,5,Nagaland,15.6,33,82.8,109.8,269.2,414.2,161.385,3.3,7,13.93,42.27,87.83,382.43,0.489,0.488,0.502,22.8,18.7,0,1549,36.591,203.297,-0.918,-0.395,0.094,526,1.628,2,4.3,open-meteo-era5,26.046,94.53,8.04,3.98,3.4328358208955225,1.9509594882729213,1.7172470978441128,2,5,420.04610883642164,1890.3023528767794,0.7695000000000001,2015-05-25
0,same_place_other_date,glc-6990,2011-07-30,7,26.032,94.547,5,Nagaland,2.3,2.4,10.9,40.8,222.7,407.3,124.625,0.7,7,4.45,23.11,52.65,364.31,0.499,0.493,0.488,23.9,17.9,0,1549,36.591,203.297,-0.918,-0.395,0.094,526,1.034,2,4.4,open-meteo-era5,26.046,94.53,8.77,3.98,0.41429114405169143,0.6646033555953738,1.5480805777271003,1,1,420.04610883642164,1890.3023528767794,0.5453,2011-07-12
0,same_place_other_date,glc-6990,2012-06-18,6,26.032,94.547,5,Nagaland,6.1,8.7,22.6,57.5,84.6,288.5,88.883,2.5,7,1.02,4.44,65.67,244.67,0.476,0.488,0.499,24.1,17.7,0,1549,36.591,203.297,-0.918,-0.395,0.094,526,1.639,3,4.7,open-meteo-era5,26.046,94.53,8.04,3.98,0.9369817578772804,1.021677327647477,1.1961028192371477,1,1,420.04610883642164,1890.3023528767794,0.7329,2012-05-24
0,nearby_place_same_date,glc-6990,2015-06-24,6,26.032,94.905,5,Nagaland,9.8,26.6,58.2,100.8,204.8,286.1,123.483,2.3,7,8.82,36.95,80.62,388.41,0.432,0.437,0.394,27.2,22.9,0,753,25.326,95.886,-0.103,0.995,-0.113,397,1.857,2,4.3,open-meteo-era5,26.046,94.923,7.94,3.91,2.443324937027708,1.8136020151133498,1.2010915197313183,0,2,1700.8969008683464,347.54495329753126,0.6177,2015-05-25
1,event,glc-7021,2015-06-27,6,27.008,88.251,1,West Bengal,22.2,11.6,51.7,120.9,343.3,818,214.628,2.6,7,19.15,44.71,67.98,269.64,0.412,0.415,0.424,18.1,13.7,0,2258,11.428,167.057,-0.975,0.224,0.297,340,1.957,11,4.8,open-meteo-era5,27.03,88.2,8.99,4.67,1.916944753429737,1.9211822660098523,3.0329996292176493,7,22,94.21509049868112,588.7423899494227,0.0599,2015-05-25
0,same_place_other_date,glc-7021,2018-08-07,8,27.008,88.251,1,West Bengal,7.4,11.7,26.3,142.2,274,484.7,172.701,4.7,7,13.06,53.09,93.22,323.48,0.421,0.422,0.42,20.2,13.4,0,2258,11.428,167.057,-0.975,0.224,0.297,340,1.783,0,,open-meteo-era5,27.03,88.2,10.97,4.67,0.799149194773625,1.8518036202630548,1.472804618656943,8,28,94.21509049868112,588.7423899494227,0.1295,2018-07-12
0,same_place_other_date,glc-7021,2019-05-28,5,27.008,88.251,1,West Bengal,47.7,4.3,56.2,112.8,181.3,284.8,82.755,19,7,4.62,17.88,42.03,131.43,0.416,0.417,0.416,17.2,10.5,0,2258,11.428,167.057,-0.975,0.224,0.297,340,1.683,1,4.5,open-meteo-era5,27.03,88.2,5.35,4.67,3.5015576323987547,3.012016021361816,1.7744548286604362,8,28,94.21509049868112,588.7423899494227,0.5726,2019-05-09
0,nearby_place_same_date,glc-7021,2015-06-27,6,26.748,88.079,1,West Bengal,8.7,6.3,33.4,128,168.9,266.7,118.367,2,7,22.18,45.47,76.71,278.97,0.406,0.404,0.427,28.1,24.2,0,293,7.504,235.574,-0.565,-0.825,0.143,66,1.989,12,4.8,open-meteo-era5,26.749,88.108,9.25,4.86,1.2036036036036035,1.9768339768339769,0.961081081081081,0,0,3000,3000,0.7405,2015-05-25
1,event,glc-7033,2015-06-29,6,27.016,88.248,1,West Bengal,19.8,49.6,91.6,160.3,325.2,799.5,240.619,3.6,7,13.67,43.7,87.71,271.72,0.428,0.428,0.427,18.5,14.1,0,2198,15.489,252.525,-0.3,-0.954,0.211,474,2.45,14,5.1,open-meteo-era5,27.03,88.1,7.82,4.23,3.9045183290707586,2.928388746803069,3.407928388746803,9,17,25.549929730743873,1211.2107208011505,0.4398,2015-06-10
0,same_place_other_date,glc-7033,2024-06-14,6,27.016,88.248,1,West Bengal,17.4,14.7,71.6,109.3,184.1,241.7,118.96,4.9,7,20.35,71.2,134.69,350.01,0.42,0.419,0.389,19.2,14.8,0,2198,15.489,252.525,-0.3,-0.954,0.211,474,1.02,0,,open-meteo-era5,27.03,88.1,7.82,4.23,3.0520034100596756,1.9967117281695286,1.0302642796248933,9,19,25.549929730743873,1211.2107208011505,0.43920000000000003,2024-05-24
0,same_place_other_date,glc-7033,2024-06-14,6,27.016,88.248,1,West Bengal,17.4,14.7,71.6,109.3,184.1,241.7,118.96,4.9,7,20.35,71.2,134.69,350.01,0.42,0.419,0.389,19.2,14.8,0,2198,15.489,252.525,-0.3,-0.954,0.211,474,1.02,0,,open-meteo-era5,27.03,88.1,7.82,4.23,3.0520034100596756,1.9967117281695286,1.0302642796248933,9,19,25.549929730743873,1211.2107208011505,0.43920000000000003,2024-05-24
0,nearby_place_same_date,glc-7033,2015-06-29,6,26.939,88.11,1,West Bengal,9.5,23.2,47.3,109.3,197.5,387.5,139.729,1.9,7,13.67,43.7,87.71,271.72,0.428,0.429,0.426,21.2,16.8,0,1938,10.157,165.774,-0.969,0.246,0.249,232,2.369,15,5.1,open-meteo-era5,26.96,88.102,7.82,4.23,2.0161977834612106,1.9967117281695286,1.6517476555839725,0,1,656.7090837140546,3000,0.1756,2015-06-10
1,event,glc-7035,2015-06-30,6,25.424,88.275,1,West Bengal,5,4.6,35.1,81.8,109,236.9,94.272,3.9,7,3.86,8.25,90.3,213.39,0.409,0.415,0.428,32.1,25.1,0,28,0.745,,0,0,-0.14,8,2.234,2,5.1,open-meteo-era5,25.413,88.245,9.23,4.57,1.267605633802817,1.2660578857761957,0.8555435175153484,0,0,593.7473162418042,3000,0.6251,2015-06-10
0,same_place_other_date,glc-7035,2010-06-30,6,25.424,88.275,1,West Bengal,19.2,15.1,49.7,162.6,283.6,405.3,174.951,2.7,7,2.03,20.41,88.2,327.3,0.41,0.412,0.434,30.8,25.2,0,28,0.745,,0,0,-0.14,8,1,0,,open-meteo-era5,25.413,88.245,9.23,4.57,1.794871794871795,2.5166382912861787,1.4637053087757312,0,0,593.7473162418042,3000,0.4042,2010-06-10
0,same_place_other_date,glc-7035,2010-07-24,7,25.424,88.275,1,West Bengal,1.6,6.1,19.6,99,185.2,413.8,116.179,1.1,7,12.35,27.64,83.6,354.37,0.407,0.405,0.424,32,27,0,28,0.745,,0,0,-0.14,8,1,0,,open-meteo-era5,25.413,88.245,11.66,4.57,0.5603201829616924,1.2129380053908354,1.1829616923956547,0,0,593.7473162418042,3000,0.5768,2010-06-26
0,nearby_place_same_date,glc-7035,2015-06-30,6,25.324,88.195,1,West Bengal,4,5.7,41.1,81,111.3,220.2,97.1,3.2,7,3.86,8.25,90.3,213.39,0.412,0.416,0.402,31.9,25.4,0,28,0.586,,0,0,-0.037,11,2.16,2,5.1,open-meteo-era5,25.343,88.149,7.87,4.04,1.7407878017789074,1.470321292430568,0.9326556543837357,0,0,1528.5486965605628,3000,0.6249,2015-06-10
1,event,glc-7034,2015-06-30,6,27.088,88.656,1,West Bengal,18.7,31.5,107.6,207,344.8,485.2,233.756,3.2,7,17.87,48.48,107.9,300.31,0.426,0.425,0.432,20.6,15.6,0,2178,15.818,98.2,-0.143,0.99,0.816,438,2.732,10,5.1,open-meteo-era5,27.17,88.797,8.99,4.67,3.989618094178717,3.2893691403146352,1.7990359658880237,0,3,103.2540011232908,1375.5562668734842,0.1047,2015-06-10
0,same_place_other_date,glc-7034,2021-07-08,7,27.088,88.656,1,West Bengal,58.4,10.6,80.1,164,553.2,916.4,295.553,9.7,7,28.36,59.92,156.05,589.21,0.423,0.425,0.406,17.2,15,0,2178,15.818,98.2,-0.143,0.99,0.816,438,2.82,2,5.3,open-meteo-era5,27.17,88.797,14.36,4.67,1.8593314763231197,1.631516116195782,2.127205199628598,0,3,103.2540011232908,1375.5562668734842,0.2619,2021-06-10
0,same_place_other_date,glc-7034,2011-08-04,8,27.088,88.656,1,West Bengal,28.4,24.6,82.9,304.5,664.6,1233.9,419.451,4,7,10.15,23.14,54.21,421.67,0.426,0.426,0.41,22,16.3,0,2178,15.818,98.2,-0.143,0.99,0.816,438,1,0,,open-meteo-era5,27.17,88.797,10.97,4.67,2.5189911880887266,3.965360072926162,3.7493163172288058,0,2,103.2540011232908,1375.5562668734842,0.0461,2011-07-12
0,nearby_place_same_date,glc-7034,2015-06-30,6,27.015,88.98,1,West Bengal,25.1,19.4,73.6,132.4,334.5,562,192.338,2.7,7,17.87,48.48,107.9,300.31,0.426,0.421,0.43,23.7,19,0,1032,25.174,192.48,-0.976,-0.216,-0.613,473,3.032,3,5.1,open-meteo-era5,27.03,89,8.99,4.67,2.728958101594364,2.103924996027332,2.0837968112717835,0,0,2546.4227846904223,570.2833032843224,0.4938,2015-06-10
1,event,glc-7363,2015-06-30,6,26.884,88.184,25,West Bengal,15.6,7.3,54,94.8,260.6,511.1,164.471,3.6,7,18.26,42.81,94.73,284.12,0.424,0.425,0.425,21.6,16.9,0,1652,3.275,340.017,0.94,-0.342,0.105,107,2.422,16,5.1,open-meteo-era5,26.96,88.202,7.82,4.23,2.3017902813299234,1.7318231640482278,2.178601875532822,1,16,38.614274860740835,2020.2567877993404,0.1096,2015-06-10
0,same_place_other_date,glc-7363,2018-07-07,7,26.884,88.184,25,West Bengal,16.8,9.6,110.6,291.3,500.3,794.7,321.063,3,7,3.36,12.59,131.61,342.5,0.424,0.426,0.426,22,18,0,1652,3.275,340.017,0.94,-0.342,0.105,107,3.123,3,4.4,open-meteo-era5,26.96,88.202,13.51,4.23,2.728842832469775,3.0802580099397274,1.9607698001480385,2,23,38.614274860740835,2020.2567877993404,0.060500000000000005,2018-06-10
0,same_place_other_date,glc-7363,2011-07-09,7,26.884,88.184,25,West Bengal,15.2,20.4,65.3,194.9,601.5,823.1,323.241,2.1,7,4.43,18.87,83.35,378.14,0.426,0.427,0.427,22.1,17.4,0,1652,3.275,340.017,0.94,-0.342,0.105,107,1,0,,open-meteo-era5,26.96,88.202,13.51,4.23,1.6111522329138908,2.0609072644601882,2.0308413520848756,1,16,38.614274860740835,2020.2567877993404,0.125,2011-06-10
0,nearby_place_same_date,glc-7363,2015-06-30,6,26.854,88.075,25,West Bengal,16.3,9.5,49,100.5,206.8,386.1,134.773,2.4,7,18.26,42.81,94.73,284.12,0.425,0.426,0.424,22.4,18.2,0,1464,28.212,180.131,-1,-0.002,-0.182,566,2.354,17,5.1,open-meteo-era5,26.889,88.104,7.82,4.23,2.0886615515771525,1.835951772013153,1.645780051150895,0,1,3000,3000,0.30670000000000003,2015-06-10
1,event,glc-7040,2015-07-01,7,26.998,88.167,1,West Bengal,26.5,15.6,49.4,112.7,253.1,518.8,162.594,4,7,29.1,61.03,116.62,300.16,0.423,0.424,0.423,20.8,16.7,0,2170,1.586,,0,0,0.508,329,2.4,17,5.1,open-meteo-era5,27.03,88.1,13.51,4.23,1.2188502343942758,1.1917098445595855,1.2800394769306684,0,13,5.596283032545694,1862.4348800462635,0.1824,2015-06-10
0,same_place_other_date,glc-7040,2008-07-10,7,26.998,88.167,1,West Bengal,15.8,5.4,22.9,108.8,343.2,654.9,190.909,2.2,6,1.13,19.99,36.02,301.82,0.405,0.403,0.409,21.3,15.7,0,2170,1.586,,0,0,0.508,329,1.31,3,4.2,open-meteo-era5,27.03,88.1,13.51,4.23,0.5650135701949173,1.1504705509146664,1.615840118430792,0,2,5.596283032545694,1862.4348800462635,0.169,2008-06-09
0,same_place_other_date,glc-7040,2019-05-22,5,26.998,88.167,1,West Bengal,9.5,2.7,14.8,30.1,63.6,187.5,42.458,2,6,6.84,23.47,36.61,115.2,0.385,0.383,0.39,18.4,10.4,0,2170,1.586,,0,0,0.508,329,2.008,0,,open-meteo-era5,27.03,88.1,4.64,4.23,1.0632183908045978,0.9267241379310346,1.3469827586206897,0,17,5.596283032545694,1862.4348800462635,0.4087,2019-04-23
0,nearby_place_same_date,glc-7040,2015-07-01,7,27.065,88.025,1,West Bengal,24.3,19.7,66.5,150.5,271.4,507.6,182.914,3.5,7,29.1,61.03,116.62,300.16,0.426,0.426,0.424,16.4,11.9,0,2949,18.725,147.688,-0.845,0.535,0.345,332,2.302,17,5.1,open-meteo-era5,27.1,87.998,13.51,4.23,1.6407599309153713,1.5914137675795708,1.2524056254626204,0,0,3000,3000,0.0679,2015-06-10
1,event,glc-7037,2015-07-01,7,26.881,88.278,5,West Bengal,26.5,15.6,49.4,112.7,253.1,518.8,162.594,4,7,29.1,61.03,116.62,300.16,0.427,0.427,0.427,21.5,18,0,1525,17.482,261.744,-0.144,-0.99,0.258,395,2.487,16,5.1,open-meteo-era5,26.96,88.202,14.36,4.67,1.1467038068709379,1.1211699164345406,1.2042711234911792,14,23,73.21251757521202,2532.1816930512846,0.22740000000000002,2015-06-10
0,same_place_other_date,glc-7037,2023-07-10,7,26.881,88.278,5,West Bengal,5.5,3.7,18.4,75,176.1,437.1,125.327,1.2,7,16.77,39.08,106.38,576.74,0.414,0.417,0.415,22.6,18,0,1525,17.482,261.744,-0.144,-0.99,0.258,395,1.232,0,,open-meteo-era5,26.96,88.202,14.36,4.67,0.4271123491179201,0.7461201750895344,1.014623955431755,17,29,73.21251757521202,2532.1816930512846,0.1325,2023-06-10
0,same_place_other_date,glc-7037,2022-06-19,6,26.881,88.278,5,West Bengal,15.2,12.9,48,142.5,235.6,323.4,147.48,3.1,7,28.12,111.46,217.42,482.22,0.427,0.428,0.427,19.8,17.5,0,1525,17.482,261.744,-0.144,-0.99,0.258,395,1,1,4.2,open-meteo-era5,26.96,88.202,8.99,4.67,1.7797552836484984,2.2644207849992055,1.1991101223581757,17,29,73.21251757521202,2532.1816930512846,0.4787,2022-05-25
0,nearby_place_same_date,glc-7037,2015-07-01,7,27.034,88.54,5,West Bengal,19.9,27.5,55.8,104.8,201.9,344,128.692,4.1,7,18.11,51.09,114.57,306.34,0.424,0.428,0.431,25.4,21.4,0,903,19.79,345.018,0.966,-0.259,0.096,570,2.655,12,5.1,open-meteo-era5,27.03,88.5,14.36,4.67,1.2952646239554317,1.0425785913251095,0.7985143918291552,0,15,281.0162031962449,1684.321232027594,0.6694,2015-06-10
1,event,glc-7038,2015-07-01,7,26.878,88.281,10,West Bengal,26.5,15.6,49.4,112.7,253.1,518.8,162.594,4,7,29.1,61.03,116.62,300.16,0.427,0.427,0.427,21.5,18,0,1508,29.959,204.826,-0.908,-0.42,0.01,459,2.489,16,5.1,open-meteo-era5,26.96,88.202,14.36,4.67,1.1467038068709379,1.1211699164345406,1.2042711234911792,14,23,46.99552271346995,2960.4137763132126,0.3281,2015-06-10
0,same_place_other_date,glc-7038,2015-05-31,5,26.878,88.281,10,West Bengal,24.3,17.8,60.1,110.1,220.7,341.4,129.547,2,7,5.86,28.33,48.71,164.54,0.42,0.418,0.408,20.4,16.7,0,1508,29.959,204.826,-0.908,-0.42,0.01,459,5.604,95,7.3,open-meteo-era5,26.96,88.202,5.35,4.67,3.744548286604362,2.9399198931909214,2.1271028037383175,14,22,46.99552271346995,2960.4137763132126,0.66,2015-05-09
0,same_place_other_date,glc-7038,2010-07-31,7,26.878,88.281,10,West Bengal,14.5,30.5,96.6,173.4,337.9,1019.1,272.516,3.5,7,7.08,48.7,68.38,528.04,0.427,0.427,0.429,21.8,17.1,0,1508,29.959,204.826,-0.908,-0.42,0.01,459,1.216,2,4.6,open-meteo-era5,26.96,88.202,14.36,4.67,2.2423398328690807,1.7250298448070036,2.3655988857938723,12,18,46.99552271346995,2960.4137763132126,0.217,2010-07-12
0,nearby_place_same_date,glc-7038,2015-07-01,7,26.772,88.5,10,West Bengal,11.5,26.1,46.4,94.9,266.4,452.2,160.833,6.3,7,18.11,51.09,114.57,306.34,0.429,0.43,0.428,28.9,24.4,0,158,0.754,,0,0,0.029,22,2.658,11,5.1,open-meteo-era5,26.749,88.507,14.36,4.67,1.0770659238625813,0.944090728213291,1.0496750232126277,1,5,2497.2186062687856,2076.3908435454823,0.6415000000000001,2015-06-10
1,event,glc-7039,2015-07-01,7,27.068,88.456,1,West Bengal,19.9,27.5,55.8,104.8,201.9,344,128.692,4.1,7,18.11,51.09,114.57,306.34,0.426,0.431,0.435,25.1,20.8,0,1092,19.689,70.201,0.339,0.941,0.086,424,2.586,15,5.1,open-meteo-era5,27.1,88.498,14.36,4.67,1.2952646239554317,1.0425785913251095,0.7985143918291552,8,20,33.23430088791273,1827.4547653371683,0.4027,2015-06-10
0,same_place_other_date,glc-7039,2021-07-28,7,27.068,88.456,1,West Bengal,12.4,19,35.7,128,415.4,910.4,240.407,3.9,7,14.8,48.08,86.94,565.45,0.427,0.428,0.403,27,20.3,0,1092,19.689,70.201,0.339,0.941,0.086,424,4.333,3,5.3,open-meteo-era5,27.1,88.498,14.36,4.67,0.828690807799443,1.2733784321528054,2.113277623026927,9,25,33.23430088791273,1827.4547653371683,0.1451,2021-06-26
0,same_place_other_date,glc-7039,2009-08-01,8,27.068,88.456,1,West Bengal,14.6,62.7,93.6,285,372.7,643,273.525,6.6,7,18.02,33.61,137.42,269.06,0.43,0.43,0.425,26.2,21,0,1092,19.689,70.201,0.339,0.941,0.086,424,2.199,0,,open-meteo-era5,27.1,88.498,10.97,4.67,2.8441203281677296,3.711420757911186,1.9538134305682162,2,3,33.23430088791273,1827.4547653371683,0.5799000000000001,2009-07-12
0,nearby_place_same_date,glc-7039,2015-07-01,7,27.25,88.517,1,West Bengal,46,39.2,118.1,263.9,387.1,608.7,253.564,5.7,7,18.11,51.09,114.57,306.34,0.426,0.426,0.43,25.6,21.3,0,892,36.739,125.91,-0.587,0.81,0.087,690,2.587,15,5.1,open-meteo-era5,27.241,88.495,9.15,2.99,4.302367941712204,4.120218579234972,2.2174863387978143,1,13,871.1115580245237,933.9666389155831,0.8482000000000001,2015-06-10
1,event,glc-7036,2015-07-01,7,26.835,88.188,5,West Bengal,21.4,20.1,52.6,120.6,295.3,470,174.302,3.4,7,29.1,61.03,116.62,300.16,0.426,0.426,0.429,23.9,20.2,0,1006,20.171,356.186,0.998,-0.067,0.22,424,2.429,16,5.1,open-meteo-era5,26.819,88.206,13.51,4.23,1.2978040957315569,1.2752458496351908,1.159634838391315,0,18,1213.603220521791,1411.839585004812,0.10940000000000001,2015-06-10
0,same_place_other_date,glc-7036,2014-08-03,8,26.835,88.188,5,West Bengal,18.3,10.3,44.9,85.2,212.3,506.1,133.695,3.1,6,5.04,6.29,21.94,203.97,0.421,0.422,0.402,24.4,20.4,0,1006,20.171,356.186,0.998,-0.067,0.22,424,1.776,3,4.3,open-meteo-era5,26.819,88.206,10.23,4.23,1.4630172694688823,1.1897779639715125,1.649071358748778,0,18,1213.603220521791,1411.839585004812,0.2731,2014-07-12
0,same_place_other_date,glc-7036,2012-07-06,7,26.835,88.188,5,West Bengal,100.6,99.8,248.7,296.8,525.1,859.5,300.128,9.8,7,19.85,84.31,111.56,277.44,0.429,0.43,0.43,21.7,19.7,0,1006,20.171,356.186,0.998,-0.067,0.22,424,3.215,1,4.5,open-meteo-era5,26.819,88.206,13.51,4.23,6.13619541080681,3.1384159881569214,2.1206513693560325,0,17,1213.603220521791,1411.839585004812,0.8085,2012-06-09
0,nearby_place_same_date,glc-7036,2015-07-01,7,26.658,88.118,5,West Bengal,18.2,19.3,43.1,95.6,210.7,308.9,122.989,3.5,7,24.93,53.59,107.26,300.66,0.427,0.427,0.427,29.2,24.9,0,125,0.356,,0,0,0.01,9,2.389,16,5.1,open-meteo-era5,26.678,88.111,15.28,4.86,0.9402268760907505,0.893792071802543,0.6738656195462478,0,0,3000,3000,0.5089,2015-06-10
1,event,glc-7076,2015-07-04,7,26.928,88.455,1,West Bengal,20.2,89.6,122.9,205.4,287.9,452,210.916,10.2,7,18.37,38.08,104.67,330.89,0.429,0.428,0.434,28.3,25,0,156,1.913,,0,0,-0.115,190,2.609,11,5.1,open-meteo-era5,26.889,88.503,14.36,4.67,2.8528319405756735,2.043374452845205,1.0492107706592388,4,13,268.7315739332984,78.62118897178581,0.1967,2015-06-10
0,same_place_other_date,glc-7076,2008-07-14,7,26.928,88.455,1,West Bengal,58.6,199.6,379.7,421.9,675,908,464.044,23.4,7,10.75,41.89,63.62,286.32,0.418,0.422,0.437,27.3,24.5,0,156,1.913,,0,0,-0.115,190,1.608,3,4.2,open-meteo-era5,26.889,88.503,14.36,4.67,8.813834726090993,4.197174691603661,2.107706592386258,0,1,268.7315739332984,78.62118897178581,0.5582,2008-06-25
0,same_place_other_date,glc-7076,2013-07-23,7,26.928,88.455,1,West Bengal,0.7,15.9,26.7,126.6,299.3,958.5,249.115,2.7,6,6.56,23.32,70.63,451.09,0.418,0.426,0.426,30.9,24.8,0,156,1.913,,0,0,-0.115,190,2.076,2,4.7,open-meteo-era5,26.889,88.503,14.36,4.67,0.6197771587743732,1.2594508555511341,2.224930362116992,4,11,268.7315739332984,78.62118897178581,0.14730000000000001,2013-06-26
0,nearby_place_same_date,glc-7076,2015-07-04,7,27.255,88.622,1,West Bengal,51.7,92.5,179.2,366.4,521.1,768.7,345.018,7.2,7,13.14,24.46,69.13,201.4,0.428,0.432,0.424,26.3,17.5,0,1481,24.484,203.32,-0.918,-0.396,-0.26,588,2.66,11,5.1,open-meteo-era5,27.311,88.594,9.15,2.99,6.5282331511839695,5.720530835284934,2.8003642987249546,0,15,379.2956624679012,3000,0.61,2015-06-10
1,event,glc-7138,2015-07-07,7,27.082,88.44,5,Sikkim,2.6,16.8,60.4,203.2,315,494.8,223.088,2,7,9.06,26.94,83.13,342.54,0.423,0.43,0.424,31.6,25.7,0,262,24.345,339.898,0.939,-0.344,-0.403,419,2.572,15,5.1,open-meteo-era5,27.1,88.398,14.36,4.67,1.4020427112349119,2.0214882610425784,1.148560817084494,10,21,32.52165903739638,125.40517636840916,0.5856,2015-06-10
0,same_place_other_date,glc-7138,2025-08-07,8,27.082,88.44,5,Sikkim,3.5,9.7,36.5,105.1,222,481,155.609,4.7,7,22.99,36.71,134.51,467.93,0.404,0.41,0.429,32.4,25.2,0,262,24.345,339.898,0.939,-0.344,-0.403,419,1,0,,open-meteo-era5,27.1,88.398,10.97,4.67,1.1090853843816468,1.3686677952858444,1.4615618353084168,10,24,32.52165903739638,125.40517636840916,0.5850000000000001,2025-07-12
0,same_place_other_date,glc-7138,2025-06-28,6,27.082,88.44,5,Sikkim,5.8,3,15.4,76.6,224.9,431,121.547,4,7,4.12,13.63,109.24,345.58,0.395,0.396,0.349,33.1,24.8,0,262,24.345,339.898,0.939,-0.344,-0.403,419,1,1,4.2,open-meteo-era5,27.1,88.398,8.99,4.67,0.5710048201705599,1.2172254886381693,1.5980719317760474,10,24,32.52165903739638,125.40517636840916,0.5453,2025-06-10
0,nearby_place_same_date,glc-7138,2015-07-07,7,27.012,88.825,5,Sikkim,31.9,24.7,84.1,289.2,460.3,685.1,292.189,3.7,7,9.06,26.94,83.13,342.54,0.389,0.386,0.396,27.2,20.2,0,867,21.447,134.748,-0.704,0.71,0.01,228,2.891,8,5.1,open-meteo-era5,27.03,88.8,14.36,4.67,1.9521819870009285,2.877039395145245,1.5902971216341693,0,0,56.24447549677638,985.0344162437684,0.12140000000000001,2015-06-10
1,event,glc-7139,2015-07-07,7,26.883,88.281,5,West Bengal,2,19.3,66,138,265.9,565.1,192.518,3.4,7,8.92,33.58,105.54,344.28,0.423,0.425,0.428,23.8,19,0,1614,20.13,265.601,-0.077,-0.997,0.038,384,2.488,16,5.1,open-meteo-era5,26.96,88.202,14.36,4.67,1.532033426183844,1.3728611221647433,1.311745589600743,16,27,332.4049010213244,2478.2991313511484,0.101,2015-06-10
0,same_place_other_date,glc-7139,2022-07-01,7,26.883,88.281,5,West Bengal,26.4,2.6,39.9,235.1,350.9,554.3,239.374,6,7,17.94,80.01,208.79,685.11,0.414,0.417,0.42,21.4,16.8,0,1614,20.13,265.601,-0.077,-0.997,0.038,384,2.237,1,4.2,open-meteo-era5,26.96,88.202,14.36,4.67,0.9261838440111421,2.3388380421806607,1.2866759517177344,17,29,332.4049010213244,2478.2991313511484,0.0818,2022-06-10
0,same_place_other_date,glc-7139,2016-08-03,8,26.883,88.281,5,West Bengal,0.4,3.1,3.6,60.5,598.3,1147.3,329.753,0.7,5,2.56,17,50.31,480.31,0.406,0.405,0.413,24.2,18.4,0,1614,20.13,265.601,-0.077,-0.997,0.038,384,1,0,,open-meteo-era5,26.96,88.202,10.97,4.67,0.10938924339106654,0.7878630029951816,3.4861744150714067,16,27,332.4049010213244,2478.2991313511484,0.0609,2016-07-11
0,nearby_place_same_date,glc-7139,2015-07-07,7,26.627,88.241,5,West Bengal,5.1,13.2,45.4,141.5,292.6,547.7,196.503,2.6,7,8.94,41,98.97,342.99,0.422,0.427,0.432,31.5,25.7,0,118,0.559,,0,0,0.019,10,2.471,12,5.1,open-meteo-era5,26.608,88.212,15.28,4.86,0.9904013961605586,1.3229244577412118,1.1948080279232114,0,0,381.65736916763973,1157.4022785444145,0.5578000000000001,2015-06-10
1,event,glc-7214,2015-07-15,7,27.36,93.039,5,Arunachal Pradesh,88.3,39.2,149.8,212.6,407.4,827.4,240.364,7.7,7,40.53,70.31,77.28,381.05,0.428,0.428,0.429,27.6,24.3,0,406,6.449,267.51,-0.043,-0.999,0.135,182,2.119,5,5.1,open-meteo-era5,27.381,93.017,13.72,5.53,3.639455782312925,2.213660974593919,2.010204081632653,0,0,41.34564078306317,155.73980010300593,0.5624,2015-06-26
0,same_place_other_date,glc-7214,2016-06-03,6,27.36,93.039,5,Arunachal Pradesh,0.3,0,7.5,42.9,122.2,283.8,89.786,0.2,5,0.07,0.51,26.32,198.31,0.404,0.411,0.423,31.9,21.8,0,406,6.449,267.51,-0.043,-0.999,0.135,182,1.496,2,4.1,open-meteo-era5,27.381,93.017,11.92,5.53,0.20973154362416108,0.5141418983700863,0.7936241610738255,0,0,41.34564078306317,155.73980010300593,0.37060000000000004,2016-05-08
0,same_place_other_date,glc-7214,2025-07-20,7,27.36,93.039,5,Arunachal Pradesh,2.1,1.7,5.3,10.2,38.6,182.6,35.024,0.5,6,13.89,22.05,70.4,336.53,0.321,0.324,0.362,32.1,25.7,0,406,6.449,267.51,-0.043,-0.999,0.135,182,2.45,1,4.2,open-meteo-era5,27.381,93.017,13.72,5.53,0.12876579203109814,0.1062057476051645,0.44363459669582117,0,0,41.34564078306317,155.73980010300593,0.4611,2025-06-26
0,nearby_place_same_date,glc-7214,2015-07-15,7,27.575,93.113,5,Arunachal Pradesh,98.8,78.8,233.5,307.5,550,1104.5,345.828,11.4,7,40.53,70.31,77.28,381.05,0.429,0.429,0.428,24.9,21.3,0,1034,29.319,142.653,-0.795,0.607,-0.542,427,2.09,5,5.1,open-meteo-era5,27.592,93.027,13.72,5.53,5.672983479105928,3.2017909204498123,2.683430515063168,0,0,551.1137437080022,3000,0.7633000000000001,2015-06-26
1,event,glc-7263,2015-07-22,7,25.448,94.049,1,Manipur,21.8,31.1,88.6,178.9,298.9,511.7,193.328,5.9,7,10.3,41.39,117.9,325.49,0.426,0.427,0.431,22.5,19.7,0,1336,25.869,303.215,0.548,-0.837,-0.504,529,1.59,5,4.5,open-meteo-era5,25.413,94.095,7.3,3.58,4.045662100456621,3.5009784735812133,2.3365296803652966,0,8,78.75958217918837,3000,0.1258,2015-06-26
0,same_place_other_date,glc-7263,2019-08-13,8,25.448,94.049,1,Manipur,4.2,3.3,8.5,45.8,120.1,176.5,62.996,1.1,7,21.51,27.15,74.23,261.05,0.481,0.481,0.473,25.5,18.6,0,1336,25.869,303.215,0.548,-0.837,-0.504,529,2.682,8,5.5,open-meteo-era5,25.413,94.095,6.32,3.58,0.4483122362869198,1.035262206148282,0.9309071729957805,0,12,78.75958217918837,3000,0.5216000000000001,2019-07-12
0,same_place_other_date,glc-7263,2025-08-14,8,25.448,94.049,1,Manipur,3.8,2,16.7,20.2,64.4,149.6,43.701,0.7,5,7.43,26.91,49.38,220.02,0.482,0.48,0.476,26.1,17.9,0,1336,25.869,303.215,0.548,-0.837,-0.504,529,1.683,3,4.6,open-meteo-era5,25.413,94.095,6.32,3.58,0.880801687763713,0.45660036166365275,0.7890295358649788,0,12,78.75958217918837,3000,0.7174,2025-07-12
0,nearby_place_same_date,glc-7263,2015-07-22,7,25.271,93.928,1,Manipur,19.3,14.9,56,142.9,215.7,367.4,135.112,3.1,7,10.3,41.39,117.9,325.49,0.426,0.427,0.429,22.2,20.2,0,1270,11.983,219.931,-0.767,-0.642,-0.716,344,1.656,5,4.5,open-meteo-era5,25.272,93.989,7.3,3.58,2.5570776255707766,2.796477495107632,1.6776255707762555,0,2,177.7355403403359,2485.6677100427833,0.2277,2015-06-26
1,event,glc-7264,2015-07-22,7,25.454,93.983,5,Manipur,21.8,31.1,88.6,178.9,298.9,511.7,193.328,5.9,7,10.3,41.39,117.9,325.49,0.439,0.442,0.442,21.7,17.2,0,1774,26.959,287.833,0.306,-0.952,-0.392,546,1.615,5,4.5,open-meteo-era5,25.483,94.002,7.3,3.58,4.045662100456621,3.5009784735812133,2.3365296803652966,0,4,100.43244203965651,2704.7328736801055,0.1383,2015-06-26
0,same_place_other_date,glc-7264,2013-09-05,9,25.454,93.983,5,Manipur,11.2,13,32.4,82.6,196.7,443.1,130.878,3.3,7,12.37,28.55,50.61,243.51,0.432,0.435,0.441,20.7,17,0,1774,26.959,287.833,0.306,-0.952,-0.392,546,1.721,4,4.3,open-meteo-era5,25.483,94.002,5.37,3.58,2.011173184357542,2.1973929236499066,2.750465549348231,0,4,100.43244203965651,2704.7328736801055,0.31020000000000003,2013-08-13
0,same_place_other_date,glc-7264,2022-07-06,7,25.454,93.983,5,Manipur,3.3,6.6,25.1,60.5,117.7,328.4,95.908,1.6,7,4.93,26.84,55.98,278.77,0.418,0.419,0.419,24.1,15.4,0,1774,26.959,287.833,0.306,-0.952,-0.392,546,1.389,2,4.6,open-meteo-era5,25.483,94.002,7.3,3.58,1.1461187214611874,1.1839530332681016,1.4995433789954338,0,8,100.43244203965651,2704.7328736801055,0.13770000000000002,2022-06-10
0,nearby_place_same_date,glc-7264,2015-07-22,7,25.148,94.128,5,Manipur,18.2,15.8,56.9,161.6,260.3,431.8,158.197,2.3,7,14.27,45.06,139.8,345.03,0.497,0.493,0.51,22.2,19.6,0,1101,22.028,284.657,0.253,-0.967,-0.26,340,1.733,5,4.5,open-meteo-era5,25.132,94.078,7.53,3.7,2.518813634351483,3.0658319104534244,1.9114652501106684,0,0,2473.5405004771087,2585.3917873610612,0.35150000000000003,2015-06-26
1,event,glc-7253,2015-07-22,7,24.798,92.997,5,Assam,37.5,48.3,140.6,366.7,461.1,747.4,312.498,5.5,7,18.11,52.6,152.6,429.08,0.469,0.488,0.472,27.2,24.6,0,28,0.195,,0,0,0.018,11,1.946,4,4.4,open-meteo-era5,24.78,92.994,9.79,4.87,4.7871978209056865,5.350941193637823,2.544773578481444,0,1,628.0341108800253,631.8688872690991,0.3307,2015-06-26
0,same_place_other_date,glc-7253,2023-07-21,7,24.798,92.997,5,Assam,32.5,14.1,46.6,91.5,297.8,556.6,152.098,14.7,6,2.78,12.43,45.72,285.31,0.475,0.476,0.475,33.2,25.1,0,28,0.195,,0,0,0.018,11,1.57,4,4.3,open-meteo-era5,24.78,92.994,9.79,4.87,1.586653047327205,1.335181672260324,1.8951310861423223,0,1,628.0341108800253,631.8688872690991,0.6606000000000001,2023-06-26
0,same_place_other_date,glc-7253,2013-07-31,7,24.798,92.997,5,Assam,52.8,21.7,75.1,202,332.1,483.8,182.601,6.9,6,7.88,22.45,56.72,373.32,0.445,0.445,0.452,29.1,24.8,0,28,0.195,,0,0,0.018,11,1.617,4,4.3,open-meteo-era5,24.78,92.994,9.79,4.87,2.5570309839972762,2.9476141835692395,1.6472591079332652,0,1,628.0341108800253,631.8688872690991,0.5660000000000001,2013-07-12
0,nearby_place_same_date,glc-7253,2015-07-22,7,24.905,93.195,5,Assam,48.7,25.7,109.1,231.7,285.3,475.9,179.948,6.1,7,18.11,52.6,152.6,429.08,0.424,0.419,0.434,27.6,23.9,0,84,3.62,321.17,0.779,-0.627,-0.129,73,1.958,5,4.4,open-meteo-era5,24.921,93.194,9.79,4.87,3.714674838270344,3.3810010214504596,1.6203609124957439,0,1,3000,491.0678585340675,0.5778,2015-06-26
1,event,glc-7265,2015-07-22,7,25.501,93.985,5,Manipur,21.8,31.1,88.6,178.9,298.9,511.7,193.328,5.9,7,10.3,41.39,117.9,325.49,0.439,0.442,0.442,23.9,19.4,0,1435,21.444,163.014,-0.956,0.292,-0.42,526,1.622,5,4.5,open-meteo-era5,25.413,93.998,7.3,3.58,4.045662100456621,3.5009784735812133,2.3365296803652966,0,1,32.50926142057362,3000,0.1163,2015-06-26
0,same_place_other_date,glc-7265,2007-07-04,7,25.501,93.985,5,Manipur,9.3,13.8,33.8,140.5,225.7,595.1,174.225,7.4,7,2.27,10.69,28.47,205.03,0.429,0.436,0.437,26.8,20.1,0,1435,21.444,163.014,-0.956,0.292,-0.42,526,4.034,4,5.2,open-meteo-era5,25.413,93.998,7.3,3.58,1.54337899543379,2.7495107632093934,2.717351598173516,0,0,32.50926142057362,3000,0.6718000000000001,2007-06-10
0,same_place_other_date,glc-7265,2010-08-20,8,25.501,93.985,5,Manipur,14.4,12.2,34.7,70.9,171.1,424.1,115.831,3,7,7.85,31.02,61.89,191.37,0.437,0.438,0.434,23.5,20.3,0,1435,21.444,163.014,-0.956,0.292,-0.42,526,1.569,3,4.1,open-meteo-era5,25.413,93.998,6.32,3.58,1.8301687763713081,1.602622061482821,2.236814345991561,0,1,32.50926142057362,3000,0.7129000000000001,2010-07-28
0,nearby_place_same_date,glc-7265,2015-07-22,7,25.796,94.156,5,Manipur,32.2,29,105.4,205.2,315.2,524.4,205.59,10.3,7,15.83,50.33,108.31,338.32,0.475,0.495,0.506,23.1,19.3,0,1160,16.863,345.187,0.967,-0.256,0.084,186,1.596,5,4.5,open-meteo-era5,25.764,94.118,8.03,3.86,4.375259443752595,3.6505959793631026,2.176836861768369,2,6,2109.689279290482,3000,0.5684,2015-06-26
1,event,glc-7266,2015-07-22,7,25.51,93.879,10,Manipur,21.8,31.1,88.6,178.9,298.9,511.7,193.328,5.9,7,10.3,41.39,117.9,325.49,0.43,0.432,0.429,20.1,17.4,0,1644,12.521,278.13,0.141,-0.99,-0.196,194,1.664,5,4.5,open-meteo-era5,25.483,93.905,7.3,3.58,4.045662100456621,3.5009784735812133,2.3365296803652966,0,0,44.80017726497162,2695.1166488664626,0.5665,2015-06-26
0,same_place_other_date,glc-7266,2013-08-02,8,25.51,93.879,10,Manipur,16.7,14.8,59.9,119.8,236.9,492.5,162.872,4.2,7,6.39,21.89,50.45,291.03,0.427,0.429,0.429,22.7,17.6,0,1644,12.521,278.13,0.141,-0.99,-0.196,194,2.439,3,5,open-meteo-era5,25.483,93.905,6.32,3.58,3.1592827004219406,2.7079566003616633,2.597573839662447,0,0,44.80017726497162,2695.1166488664626,0.8395,2013-07-12
0,same_place_other_date,glc-7266,2014-08-21,8,25.51,93.879,10,Manipur,14.2,19.5,37.9,145.6,231.5,459.4,157.573,4.6,7,23,29.37,76.06,199.69,0.421,0.419,0.416,22.3,18,0,1644,12.521,278.13,0.141,-0.99,-0.196,194,2.849,4,5,open-meteo-era5,25.483,93.905,6.32,3.58,1.9989451476793247,3.291139240506329,2.4229957805907167,0,0,44.80017726497162,2695.1166488664626,0.799,2014-07-28
0,nearby_place_same_date,glc-7266,2015-07-22,7,25.661,94,10,Manipur,27.2,50.5,123.6,195,321.4,534.1,211.623,13.7,7,10.3,41.39,117.9,325.49,0.472,0.483,0.482,18.2,15.1,0,2116,27.225,117.589,-0.463,0.886,0.627,634,1.639,5,4.5,open-meteo-era5,25.624,94.011,7.3,3.58,5.6438356164383565,3.816046966731898,2.438812785388128,0,12,1030.7460666246293,1664.146874008415,0.37360000000000004,2015-06-26
1,event,glc-7267,2015-07-22,7,25.391,94.093,10,Manipur,21.8,31.1,88.6,178.9,298.9,511.7,193.328,5.9,7,16.94,48.02,130.7,347.16,0.485,0.497,0.494,22.2,19.2,0,1310,9.051,130.083,-0.644,0.765,0.382,196,1.598,5,4.5,open-meteo-era5,25.343,94.091,7.3,3.58,4.045662100456621,3.5009784735812133,2.3365296803652966,3,10,77.87039268123526,1320.8388266991078,0.2389,2015-06-26
0,same_place_other_date,glc-7267,2022-07-27,7,25.391,94.093,10,Manipur,5.4,1.8,21.9,45.8,76.9,143.4,53.162,4.4,7,2.57,23.13,80.35,221.38,0.494,0.491,0.475,25.9,16.2,0,1310,9.051,130.083,-0.644,0.765,0.382,196,2.053,6,4.6,open-meteo-era5,25.343,94.091,7.3,3.58,1,0.8962818003913894,0.6547945205479452,3,13,77.87039268123526,1320.8388266991078,0.7587,2022-06-26
0,same_place_other_date,glc-7267,2007-07-14,7,25.391,94.093,10,Manipur,11.9,25.9,54.4,80.5,211.7,504,143.574,7.5,7,1.26,5.83,18.52,133.22,0.463,0.489,0.495,26,20.5,0,1310,9.051,130.083,-0.644,0.765,0.382,196,3.847,3,5.2,open-meteo-era5,25.343,94.091,7.3,3.58,2.484018264840183,1.5753424657534245,2.3013698630136985,0,0,77.87039268123526,1320.8388266991078,0.7506,2007-06-26
0,nearby_place_same_date,glc-7267,2015-07-22,7,25.669,93.847,10,Manipur,21.3,74.4,129.4,189.8,296.3,485.7,206.48,14.3,7,10.3,41.39,117.9,325.49,0.474,0.494,0.488,25.7,22.5,0,554,18.703,300.964,0.514,-0.857,0.009,211,1.701,5,4.5,open-meteo-era5,25.694,93.819,7.3,3.58,5.908675799086758,3.7142857142857144,2.217808219178082,0,1,613.5243963759647,3000,0.7178,2015-06-26
1,event,glc-7276,2015-07-25,7,26.106,91.872,5,Assam,1.3,19,94,302.6,396,679.3,312.319,3.7,7,11.76,44.78,112.45,316.39,0.474,0.492,0.49,31.4,23.4,0,248,11.701,236.962,-0.545,-0.838,0.245,248,2.942,6,5.1,open-meteo-era5,26.116,91.873,11.73,5.51,2.6712134129013925,3.685300207039338,1.9303779482807613,2,18,575.7146100190727,3000,0.86,2015-06-26
0,same_place_other_date,glc-7276,2018-08-22,8,26.106,91.872,5,Assam,14.6,19.5,63,89.7,186.7,444.2,124.475,6,5,4.58,13.17,29.26,258.37,0.498,0.508,0.501,29.8,24.1,0,248,11.701,236.962,-0.545,-0.838,0.245,248,1.301,0,,open-meteo-era5,26.116,91.873,9.21,5.51,2.280130293159609,1.3913448115402514,1.6076728193992036,4,25,575.7146100190727,3000,0.8851,2018-07-28
0,same_place_other_date,glc-7276,2011-08-20,8,26.106,91.872,5,Assam,0,14.6,45.1,144.9,383.1,847.7,255.91,3.2,6,1.21,4.79,94.43,453.19,0.463,0.488,0.498,31.5,24.1,0,248,11.701,236.962,-0.545,-0.838,0.245,248,1.094,1,4,open-meteo-era5,26.116,91.873,9.21,5.51,1.632283749547593,2.247557003257329,3.0680419833514296,0,4,575.7146100190727,3000,0.5335,2011-07-28
0,nearby_place_same_date,glc-7276,2015-07-25,7,26.15,92.26,5,Assam,1.7,20.7,85.2,217.1,295.3,491.1,227.984,4,7,7.89,41.53,92.45,290.62,0.464,0.496,0.493,32.4,24.7,0,60,1.433,,0,0,0.028,11,2.644,6,5.1,open-meteo-era5,26.186,92.27,9.17,4.48,3.097055616139586,3.3821467518305033,1.7851690294438385,0,0,274.2811065907962,1814.139155719842,0.8181,2015-06-26
1,event,glc-7364,2015-07-31,7,24.819,94.355,10,Manipur,63.1,64,160,289.9,433.1,578.9,264.228,6.3,7,79.86,103.04,118.66,352.73,0.429,0.429,0.429,15.8,14.1,0,1619,26.883,249.762,-0.346,-0.938,0.111,448,1.95,5,4.5,open-meteo-era5,24.851,94.35,6.73,3.16,7.9247152055473,6.153682869879006,2.8672610203070827,0,0,8.315633247249027,3000,0.5864,2015-07-12
0,same_place_other_date,glc-7364,2011-08-18,8,24.819,94.355,10,Manipur,1.1,8.5,18.4,60.3,220.1,346.3,119.054,1.9,7,0.98,17.09,47.01,291.65,0.423,0.423,0.425,20.1,15,0,1619,26.883,249.762,-0.346,-0.938,0.111,448,1.786,4,4.4,open-meteo-era5,24.851,94.35,5.39,3.16,1.1379097093382808,1.5981977206467004,2.1416202844774275,0,0,8.315633247249027,3000,0.1918,2011-07-28
0,same_place_other_date,glc-7364,2009-06-25,6,24.819,94.355,10,Manipur,3.6,3.6,11.2,29.2,48.6,229.2,55.558,1,7,17.27,20.89,25.14,117.15,0.389,0.379,0.351,22.4,17,0,1619,26.883,249.762,-0.346,-0.938,0.111,448,1.859,3,4.5,open-meteo-era5,24.851,94.35,6.19,3.16,0.6031233171782444,0.6738979921532424,1.234248788368336,0,0,8.315633247249027,3000,0.4904,2009-05-25
0,nearby_place_same_date,glc-7364,2015-07-31,7,24.808,94.743,10,Manipur,83.9,70.4,215,380.3,601.6,1039.7,388.569,6.1,7,59.82,88.34,102.85,312.18,0.468,0.474,0.467,23.1,21.2,0,289,10.921,234.628,-0.579,-0.815,0.102,182,2.04,5,4.5,open-meteo-era5,24.78,94.732,6.73,3.16,10.648836057454185,8.072596051793674,5.149578999504706,0,0,3000,3000,0.16670000000000001,2015-07-12
1,event,glc-7372,2015-07-31,7,25.063,94.342,10,Manipur,52,40.5,119.9,183.5,312.9,448,179.271,4.4,7,79.86,103.04,118.66,352.73,0.462,0.465,0.475,16.9,14.8,0,1778,21.292,274.073,0.071,-0.997,-0.065,264,1.81,5,4.5,open-meteo-era5,25.062,94.364,6.73,3.16,5.938583457157009,3.895139036298026,2.2189202575532443,1,1,38.617802750700285,2502.0282296228606,0.7007,2015-07-12
0,same_place_other_date,glc-7372,2024-08-21,8,25.063,94.342,10,Manipur,3.6,18.4,61.9,116.9,201.2,390.1,155.144,3.9,7,3.25,55.32,89.56,346.63,0.427,0.428,0.429,23.2,15.4,0,1778,21.292,274.073,0.071,-0.997,-0.065,264,3.849,5,4.5,open-meteo-era5,25.062,94.364,5.39,3.16,3.8280766852195427,3.0983302411873845,2.412492269635127,1,3,38.617802750700285,2502.0282296228606,0.14170000000000002,2024-07-27
0,same_place_other_date,glc-7372,2014-06-17,6,25.063,94.342,10,Manipur,35,15.4,67.9,78.8,88.5,115,45.755,5,6,12.34,78.94,167.52,220.82,0.436,0.38,0.272,18,16.9,0,1778,21.292,274.073,0.071,-0.997,-0.065,264,2.932,7,4.6,open-meteo-era5,25.062,94.364,6.19,3.16,3.656435110393107,1.8186014308792982,0.6192784060312331,1,1,38.617802750700285,2502.0282296228606,0.44120000000000004,2014-05-25
0,nearby_place_same_date,glc-7372,2015-07-31,7,25.208,94.602,10,Manipur,44.3,31.7,101.1,145.9,338.7,629.2,202.807,4.6,7,79.86,103.04,118.66,352.73,0.429,0.429,0.428,18.3,15.7,0,1857,6.339,12.529,0.976,0.217,-1.004,316,1.906,5,4.5,open-meteo-era5,25.202,94.568,6.73,3.16,5.0074294205052,3.0970070048821907,3.116394254581476,0,0,3000,3000,0.1703,2015-07-12
1,event,glc-7370,2015-08-01,8,24.142,94.108,5,Manipur,17.3,163.3,304.9,443.5,653,851.7,489.957,12.2,7,2.09,71.58,85.55,237.74,0.486,0.491,0.483,22.8,17.9,0,1180,24.15,230.839,-0.631,-0.775,0.238,220,2.754,3,4.4,open-meteo-era5,24.148,94.113,4.37,2.65,23.25705568268497,14.498202026806146,6.496567505720824,0,1,225.08934675894892,3000,0.0876,2015-07-12
0,same_place_other_date,glc-7370,2019-09-06,9,24.142,94.108,5,Manipur,39.2,8,51.9,118.7,227.6,361.8,110.664,12.6,7,3.57,8.08,12.89,67.32,0.416,0.418,0.417,23.3,19.3,0,1180,24.15,230.839,-0.631,-0.775,0.238,220,4.051,3,5.4,open-meteo-era5,24.148,94.113,3.74,2.65,4.62566844919786,4.533995416348358,3.2245989304812834,0,2,225.08934675894892,3000,0.6997,2019-08-13
0,same_place_other_date,glc-7370,2013-08-01,8,24.142,94.108,5,Manipur,18.6,11.6,37.1,74.7,166.6,320.9,95.675,5.2,7,3.27,18.62,37.98,226.69,0.478,0.48,0.481,24.5,17.8,0,1180,24.15,230.839,-0.631,-0.775,0.238,220,1.549,4,4.4,open-meteo-era5,24.148,94.113,4.37,2.65,2.8299008390541576,2.441974501471069,2.4477498093058734,0,1,225.08934675894892,3000,0.09870000000000001,2013-07-12
0,nearby_place_same_date,glc-7370,2015-08-01,8,24.307,94.41,5,Manipur,14.9,124.6,286.1,613,757.2,1091.4,587.994,8.9,7,3.7,100.7,118.29,329.07,0.44,0.442,0.44,27.4,22.6,0,170,3.509,249.444,-0.351,-0.936,0,26,2.313,3,4.4,open-meteo-era5,24.288,94.409,4.75,2.88,20.077192982456143,18.43609022556391,7.658947368421053,0,1,3000,586.1396283739007,0.7855000000000001,2015-07-12
1,event,glc-7385,2015-08-01,8,24.004,93.982,10,Manipur,16.4,212.5,431.4,598,839.9,1157.4,657.333,16.8,7,5.31,82.66,101.37,310.51,0.434,0.436,0.434,22.3,16.9,0,1473,23.022,103.646,-0.236,0.972,0.41,529,2.92,3,4.4,open-meteo-era5,24.007,93.913,4.37,2.65,32.90617848970252,19.548872180451127,8.82837528604119,0,0,3000,1494.3920298764876,0.035,2015-07-12
0,same_place_other_date,glc-7385,2026-07-09,7,24.004,93.982,10,Manipur,8.9,5.1,32.2,104.1,159.2,298,109.568,3.8,7,4.88,31.56,48.85,181.4,0.505,0.508,0.459,23.8,17.5,0,1473,23.022,103.646,-0.236,0.972,0.41,529,3.412,5,4.5,open-meteo-era5,24.007,93.913,5.28,2.65,2.032828282828283,2.8165584415584415,1.8813131313131313,0,1,3000,1494.3920298764876,0.09530000000000001,2026-06-10
0,same_place_other_date,glc-7385,2020-07-05,7,24.004,93.982,10,Manipur,21.6,39.8,68,86.9,143.6,305.2,99.23,9.6,7,5.81,14.66,30.75,131.61,0.509,0.508,0.488,24.5,17.5,0,1473,23.022,103.646,-0.236,0.972,0.41,529,4.13,11,5.6,open-meteo-era5,24.007,93.913,5.28,2.65,4.292929292929293,2.3511904761904763,1.9267676767676767,0,1,3000,1494.3920298764876,0.22130000000000002,2020-06-09
0,nearby_place_same_date,glc-7385,2015-08-01,8,23.854,93.651,10,Manipur,10.3,130,299.6,440.4,617.1,846.4,484.136,11.2,7,5.31,82.66,101.37,310.51,0.429,0.429,0.429,21.3,14.4,0,1951,21.693,111.259,-0.363,0.932,0.336,505,3.007,3,4.4,open-meteo-era5,23.866,93.619,4.37,2.65,22.85278413424867,14.396861719516181,6.4561403508771935,0,0,3000,3000,0.1531,2015-07-12
1,event,glc-7369,2015-08-01,8,24.199,94.102,10,Manipur,17.3,163.3,304.9,443.5,653,851.7,489.957,12.2,7,2.09,71.58,85.55,237.74,0.44,0.442,0.439,22.1,17.1,0,1390,22.458,298.121,0.471,-0.882,0.878,300,2.734,3,4.4,open-meteo-era5,24.218,94.117,4.37,2.65,23.25705568268497,14.498202026806146,6.496567505720824,0,1,93.18352143853122,3000,0.2059,2015-07-12
0,same_place_other_date,glc-7369,2015-06-30,6,24.199,94.102,10,Manipur,1.3,0.2,19.2,202.1,310.8,398.2,209.753,1,6,0.42,4,78.61,142.7,0.429,0.428,0.437,25.4,18.1,0,1390,22.458,298.121,0.471,-0.882,0.878,300,1.33,3,4.3,open-meteo-era5,24.218,94.117,5.37,2.65,1.191806331471136,5.376429901569566,2.4717566728739913,0,1,93.18352143853122,3000,0.27080000000000004,2015-06-10
0,same_place_other_date,glc-7369,2025-07-19,7,24.199,94.102,10,Manipur,19.5,3.3,24.9,61.2,199.5,559,115.366,9.6,7,9.33,11.06,22.54,141.44,0.381,0.392,0.409,23.7,19,0,1390,22.458,298.121,0.471,-0.882,0.878,300,2.465,9,5.1,open-meteo-era5,24.218,94.117,5.28,2.65,1.5719696969696968,1.655844155844156,3.529040404040404,0,2,93.18352143853122,3000,0.2354,2025-06-26
0,nearby_place_same_date,glc-7369,2015-08-01,8,24.279,93.964,10,Manipur,17.3,163.3,304.9,443.5,653,851.7,489.957,12.2,7,8.7,110.35,129.77,387.65,0.493,0.507,0.493,24.7,19.1,0,1011,9.68,112.249,-0.379,0.926,-0.192,246,2.81,3,4.4,open-meteo-era5,24.288,93.93,5.65,3.47,17.988200589970496,11.213653603034134,5.024778761061947,0,1,1870.5813841930667,942.6354098818141,0.18680000000000002,2015-07-12
1,event,glc-7383,2015-08-01,8,23.899,94.143,5,Manipur,15,198.8,448.2,696.1,970.6,1395,755.756,13.7,7,2.09,71.58,85.55,237.74,0.496,0.508,0.499,28.1,23.2,0,258,8.038,123.288,-0.549,0.836,-0.209,190,2.708,3,4.4,open-meteo-era5,23.866,94.19,4.37,2.65,34.18764302059497,22.755802549852895,10.640732265446225,0,0,3000,3000,0.8502000000000001,2015-07-12
0,same_place_other_date,glc-7383,2020-07-02,7,23.899,94.143,5,Manipur,4.7,6.3,11.1,18.5,64.8,229.5,50.33,3.7,4,0.89,7.51,15.22,104.73,0.385,0.398,0.4,30.8,24.5,0,258,8.038,123.288,-0.549,0.836,-0.209,190,4.102,9,5.6,open-meteo-era5,23.866,94.19,5.28,2.65,0.7007575757575757,0.5005411255411255,1.4488636363636362,0,1,3000,3000,0.6704,2020-06-09
0,same_place_other_date,glc-7383,2012-06-28,6,23.899,94.143,5,Manipur,1.5,10.1,18.5,147.1,289.6,583.8,186.79,3.4,7,0,16.18,46.5,174.54,0.477,0.483,0.508,31.2,23.3,0,258,8.038,123.288,-0.549,0.836,-0.209,190,4.027,3,4.7,open-meteo-era5,23.866,94.19,5.37,2.65,1.1483550589695841,3.913274807129555,3.623836126629423,0,0,3000,3000,0.7096,2012-06-09
0,nearby_place_same_date,glc-7383,2015-08-01,8,23.853,94.36,5,Manipur,11.3,152.1,426.5,682.9,939.9,1459.5,751.704,12.7,7,2.09,71.58,85.55,237.74,0.439,0.441,0.439,25.7,21.4,0,466,4.028,56.041,0.559,0.829,0.045,181,2.422,3,4.4,open-meteo-era5,23.866,94.381,3.51,2.15,40.503323836657174,27.794057794057792,13.860398860398861,0,0,3000,3000,0.6545000000000001,2015-07-12
1,event,glc-7373,2015-08-01,8,24.911,94.476,10,Manipur,10.6,61.1,120.9,247,372.3,636.4,279.219,5.2,7,4.9,104.34,121.77,353.87,0.428,0.429,0.428,18.2,13.9,0,1826,27.563,20.772,0.935,0.355,0.046,393,1.903,5,4.5,open-meteo-era5,24.991,94.456,5.39,3.16,7.476808905380335,6.546514709780016,3.935683364254793,0,0,33.407434703272024,3000,0.050100000000000006,2015-07-12
0,same_place_other_date,glc-7373,2007-08-02,8,24.911,94.476,10,Manipur,15.4,18.1,35.6,45.2,146.9,277.2,77.224,3.5,5,0.21,3.9,17.08,100.53,0.422,0.416,0.408,19.7,15,0,1826,27.563,20.772,0.935,0.355,0.046,393,2.076,1,4.3,open-meteo-era5,24.991,94.456,5.39,3.16,2.2016079158936304,1.1979856877816064,1.7142857142857144,0,0,33.407434703272024,3000,0.0466,2007-07-12
0,same_place_other_date,glc-7373,2024-08-09,8,24.911,94.476,10,Manipur,0.9,2.8,13.2,76.7,223.3,330.3,131.902,0.4,6,1.1,20.66,110.88,312.37,0.419,0.422,0.422,22.6,15.1,0,1826,27.563,20.772,0.935,0.355,0.046,393,2.323,3,4.4,open-meteo-era5,24.991,94.456,5.39,3.16,0.8163265306122449,2.0328650940895843,2.0426716141001857,0,0,33.407434703272024,3000,0.4525,2024-07-11
0,nearby_place_same_date,glc-7373,2015-08-01,8,25.035,94.505,10,Manipur,10.6,61.1,120.9,247,372.3,636.4,279.219,5.2,7,4.9,104.34,121.77,353.87,0.429,0.429,0.429,23.3,18.8,0,1244,20.239,25.311,0.904,0.428,0.797,393,1.902,5,4.5,open-meteo-era5,24.991,94.553,5.39,3.16,7.476808905380335,6.546514709780016,3.935683364254793,0,0,3000,3000,0.8399000000000001,2015-07-12
1,event,glc-7389,2015-08-01,8,24.407,94.064,5,Manipur,33.3,132.7,252.8,381.6,551.4,712.8,393.472,12.9,7,3.7,100.7,118.29,329.07,0.448,0.451,0.446,23.6,18.5,0,1164,25.117,3.074,0.999,0.054,0.239,340,2.595,3,4.4,open-meteo-era5,24.359,94.03,5.65,3.47,14.914454277286135,9.648546144121365,4.205309734513274,0,0,6.393834962363703,3000,0.3637,2015-07-12
0,same_place_other_date,glc-7389,2022-08-18,8,24.407,94.064,5,Manipur,1.7,1.7,3.6,49.1,101.5,216.7,61.795,0.6,6,2.28,2.74,11.57,139.08,0.46,0.47,0.484,26.2,20.3,0,1164,25.117,3.074,0.999,0.054,0.239,340,2.497,2,4.6,open-meteo-era5,24.359,94.03,5.65,3.47,0.21238938053097342,1.241466498103666,1.278466076696165,1,3,6.393834962363703,3000,0.5496,2022-07-28
0,same_place_other_date,glc-7389,2026-08-25,8,24.407,94.064,5,Manipur,10.2,1,11.8,19.9,94.1,234.7,59.99,1.9,6,2.28,9.31,15.21,139.35,0.435,0.452,0.495,23.6,20.4,0,1164,25.117,3.074,0.999,0.054,0.239,340,1.694,4,4.8,open-meteo-era5,24.359,94.03,5.65,3.47,0.6961651917404129,0.5031605562579013,1.3846607669616517,1,3,6.393834962363703,3000,0.10550000000000001,2026-07-28
0,nearby_place_same_date,glc-7389,2015-08-01,8,24.729,94.204,5,Manipur,16.5,63.1,143.6,299.6,425.7,593.3,300.791,4.3,7,3.7,100.7,118.29,329.07,0.453,0.461,0.462,23.3,18.3,0,1135,17.991,111.919,-0.373,0.928,-0.461,350,2.139,3,4.4,open-meteo-era5,24.71,94.244,5.65,3.47,8.471976401179939,7.575221238938052,3.5002949852507372,0,0,1419.6908925170278,3000,0.6713,2015-07-12
1,event,glc-7388,2015-08-01,8,24.416,94.098,5,Manipur,33.3,132.7,252.8,381.6,551.4,712.8,393.472,12.9,7,3.7,100.7,118.29,329.07,0.448,0.451,0.446,22.3,17.2,0,1382,19.69,281.385,0.197,-0.98,0.495,336,2.556,3,4.4,open-meteo-era5,24.429,94.13,5.65,3.47,14.914454277286135,9.648546144121365,4.205309734513274,0,0,351.82172164238085,2470.442116151169,0.1077,2015-07-12
0,same_place_other_date,glc-7388,2025-06-24,6,24.416,94.098,5,Manipur,20.3,50.1,101.1,151.5,198,511.2,163.844,14.8,7,13.39,39.3,65.33,368.9,0.423,0.419,0.311,23.6,18.5,0,1382,19.69,281.385,0.197,-0.98,0.495,336,4.52,7,5.1,open-meteo-era5,24.429,94.13,6.87,3.47,4.905385735080058,3.1503431066749843,2.480349344978166,1,3,351.82172164238085,2470.442116151169,0.5959,2025-05-25
0,same_place_other_date,glc-7388,2021-08-02,8,24.416,94.098,5,Manipur,14.4,14.2,30.6,94.1,203.5,343.6,118.802,6.7,7,23.7,83.62,102.48,208.8,0.414,0.414,0.407,22.9,18.3,0,1382,19.69,281.385,0.197,-0.98,0.495,336,3.736,6,5.5,open-meteo-era5,24.429,94.13,5.65,3.47,1.805309734513274,2.3792667509481666,2.027138643067847,1,3,351.82172164238085,2470.442116151169,0.25730000000000003,2021-07-12
0,nearby_place_same_date,glc-7388,2015-08-01,8,24.172,94.345,5,Manipur,14.1,144.8,314.4,540.1,722.2,972.9,553.06,10,7,2.09,71.58,85.55,237.74,0.494,0.508,0.499,27.3,22.4,0,161,0.968,,0,0,-0.055,14,2.451,3,4.4,open-meteo-era5,24.148,94.304,3.51,2.15,29.857549857549856,21.982091982091983,9.239316239316238,0,0,3000,1093.9007995999875,0.7377,2015-07-12
1,event,glc-7374,2015-08-01,8,25.112,94.359,10,Manipur,15.8,52,108.3,196.1,305.6,462.6,213.293,3.7,7,4.9,104.34,121.77,353.87,0.428,0.428,0.429,20.2,15.3,0,1848,12.469,285.474,0.267,-0.964,0.427,244,1.81,5,4.5,open-meteo-era5,25.132,94.369,5.39,3.16,6.697588126159555,5.197455605618871,2.860853432282004,1,1,95.41260736047106,3000,0.4877,2015-07-12
0,same_place_other_date,glc-7374,2009-06-25,6,25.112,94.359,10,Manipur,3.7,2.8,9.4,23.5,41.2,172.3,42.971,1,6,17.27,20.89,25.14,117.15,0.396,0.388,0.365,22.4,17.1,0,1848,12.469,285.474,0.267,-0.964,0.427,244,2.059,3,4.5,open-meteo-era5,25.132,94.369,6.19,3.16,0.5061927840603123,0.5423494114931917,0.9278406031233172,0,0,95.41260736047106,3000,0.5791000000000001,2009-05-25
0,same_place_other_date,glc-7374,2014-08-29,8,25.112,94.359,10,Manipur,0.6,9.9,19.8,36.9,109.2,204.2,68.121,1.6,5,13.19,20.39,39,230.9,0.425,0.427,0.423,23.2,15.2,0,1848,12.469,285.474,0.267,-0.964,0.427,244,3.355,2,5,open-meteo-era5,25.132,94.369,5.39,3.16,1.2244897959183676,0.9780015902464883,1.2628324056895486,1,1,95.41260736047106,3000,0.255,2014-07-28
0,nearby_place_same_date,glc-7374,2015-08-01,8,25.139,94.265,10,Manipur,18.9,49.8,96,152.9,293.6,499.1,196.767,4.6,6,4.9,104.34,121.77,353.87,0.453,0.46,0.459,21.6,16.4,0,1571,12.1,120.743,-0.511,0.859,-0.102,282,1.754,5,4.5,open-meteo-era5,25.132,94.272,5.39,3.16,5.936920222634509,4.052478134110788,3.0865800865800868,0,1,132.1952726668224,2709.8148475827857,0.43860000000000005,2015-07-12
1,event,glc-7390,2015-08-01,8,24.427,94.191,25,Manipur,16.6,97,220.1,438.4,601.3,828.5,440.796,6.7,7,3.7,100.7,118.29,329.07,0.429,0.429,0.428,21.8,17,0,1313,8.2,25.074,0.906,0.424,0.239,324,2.46,3,4.4,open-meteo-era5,24.429,94.13,5.65,3.47,12.985250737463124,11.084702907711755,4.887905604719764,0,0,52.634497477499146,3000,0.3063,2015-07-12
0,same_place_other_date,glc-7390,2011-09-05,9,24.427,94.191,25,Manipur,1.6,1.8,4.3,17.3,166.2,381.8,80.259,0.6,6,0.96,2.9,11.93,215.34,0.384,0.387,0.396,23.9,18.1,0,1313,8.2,25.074,0.906,0.424,0.239,324,1.622,3,4.4,open-meteo-era5,24.429,94.13,5.01,3.47,0.2860944777112442,0.4932991160536071,2.540252827677978,0,0,52.634497477499146,3000,0.1985,2011-08-13
0,same_place_other_date,glc-7390,2023-09-02,9,24.427,94.191,25,Manipur,27.4,2,38.4,45.4,130.5,249,63.1,13.7,5,0.52,10.24,15.94,193.14,0.403,0.399,0.391,25.5,19.1,0,1313,8.2,25.074,0.906,0.424,0.239,324,2.83,4,5.3,open-meteo-era5,24.429,94.13,5.01,3.47,2.5548902195608783,1.29455374964357,1.6566866267465072,0,3,52.634497477499146,3000,0.3055,2023-08-13
0,nearby_place_same_date,glc-7390,2015-08-01,8,24.272,94.068,25,Manipur,17.3,163.3,304.9,443.5,653,851.7,489.957,12.2,7,3.7,100.7,118.29,329.07,0.444,0.447,0.442,23.3,18.3,0,1216,19.05,282.4,0.215,-0.977,0.366,353,2.719,3,4.4,open-meteo-era5,24.288,94.026,5.65,3.47,17.988200589970496,11.213653603034134,5.024778761061947,1,1,681.0147132839475,3000,0.4112,2015-07-12
1,event,glc-7384,2015-08-01,8,23.928,94.091,5,Manipur,16.4,212.5,431.4,598,839.9,1157.4,657.333,16.8,7,2.09,71.58,85.55,237.74,0.496,0.508,0.499,24,19,0,941,8.706,341.847,0.95,-0.312,0.519,252,2.782,3,4.4,open-meteo-era5,23.937,94.1,4.37,2.65,32.90617848970252,19.548872180451127,8.82837528604119,0,0,3000,3000,0.7877000000000001,2015-07-12
0,same_place_other_date,glc-7384,2012-07-26,7,23.928,94.091,5,Manipur,11.9,13.7,49.8,110.9,224.9,390.3,147.505,6.4,7,1.42,3.89,15.37,70.54,0.465,0.491,0.46,26.5,19.1,0,941,8.706,341.847,0.95,-0.312,0.519,252,3.321,8,5.6,open-meteo-era5,23.937,94.1,5.28,2.65,3.1439393939393936,3.0005411255411256,2.4640151515151514,0,0,3000,3000,0.5679000000000001,2012-06-25
0,same_place_other_date,glc-7384,2020-08-18,8,23.928,94.091,5,Manipur,24.3,13.2,47.8,97.6,284.2,460.2,144.14,7.6,7,2.67,9.59,24.07,108.5,0.495,0.489,0.506,23.1,19.2,0,941,8.706,341.847,0.95,-0.312,0.519,252,3.095,5,4.8,open-meteo-era5,23.937,94.1,4.37,2.65,3.6460717009916093,3.190585158548545,3.5102974828375286,0,2,3000,3000,0.7503000000000001,2020-07-27
0,nearby_place_same_date,glc-7384,2015-08-01,8,23.756,94.403,5,Manipur,3.2,37.7,181.5,369.2,557.4,915.1,426.687,4.8,7,2.09,71.58,85.55,237.74,0.442,0.443,0.444,27.8,23.5,0,132,1.1,,0,0,-0.145,54,2.326,3,4.4,open-meteo-era5,23.726,94.467,3.51,2.15,17.236467236467238,15.026455026455025,8.690408357075023,0,0,3000,3000,0.7407,2015-07-12
1,event,glc-7375,2015-08-01,8,25.194,94.448,25,Manipur,8.4,44.3,84.4,151.4,304.4,636.2,226.755,4.6,7,4.9,104.34,121.77,353.87,0.457,0.478,0.462,21.3,16,0,1731,11.774,306.539,0.595,-0.803,0.074,237,1.836,5,4.5,open-meteo-era5,25.202,94.471,5.39,3.16,5.2195423623995065,4.012721971905646,3.9344465058750777,0,3,0.7526158645969653,3000,0.7891,2015-07-12
0,same_place_other_date,glc-7375,2015-06-29,6,25.194,94.448,25,Manipur,1,12.6,31.6,161.7,209.2,290.1,145.966,3.7,7,1.93,49.68,111.28,225.68,0.47,0.45,0.479,22,17.7,0,1731,11.774,306.539,0.595,-0.803,0.074,237,1.414,2,4.3,open-meteo-era5,25.202,94.471,6.19,3.16,1.7016693591814755,3.731825525040387,1.5621970920840065,0,3,0.7526158645969653,3000,0.2851,2015-06-10
0,same_place_other_date,glc-7375,2010-08-30,8,25.194,94.448,25,Manipur,1.5,3.6,33.5,76.4,166.8,421.7,122.305,1.1,7,0.41,10.61,32.05,117.77,0.428,0.464,0.465,23.6,16.7,0,1731,11.774,306.539,0.595,-0.803,0.074,237,2.61,6,4.7,open-meteo-era5,25.202,94.471,5.39,3.16,2.0717377860235007,2.024913861648556,2.6079158936301794,0,2,0.7526158645969653,3000,0.742,2010-07-28
0,nearby_place_same_date,glc-7375,2015-08-01,8,25.023,94.248,25,Manipur,15.8,52,108.3,196.1,305.6,462.6,213.293,3.7,7,4.9,104.34,121.77,353.87,0.46,0.474,0.462,22.2,17,0,1313,26.656,134.223,-0.697,0.717,-0.547,457,1.812,5,4.5,open-meteo-era5,24.991,94.263,6.15,3.7,5.869918699186991,4.555168408826945,2.5073170731707317,0,1,750.042365694228,995.0508671548446,0.8528,2015-07-12
1,event,glc-7910,2015-08-01,8,24.348,94.115,10,Manipur,17.3,163.3,304.9,443.5,653,851.7,489.957,12.2,7,3.7,100.7,118.29,329.07,0.444,0.447,0.442,24.5,19.5,0,1004,5.348,265.601,-0.077,-0.997,0.165,146,2.607,3,4.4,open-meteo-era5,24.359,94.126,5.65,3.47,17.988200589970496,11.213653603034134,5.024778761061947,0,1,2869.420966777728,51.18800953608929,0.2977,2015-07-12
0,same_place_other_date,glc-7910,2023-07-13,7,24.348,94.115,10,Manipur,11,4.5,20.6,42.3,113.6,215.6,73.583,2.2,7,5.12,10.91,20.58,173.38,0.395,0.391,0.326,26.5,21,0,1004,5.348,265.601,-0.077,-0.997,0.165,146,2.328,4,5,open-meteo-era5,24.359,94.126,7.04,3.47,0.9753787878787878,0.8583603896103895,1.0208333333333333,0,4,2869.420966777728,51.18800953608929,0.6408,2023-06-10
0,same_place_other_date,glc-7910,2010-08-30,8,24.348,94.115,10,Manipur,1.4,1.4,23.8,48.1,118.9,240.5,75.407,0.4,7,0.34,11.24,30.31,106.16,0.432,0.435,0.44,27.2,20.7,0,1004,5.348,265.601,-0.077,-0.997,0.165,146,2.169,3,4.7,open-meteo-era5,24.359,94.126,5.65,3.47,1.4041297935103243,1.216182048040455,1.4188790560471976,0,1,2869.420966777728,51.18800953608929,0.8776,2010-07-28
0,nearby_place_same_date,glc-7910,2015-08-01,8,24.39,93.941,10,Manipur,33.3,132.7,252.8,381.6,551.4,712.8,393.472,12.9,7,8.7,110.35,129.77,387.65,0.47,0.478,0.468,24.9,18.7,0,910,11.088,154.687,-0.904,0.428,-0.257,180,2.709,3,4.4,open-meteo-era5,24.359,93.934,5.65,3.47,14.914454277286135,9.648546144121365,4.205309734513274,0,0,2690.569286030628,3000,0.0999,2015-07-12
1,event,glc-7409,2015-08-02,8,25.72,94.622,10,Nagaland,4.4,9.3,48.6,66.2,326.6,607.5,181.723,1.3,5,0.7,71.33,99.02,332.89,0.493,0.495,0.481,22.7,15.8,0,1714,40.13,209.214,-0.873,-0.488,0.562,674,1.69,4,4.5,open-meteo-era5,25.764,94.608,6.16,3.4,2.6298701298701297,1.5352504638218922,3.287337662337662,0,0,1023.2355235932599,3000,0.8332,2015-07-12
0,same_place_other_date,glc-7409,2023-09-04,9,25.72,94.622,10,Nagaland,0,0,15.4,29,93.6,250.5,63.054,0,4,0,0.19,13.42,230.97,0.473,0.483,0.493,24.9,15.1,0,1714,40.13,209.214,-0.873,-0.488,0.562,674,2.527,4,5.3,open-meteo-era5,25.764,94.608,5.12,3.4,1.0026041666666667,0.8091517857142856,1.630859375,0,0,1023.2355235932599,3000,0.3095,2023-08-13
0,same_place_other_date,glc-7409,2017-06-28,6,25.72,94.622,10,Nagaland,5.9,7,57.3,133.8,203.2,451.3,156.134,2.7,7,16.43,21.72,96.4,317.22,0.495,0.484,0.51,22.2,15.7,0,1714,40.13,209.214,-0.873,-0.488,0.562,674,2.685,5,4.6,open-meteo-era5,25.764,94.608,6.71,3.4,2.8464977645305516,2.848626783053013,2.2419274714356683,0,0,1023.2355235932599,3000,0.4446,2017-06-10
0,nearby_place_same_date,glc-7409,2015-08-02,8,25.507,94.68,10,Nagaland,4.8,19.6,99.8,180.9,367.8,862.4,285.621,2.6,7,0.7,71.33,99.02,332.89,0.423,0.425,0.426,23.4,16.4,0,1838,29.736,61.863,0.472,0.882,0.504,650,1.817,4,4.5,open-meteo-era5,25.483,94.685,6.16,3.4,5.4004329004329,4.195269016697588,4.666666666666666,0,1,2063.394097567793,3000,0.2733,2015-07-12
1,event,glc-7666,2015-08-11,8,25.102,93.373,5,Manipur,3.6,23.8,34.9,63.5,181,501.3,129.928,3.6,7,5.63,34.46,86.02,484.2,0.495,0.501,0.492,27.5,20.2,0,1144,4.592,167.005,-0.974,0.225,0.603,346,1.814,1,4.2,open-meteo-era5,25.202,93.402,6.15,3.7,1.8915989159891595,1.4750290360046456,2.7170731707317075,0,1,66.42482524718359,2803.4941497444997,0.2391,2015-07-12
0,same_place_other_date,glc-7666,2015-09-24,9,25.102,93.373,5,Manipur,26.9,4.6,36.5,53.8,103.5,284.7,57.795,2.5,7,10.1,47.77,111.22,366.59,0.474,0.472,0.436,21.1,19.7,0,1144,4.592,167.005,-0.974,0.225,0.603,346,2.306,8,4.7,open-meteo-era5,25.202,93.402,5.42,3.7,2.2447724477244777,1.4180284659989457,1.7509225092250922,0,1,66.42482524718359,2803.4941497444997,0.6781,2015-08-29
0,same_place_other_date,glc-7666,2009-07-07,7,25.102,93.373,5,Manipur,7.5,5.8,17.5,123.6,173.5,312.5,114.052,1.6,7,14.5,23.13,75.9,212.22,0.48,0.468,0.497,26.7,20.3,0,1144,4.592,167.005,-0.974,0.225,0.603,346,2.957,2,4.3,open-meteo-era5,25.202,93.402,7.53,3.7,0.7746790615316512,2.34490608992601,1.3833554670208057,0,0,66.42482524718359,2803.4941497444997,0.75,2009-06-10
0,nearby_place_same_date,glc-7666,2015-08-11,8,24.758,93.309,5,Manipur,5.5,13.8,25.3,87.8,216.9,723.1,168.326,2.2,7,5.63,34.46,86.02,484.2,0.423,0.424,0.424,31.6,23.3,0,412,28.838,70.38,0.336,0.942,-0.498,438,2.179,1,4.2,open-meteo-era5,24.78,93.283,6.15,3.7,1.3712737127371273,2.0394889663182343,3.919241192411924,0,4,808.36002012118,619.8417612888874,0.8595,2015-07-12
1,event,glc-7664,2015-08-11,8,24.746,93.425,10,Manipur,4.7,11.6,25,92.6,260.4,721,182.966,1.3,7,5.97,40.38,84.21,510.18,0.425,0.425,0.426,29.5,21.3,0,768,7.375,61.771,0.473,0.881,-0.065,352,2.246,1,4.2,open-meteo-era5,24.71,93.473,5.65,3.47,1.4749262536873153,2.3413400758533496,4.2536873156342185,4,4,14.95267782572465,3000,0.3179,2015-07-12
0,same_place_other_date,glc-7664,2011-09-01,9,24.746,93.425,10,Manipur,11.8,9,27.4,42.3,205.1,503.5,125.23,1.4,7,4.62,8.14,10.87,365.45,0.417,0.413,0.398,27.8,21.2,0,768,7.375,61.771,0.473,0.881,-0.065,352,1.296,3,4.4,open-meteo-era5,24.71,93.473,5.01,3.47,1.823020625415835,1.206159110350727,3.3499667332002665,3,3,14.95267782572465,3000,0.7452000000000001,2011-08-13
0,same_place_other_date,glc-7664,2023-07-31,7,24.746,93.425,10,Manipur,0,5,7.3,94.7,143.3,413.8,118.992,3.1,6,7.51,17.75,38.77,216.65,0.403,0.401,0.383,31.4,21.6,0,768,7.375,61.771,0.473,0.881,-0.065,352,1.784,7,4.4,open-meteo-era5,24.71,93.473,7.04,3.47,0.3456439393939394,1.921672077922078,1.9592803030303032,4,5,14.95267782572465,3000,0.6712,2023-07-12
0,nearby_place_same_date,glc-7664,2015-08-11,8,24.601,93.578,10,Manipur,4.2,14.2,31.3,122.9,294.2,828.7,217.589,1.7,7,1.62,29.54,76.66,411.71,0.456,0.454,0.448,26.5,19.4,0,1235,35.931,34.347,0.826,0.564,0,597,2.488,1,4.2,open-meteo-era5,24.569,93.561,5.65,3.47,1.846607669616519,3.107458912768647,4.889085545722714,0,0,3000,1351.514920673814,0.1199,2015-07-12
1,event,glc-7665,2015-08-11,8,24.702,93.529,5,Manipur,4.7,11.6,25,92.6,260.4,721,182.966,1.3,7,1.62,29.54,76.66,411.71,0.425,0.426,0.427,30.1,22.2,0,667,16.784,2.965,0.999,0.052,-0.23,549,2.338,1,4.2,open-meteo-era5,24.71,93.473,5.65,3.47,1.4749262536873153,2.3413400758533496,4.2536873156342185,0,4,144.8702026777868,2608.449433276988,0.1208,2015-07-12
0,same_place_other_date,glc-7665,2011-09-15,9,24.702,93.529,5,Manipur,25.5,32.4,60.9,93.7,183.6,380.9,114.179,3.6,7,4.07,13.9,17.87,165.65,0.424,0.419,0.417,25.7,21.7,0,667,16.784,2.965,0.999,0.052,-0.23,549,1,0,,open-meteo-era5,24.71,93.473,5.01,3.47,4.05189620758483,2.671799258625606,2.5342648037258817,0,3,144.8702026777868,2608.449433276988,0.1421,2011-08-13
0,same_place_other_date,glc-7665,2017-07-25,7,24.702,93.529,5,Manipur,13,16.8,40.2,114,257.8,578.9,151.811,5.9,6,3.35,18.24,65.78,343.59,0.423,0.424,0.421,27.7,21.4,0,667,16.784,2.965,0.999,0.052,-0.23,549,2.735,7,4.9,open-meteo-era5,24.71,93.473,7.04,3.47,1.903409090909091,2.313311688311688,2.741003787878788,0,5,144.8702026777868,2608.449433276988,0.1631,2017-06-26
0,nearby_place_same_date,glc-7665,2015-08-11,8,24.889,93.603,5,Manipur,3.6,24,38,74.9,230,528.6,151.697,3.8,7,2.87,29.11,78.68,412.99,0.425,0.426,0.427,26.8,19.2,0,1121,14.528,22.64,0.923,0.385,-0.259,345,2.107,1,4.2,open-meteo-era5,24.921,93.677,6.15,3.7,2.0596205962059617,1.7398373983739837,2.8650406504065042,0,5,1518.1822779303197,2663.137897206097,0.2778,2015-07-12
1,event,glc-7660,2015-08-12,8,25.624,94.114,5,Nagaland,13.2,11.4,48.5,166.8,379.4,722.5,236.007,4.2,7,3.35,14.73,69.02,370.93,0.494,0.483,0.489,24.8,17.7,0,1599,25.173,67.46,0.383,0.924,-0.318,439,2.24,2,4.5,open-meteo-era5,25.624,94.109,6.32,3.58,2.558016877637131,3.770343580470163,3.810654008438818,6,14,15.044247941470774,1083.358950284073,0.1715,2015-07-12
0,same_place_other_date,glc-7660,2012-08-09,8,25.624,94.114,5,Nagaland,4.7,17.9,36.6,113.1,260.6,440.9,171.538,2,7,1.48,17.75,45.23,226.12,0.471,0.49,0.496,25.5,17.8,0,1599,25.173,67.46,0.383,0.924,-0.318,439,4.397,9,5.7,open-meteo-era5,25.624,94.109,6.32,3.58,1.9303797468354431,2.556509945750452,2.3254219409282695,3,11,15.044247941470774,1083.358950284073,0.8283,2012-07-11
0,same_place_other_date,glc-7660,2024-08-26,8,25.624,94.114,5,Nagaland,4.5,1.9,9.3,79.6,171.2,598.6,156.395,2,7,3.95,20.4,58.13,358.1,0.479,0.484,0.483,24.3,16.7,0,1599,25.173,67.46,0.383,0.924,-0.318,439,2.745,4,4.5,open-meteo-era5,25.624,94.109,6.32,3.58,0.49050632911392406,1.799276672694394,3.1571729957805905,8,16,15.044247941470774,1083.358950284073,0.5416000000000001,2024-07-27
0,nearby_place_same_date,glc-7660,2015-08-12,8,25.628,93.813,5,Nagaland,17.9,12.1,41.6,119.8,297.9,605.7,174.87,3.3,7,7.08,22.6,72.42,356.66,0.471,0.481,0.461,27.9,22.3,0,716,11.638,344.332,0.963,-0.27,-0.225,268,2.05,2,4.5,open-meteo-era5,25.624,93.815,6.32,3.58,2.1940928270042193,2.7079566003616633,3.194620253164557,0,1,3000,492.50573519525676,0.9048,2015-07-12
1,event,glc-7335,2015-08-18,8,25.515,90.202,1,Meghalaya,50.3,28.2,87.1,132.1,188,464.8,123.407,9.5,7,15.22,43.75,59.02,270.29,0.491,0.5,0.485,28.7,24.5,0,314,5.005,294.444,0.414,-0.91,0.542,147,1.341,1,4.4,open-meteo-era5,25.483,90.195,10.67,6.01,2.7210246797875666,1.768643727406614,1.4520462355513901,3,3,136.80540668684088,750.4619930614205,0.4741,2015-07-28
0,same_place_other_date,glc-7335,2016-09-27,9,25.515,90.202,1,Meghalaya,8,27.3,51.3,110.5,222,365.4,138.406,2.9,7,5.26,67.77,119.94,423.93,0.483,0.476,0.512,29.5,23.8,0,314,5.005,294.444,0.414,-0.91,0.542,147,1,0,,open-meteo-era5,25.483,90.195,10.79,6.01,1.5848007414272476,1.4629948364888123,1.1288229842446709,3,3,136.80540668684088,750.4619930614205,0.5842,2016-08-28
0,same_place_other_date,glc-7335,2020-07-26,7,25.515,90.202,1,Meghalaya,2.1,1.9,6.6,201.9,338.6,680.6,241.178,0.7,7,11.27,23.75,127.93,601.54,0.473,0.479,0.463,30.4,25.1,0,314,5.005,294.444,0.414,-0.91,0.542,147,1.495,2,4.4,open-meteo-era5,25.483,90.195,13.26,6.01,0.16591251885369532,2.175177763413058,1.710910005027652,3,3,136.80540668684088,750.4619930614205,0.32070000000000004,2020-06-25
0,nearby_place_same_date,glc-7335,2015-08-18,8,25.603,90.224,1,Meghalaya,50.3,28.2,87.1,132.1,188,464.8,123.407,9.5,7,15.22,43.75,59.02,270.29,0.486,0.492,0.461,28.2,23.9,0,412,7.364,252.582,-0.299,-0.954,0.037,146,1.407,1,4.4,open-meteo-era5,25.624,90.196,10.67,6.01,2.7210246797875666,1.768643727406614,1.4520462355513901,0,3,1068.9414401837234,1809.5908337058552,0.888,2015-07-28
1,event,glc-7701,2015-08-19,8,25.628,94.105,5,Nagaland,22.4,3.7,32.3,57.7,231.3,566.4,128.386,4.9,7,8.1,17.36,37.6,284.48,0.463,0.483,0.476,24.3,19.6,0,1527,20.001,52.559,0.608,0.794,0.159,421,2.231,2,4.5,open-meteo-era5,25.624,94.109,6.32,3.58,1.703586497890295,1.304249547920434,2.9873417721518982,9,15,26.38457459973939,215.08858487447193,0.30510000000000004,2015-07-28
0,same_place_other_date,glc-7701,2012-08-28,8,25.628,94.105,5,Nagaland,12.3,15.5,43.9,103.6,252.8,522.8,165.32,4.1,7,2.43,19.74,30.32,129.17,0.492,0.493,0.494,25.6,19.3,0,1527,20.001,52.559,0.608,0.794,0.159,421,2.352,6,5.1,open-meteo-era5,25.624,94.109,6.32,3.58,2.3154008438818563,2.341772151898734,2.757383966244725,5,11,26.38457459973939,215.08858487447193,0.8252,2012-07-27
0,same_place_other_date,glc-7701,2007-09-08,9,25.628,94.105,5,Nagaland,52.7,16.4,101.9,208.9,422.8,663.4,221.455,6.6,7,14.45,50.34,95.16,198.37,0.5,0.493,0.503,22,18.3,0,1527,20.001,52.559,0.608,0.794,0.159,421,1.348,4,4.6,open-meteo-era5,25.624,94.109,5.37,3.58,6.325263811297331,5.557329076882149,4.117939168218498,0,0,26.38457459973939,215.08858487447193,0.2561,2007-08-13
0,nearby_place_same_date,glc-7701,2015-08-19,8,25.561,93.809,5,Nagaland,18.7,2.7,28.5,52.6,243.1,589.8,141.264,6.1,7,6.7,19.38,37.36,275.54,0.431,0.433,0.424,24.5,20.5,0,1177,30.175,91.31,-0.023,1,-0.262,401,2.096,2,4.5,open-meteo-era5,25.554,93.811,6.32,3.58,1.5031645569620253,1.1889692585895117,3.1107594936708853,0,1,1358.7773284151035,1502.1829063253554,0.9346000000000001,2015-07-28
1,event,glc-7589,2015-08-19,8,25.257,92.383,25,Meghalaya,51.9,56.7,144.6,229.8,283.6,597.1,210.683,4.2,7,35.06,81.02,115.26,359.49,0.479,0.493,0.49,23.2,22.3,0,801,9.106,173.089,-0.993,0.12,0.121,181,1.282,3,4.5,open-meteo-era5,25.272,92.335,11.14,6.38,4.3267504488330335,2.9469094639651194,1.786654697785757,0,1,41.45662469973411,2749.2762310435605,0.8254,2015-07-28
0,same_place_other_date,glc-7589,2009-08-02,8,25.257,92.383,25,Meghalaya,10.9,97.5,135.7,361.3,404.4,556.5,312.532,14.6,7,8.46,28.1,136.52,314.58,0.483,0.492,0.494,28.6,22.6,0,801,9.106,173.089,-0.993,0.12,0.121,181,1.339,1,4.1,open-meteo-era5,25.272,92.335,11.14,6.38,4.060442848593656,4.633239292126186,1.665170556552962,0,0,41.45662469973411,2749.2762310435605,0.8506,2009-07-12
0,same_place_other_date,glc-7589,2010-07-16,7,25.257,92.383,25,Meghalaya,8,5.6,19.2,96.9,183.8,629.3,161.04,0.9,7,4.49,20.32,65.58,333.7,0.498,0.496,0.498,27.6,22.7,0,801,9.106,173.089,-0.993,0.12,0.121,181,1,2,4.3,open-meteo-era5,25.272,92.335,13.77,6.38,0.46477850399419024,1.0052910052910053,1.523359961268458,0,1,41.45662469973411,2749.2762310435605,0.3771,2010-06-26
0,nearby_place_same_date,glc-7589,2015-08-19,8,25.345,92.589,25,Meghalaya,51.9,56.7,144.6,229.8,283.6,597.1,210.683,4.2,7,35.06,81.02,115.26,359.49,0.485,0.486,0.51,22.1,21.1,0,1145,7.559,306.87,0.6,-0.8,0.009,158,1.383,3,4.5,open-meteo-era5,25.343,92.63,11.14,6.38,4.3267504488330335,2.9469094639651194,1.786654697785757,0,0,335.4260745780287,3000,0.8379000000000001,2015-07-28
1,event,glc-7590,2015-08-19,8,25.142,92.381,5,Meghalaya,51.9,56.7,144.6,229.8,283.6,597.1,210.683,4.2,7,41.24,100.47,149.45,490.85,0.467,0.481,0.478,24.9,24,0,163,11.878,66.371,0.401,0.916,0.074,234,1.314,3,4.5,open-meteo-era5,25.132,92.33,13.78,7.97,3.4978229317851963,2.38233464648559,1.4443638122883407,0,1,192.54605287816315,526.2214122364306,0.25930000000000003,2015-07-28
0,same_place_other_date,glc-7590,2023-08-08,8,25.142,92.381,5,Meghalaya,26.3,51.5,128.8,235,331.2,547.7,230.744,6.3,7,42.89,123.63,188.92,557.79,0.511,0.516,0.488,27.3,24.5,0,163,11.878,66.371,0.401,0.916,0.074,234,2.149,4,4.3,open-meteo-era5,25.132,92.33,13.78,7.97,3.1156265118529274,2.4362430022807384,1.3248669569424287,0,3,192.54605287816315,526.2214122364306,0.895,2023-07-12
0,same_place_other_date,glc-7590,2026-07-09,7,25.142,92.381,5,Meghalaya,26.3,72.5,125.3,209.1,330.1,602.6,238.82,11.5,7,36.17,171.81,213.42,707.63,0.512,0.514,0.49,28.4,24.3,0,163,11.878,66.371,0.401,0.916,0.074,234,2.826,8,4.5,open-meteo-era5,25.132,92.33,16.88,7.97,2.4743285939968405,1.769634394041977,1.189968404423381,0,3,192.54605287816315,526.2214122364306,0.1109,2026-06-10
0,nearby_place_same_date,glc-7590,2015-08-19,8,24.927,92.181,5,Meghalaya,66.6,65.3,180.4,312.7,366.6,716.9,266.241,5.2,7,45.15,113.54,159.83,506.49,0.463,0.472,0.485,26,24.6,0,24,0.568,,0,0,0.092,13,1.304,3,4.5,open-meteo-era5,24.921,92.226,17.59,10.15,3.418609058176995,2.539592300820271,1.3585370475649041,0,0,3000,3000,0.7582,2015-07-28
1,event,glc-7706,2015-08-19,8,25.073,92.364,5,Meghalaya,66.6,65.3,180.4,312.7,366.6,716.9,266.241,5.2,7,41.24,100.47,149.45,490.85,0.467,0.481,0.478,25.2,24.3,0,129,10.471,184.857,-0.996,-0.085,0.547,252,1.343,3,4.5,open-meteo-era5,25.062,92.328,13.78,7.97,4.363812288340591,3.241758241758242,1.7341557813255928,0,1,22.87555202934521,468.95571780865856,0.6168,2015-07-28
0,same_place_other_date,glc-7706,2014-08-04,8,25.073,92.364,5,Meghalaya,1.4,2.2,7.2,34,107.3,309.2,77.954,0.4,7,4.99,31.27,62.43,245.67,0.461,0.463,0.457,31.5,25.9,0,129,10.471,184.857,-0.996,-0.085,0.547,252,1.581,4,4.7,open-meteo-era5,25.062,92.328,13.78,7.97,0.17416545718432513,0.352477710968277,0.7479438800193517,0,0,22.87555202934521,468.95571780865856,0.8608,2014-07-12
0,same_place_other_date,glc-7706,2021-09-01,9,25.073,92.364,5,Meghalaya,10.3,1,16.4,112.7,270.4,639.3,190.728,2.9,7,7.35,30.97,109.26,727.87,0.483,0.492,0.49,30.2,24.6,0,129,10.471,184.857,-0.996,-0.085,0.547,252,2.118,3,4.9,open-meteo-era5,25.062,92.328,11.26,7.97,0.48549437537004136,1.4298401420959148,1.892539964476021,0,2,22.87555202934521,468.95571780865856,0.07490000000000001,2021-08-13
0,nearby_place_same_date,glc-7706,2015-08-19,8,25.168,92.628,5,Meghalaya,37.6,40.9,100.5,156.4,197,468.9,149.192,3.7,7,41.24,100.47,149.45,490.85,0.486,0.486,0.484,19.1,18.1,0,1511,15.523,119.344,-0.49,0.872,0.149,162,1.441,3,4.5,open-meteo-era5,25.202,92.624,13.78,7.97,2.431059506531205,1.6213974704540743,1.1342525399129173,0,0,3000,2435.9380286082087,0.3393,2015-07-28
1,event,glc-7336,2015-08-19,8,25.219,90.555,10,Meghalaya,58,42,140.8,198.2,267.3,492.6,171.056,8.7,7,26.68,58.96,87.68,354.46,0.482,0.496,0.472,27.9,23.4,0,269,7.273,349.114,0.982,-0.189,0.093,123,1.222,1,4.4,open-meteo-era5,25.202,90.583,13.15,7.56,3.5690747782002537,2.153177620858229,1.2486692015209127,0,0,40.46723751997206,3000,0.7915000000000001,2015-07-28
0,same_place_other_date,glc-7336,2022-08-19,8,25.219,90.555,10,Meghalaya,14.7,9.1,30.9,47.5,94.4,455.5,87.092,14.3,7,9.88,15.02,48.23,352.41,0.45,0.452,0.439,32.7,24.7,0,269,7.273,349.114,0.982,-0.189,0.093,123,1.949,1,4,open-meteo-era5,25.202,90.583,13.15,7.56,0.7832699619771862,0.5160239000543183,1.1546261089987326,1,1,40.46723751997206,3000,0.8733000000000001,2022-07-28
0,same_place_other_date,glc-7336,2024-08-05,8,25.219,90.555,10,Meghalaya,6.8,3.4,37.3,117.4,137.1,359.7,116.226,1.4,7,30.72,93.93,220.77,547.68,0.489,0.485,0.514,29,23.8,0,269,7.273,349.114,0.982,-0.189,0.093,123,1,0,,open-meteo-era5,25.202,90.583,13.15,7.56,0.9455006337135613,1.2753938077131994,0.911787072243346,1,1,40.46723751997206,3000,0.667,2024-07-11
0,nearby_place_same_date,glc-7336,2015-08-19,8,25.379,90.384,10,Meghalaya,47.2,30.4,107.7,141.9,201.1,473.1,134.544,6.7,7,31.61,64.92,91.67,307.75,0.478,0.483,0.512,29.7,25,0,179,5.95,137.816,-0.741,0.672,-0.252,228,1.296,1,4.4,open-meteo-era5,25.343,90.39,11.9,6.9,3.0168067226890756,1.703481392557023,1.3252100840336134,0,0,3000,1871.3703118442047,0.8624,2015-07-28
1,event,glc-7727,2015-08-20,8,25.626,94.106,5,Nagaland,39.7,22.4,65.8,91.5,246.5,555.6,136.001,8.1,7,8.68,20.24,33.33,280.13,0.478,0.489,0.475,26.1,18.7,0,1517,13.49,41.322,0.751,0.66,-0.842,385,2.233,1,4.5,open-meteo-era5,25.624,94.109,6.32,3.58,3.4704641350210967,2.068264014466546,2.9303797468354427,9,15,20.519300613806383,452.9295660788762,0.3326,2015-07-28
0,same_place_other_date,glc-7727,2008-08-06,8,25.626,94.106,5,Nagaland,33.8,9.8,64,155.9,278.8,468.5,158.193,5.2,7,2.17,25.58,41.15,210.73,0.492,0.503,0.497,25.1,18.8,0,1517,13.49,41.322,0.751,0.66,-0.842,385,2.392,4,5.2,open-meteo-era5,25.624,94.109,6.32,3.58,3.375527426160337,3.5239602169981916,2.4709915611814344,0,2,20.519300613806383,452.9295660788762,0.10740000000000001,2008-07-11
0,same_place_other_date,glc-7727,2020-08-25,8,25.626,94.106,5,Nagaland,2.7,9.2,23.9,108,311,766.6,215.623,3.4,7,8.92,14.53,33.72,219.86,0.506,0.508,0.506,25.6,18.3,0,1517,13.49,41.322,0.751,0.66,-0.842,385,2.012,5,4.8,open-meteo-era5,25.624,94.109,6.32,3.58,1.2605485232067508,2.4412296564195297,4.0432489451476785,10,16,20.519300613806383,452.9295660788762,0.5812,2020-07-27
0,nearby_place_same_date,glc-7727,2015-08-20,8,25.445,94.127,5,Nagaland,18,14.4,34.9,75.8,207.2,476.4,123.741,6.7,7,8.68,20.24,33.33,280.13,0.486,0.496,0.468,22.7,18.6,0,1415,20.623,74.938,0.26,0.966,-0.047,415,2.422,1,4.5,open-meteo-era5,25.413,94.095,6.32,3.58,1.840717299578059,1.7133815551537068,2.512658227848101,6,13,10.379416348596266,2857.548240491894,0.5421,2015-07-28
1,event,glc-7728,2015-08-22,8,26.103,91.881,5,Assam,28.2,21.6,134.9,290.2,409.6,624.8,291.967,6.2,7,4.42,70.45,153.53,285.17,0.485,0.494,0.509,29.9,23.7,0,137,12.563,168.69,-0.981,0.196,-0.047,165,1.898,1,4.4,open-meteo-era5,26.116,91.873,9.21,5.51,4.882374230908432,4.501318442686521,2.261310170104958,1,15,9.764935733430866,3000,0.7128,2015-07-28
0,same_place_other_date,glc-7728,2016-08-23,8,26.103,91.881,5,Assam,0.4,13.7,20.3,41,175.4,612.9,135.059,6.1,5,0.35,3.01,5.27,169.01,0.471,0.481,0.463,30.6,24.4,0,137,12.563,168.69,-0.981,0.196,-0.047,165,1.436,0,,open-meteo-era5,26.116,91.873,9.21,5.51,0.7347086500180963,0.6359547076159454,2.2182410423452765,2,22,9.764935733430866,3000,0.7912,2016-07-27
0,same_place_other_date,glc-7728,2025-07-27,7,26.103,91.881,5,Assam,36.4,9.4,57.4,82.4,135.3,363.3,77.852,7.3,6,39.1,97.79,117.03,291.34,0.401,0.429,0.404,30.4,25.8,0,137,12.563,168.69,-0.981,0.196,-0.047,165,1.68,1,4.2,open-meteo-era5,26.116,91.873,11.73,5.51,1.6311452117078715,1.0035318475216175,1.0323955669224212,2,22,9.764935733430866,3000,0.8181,2025-06-26
0,nearby_place_same_date,glc-7728,2015-08-22,8,25.888,91.817,5,Assam,24.3,13.9,112.3,209.9,321.6,500.2,221.172,6.3,7,4.42,70.45,153.53,285.17,0.461,0.491,0.482,28.9,22.9,0,363,4.609,312.563,0.676,-0.737,-0.564,233,1.727,1,4.4,open-meteo-era5,25.905,91.769,9.21,5.51,4.064422728917842,3.2557778811850473,1.8103510676800578,0,1,3000,508.3961017278608,0.7728,2015-07-28
1,event,glc-7780,2015-08-26,8,23.357,92.788,5,Mizoram,7.6,5.2,21.8,81.5,180.9,459.9,122.294,2.6,7,2.74,4.43,57.97,414.94,0.414,0.416,0.415,23.8,17.6,0,1374,6.406,190.359,-0.984,-0.18,0.596,453,1.313,1,4.5,open-meteo-era5,23.374,92.836,5.96,3.28,1.21923937360179,1.9534995206136145,2.572147651006711,0,0,810.9052447192774,3000,0.439,2015-07-28
0,same_place_other_date,glc-7780,2012-09-29,9,23.357,92.788,5,Mizoram,10.5,4.6,21.8,50.4,82.7,274.4,64.49,2.8,7,0.04,0.68,36.83,177.57,0.408,0.409,0.394,22.6,17.2,0,1374,6.406,190.359,-0.984,-0.18,0.596,453,2.33,4,4.8,open-meteo-era5,23.374,92.836,4.55,3.28,1.5970695970695974,1.5824175824175826,2.01025641025641,0,0,810.9052447192774,3000,0.8772000000000001,2012-08-28
0,same_place_other_date,glc-7780,2012-08-21,8,23.357,92.788,5,Mizoram,6.6,27.7,39.6,81.7,185.2,349.8,118.052,4.2,7,16.64,49.03,67.06,267.76,0.426,0.427,0.426,20.9,16.6,0,1374,6.406,190.359,-0.984,-0.18,0.596,453,3.672,3,5.7,open-meteo-era5,23.374,92.836,5.96,3.28,2.214765100671141,1.9582933844678811,1.9563758389261745,0,0,810.9052447192774,3000,0.5381,2012-07-27
0,nearby_place_same_date,glc-7780,2015-08-26,8,23.391,92.987,5,Mizoram,8.9,8.9,25.4,80.9,167.9,446.3,118.493,6.8,7,2.27,5.33,41.57,309.76,0.417,0.419,0.415,25.7,19.1,0,1165,28.059,79.341,0.185,0.983,0.343,490,1.426,1,4.5,open-meteo-era5,23.374,93.025,5.96,3.28,1.4205816554809843,1.9391179290508151,2.496085011185682,0,1,3000,3000,0.2298,2015-07-28
1,event,glc-7778,2015-08-26,8,23.845,93.051,10,Mizoram,15.3,7.2,32.7,88.7,173.8,427.3,117.043,9.9,7,3.95,11.51,44.23,330.03,0.418,0.419,0.425,26.6,19.9,0,1083,30.382,261.936,-0.14,-0.99,-0.155,384,1.639,1,4.5,open-meteo-era5,23.866,93.048,6.65,3.85,1.639097744360902,1.9054779806659505,2.1418546365914786,0,0,8.42020497688693,3000,0.9794,2015-07-28
0,same_place_other_date,glc-7778,2013-09-26,9,23.845,93.051,10,Mizoram,12.6,11.9,29.6,40,122.5,211.7,68.245,2.8,7,5.47,13.37,18.15,214.99,0.413,0.405,0.404,24,19.2,0,1083,30.382,261.936,-0.14,-0.99,-0.155,384,3.662,2,4.6,open-meteo-era5,23.866,93.048,5.41,3.85,1.8237831176833026,1.0562450488513333,1.3043746149106592,0,0,8.42020497688693,3000,0.8475,2013-08-29
0,same_place_other_date,glc-7778,2008-08-09,8,23.845,93.051,10,Mizoram,16.5,2.6,35.3,99.5,199,304.3,114.302,6.1,7,5.79,14.78,52.26,183.48,0.413,0.418,0.422,27.4,20.4,0,1083,30.382,261.936,-0.14,-0.99,-0.155,384,2.827,6,5.2,open-meteo-era5,23.866,93.048,6.65,3.85,1.7694235588972427,2.137486573576799,1.52531328320802,0,0,8.42020497688693,3000,0.6718000000000001,2008-07-11
0,nearby_place_same_date,glc-7778,2015-08-26,8,23.987,93.207,10,Mizoram,20,13.1,46.7,128.3,194.3,495.8,141.675,8,7,3.95,11.51,44.23,330.03,0.42,0.421,0.424,26,20,0,1112,31.023,22.393,0.925,0.381,0.41,350,1.798,1,4.5,open-meteo-era5,23.937,93.242,6.65,3.85,2.3408521303258145,2.7561761546723953,2.485213032581454,0,0,602.9683496672435,2804.3020984580835,0.7966000000000001,2015-07-28
1,event,glc-7836,2015-08-27,8,24.042,92.672,10,Mizoram,6.8,10.2,24.1,49.9,114.8,304,81.981,3.2,7,5.48,9.52,37.7,394.23,0.419,0.421,0.42,26.1,20.4,0,815,6.174,100.814,-0.188,0.982,-0.009,279,1.451,1,4.5,open-meteo-era5,24.007,92.672,10.32,6,0.7784237726098191,0.6907530454042081,0.9819121447028423,0,0,44.37072780983514,3000,0.45690000000000003,2015-07-28
0,same_place_other_date,glc-7836,2011-08-14,8,24.042,92.672,10,Mizoram,10.4,28.4,51.6,134.8,249,534.6,174.78,7,7,6.94,22.78,114.74,383.35,0.424,0.425,0.427,24.5,19.9,0,815,6.174,100.814,-0.188,0.982,-0.009,279,2.116,4,4.4,open-meteo-era5,24.007,92.672,10.32,6,1.6666666666666667,1.866002214839424,1.7267441860465116,0,0,44.37072780983514,3000,0.3546,2011-07-12
0,same_place_other_date,glc-7836,2009-09-21,9,24.042,92.672,10,Mizoram,16.3,5.1,32.1,68.9,145.2,402.4,96.877,3,7,9.64,17.76,52.64,204.1,0.416,0.418,0.418,24.8,19.6,0,815,6.174,100.814,-0.188,0.982,-0.009,279,3.611,2,5.9,open-meteo-era5,24.007,92.672,8.38,6,1.2768496420047732,1.174565291510399,1.6006364359586314,0,0,44.37072780983514,3000,0.8455,2009-08-29
0,nearby_place_same_date,glc-7836,2015-08-27,8,23.991,92.598,10,Mizoram,3.3,10.2,19.9,54.3,117.5,294.8,85.949,4.3,7,5.48,9.52,37.7,394.23,0.419,0.421,0.421,29.4,23.4,0,337,4.032,272.911,0.051,-0.999,-0.046,165,1.396,1,4.5,open-meteo-era5,24.007,92.577,10.32,6,0.6427648578811369,0.7516611295681062,0.9521963824289406,0,0,3000,2908.2308368690733,0.9072,2015-07-28
1,event,glc-7837,2015-08-27,8,23.727,92.727,5,Mizoram,4.1,7.3,21.9,47.7,124.8,344.8,91.161,2,7,3.73,7.18,36.98,404.17,0.419,0.421,0.419,26.5,20,0,876,21.84,109.619,-0.336,0.942,0.372,269,1.404,1,4.5,open-meteo-era5,23.726,92.756,10.58,5.87,0.6899810964083175,0.6440723737510127,1.0863264020163832,9,9,832.9747258012865,3000,0.3509,2015-07-28
0,same_place_other_date,glc-7837,2011-07-27,7,23.727,92.727,5,Mizoram,3.4,13.8,27.3,74.9,267.3,383.7,151.073,3.3,7,4.3,14.32,54.04,326.78,0.426,0.425,0.419,25.4,19.1,0,876,21.84,109.619,-0.336,0.942,0.372,269,1.726,1,4,open-meteo-era5,23.726,92.756,13.39,5.87,0.6796116504854369,0.7991038088125467,0.9551904406273337,7,7,832.9747258012865,3000,0.25730000000000003,2011-06-26
0,same_place_other_date,glc-7837,2010-07-14,7,23.727,92.727,5,Mizoram,3.8,3.9,49.8,73.4,122.1,275,95.087,2.5,6,3.29,22.29,67.47,390.63,0.416,0.419,0.42,27.7,20.3,0,876,21.84,109.619,-0.336,0.942,0.372,269,1,0,,open-meteo-era5,23.726,92.756,13.39,5.87,1.2397311426437638,0.7831003947508802,0.684590490415733,1,1,832.9747258012865,3000,0.5156000000000001,2010-06-26
0,nearby_place_same_date,glc-7837,2015-08-27,8,23.6,93.017,5,Mizoram,4.7,8.9,22.5,54.4,166.2,442.2,113.822,2.1,7,5,8.31,32.13,308.36,0.419,0.42,0.417,28.8,22.6,0,603,20.884,154.314,-0.901,0.433,-0.091,327,1.527,1,4.5,open-meteo-era5,23.585,93.035,5.96,3.28,1.2583892617449666,1.3039309683604985,2.473154362416107,0,1,2861.550192150802,1139.8423895065118,0.38280000000000003,2015-07-28
1,event,glc-7972,2015-08-28,8,23.45,92.811,25,Mizoram,1.3,7,16.5,45.3,161.1,388,104.992,3.8,7,10.53,17,32.21,412.8,0.414,0.416,0.41,26,20.4,0,852,26.849,82.174,0.136,0.991,0.687,359,1.358,1,4.5,open-meteo-era5,23.445,92.839,5.96,3.28,0.9228187919463088,1.085810162991371,2.170022371364653,0,1,767.3838256072834,2348.7230624620943,0.546,2015-07-28
0,same_place_other_date,glc-7972,2024-09-15,9,23.45,92.811,25,Mizoram,3,6.3,19.7,66.4,140.6,432.4,101.079,1.2,7,4.22,43.45,66.28,663.83,0.416,0.416,0.413,27.2,19.8,0,852,26.849,82.174,0.136,0.991,0.687,359,1,1,4.1,open-meteo-era5,23.445,92.839,4.55,3.28,1.4432234432234434,2.0847723704866565,3.1677655677655676,0,1,767.3838256072834,2348.7230624620943,0.8465,2024-08-28
0,same_place_other_date,glc-7972,2019-08-10,8,23.45,92.811,25,Mizoram,2.6,11,30.9,86,143.4,330.2,108.414,5.1,7,2.45,63.87,106.1,724.09,0.417,0.42,0.419,27.9,21.1,0,852,26.849,82.174,0.136,0.991,0.687,359,1.882,4,4.6,open-meteo-era5,23.445,92.839,5.96,3.28,1.7281879194630874,2.0613614573346117,1.8467561521252795,0,1,767.3838256072834,2348.7230624620943,0.9019,2019-07-12
0,nearby_place_same_date,glc-7972,2015-08-28,8,23.265,93.049,25,Mizoram,1.2,8,16.6,47.6,143,429.5,102.601,3.5,7,7.5,14.77,31.28,314.22,0.42,0.421,0.414,26.5,20.2,0,817,27.336,86.973,0.053,0.999,-0.243,367,1.403,1,4.5,open-meteo-era5,23.234,93.019,5.96,3.28,0.9284116331096198,1.1409395973154364,2.402125279642058,0,1,3000,1730.0002630223833,0.6007,2015-07-28
1,event,glc-7933,2015-09-01,9,26.187,91.674,1,Assam,35.3,86.9,132,241,437.9,709.5,278.094,11.9,7,8.4,82.12,160.64,398.09,0.491,0.502,0.495,26.6,24.7,0,51,0.769,,0,0,0.009,12,1.02,1,4.2,open-meteo-era5,26.186,91.678,8.04,5.79,5.472636815920398,4.282160625444208,2.9415422885572142,1,23,266.7168480132773,1157.1952235386068,0.6759000000000001,2015-08-13
0,same_place_other_date,glc-7933,2016-08-11,8,26.187,91.674,1,Assam,6.1,14.1,42.9,230.3,359.8,733,262.405,4.8,7,1.75,7.25,37.53,456.36,0.472,0.485,0.47,33.1,27,0,51,0.769,,0,0,0.009,12,1,0,,open-meteo-era5,26.186,91.678,9.72,5.79,1.4711934156378599,3.38477366255144,2.5137174211248285,2,28,266.7168480132773,1157.1952235386068,0.2485,2016-07-11
0,same_place_other_date,glc-7933,2008-08-18,8,26.187,91.674,1,Assam,26.2,8.8,56.9,130.4,425,770.7,253.237,4.9,7,20.95,31.67,78.14,247.78,0.478,0.492,0.491,30.5,25.1,0,51,0.769,,0,0,0.009,12,2.195,1,4.8,open-meteo-era5,26.186,91.678,9.72,5.79,1.9513031550068585,1.916519694297472,2.6430041152263373,0,2,266.7168480132773,1157.1952235386068,0.5754,2008-07-27
0,nearby_place_same_date,glc-7933,2015-09-01,9,26.191,91.802,1,Assam,35.3,86.9,132,241,437.9,709.5,278.094,11.9,7,8.4,82.12,160.64,398.09,0.493,0.506,0.49,26.4,24.6,0,70,0.835,,0,0,-0.538,114,1,1,4.2,open-meteo-era5,26.186,91.776,7.6,5.51,5.789473684210527,4.530075187969925,3.111842105263158,10,25,201.178852803665,3000,0.5979,2015-08-13
1,event,glc-7923,2015-09-01,9,26.493,91.721,10,Assam,12.3,51.3,88.7,160.9,480.8,607.8,264.531,10.9,7,10.67,74.71,148.2,392.25,0.473,0.487,0.502,27.3,24.6,0,62,0.312,,0,0,0.047,13,1,1,4.2,open-meteo-era5,26.467,91.685,7.31,5.33,4.04468764249886,3.1444205589212433,2.771545827633379,0,0,930.4161508052781,3000,0.3422,2015-08-13
0,same_place_other_date,glc-7923,2013-09-09,9,26.493,91.721,10,Assam,7.4,8.7,18.3,55.5,158.4,240.8,81.483,2.3,7,0.63,2.72,47.36,167.11,0.49,0.479,0.473,30,23.8,0,62,0.312,,0,0,0.047,13,2.802,3,4.5,open-meteo-era5,26.467,91.685,7.31,5.33,0.8344733242134064,1.0846198944694159,1.0980392156862746,0,0,930.4161508052781,3000,0.8235,2013-08-13
0,same_place_other_date,glc-7923,2025-07-31,7,26.493,91.721,10,Assam,23.8,24.4,56.8,242.8,299.9,546.6,205.045,8.4,7,2.28,8.17,86.99,227.15,0.504,0.506,0.446,33.9,26.5,0,62,0.312,,0,0,0.047,13,1.619,1,4.2,open-meteo-era5,26.467,91.685,11.3,5.33,1.6755162241887902,3.0695322376738305,1.6123893805309735,0,0,930.4161508052781,3000,0.8433,2025-07-12
0,nearby_place_same_date,glc-7923,2015-09-01,9,26.769,91.85,10,Assam,6.1,45.9,153.5,261.9,565.6,718,349.437,5.3,7,10.79,68.33,139.66,390.95,0.389,0.395,0.41,25.8,23.2,0,139,0.577,,0,0,-0.029,14,1,1,4.2,open-meteo-era5,26.819,91.894,6.81,4.83,7.513460597161038,5.494021397105097,3.514439549681841,0,0,453.79379787381754,921.9305074038318,0.4093,2015-08-13
1,event,glc-7956,2015-09-05,9,26.048,91.87,1,Meghalaya,3.5,42.4,100.2,465.3,688,1016.8,488.05,7.2,7,3.69,63.5,156.6,459.65,0.489,0.489,0.475,30.2,24,0,70,5.617,128.991,-0.629,0.777,-0.151,77,2.187,2,4.2,open-meteo-era5,26.046,91.871,7.6,5.51,4.394736842105264,8.74624060150376,4.459649122807018,0,10,1.848787526293139,223.71486125720034,0.1709,2015-08-13
0,same_place_other_date,glc-7956,2014-10-20,10,26.048,91.87,1,Meghalaya,0,2,2.2,10.2,40,170,32.056,0.6,3,0,0.63,12.88,335.12,0.444,0.444,0.414,28.6,22,0,70,5.617,128.991,-0.629,0.777,-0.151,77,1.781,0,,open-meteo-era5,26.046,91.871,4.36,5.51,0.16819571865443425,0.3342070773263433,1.2996941896024463,0,8,1.848787526293139,223.71486125720034,0.4295,2014-09-30
0,same_place_other_date,glc-7956,2013-08-24,8,26.048,91.87,1,Meghalaya,0.5,5.3,8.3,71.4,214.6,603.4,149.356,2.1,6,0.25,4.55,11.68,188.61,0.492,0.483,0.494,31.9,26.4,0,70,5.617,128.991,-0.629,0.777,-0.151,77,2.202,2,4.2,open-meteo-era5,26.046,91.871,9.21,5.51,0.30039811798769456,1.1074918566775245,2.183858125226203,0,1,1.848787526293139,223.71486125720034,0.35050000000000003,2013-07-28
0,nearby_place_same_date,glc-7956,2015-09-05,9,26.217,91.92,1,Meghalaya,3.6,29.4,50.8,238,468.3,831,308.903,4.2,7,3.69,63.5,156.6,459.65,0.468,0.48,0.481,30,24,0,118,9.26,10.305,0.984,0.179,0.113,181,2.269,2,4.2,open-meteo-era5,26.186,91.875,7.6,5.51,2.2280701754385968,4.473684210526316,3.6447368421052633,0,9,1615.359606062638,3000,0.8049000000000001,2015-08-13
1,event,glc-8012,2015-09-06,9,25.97,91.858,1,Meghalaya,7.7,3.5,53.6,463.9,671.4,993,442.249,4.7,7,0.87,29.57,121.4,451.49,0.482,0.487,0.493,28.5,23.7,0,286,10.915,140.102,-0.767,0.641,-0.16,133,2.15,2,4.2,open-meteo-era5,25.975,91.869,7.6,5.51,2.3508771929824563,8.719924812030076,4.355263157894737,1,2,101.47944660889372,3000,0.7604000000000001,2015-08-13
0,same_place_other_date,glc-8012,2022-08-18,8,25.97,91.858,1,Meghalaya,6.1,0.3,8.3,55.9,129.7,405.7,95.192,5.3,6,0.79,3.65,19.28,270.37,0.476,0.478,0.446,33.6,25.3,0,286,10.915,140.102,-0.767,0.641,-0.16,133,1.385,1,4,open-meteo-era5,25.975,91.869,9.21,5.51,0.30039811798769456,0.8670699550178378,1.4683315237061165,1,4,101.47944660889372,3000,0.8631000000000001,2022-07-28
0,same_place_other_date,glc-8012,2023-08-15,8,25.97,91.858,1,Meghalaya,8.2,6.4,75.6,153.5,350.4,607,230.45,3.4,7,2.02,23.43,54.29,234.36,0.499,0.502,0.507,31.8,25.1,0,286,10.915,140.102,-0.767,0.641,-0.16,133,3.641,1,5.3,open-meteo-era5,25.975,91.869,9.21,5.51,2.7361563517915304,2.380952380952381,2.1968874411871155,1,4,101.47944660889372,3000,0.7384000000000001,2023-07-28
0,nearby_place_same_date,glc-8012,2015-09-06,9,25.952,92.042,1,Meghalaya,11.7,7.4,57.8,427.5,692.5,1102.1,448.262,3.6,7,0.87,29.57,121.4,451.49,0.482,0.493,0.487,26.4,21.7,0,659,6.944,313.386,0.687,-0.727,-0.517,138,2.373,2,4.2,open-meteo-era5,25.975,92.066,7.6,5.51,2.5350877192982457,8.035714285714286,4.833771929824561,0,0,162.64689132996503,3000,0.1968,2015-08-13
1,event,glc-8224,2015-09-14,9,23.731,92.719,5,Mizoram,10.7,14.9,31.2,53.7,171.7,281.2,86.64,7.7,6,13.58,44.56,78.75,440.49,0.415,0.412,0.4,24.1,18.9,0,1036,20.71,80.389,0.167,0.986,-0.136,267,1.436,4,4.5,open-meteo-era5,23.726,92.756,8.45,5.87,1.2307692307692308,0.9078613693998311,1.1092702169625248,10,10,166.2009391602382,3000,0.2775,2015-08-13
0,same_place_other_date,glc-8224,2013-08-24,8,23.731,92.719,5,Mizoram,3.6,2.9,9.1,126.5,250.1,409.4,147.11,0.7,7,3.88,22.46,48.36,316.18,0.404,0.407,0.416,24.4,19.2,0,1036,20.71,80.389,0.167,0.986,-0.136,267,2.238,2,5,open-meteo-era5,23.726,92.756,10.58,5.87,0.28670447385003145,1.7080745341614907,1.289855072463768,8,8,166.2009391602382,3000,0.5476,2013-07-28
0,same_place_other_date,glc-8224,2016-10-27,10,23.731,92.719,5,Mizoram,10.9,10.9,24.3,24.9,54.3,209.7,42.622,3.4,3,5.2,6.51,6.51,266.88,0.387,0.36,0.378,23.6,16.4,0,1036,20.71,80.389,0.167,0.986,-0.136,267,3.289,6,4.9,open-meteo-era5,23.726,92.756,5.47,5.87,1.4808043875685557,0.6503003395142335,1.2778793418647165,11,11,166.2009391602382,3000,0.5861000000000001,2016-09-29
0,nearby_place_same_date,glc-8224,2015-09-14,9,23.87,92.974,5,Mizoram,16.2,5.1,36.7,68.9,186.1,343.4,99.73,7.1,6,19.8,30.07,52.61,298.27,0.417,0.419,0.412,28,21.2,0,732,16.314,351.804,0.99,-0.143,-0.282,343,1.637,4,4.5,open-meteo-era5,23.866,92.952,5.41,3.85,2.2612446087492297,1.8193820966464218,2.115834873690696,0,1,3000,2508.244812341092,0.1406,2015-08-13
1,event,glc-8223,2015-09-14,9,23.735,92.719,5,Mizoram,10.7,14.9,31.2,53.7,171.7,281.2,86.64,7.7,6,13.58,44.56,78.75,440.49,0.415,0.412,0.4,24.1,18.9,0,1045,14.226,63.194,0.451,0.893,-0.281,281,1.437,4,4.5,open-meteo-era5,23.726,92.756,8.45,5.87,1.2307692307692308,0.9078613693998311,1.1092702169625248,10,10,116.13828180248166,3000,0.27290000000000003,2015-08-13
0,same_place_other_date,glc-8223,2008-08-10,8,23.735,92.719,5,Mizoram,22.2,19.5,44.3,97.8,176.6,262.7,104.147,4.9,7,13.19,29.49,69.1,252.05,0.422,0.421,0.419,23.4,19.2,0,1045,14.226,63.194,0.451,0.893,-0.281,281,2.615,6,5.2,open-meteo-era5,23.726,92.756,10.58,5.87,1.395715185885318,1.3205509046718875,0.8276622558286074,0,0,116.13828180248166,3000,0.2892,2008-07-11
0,same_place_other_date,glc-8223,2024-08-11,8,23.735,92.719,5,Mizoram,2.7,2.6,6.6,41,172.5,284.2,91.609,0.6,7,26.18,55.28,109.41,426.92,0.392,0.395,0.382,25.8,19.3,0,1045,14.226,63.194,0.451,0.893,-0.281,281,1.519,4,4.8,open-meteo-era5,23.726,92.756,10.58,5.87,0.20793950850661624,0.5536051849851472,0.8954001260239446,11,11,116.13828180248166,3000,0.4157,2024-07-11
0,nearby_place_same_date,glc-8223,2015-09-14,9,23.805,92.772,5,Mizoram,10.7,14.9,31.2,53.7,171.7,281.2,86.64,7.7,6,19.43,40.44,67.2,393.73,0.417,0.417,0.404,27.9,22.3,0,484,18.257,154.083,-0.899,0.437,0.473,515,1.488,4,4.5,open-meteo-era5,23.796,92.759,5.41,3.85,1.922365988909427,1.418008978082915,1.7325939617991373,0,10,2919.530816735391,2888.240671235034,0.8015,2015-08-13
1,event,glc-8339,2015-09-23,9,26.167,91.704,1,Assam,30.3,22.6,76.6,180.1,307.9,662.7,208.853,3.9,6,61.13,106.92,116.73,431.33,0.488,0.489,0.468,25.4,24,0,236,10.689,211.849,-0.849,-0.528,0.208,214,2.003,3,4.2,open-meteo-era5,26.186,91.678,8.04,5.79,3.1757877280265343,3.2000710732054016,2.7475124378109457,5,26,290.86626539736955,1269.5838344483982,0.6763,2015-08-29
0,same_place_other_date,glc-8339,2025-09-25,9,26.167,91.704,1,Assam,0,6.5,13.2,24,135.6,267,77.67,3.3,5,0.17,1.83,29.67,196.55,0.391,0.427,0.483,33.1,25.1,0,236,10.689,211.849,-0.849,-0.528,0.208,214,4.518,3,5.5,open-meteo-era5,26.186,91.678,8.04,5.79,0.5472636815920399,0.4264392324093817,1.1069651741293534,5,30,290.86626539736955,1269.5838344483982,0.5880000000000001,2025-08-29
0,same_place_other_date,glc-8339,2009-08-23,8,26.167,91.704,1,Assam,22.7,10.3,39.3,100.8,312.5,713.2,187.136,4.5,7,1.3,9.67,91.43,515.85,0.487,0.493,0.499,27.4,23.6,0,236,10.689,211.849,-0.849,-0.528,0.208,214,3.689,1,5,open-meteo-era5,26.186,91.678,9.72,5.79,1.347736625514403,1.4814814814814814,2.4458161865569275,0,2,290.86626539736955,1269.5838344483982,0.49670000000000003,2009-07-28
0,nearby_place_same_date,glc-8339,2015-09-23,9,25.926,91.55,1,Assam,26,29.4,70.8,298.1,375.7,996.9,318.025,3.7,6,61.29,110.08,120.62,439.11,0.481,0.486,0.49,24.8,22.7,0,300,10.549,203.394,-0.918,-0.397,-0.038,146,1.798,3,4.2,open-meteo-era5,25.905,91.572,8.04,5.79,2.9353233830845773,5.296730632551529,4.133084577114428,0,0,1790.844418534348,3000,0.8721,2015-08-29
1,event,glc-8366,2015-09-23,9,25.583,91.893,5,Meghalaya,50.4,56.4,157.3,217.7,257.5,794.8,218.095,5.3,7,48.8,118.09,140.11,587.3,0.483,0.493,0.485,21.4,19.5,0,1447,5.589,205.615,-0.902,-0.432,-0.056,55,1.965,4,4.2,open-meteo-era5,25.554,91.954,11.82,8.33,4.435984207557812,2.631133671742808,2.241398759165256,2,2,79.78460432306123,359.23024529766144,0.4229,2015-08-29
0,same_place_other_date,glc-8366,2007-11-02,11,25.583,91.893,5,Meghalaya,4.8,0.2,5,5,20,337.5,51.743,1,1,1.1,1.12,1.12,149.36,0.402,0.417,0.417,20.2,13.9,0,1447,5.589,205.615,-0.902,-0.432,-0.056,55,1,0,,open-meteo-era5,25.554,91.954,0.59,8.33,2.824858757062147,1.2106537530266344,19.06779661016949,0,0,79.78460432306123,359.23024529766144,0.5813,2007-09-30
0,same_place_other_date,glc-8366,2013-10-27,10,25.583,91.893,5,Meghalaya,4.2,9,18.2,24.2,37,311.3,47.422,1.1,5,0.77,17.89,38.34,331.85,0.506,0.481,0.414,20,14.1,0,1447,5.589,205.615,-0.902,-0.432,-0.056,55,1.927,2,4.2,open-meteo-era5,25.554,91.954,6.2,8.33,0.9784946236559139,0.5576036866359447,1.6736559139784948,1,1,79.78460432306123,359.23024529766144,0.48190000000000005,2013-09-30
0,nearby_place_same_date,glc-8366,2015-09-23,9,25.864,91.942,5,Meghalaya,26.1,40.3,86.5,155.7,243.8,799.3,206.28,5.6,7,61.13,106.92,116.73,431.33,0.489,0.489,0.466,24.4,22,0,666,11.031,304.875,0.572,-0.82,-0.376,225,2.202,3,4.2,open-meteo-era5,25.905,91.965,7.6,5.51,3.7938596491228074,2.9266917293233083,3.5057017543859645,0,2,2690.289374192791,3000,0.8580000000000001,2015-08-29
1,event,glc-9215,2016-01-14,1,27.176,88.529,1,West Bengal,0,0,0.5,11.4,12.4,13.6,8.295,0,3,0.02,0.28,1,1.73,0.404,0.401,0.378,18.8,14.2,0,302,14.759,225.377,-0.702,-0.712,-0.606,212,3.382,2,4.4,open-meteo-era5,27.17,88.497,0.18,4.67,0.9259259259259258,9.047619047619047,2.5185185185185186,2,17,24.19640524606183,299.9130687804493,0.2649,2015-12-19
0,same_place_other_date,glc-9215,2018-12-06,12,27.176,88.529,1,West Bengal,0,0,0.1,0.6,0.6,9.2,1.799,0,0,0,0,0.03,1.31,0.171,0.212,0.254,23.5,12.5,0,302,14.759,225.377,-0.702,-0.712,-0.606,212,1.061,0,,open-meteo-era5,27.17,88.497,0.09,4.67,0.37037037037037035,0.9523809523809523,3.4074074074074074,3,18,24.19640524606183,299.9130687804493,0.29410000000000003,2018-11-17
0,same_place_other_date,glc-9215,2020-02-13,2,27.176,88.529,1,West Bengal,0,0,0,0.1,7.9,30.5,4.42,0,0,0,0,0,5.15,0.25,0.279,0.273,24.4,8.9,0,302,14.759,225.377,-0.702,-0.712,-0.606,212,2.152,1,5,open-meteo-era5,27.17,88.497,0.47,4.67,0,0.030395136778115502,2.1631205673758864,3,18,24.19640524606183,299.9130687804493,0.3914,2020-01-17
0,nearby_place_same_date,glc-9215,2016-01-14,1,27.104,88.485,1,West Bengal,0,0,0.5,11.4,12.4,13.6,8.295,0,3,0.02,0.28,1,1.73,0.349,0.34,0.326,14.1,8.2,0,1112,20.057,290.624,0.352,-0.936,0.307,386,3.381,2,4.4,open-meteo-era5,27.1,88.498,0.18,4.67,0.9259259259259258,9.047619047619047,2.5185185185185186,7,22,251.10914880353872,1826.0279602963171,0.6067,2015-12-19
1,event,glc-9405,2016-04-19,4,26.722,95.024,1,Nagaland,36.6,22.9,62.3,109.3,170.7,238.5,91.858,6.3,6,10.83,37.9,68.11,182.12,0.473,0.482,0.51,21.3,17.5,0,701,6.354,26.003,0.899,0.438,0.229,178,4.147,1,4.5,open-meteo-era5,26.749,95.077,4.96,4.65,4.186827956989247,3.148041474654378,1.6028225806451613,3,3,32.32550355726409,1628.6721880383532,0.3723,2016-03-21
0,same_place_other_date,glc-9405,2019-05-23,5,26.722,95.024,1,Nagaland,7.3,10,27.7,72.8,133.2,255.7,81.875,3,7,4.77,40.59,67.1,328.34,0.497,0.499,0.501,23.7,18.7,0,701,6.354,26.003,0.899,0.438,0.229,178,3.848,4,5.9,open-meteo-era5,26.749,95.077,7.12,4.65,1.296816479400749,1.4606741573033706,1.1970973782771535,3,3,32.32550355726409,1628.6721880383532,0.4867,2019-04-23
0,same_place_other_date,glc-9405,2009-05-14,5,26.722,95.024,1,Nagaland,16.6,21,38,39.2,83.9,129.7,43.303,6.4,2,5.16,13.5,58.23,187.86,0.48,0.479,0.418,23.9,17.9,0,701,6.354,26.003,0.899,0.438,0.229,178,1.943,1,4.6,open-meteo-era5,26.749,95.077,7.12,4.65,1.7790262172284645,0.7865168539325843,0.6072097378277154,0,0,32.32550355726409,1628.6721880383532,0.4647,2009-04-23
0,nearby_place_same_date,glc-9405,2016-04-19,4,26.439,95.067,1,Nagaland,45.3,32.5,80.7,128.7,202.1,287.8,112.447,4.5,7,10.83,37.9,68.11,182.12,0.457,0.465,0.465,17.3,11.4,0,1960,22.221,154.962,-0.906,0.423,0.342,440,4.256,1,4.5,open-meteo-era5,26.397,95.05,4.96,4.65,5.423387096774194,3.7067972350230414,1.9341397849462365,0,3,1197.656942229122,3000,0.7198,2016-03-21
1,event,glc-7655,2016-04-22,4,27.58,91.857,5,Arunachal Pradesh,29.8,27.9,80,107,197.1,293.9,113.109,2.8,7,11.02,58.47,118.9,207.29,0.427,0.428,0.426,12.9,3.5,0.77,2759,22.311,243.281,-0.45,-0.893,-0.165,591,3.629,2,5,open-meteo-era5,27.592,91.816,3.61,2.96,7.386888273314866,4.2342698852394145,2.713758079409049,1,1,750.614783188499,3000,0.435,2016-03-21
0,same_place_other_date,glc-7655,2024-05-25,5,27.58,91.857,5,Arunachal Pradesh,0.4,0.4,2.3,8.7,44.8,139.3,30.872,0.1,3,0.77,0.94,14.65,48.87,0.37,0.376,0.388,20.7,4.7,0,2759,22.311,243.281,-0.45,-0.893,-0.165,591,2.048,1,4,open-meteo-era5,27.592,91.816,4.62,2.96,0.16594516594516595,0.26901669758812613,1.0050505050505052,2,3,750.614783188499,3000,0.7160000000000001,2024-04-22
0,same_place_other_date,glc-7655,2026-05-27,5,27.58,91.857,5,Arunachal Pradesh,5.3,3.9,10,26.2,71.2,139.9,40.589,1.2,6,0.31,5.44,16.45,118.41,0.393,0.39,0.387,16.7,7.3,0,2759,22.311,243.281,-0.45,-0.893,-0.165,591,1.161,1,4.4,open-meteo-era5,27.592,91.816,4.62,2.96,0.7215007215007215,0.8101422387136672,1.0093795093795095,2,3,750.614783188499,3000,0.7071000000000001,2026-05-09
0,nearby_place_same_date,glc-7655,2016-04-22,4,27.54,91.674,5,Arunachal Pradesh,29.8,27.9,80,107,197.1,293.9,113.109,2.8,7,11.02,58.47,118.9,207.29,0.428,0.428,0.423,21,14.2,0.77,1415,27.832,202.743,-0.922,-0.387,0.29,546,3.615,2,5,open-meteo-era5,27.452,91.611,3.15,2.97,8.465608465608467,4.852607709750567,3.11005291005291,0,0,2415.22305106525,629.0120175323607,0.4571,2016-03-21
1,event,glc-9404,2016-05-01,5,28.082,96.532,1,Arunachal Pradesh,7,5.2,20.9,61.2,330.4,582.2,194.031,1.1,7,6.31,22.57,39.76,407.75,0.418,0.418,0.423,24.2,18.4,0,587,17.45,266.845,-0.055,-0.998,0.655,392,3.639,0,,open-meteo-era5,28.084,96.508,7.38,5.43,0.9439927732610659,1.1846689895470384,2.6296296296296298,1,1,64.53016692002552,284.93135540673507,0.6866,2016-04-06
0,same_place_other_date,glc-9404,2018-05-12,5,28.082,96.532,1,Arunachal Pradesh,2.6,0.4,7.5,78.7,129.4,320.3,101.286,1,5,1.05,7.95,24.38,174.26,0.393,0.404,0.408,26.1,20.6,0,587,17.45,266.845,-0.055,-0.998,0.655,392,1,0,,open-meteo-era5,28.084,96.508,7.38,5.43,0.33875338753387535,1.5234223770809139,1.446702800361337,1,1,64.53016692002552,284.93135540673507,0.6286,2018-04-23
0,same_place_other_date,glc-9404,2026-06-09,6,28.082,96.532,1,Arunachal Pradesh,21.2,3.9,25.9,62.4,74.1,326.6,72.799,6.4,4,8.08,39.16,150.54,310.79,0.377,0.382,0.398,30.8,24.3,0,587,17.45,266.845,-0.055,-0.998,0.655,392,1.508,0,,open-meteo-era5,28.084,96.508,10.58,5.43,0.8160050409577819,0.8425600864164191,1.028985507246377,1,1,64.53016692002552,284.93135540673507,0.6265000000000001,2026-05-09
0,nearby_place_same_date,glc-9404,2016-05-01,5,27.973,96.376,1,Arunachal Pradesh,7,5.2,20.9,61.2,330.4,582.2,194.031,1.1,7,6.31,22.57,39.76,407.75,0.424,0.426,0.426,20.4,14.1,0,1199,38.589,100.788,-0.187,0.982,0.566,681,3.68,0,,open-meteo-era5,27.944,96.392,7.38,5.43,0.9439927732610659,1.1846689895470384,2.6296296296296298,0,0,1780.5723020561277,1552.7305930096948,0.0373,2016-04-06
1,event,glc-9335,2016-05-18,5,24.52,92.724,1,Assam,28,23,56.5,109.5,132.5,391.9,99.844,4.9,7,75.63,179.71,267.55,559.2,0.414,0.418,0.402,28.6,23.2,0,43,0.895,,0,0,-0.018,14,2.322,5,4.8,open-meteo-era5,24.499,92.692,12.94,7.17,1.4554353426069035,1.208876131596379,1.0095311695002576,0,0,67.34047934389835,3000,0.6111,2016-04-22
0,same_place_other_date,glc-9335,2025-06-17,6,24.52,92.724,1,Assam,24.9,19.5,77.8,115.3,181.3,493.9,151.222,8.9,6,15.3,50.64,68.67,918.56,0.423,0.428,0.427,32.6,25.1,0,43,0.895,,0,0,-0.018,14,3.323,6,5.1,open-meteo-era5,24.499,92.692,16.08,7.17,1.6127694859038144,1.0243425728500357,1.0238391376451077,1,1,67.34047934389835,3000,0.6443,2025-05-25
0,same_place_other_date,glc-9335,2007-05-28,5,24.52,92.724,1,Assam,10.4,4.5,16.9,55.6,195.5,294.4,93.107,3.2,7,25.42,34.93,102.65,358.94,0.4,0.399,0.41,32.6,25.1,0,43,0.895,,0,0,-0.018,14,2.094,1,5,open-meteo-era5,24.499,92.692,12.94,7.17,0.4353426069036579,0.6138220357694856,0.7583719732096857,0,0,67.34047934389835,3000,0.6948000000000001,2007-05-09
0,nearby_place_same_date,glc-9335,2016-05-18,5,24.438,92.74,1,Assam,28,23,56.5,109.5,132.5,391.9,99.844,4.9,7,75.63,179.71,267.55,559.2,0.408,0.406,0.382,28.6,23,0,136,4.193,128.367,-0.621,0.784,-0.624,185,2.345,4,4.8,open-meteo-era5,24.429,92.785,12.94,7.17,1.4554353426069035,1.208876131596379,1.0095311695002576,0,0,465.0214055649765,3000,0.6929000000000001,2016-04-22
1,event,glc-9338,2016-05-18,5,24.464,92.494,10,Assam,31.7,30.7,70.4,125.2,141.4,455.1,113.071,4.4,7,75.63,179.71,267.55,559.2,0.42,0.423,0.405,27.7,22.8,0,100,7.833,305.074,0.575,-0.818,0.514,106,2.156,4,4.8,open-meteo-era5,24.429,92.497,12.94,7.17,1.8134981968057704,1.382203576948554,1.1723338485316848,0,0,510.48690825599954,3000,0.7459,2016-04-22
0,same_place_other_date,glc-9338,2026-06-09,6,24.464,92.494,10,Assam,5.2,24.4,52.4,82.6,163,361.7,119.794,5.2,6,19.72,101.19,150.57,501.04,0.422,0.422,0.416,28.7,23.9,0,100,7.833,305.074,0.575,-0.818,0.514,106,2.144,6,4.4,open-meteo-era5,24.429,92.497,16.08,7.17,1.086235489220564,0.7338308457711443,0.7497927031509121,0,1,510.48690825599954,3000,0.7767000000000001,2026-05-09
0,same_place_other_date,glc-9338,2022-06-29,6,24.464,92.494,10,Assam,24.7,11.3,43.2,61.7,243.5,438.3,115.244,5.9,6,28.67,45.13,73.09,792.16,0.406,0.391,0.406,29.4,23.9,0,100,7.833,305.074,0.575,-0.818,0.514,106,1.425,2,4.6,open-meteo-era5,24.429,92.497,16.08,7.17,0.8955223880597016,0.5481520966595594,0.9085820895522388,0,1,510.48690825599954,3000,0.4985,2022-06-10
0,nearby_place_same_date,glc-9338,2016-05-18,5,24.766,92.291,10,Assam,71.3,60.6,144.7,235.6,250.7,798.2,190.452,8.2,7,95.25,271.6,358.76,710.69,0.471,0.475,0.497,28,22.6,0,49,0.496,,0,0,-0.203,35,2.234,4,4.8,open-meteo-era5,24.78,92.318,13.78,7.97,3.5002418964683115,2.4424631971801785,1.9308176100628933,0,1,2283.2060922944293,3000,0.7851,2016-04-22
1,event,glc-9334,2016-05-18,5,24.52,92.726,1,Assam,28,23,56.5,109.5,132.5,391.9,99.844,4.9,7,75.63,179.71,267.55,559.2,0.414,0.418,0.402,28.6,23.2,0,47,0.35,,0,0,0.046,21,2.324,5,4.8,open-meteo-era5,24.499,92.692,12.94,7.17,1.4554353426069035,1.208876131596379,1.0095311695002576,0,0,67.63238210798644,3000,0.6074,2016-04-22
0,same_place_other_date,glc-9334,2024-04-26,4,24.52,92.726,1,Assam,0.2,0,0.2,46.2,109.3,171.4,68.32,0.2,2,4.37,12.12,78.73,231.31,0.356,0.362,0.316,35.8,22.5,0,47,0.35,,0,0,0.046,21,2.169,1,4.1,open-meteo-era5,24.499,92.692,8.99,7.17,0.0074156470152020775,0.7341490545050056,0.635520949202818,1,1,67.63238210798644,3000,0.5972000000000001,2024-04-06
0,same_place_other_date,glc-9334,2015-04-21,4,24.52,92.726,1,Assam,39.3,6.7,61.6,81.7,99.2,277.3,69.912,3.8,5,35.04,77.45,112.4,345.94,0.402,0.395,0.315,29.3,21.6,0,47,0.35,,0,0,0.046,21,1.777,2,4.8,open-meteo-era5,24.499,92.692,8.99,7.17,2.2840192806822395,1.298267916732878,1.028179458657768,0,0,67.63238210798644,3000,0.4544,2015-03-22
0,nearby_place_same_date,glc-9334,2016-05-18,5,24.653,92.431,1,Assam,55.8,56.7,119.8,190.5,204.9,655.6,157.599,6.5,7,75.63,179.71,267.55,559.2,0.474,0.494,0.479,28.3,22.9,0,14,0.275,,0,0,0,4,2.088,4,4.8,open-meteo-era5,24.64,92.409,12.94,7.17,3.086038124678001,2.103113270037536,1.6888201957753737,0,2,1969.942678614856,244.8862965588337,-0.1958,2016-04-22
1,event,glc-9336,2016-05-18,5,24.531,92.512,1,Assam,31.7,30.7,70.4,125.2,141.4,455.1,113.071,4.4,7,75.63,179.71,267.55,559.2,0.42,0.423,0.405,27.9,23,0,62,9.027,11.31,0.981,0.196,-0.542,92,2.162,4,4.8,open-meteo-era5,24.499,92.5,12.94,7.17,1.8134981968057704,1.382203576948554,1.1723338485316848,0,1,3000,3000,0.7226,2016-04-22
0,same_place_other_date,glc-9336,2013-06-10,6,24.531,92.512,1,Assam,0.4,8.4,47.8,103.3,179.8,434.3,141.857,2.9,6,4.84,22.48,67.09,322.08,0.412,0.402,0.432,31,25,0,62,9.027,11.31,0.981,0.196,-0.542,92,1,0,,open-meteo-era5,24.499,92.5,16.08,7.17,0.9908789386401328,0.9177327647476902,0.9002902155887231,0,0,3000,3000,0.5186000000000001,2013-05-09
0,same_place_other_date,glc-9336,2009-04-21,4,24.531,92.512,1,Assam,5.8,14.6,38,57,63.3,129.3,54.732,2.1,5,35.45,90.14,103.58,198.96,0.392,0.324,0.191,31.2,22.4,0,62,9.027,11.31,0.981,0.196,-0.542,92,1.258,1,4.6,open-meteo-era5,24.499,92.5,8.99,7.17,1.4089729328883946,0.9057683139996822,0.4794215795328143,0,0,3000,3000,0.5213,2009-03-22
0,nearby_place_same_date,glc-9336,2016-05-18,5,24.326,92.657,1,Assam,23.8,9.8,37.4,61,76.2,249.9,53.75,6.9,7,75.63,179.71,267.55,559.2,0.387,0.375,0.349,30.3,23.8,0,57,7.573,267.421,-0.045,-0.999,-0.22,79,2.286,4,4.8,open-meteo-era5,24.359,92.687,12.94,7.17,0.9634209170530654,0.673437844998896,0.643740340030912,0,0,595.2314057166441,756.0795968607774,0.7012,2016-04-22
1,event,glc-9168,2016-06-12,6,27.644,93.871,10,Arunachal Pradesh,11.6,12.7,37.9,139.7,259.3,536.1,170.961,5.8,7,23.76,42.42,87.79,316.08,0.423,0.425,0.424,23.8,16.9,0,1705,26.725,274.205,0.073,-0.997,0.339,524,1.306,3,4.6,open-meteo-era5,27.663,93.838,14.45,6.66,0.8742791234140715,1.3811171527434503,1.2366782006920416,0,0,10.736179244611579,3000,0.3265,2016-05-24
0,same_place_other_date,glc-9168,2015-07-21,7,27.644,93.871,10,Arunachal Pradesh,19.5,9.1,31.4,190.5,338.9,674.8,203.324,1.3,6,25.63,72.97,131.97,417.14,0.416,0.407,0.406,20.3,17.4,0,1705,26.725,274.205,0.073,-0.997,0.339,524,3.592,3,4.5,open-meteo-era5,27.663,93.838,16.43,6.66,0.6370460539663217,1.65637770628641,1.3690403733008722,0,0,10.736179244611579,3000,0.1819,2015-06-26
0,same_place_other_date,glc-9168,2007-06-20,6,27.644,93.871,10,Arunachal Pradesh,21.9,28.4,75.9,337.3,461.6,960.2,332.891,3.8,7,6.95,20.28,155.11,614.65,0.428,0.429,0.428,23.1,17.5,0,1705,26.725,274.205,0.073,-0.997,0.339,524,1.835,0,,open-meteo-era5,27.663,93.838,14.45,6.66,1.7508650519031146,3.3346515076618886,2.2149942329873125,0,0,10.736179244611579,3000,0.3023,2007-05-25
0,nearby_place_same_date,glc-9168,2016-06-12,6,27.536,93.656,10,Arunachal Pradesh,18.7,15.9,52.3,172.2,281.4,586.9,186.139,5.8,7,23.76,42.42,87.79,316.08,0.426,0.427,0.427,25.7,19.3,0,1295,36.044,290.885,0.356,-0.934,-0.193,500,1.352,2,4.5,open-meteo-era5,27.522,93.628,14.45,6.66,1.2064590542099194,1.7024221453287198,1.3538638985005766,0,0,1713.882325821233,350.2635230185565,0.9509000000000001,2016-05-24
1,event,glc-9142,2016-06-14,6,26.319,94.525,1,Nagaland,10.3,31.5,65.6,199.7,268.5,495.7,201.575,5.7,7,6.05,35.82,62.33,256.62,0.488,0.497,0.468,24.3,19.4,0,1168,13.037,99.067,-0.158,0.988,0.331,374,2.427,3,4.6,open-meteo-era5,26.257,94.544,9.94,4.8,2.1998658618376927,2.870077608508192,1.6623071763916835,2,5,646.5286458257738,2230.6418036375285,0.4627,2016-05-24
0,same_place_other_date,glc-9142,2018-05-25,5,26.319,94.525,1,Nagaland,18.5,6.7,52.9,89.3,154.7,336.8,106.116,8,7,2.93,40.05,64.05,215.82,0.497,0.505,0.499,24.2,19.1,0,1168,13.037,99.067,-0.158,0.988,0.331,374,3.294,3,4.6,open-meteo-era5,26.257,94.544,7.34,4.8,2.40236148955495,1.7380303620085638,1.5295186194368757,2,5,646.5286458257738,2230.6418036375285,0.49560000000000004,2018-04-23
0,same_place_other_date,glc-9142,2026-05-15,5,26.319,94.525,1,Nagaland,9.8,2.1,15.6,38.9,138,260.4,73.808,2.1,6,16.74,22.9,51.84,175.49,0.451,0.472,0.478,22.2,16.4,0,1168,13.037,99.067,-0.158,0.988,0.331,374,2.365,4,5,open-meteo-era5,26.257,94.544,7.34,4.8,0.7084468664850136,0.7571039314908525,1.1825613079019073,2,5,646.5286458257738,2230.6418036375285,0.6993,2026-04-23
0,nearby_place_same_date,glc-9142,2016-06-14,6,26.526,94.492,1,Nagaland,11.2,27.1,60.9,174.4,241.9,482.4,178.474,3.8,7,6.05,35.82,62.33,256.62,0.48,0.493,0.509,27.1,22.6,0,679,29.705,316.212,0.722,-0.692,0.333,576,2.261,3,4.6,open-meteo-era5,26.467,94.46,9.94,4.8,2.0422535211267605,2.5064673756826674,1.6177062374245472,0,0,520.6526165186829,3000,0.8732000000000001,2016-05-24
1,event,glc-8222,2016-06-22,6,26.196,91.783,5,Assam,11.7,3.8,18.7,127.7,243.3,358.7,145.349,2,7,19.78,46.18,154.1,368.1,0.483,0.472,0.466,28.5,25.2,0,122,8.994,102.863,-0.223,0.975,-0.378,143.047,1,0,,open-meteo-era5,26.186,91.776,12.46,5.51,0.5002675227394328,1.4641137353817932,0.9596040663456393,9,29,403.00992564316965,2378.571449368085,0.6154000000000001,2016-05-24
0,same_place_other_date,glc-8222,2017-07-03,7,26.196,91.783,5,Assam,67.7,30.4,151.7,211.3,351.5,582,211.716,6.3,7,24.58,72.73,109.15,497.79,0.509,0.506,0.503,27.9,25.1,0,122,8.994,102.863,-0.223,0.975,-0.378,143.047,1.373,1,4.6,open-meteo-era5,26.186,91.776,11.73,5.51,4.310883773799374,2.57337717695774,1.6538789428815002,12,33,403.00992564316965,2378.571449368085,0.36910000000000004,2017-06-10
0,same_place_other_date,glc-8222,2008-05-14,5,26.196,91.783,5,Assam,1.9,0.7,6.4,42.5,128.6,178.2,64.933,0.7,6,0.03,0.14,29.04,146.55,0.457,0.458,0.356,32.2,23.7,0,122,8.994,102.863,-0.223,0.975,-0.378,143.047,3.553,2,4.6,open-meteo-era5,26.186,91.776,9.23,5.51,0.2311303719754424,0.657792911314038,0.6435536294691223,2,2,403.00992564316965,2378.571449368085,0.4405,2008-04-22
0,nearby_place_same_date,glc-8222,2016-06-22,6,26.056,91.802,5,Assam,18,12.7,33.6,203,339.3,393.2,196.779,6,7,19.78,46.18,154.1,368.1,0.468,0.476,0.504,27.1,23.6,0,404,12.441,68.374,0.369,0.93,0.292,188,1,0,,open-meteo-era5,26.046,91.772,12.46,5.51,0.898876404494382,2.327447833065811,1.0518994114499731,0,24,2150.354543838927,3000,0.8655,2016-05-24
1,event,glc-8237,2016-07-01,7,27.014,92.635,1,Arunachal Pradesh,25.6,21.1,70.7,104.2,223.2,380.5,131.47,1.7,7,7.67,13.51,20.96,194.5,0.469,0.467,0.479,26.5,24.1,0,225,3.873,167.471,-0.976,0.217,0.201,174,1.063,1,4.5,open-meteo-era5,27.03,92.7,10.5,4.64,2.2444444444444445,1.417687074829932,1.2079365079365079,0,0,246.8214439928971,549.5914633021177,0.6608,2016-06-09
0,same_place_other_date,glc-8237,2008-06-25,6,27.014,92.635,1,Arunachal Pradesh,16.4,19.1,50.5,114.4,306.9,559.6,174.261,4.6,7,4.38,27.57,49.46,319.23,0.445,0.465,0.476,29.9,23.5,0,225,3.873,167.471,-0.976,0.217,0.201,174,2.429,3,4.5,open-meteo-era5,27.03,92.7,9.87,4.64,1.7055048969942588,1.6558112606744828,1.8899020601148264,0,0,246.8214439928971,549.5914633021177,0.5088,2008-05-24
0,same_place_other_date,glc-8237,2011-08-05,8,27.014,92.635,1,Arunachal Pradesh,82.7,22.8,116,144.4,267.5,658.9,149.608,10.3,6,25.19,72.94,78.54,325.77,0.455,0.465,0.457,26.4,24.2,0,225,3.873,167.471,-0.976,0.217,0.201,174,1,1,4,open-meteo-era5,27.03,92.7,8.26,4.64,4.681194511702986,2.4974057419578,2.658999192897498,0,0,246.8214439928971,549.5914633021177,0.0708,2011-07-12
0,nearby_place_same_date,glc-8237,2016-07-01,7,27.141,92.453,1,Arunachal Pradesh,70.5,59.8,176.6,337.5,574.8,938.1,346.499,5,7,7.67,13.51,20.96,194.5,0.428,0.428,0.423,14.1,11.5,0,2952,34.523,129.218,-0.632,0.775,0.211,603,1,0,,open-meteo-era5,27.17,92.405,10.5,4.64,5.606349206349206,4.591836734693878,2.9780952380952384,0,0,321.8705371182073,3000,0.0475,2016-06-09
1,event,glc-8900,2016-07-07,7,25.012,94.314,25,Manipur,2.8,5.3,24.9,134,203,393.1,145.86,2.3,7,11.95,28.19,92.02,255.75,0.417,0.419,0.422,25.7,19.2,0,1396,3.572,332.447,0.887,-0.463,0.417,290,2.242,6,4.7,open-meteo-era5,24.991,94.36,6.73,3.16,1.2332838038632985,2.8444067077053705,1.9470034670629024,0,3,29.130878443762022,1794.82081815623,0.7689,2016-06-09
0,same_place_other_date,glc-8900,2013-06-21,6,25.012,94.314,25,Manipur,5,7,12.9,127.1,165.4,279.6,107.425,3.7,6,16.93,42.5,45.3,110.66,0.408,0.407,0.413,24.6,19.3,0,1396,3.572,332.447,0.887,-0.463,0.417,290,1,0,,open-meteo-era5,24.991,94.36,6.19,3.16,0.6946688206785138,2.9333025617355175,1.505654281098546,0,0,29.130878443762022,1794.82081815623,0.5191,2013-05-25
0,same_place_other_date,glc-8900,2015-06-10,6,25.012,94.314,25,Manipur,5,0.8,7.1,10,27.2,45.7,13.182,1.5,3,14.14,34.08,53.27,124.64,0.254,0.235,0.237,24.2,18.8,0,1396,3.572,332.447,0.887,-0.463,0.417,290,3.647,3,4.3,open-meteo-era5,24.991,94.36,6.19,3.16,0.3823371028540657,0.23078698361412414,0.2460958535271944,0,1,29.130878443762022,1794.82081815623,0.6235,2015-05-09
0,nearby_place_same_date,glc-8900,2016-07-07,7,24.885,94.621,25,Manipur,3.9,7.3,48.7,194.2,260.4,457.1,189.947,3.8,7,11.95,28.19,92.02,255.75,0.42,0.422,0.424,28.1,22.6,0,655,18.538,163.124,-0.957,0.29,-0.314,388,2.405,6,4.7,open-meteo-era5,24.851,94.64,6.73,3.16,2.4120851906884595,4.122267034599872,2.2639920752847944,0,1,3000,1606.1687175527252,0.2371,2016-06-09
1,event,glc-8901,2016-07-10,7,25.79,94.132,25,Nagaland,17.9,3.6,23.3,90.6,273.2,533.3,164.416,5.5,7,14.38,23.03,75.37,349.47,0.479,0.494,0.483,24.1,19.5,0,1286,11.783,82.999,0.122,0.993,-0.019,204,2.267,3,4.7,open-meteo-era5,25.764,94.118,8.03,3.86,0.9672063096720632,1.611812844689557,2.2137816521378166,2,9,88.71273760798478,3000,0.5988,2016-06-09
0,same_place_other_date,glc-8901,2010-06-29,6,25.79,94.132,25,Nagaland,23.9,10,39.6,179.4,415.2,716.6,236.242,5.1,7,3.48,23.1,52.23,387.38,0.493,0.492,0.467,22.3,18.8,0,1286,11.783,82.999,0.122,0.993,-0.019,204,1.613,3,4.6,open-meteo-era5,25.764,94.118,7.76,3.86,1.7010309278350515,3.302650957290133,3.0781786941580758,0,2,88.71273760798478,3000,0.7381000000000001,2010-06-10
0,same_place_other_date,glc-8901,2018-06-07,6,25.79,94.132,25,Nagaland,19.8,11.3,34.4,53.6,112,228,66.649,4.5,7,35.79,67.5,102.28,238.92,0.499,0.492,0.503,23.7,18.1,0,1286,11.783,82.999,0.122,0.993,-0.019,204,2.626,5,4.8,open-meteo-era5,25.764,94.118,7.76,3.86,1.4776632302405497,0.9867452135493373,0.9793814432989691,2,9,88.71273760798478,3000,0.517,2018-05-09
0,nearby_place_same_date,glc-8901,2016-07-10,7,25.786,94.247,25,Nagaland,17.9,3.6,23.3,90.6,273.2,533.3,164.416,5.5,7,14.38,23.03,75.37,349.47,0.491,0.496,0.484,28.1,23,0,749,12.792,15.148,0.965,0.261,-0.582,366,2.37,3,4.7,open-meteo-era5,25.764,94.216,8.03,3.86,0.9672063096720632,1.611812844689557,2.2137816521378166,0,3,595.6756154952452,426.09094930408236,0.13090000000000002,2016-06-09
1,event,glc-8930,2016-07-11,7,26.17,94.492,1,Nagaland,10.2,13.6,37.1,103.5,295.4,532.2,181.074,2.4,7,8.39,28.43,66.58,355.52,0.494,0.492,0.487,25.8,20.8,0,1185,13.473,276.404,0.112,-0.994,0.859,307,1.939,2,4.7,open-meteo-era5,26.186,94.539,8.77,3.98,1.410110224249335,1.6859423358853234,2.0228050171037633,0,5,290.9628199861705,2423.430722077195,0.35910000000000003,2016-06-09
0,same_place_other_date,glc-8930,2012-06-10,6,26.17,94.492,1,Nagaland,2.2,4,10.7,24.9,257.6,307.9,125.621,1.6,6,9.57,12.45,55.41,248.06,0.489,0.479,0.492,26.1,20.5,0,1185,13.473,276.404,0.112,-0.994,0.859,307,1.54,2,4.5,open-meteo-era5,26.186,94.539,8.04,3.98,0.4436152570480929,0.4424307036247335,1.2765339966832503,0,0,290.9628199861705,2423.430722077195,0.7167,2012-05-08
0,same_place_other_date,glc-8930,2017-08-17,8,26.17,94.492,1,Nagaland,3.7,29.3,35.5,104.8,301.1,516.4,172.907,3.7,7,5.12,16.82,54.73,377.21,0.505,0.513,0.51,25.8,19.4,0,1185,13.473,276.404,0.112,-0.994,0.859,307,3.399,4,5.1,open-meteo-era5,26.186,94.539,7.59,3.98,1.5590689503732982,1.9725202333897986,2.2678963548528768,0,5,290.9628199861705,2423.430722077195,0.4423,2017-07-28
0,nearby_place_same_date,glc-8930,2016-07-11,7,25.987,94.173,1,Nagaland,11.3,24.8,53.4,106.3,240.6,439.9,160.267,3.9,7,8.39,28.43,66.58,355.52,0.496,0.498,0.494,26.5,21.9,0,862,9.049,183.93,-0.998,-0.069,-0.264,309,1.91,2,4.7,open-meteo-era5,25.975,94.131,8.03,3.86,2.2166874221668746,1.891122576054083,1.8260689082606891,0,1,1642.4607954373278,3000,0.7554000000000001,2016-06-09
1,event,glc-8995,2016-07-14,7,26.196,91.807,5,Assam,10,10.3,34.4,134.6,345,600.1,200.288,4.8,7,7.89,16.48,48.2,419.39,0.465,0.495,0.506,28.9,25.6,0,169,12.417,142.624,-0.795,0.607,-0.009,124,1,0,,open-meteo-era5,26.186,91.776,11.73,5.51,0.9775504404660416,1.6392644014127389,1.7053140096618356,9,27,754.8332694711895,3000,0.5442,2016-06-25
0,same_place_other_date,glc-8995,2015-06-18,6,26.196,91.807,5,Assam,9.7,4.1,40.6,90.1,240.3,428.7,156.379,2.9,7,3.46,36.99,87.42,451.91,0.497,0.485,0.511,30.4,23.9,0,169,12.417,142.624,-0.795,0.607,-0.009,124,1,0,,open-meteo-era5,26.186,91.776,12.46,5.51,1.0861423220973783,1.0330199495528547,1.1468699839486356,8,22,754.8332694711895,3000,0.6012000000000001,2015-05-25
0,same_place_other_date,glc-8995,2023-08-12,8,26.196,91.807,5,Assam,45.5,12,59.9,216,375.8,614.6,214.528,14,7,18.95,25.54,92.37,217.82,0.494,0.494,0.458,30.5,25,0,169,12.417,142.624,-0.795,0.607,-0.009,124,2.989,1,4.3,open-meteo-era5,26.186,91.776,9.21,5.51,2.1679334057184216,3.3503955328059565,2.2243937748823743,11,30,754.8332694711895,3000,0.7271000000000001,2023-07-12
0,nearby_place_same_date,glc-8995,2016-07-14,7,26.056,91.703,5,Assam,18.1,13.7,55.3,170.7,431.8,794.4,255.253,4.3,7,7.89,16.48,48.2,419.39,0.46,0.484,0.479,27.8,24.5,0,375,0.688,,0,0,-0.424,178,1.044,0,,open-meteo-era5,26.046,91.674,12.45,5.79,1.4805890227576977,1.9586919104991394,2.1269076305220884,0,17,3000,3000,0.7904,2016-06-25
1,event,glc-8996,2016-07-14,7,26.177,91.77,1,Assam,10,10.3,34.4,134.6,345,600.1,200.288,4.8,7,7.89,16.48,48.2,419.39,0.465,0.495,0.506,29.4,26.1,0,77,21.151,117.692,-0.465,0.885,-0.434,128,1,0,,open-meteo-era5,26.186,91.776,11.73,5.51,0.9775504404660416,1.6392644014127389,1.7053140096618356,13,30,328.95668061233624,2894.2888286395805,0.6323000000000001,2016-06-25
0,same_place_other_date,glc-8996,2023-07-22,7,26.177,91.77,1,Assam,28.1,23,57.7,98.4,200.9,556.8,139.253,15.1,5,1.73,32.51,38.12,319.65,0.478,0.453,0.466,33,26.2,0,77,21.151,117.692,-0.465,0.885,-0.434,128,3.079,1,4.3,open-meteo-era5,26.186,91.776,11.73,5.51,1.6396703608979826,1.1983924004384363,1.582267689684569,15,33,328.95668061233624,2894.2888286395805,0.5497000000000001,2023-06-26
0,same_place_other_date,glc-8996,2023-06-01,6,26.177,91.77,1,Assam,0.5,3.4,3.9,48.1,152,227.2,80.908,2.7,3,6.2,6.2,34.67,144.04,0.402,0.422,0.37,34.4,25.4,0,77,21.151,117.692,-0.465,0.885,-0.434,128,3.443,3,4.9,open-meteo-era5,26.186,91.776,12.46,5.51,0.10433386837881219,0.5514790185737216,0.6078116639914393,15,33,328.95668061233624,2894.2888286395805,0.47350000000000003,2023-05-09
0,nearby_place_same_date,glc-8996,2016-07-14,7,25.969,91.858,1,Assam,18.1,13.7,55.3,170.7,431.8,794.4,255.253,4.3,7,7.89,16.48,48.2,419.39,0.472,0.488,0.492,28.5,25.4,0,274,12.785,87.856,0.037,0.999,-0.489,171,1.089,0,,open-meteo-era5,25.975,91.869,11.73,5.51,1.5714691673770957,2.0789185239313115,2.257459505541347,2,3,72.74784000971631,3000,0.6991,2016-06-25
1,event,glc-9010,2016-07-16,7,27.303,93.804,5,Arunachal Pradesh,27.1,24.1,68.1,99.7,170,328.7,106.869,3.1,7,39.81,124.73,205.07,556.02,0.481,0.484,0.482,24.9,21.9,0,739,30.452,114.8,-0.419,0.908,0.096,540,1.231,0,,open-meteo-era5,27.311,93.817,16.43,6.66,1.3816189896530735,0.8668811407703679,0.6668695475755732,0,0,36.790478757560635,3000,0.19410000000000002,2016-06-25
0,same_place_other_date,glc-9010,2008-06-16,6,27.303,93.804,5,Arunachal Pradesh,6.3,3.2,47.8,116.2,290.5,479.9,164.503,2.1,7,20.74,80.84,188.24,501.72,0.487,0.483,0.452,28.3,21.1,0,739,30.452,114.8,-0.419,0.908,0.096,540,2.228,3,4.5,open-meteo-era5,27.311,93.817,14.45,6.66,1.102652825836217,1.1487889273356402,1.107035755478662,0,0,36.790478757560635,3000,0.1441,2008-05-24
0,same_place_other_date,glc-9010,2009-07-27,7,27.303,93.804,5,Arunachal Pradesh,5.6,23.8,37.5,57.5,112.7,291.3,84.185,2.2,7,2.91,40.42,98.17,416.19,0.457,0.482,0.478,26.6,22,0,739,30.452,114.8,-0.419,0.908,0.096,540,1.489,0,,open-meteo-era5,27.311,93.817,16.43,6.66,0.7608034083992696,0.4999565255195201,0.5909920876445527,0,0,36.790478757560635,3000,0.0114,2009-06-26
0,nearby_place_same_date,glc-9010,2016-07-16,7,27.274,93.489,5,Arunachal Pradesh,31.6,15.8,79.8,121.9,250.5,516,151.241,4,7,39.81,124.73,205.07,556.02,0.435,0.437,0.436,23.7,21,0,1345,21.048,252.374,-0.303,-0.953,-0.029,188,1.17,0,,open-meteo-era5,27.241,93.512,16.43,6.66,1.6189896530736458,1.0599078341013826,1.046865489957395,0,0,1923.2991445174184,2956.8300620985483,0.8563000000000001,2016-06-25
1,event,glc-9051,2016-07-19,7,26.097,91.874,25,Meghalaya,34.5,34.3,108.6,208.7,412.7,770.6,279.668,9,7,19.72,128.07,204.59,491.25,0.489,0.489,0.459,28.5,24.6,0,202,16.319,24.759,0.908,0.419,0.839,207,1.031,0,,open-meteo-era5,26.116,91.873,11.73,5.51,3.0861040068201193,2.5417123371087564,2.189826655299801,2,22,331.07573787859974,3000,0.8078000000000001,2016-06-25
0,same_place_other_date,glc-9051,2015-06-27,6,26.097,91.874,25,Meghalaya,2,1.5,4.7,127.4,307,561.9,200.728,1.1,7,9.33,34.63,62.45,390.7,0.461,0.475,0.453,31.1,26.6,0,202,16.319,24.759,0.908,0.419,0.839,207,1,0,,open-meteo-era5,26.116,91.873,12.46,5.51,0.12573568753344033,1.4606741573033708,1.5032102728731942,0,15,331.07573787859974,3000,0.7199,2015-05-25
0,same_place_other_date,glc-9051,2024-07-25,7,26.097,91.874,25,Meghalaya,34.1,7.1,46.7,179.9,315.5,669.4,195.736,18.5,7,13.55,32.1,83.1,424.68,0.487,0.498,0.503,32.9,25.9,0,202,16.319,24.759,0.908,0.419,0.839,207,1.46,2,4.6,open-meteo-era5,26.116,91.873,11.73,5.51,1.3270815572605856,2.1909633418584824,1.9022449559533956,2,23,331.07573787859974,3000,0.7619,2024-06-25
0,nearby_place_same_date,glc-9051,2016-07-19,7,25.843,91.696,25,Meghalaya,27.5,29,91.7,134.9,250.8,587.6,182.314,7,7,19.72,128.07,204.59,491.25,0.459,0.485,0.484,27.7,23.9,0,469,13.097,81.617,0.146,0.989,0.216,191,1.143,0,,open-meteo-era5,25.835,91.668,12.45,5.79,2.455153949129853,1.5479059093516927,1.5732262382864792,0,0,3000,3000,0.5189,2016-06-25
1,event,glc-9124,2016-07-19,7,25.203,90.557,5,Meghalaya,16.6,39.1,97,168.9,258.2,431.3,185.941,5.3,7,39.27,219.59,326.26,811.92,0.465,0.496,0.487,27.2,23.8,0,155,19,184.214,-0.997,-0.073,1.069,193,1.296,0,,open-meteo-era5,25.202,90.583,16.66,7.56,1.9407763105242095,1.448293603155548,0.8629451780712285,1,1,1427.6443355923461,3000,0.6611,2016-06-25
0,same_place_other_date,glc-9124,2015-07-11,7,25.203,90.557,5,Meghalaya,2.9,28.6,74.9,144.5,277.8,509.8,190.628,2.3,5,7.26,35.5,88.21,432.39,0.475,0.495,0.497,30.2,23.6,0,155,19,184.214,-0.997,-0.073,1.069,193,2.913,4,5.1,open-meteo-era5,25.202,90.583,16.66,7.56,1.4985994397759104,1.2390670553935859,1.0200080032012806,0,0,1427.6443355923461,3000,0.4637,2015-06-10
0,same_place_other_date,glc-9124,2020-06-17,6,25.203,90.557,5,Meghalaya,36,12.3,58.2,120.8,252.9,644.4,154.035,4.8,7,56.32,82.29,173.27,1048.84,0.505,0.507,0.476,27.7,24.7,0,155,19,184.214,-0.997,-0.073,1.069,193,2.679,1,4.2,open-meteo-era5,25.202,90.583,16.98,7.56,1.142520612485277,1.016321723035504,1.2650176678445229,1,1,1427.6443355923461,3000,0.7629,2020-05-24
0,nearby_place_same_date,glc-9124,2016-07-19,7,25.455,90.688,5,Meghalaya,11.9,40.3,73.3,111.2,192.6,408,149.359,5.2,6,35.18,206.33,298,767.62,0.467,0.486,0.499,27.1,23.8,0,320,16.267,294.444,0.414,-0.91,0.392,141,1.207,0,,open-meteo-era5,25.483,90.683,15.28,6.9,1.5990401396160558,1.0396409872849663,0.8900523560209425,0,0,1410.6779906896709,770.1051769528709,0.8437,2016-06-25
1,event,glc-9074,2016-07-20,7,27.118,88.107,1,West Bengal,96.7,17.4,187.7,507.9,593.8,1050.7,427.173,9.1,7,40.66,74.54,164.04,460.78,0.425,0.426,0.422,20.6,18.5,0,2042,23.289,55.903,0.561,0.828,0.24,576,2.045,1,4.7,open-meteo-era5,27.03,88.1,13.51,4.23,4.63113742906489,5.3706249339113885,2.592400690846287,0,2,355.7477951198232,1248.568682427097,0.5175000000000001,2016-06-25
0,same_place_other_date,glc-9074,2008-06-14,6,27.118,88.107,1,West Bengal,84.1,18.6,114,145.7,272.3,415,113.447,9.7,7,28.99,61.42,81.27,169.86,0.425,0.425,0.417,19.6,17,0,2042,23.289,55.903,0.561,0.828,0.24,576,1.382,1,4.4,open-meteo-era5,27.03,88.1,7.82,4.23,4.859335038363171,2.661673364998173,1.7689684569479964,0,0,355.7477951198232,1248.568682427097,0.3024,2008-05-24
0,same_place_other_date,glc-9074,2010-08-30,8,27.118,88.107,1,West Bengal,12.9,10.7,29.2,82.8,442.5,582.3,210.495,2.5,7,3.61,17.62,116.88,415.93,0.42,0.42,0.416,21.7,17.3,0,2042,23.289,55.903,0.561,0.828,0.24,576,1,0,,open-meteo-era5,27.03,88.1,10.23,4.23,0.9514499837080481,1.1562630917469627,1.8973607038123164,0,0,355.7477951198232,1248.568682427097,0.8588,2010-07-28
0,nearby_place_same_date,glc-9074,2016-07-20,7,27.21,88.045,1,West Bengal,70.9,21.7,150.3,444.4,592.1,1066.3,414.566,8.9,7,40.66,74.54,164.04,460.78,0.427,0.428,0.424,16.3,14.1,0,2742,14.495,42.694,0.735,0.678,-1.241,382,2.139,1,4.7,open-meteo-era5,27.17,87.996,13.51,4.23,3.7083641746854186,4.699164639949244,2.630890698248211,0,1,3000,685.5954007348064,0.0956,2016-06-25
1,event,glc-9122,2016-07-20,7,26.197,91.802,5,Assam,19,13,48.3,153,312.7,607.3,204.548,2.2,7,32.15,108.99,231.77,508.83,0.471,0.489,0.486,28.8,25.3,0,110,11.68,342.204,0.952,-0.306,-0.113,117,1,0,,open-meteo-era5,26.186,91.776,11.73,5.51,1.3725490196078431,1.8633540372670807,1.7257743677181014,12,29,246.53892966049142,3000,0.4466,2016-06-25
0,same_place_other_date,glc-9122,2020-06-21,6,26.197,91.802,5,Assam,8,14.6,26.4,151.2,265.7,502,176.898,6,7,5.08,37.5,137.39,577.58,0.505,0.506,0.462,32.5,26,0,110,11.68,342.204,0.952,-0.306,-0.113,117,1.987,3,5.1,open-meteo-era5,26.186,91.776,12.46,5.51,0.7062600321027287,1.7335473515248796,1.3429641519529159,12,30,246.53892966049142,3000,0.6146,2020-05-24
0,same_place_other_date,glc-9122,2026-07-14,7,26.197,91.802,5,Assam,7.8,28.4,90.8,238.8,419.9,580.8,280.046,5.5,7,7.91,51.68,154.33,356.43,0.464,0.455,0.414,33.9,26.3,0,110,11.68,342.204,0.952,-0.306,-0.113,117,1.999,5,4.4,open-meteo-era5,26.186,91.776,11.73,5.51,2.580278488206877,2.908293752283522,1.6504688832054557,12,30,246.53892966049142,3000,0.3583,2026-06-26
0,nearby_place_same_date,glc-9122,2016-07-20,7,26.321,91.976,5,Assam,18.3,16.5,52.2,167.2,316.7,627.6,215.909,3.6,7,14.93,43.93,134.3,321.81,0.484,0.498,0.474,29.6,26.1,0,55,0.139,,0,0,0.009,15.227,1,0,,open-meteo-era5,26.327,91.978,10.62,5.06,1.6384180790960454,2.249125638956148,1.9698681732580041,0,0,1166.009165260165,921.2938391469629,-0.1521,2016-06-25
1,event,glc-9138,2016-07-21,7,26.902,88.472,1,West Bengal,116.3,90,236.1,514.2,596.1,1039.7,407.644,10,7,27.8,83.7,204.18,611.16,0.427,0.432,0.417,25.8,24.3,0,188,21.596,113.477,-0.398,0.917,-0.803,482,1.787,1,4.7,open-meteo-era5,26.889,88.503,14.36,4.67,5.4805013927576605,5.115399920413848,2.413416898792944,2,10,25.373356466443386,145.42105833768014,0.6887,2016-06-25
0,same_place_other_date,glc-9138,2009-07-02,7,26.902,88.472,1,West Bengal,67.3,56,151.8,546.9,629.2,712.3,427.098,11.3,7,29.54,85.34,117.77,173.66,0.427,0.427,0.437,26.6,24.1,0,188,21.596,113.477,-0.398,0.917,-0.803,482,1,0,,open-meteo-era5,26.889,88.503,14.36,4.67,3.5236768802228418,5.440708316752885,1.653435468895079,1,2,25.373356466443386,145.42105833768014,0.6464000000000001,2009-06-10
0,same_place_other_date,glc-9138,2016-09-02,9,26.902,88.472,1,West Bengal,31.3,25.8,76.6,120.7,170.9,288.6,110.219,4.9,7,22.24,54,96.24,233.27,0.425,0.423,0.381,27.9,24.2,0,188,21.596,113.477,-0.398,0.917,-0.803,482,2.84,0,,open-meteo-era5,26.889,88.503,8.78,4.67,2.9081245254365986,1.9638789456557113,1.0956719817767655,2,10,25.373356466443386,145.42105833768014,0.7931,2016-08-12
0,nearby_place_same_date,glc-9138,2016-07-21,7,27.044,88.584,1,West Bengal,194.1,91.5,349.5,673.3,908.2,1527,542.28,14,7,27.8,83.7,204.18,611.16,0.43,0.432,0.429,20.1,18,0,1507,16.426,104.671,-0.253,0.967,0.221,304,1.848,1,4.7,open-meteo-era5,27.1,88.598,14.36,4.67,8.112813370473537,6.69816951850378,3.5445682451253484,0,12,60.69229606944144,3000,0.7684000000000001,2016-06-25
1,event,glc-9186,2016-07-25,7,25.48,94.138,1,Manipur,16.6,22,44.7,88.8,184,401.3,113.53,2.4,7,18.3,31.65,48.82,284.6,0.497,0.5,0.488,18.1,16.6,0,1705,13.669,124.479,-0.566,0.824,0.215,227,2.073,4,4.7,open-meteo-era5,25.483,94.1,7.3,3.58,2.041095890410959,1.7377690802348336,1.832420091324201,4,12,46.87295466419812,2614.044777739558,0.773,2016-06-25
0,same_place_other_date,glc-9186,2019-07-15,7,25.48,94.138,1,Manipur,4.5,25.5,46.1,202.1,315.3,435.5,206.987,6.2,7,5.52,15.59,47.19,255.6,0.508,0.509,0.46,20.4,15.8,0,1705,13.669,124.479,-0.566,0.824,0.215,227,2.289,4,4.5,open-meteo-era5,25.483,94.1,7.3,3.58,2.1050228310502286,3.954990215264188,1.9885844748858448,4,12,46.87295466419812,2614.044777739558,0.6689,2019-06-26
0,same_place_other_date,glc-9186,2021-09-07,9,25.48,94.138,1,Manipur,3.4,1.7,6.5,14.3,97.5,204.9,49.988,0.7,6,3.73,6.09,42.79,192.08,0.469,0.461,0.469,23.8,14.3,0,1705,13.669,124.479,-0.566,0.824,0.215,227,3.121,3,4.9,open-meteo-era5,25.483,94.1,5.37,3.58,0.40347610180012417,0.3804203245544028,1.271880819366853,4,12,46.87295466419812,2614.044777739558,0.10400000000000001,2021-08-13
0,nearby_place_same_date,glc-9186,2016-07-25,7,25.444,94.069,1,Manipur,20.1,24.5,50.3,83.9,181.6,472.3,120.395,3.2,7,18.3,31.65,48.82,284.6,0.499,0.503,0.504,17.5,15.9,0,1696,34.275,274.165,0.073,-0.997,-0.382,368,2.044,4,4.7,open-meteo-era5,25.483,94.1,7.3,3.58,2.2968036529680367,1.6418786692759295,2.15662100456621,4,13,951.7041853261328,3000,0.5116,2016-06-25
1,event,glc-9220,2016-07-26,7,27.103,88.122,1,West Bengal,172.7,42.2,240.5,621.8,1060.1,1402.6,551.402,14.4,7,27.12,107.75,212.07,521.98,0.428,0.428,0.429,22.3,20.9,0,1133,29.465,335.268,0.908,-0.418,-0.451,560,2.029,1,4.7,open-meteo-era5,27.17,88.196,13.51,4.23,5.933876141130027,6.57502379190018,3.4606464347396986,1,4,12.526544712092843,191.65475846078135,0.4348,2016-06-25
0,same_place_other_date,glc-9220,2013-08-06,8,27.103,88.122,1,West Bengal,18.2,44.6,74.8,144.6,220.1,688.1,188.693,8,7,13.26,94.1,133.9,437.71,0.419,0.42,0.422,23.9,20.5,0,1133,29.465,335.268,0.908,-0.418,-0.451,560,2.333,3,4.7,open-meteo-era5,27.17,88.196,10.23,4.23,2.4372759856630823,2.019271051529116,2.242098403388726,0,2,12.526544712092843,191.65475846078135,0.7025,2013-07-12
0,same_place_other_date,glc-9220,2008-08-31,8,27.103,88.122,1,West Bengal,12,10.8,88.8,190.7,394.5,934.8,303.007,3,7,6.5,64.41,87.12,431.56,0.425,0.426,0.424,25.2,19.2,0,1133,29.465,335.268,0.908,-0.418,-0.451,560,3.288,0,,open-meteo-era5,27.17,88.196,10.23,4.23,2.893450635386119,2.6630358888423404,3.0459433040078197,0,0,12.526544712092843,191.65475846078135,0.7289,2008-08-12
0,nearby_place_same_date,glc-9220,2016-07-26,7,27.279,87.911,1,West Bengal,131,65.3,230.3,552.8,970.2,1353.4,538.192,9.8,7,23.49,81.22,147.48,381.96,0.429,0.429,0.428,20.3,18.2,0,1447,23.669,341.565,0.949,-0.316,-0.096,636,2.235,1,4.7,open-meteo-era5,27.311,87.79,9.44,3.01,8.132062146892656,8.365617433414043,4.778954802259888,0,0,3000,641.9184720771608,0.49520000000000003,2016-06-25
1,event,glc-9219,2016-07-26,7,26.01,94.528,5,Nagaland,1.5,31.8,80.4,112.2,200.3,406.3,151.653,3.2,7,1.68,31.23,61.28,319.74,0.481,0.49,0.472,22,15.1,0,1713,19.238,103.263,-0.229,0.973,0.744,387,2.033,3,4.7,open-meteo-era5,25.975,94.623,8.77,3.98,3.0558722919042194,1.827659227887278,1.5442797415431397,3,5,59.409437022480674,2468.7858980112305,0.5611,2016-06-25
0,same_place_other_date,glc-9219,2022-07-31,7,26.01,94.528,5,Nagaland,14,2.6,18.9,81.1,161.2,235.8,81.339,10.2,7,12.4,29.75,59.05,243.63,0.488,0.492,0.489,21.6,15.9,0,1713,19.238,103.263,-0.229,0.973,0.744,387,1.752,4,4.6,open-meteo-era5,25.975,94.623,8.77,3.98,0.7183580387685291,1.321062062225118,0.8962371721778792,3,5,59.409437022480674,2468.7858980112305,0.7333000000000001,2022-07-12
0,same_place_other_date,glc-9219,2008-08-14,8,26.01,94.528,5,Nagaland,28.6,10.6,84.3,143.4,254.5,343.2,154.184,12.1,5,15.14,32.51,72.15,238.5,0.498,0.496,0.495,22.3,17,0,1713,19.238,103.263,-0.229,0.973,0.744,387,2.199,4,5.2,open-meteo-era5,25.975,94.623,7.59,3.98,3.702239789196311,2.6990400903444387,1.5072463768115942,0,0,59.409437022480674,2468.7858980112305,0.8219000000000001,2008-07-27
0,nearby_place_same_date,glc-9219,2016-07-26,7,26.344,94.588,5,Nagaland,1.9,28.4,90.7,136.2,219,514.4,181.163,2.9,7,3.58,41.37,83.12,363.22,0.478,0.492,0.467,25.5,20.4,0,820,13.323,184.715,-0.997,-0.082,-0.417,362,1.872,3,4.7,open-meteo-era5,26.327,94.549,10.73,4.8,2.8176452314383353,1.8133404340300892,1.5980118049083565,1,5,1402.2995098189926,3000,0.9247000000000001,2016-06-25
1,event,glc-9251,2016-07-28,7,25.87,94.784,1,Nagaland,3.6,3.8,13.9,102.2,199,469,144.918,1.6,7,28.36,51.51,114.4,388.34,0.482,0.482,0.459,24.7,19.3,0,1149,5.479,296.241,0.442,-0.897,1.043,361,2.189,3,4.7,open-meteo-era5,25.835,94.809,8.85,3.91,0.5235404896421846,1.649717514124294,1.7664783427495292,1,1,481.25905538983466,1280.275274758109,0.7469,2016-06-25
0,same_place_other_date,glc-9251,2015-07-13,7,25.87,94.784,1,Nagaland,1.6,1.2,6.4,51.2,113.7,230.7,80.598,0.9,7,2.72,10.16,32.81,283.74,0.483,0.484,0.486,26.7,21,0,1149,5.479,296.241,0.442,-0.897,1.043,361,1.653,4,4.5,open-meteo-era5,25.835,94.809,8.85,3.91,0.2410546139359699,0.8264729620661825,0.8689265536723163,1,1,481.25905538983466,1280.275274758109,0.8032,2015-06-10
0,same_place_other_date,glc-9251,2014-07-23,7,25.87,94.784,1,Nagaland,34,29.7,66.1,115.2,179,286.9,102.905,5.2,7,12.71,32.01,58.02,202.29,0.493,0.489,0.502,24.6,19.9,0,1149,5.479,296.241,0.442,-0.897,1.043,361,2.009,2,4.3,open-meteo-era5,25.835,94.809,8.85,3.91,2.489642184557439,1.8595641646489105,1.0806026365348398,1,1,481.25905538983466,1280.275274758109,0.5798,2014-06-26
0,nearby_place_same_date,glc-9251,2016-07-28,7,25.645,94.622,1,Nagaland,1.3,2.2,7.4,72.4,141.3,349.1,102.803,0.5,7,16.53,34.49,74.74,304.02,0.48,0.492,0.492,28.6,21.8,0,694,15.489,46.061,0.694,0.72,0,237,2.244,3,4.7,open-meteo-era5,25.624,94.598,7.38,3.4,0.33423667570009036,1.4014711575687187,1.576784101174345,0,1,1671.0002488736131,518.4502723623484,0.6058,2016-06-25
1,event,glc-9232,2016-07-28,7,23.54,93.378,1,Mizoram,3.1,16,29.2,58.3,99.3,289.6,84.509,5.8,6,7.01,19.12,53.22,248.85,0.42,0.423,0.423,24.1,16.6,0,1570,18.187,145.62,-0.825,0.565,0.443,492,2.275,6,4.9,open-meteo-era5,23.585,93.414,3.56,1.83,2.7340823970037453,2.339486356340289,2.711610486891386,0,0,831.9114139753768,3000,0.4787,2016-06-25
0,same_place_other_date,glc-9232,2012-08-08,8,23.54,93.378,1,Mizoram,30.9,9.5,45.2,92.7,166.8,267.6,88.948,4.5,7,5.2,13.04,34.91,176.91,0.417,0.418,0.415,20.7,16.7,0,1570,18.187,145.62,-0.825,0.565,0.443,492,4.061,5,5.7,open-meteo-era5,23.585,93.414,3.13,1.83,4.813631522896698,4.230944774075764,2.849840255591055,0,0,831.9114139753768,3000,0.8766,2012-07-11
0,same_place_other_date,glc-9232,2011-06-15,6,23.54,93.378,1,Mizoram,11.8,4.6,26.3,54.2,96.9,218.3,67.723,1.7,7,7.82,18.85,44.36,219.83,0.412,0.411,0.386,24.2,17.2,0,1570,18.187,145.62,-0.825,0.565,0.443,492,1.626,3,4.3,open-meteo-era5,23.585,93.414,3.84,1.83,2.282986111111111,2.016369047619048,1.8949652777777781,0,0,831.9114139753768,3000,0.4122,2011-05-25
0,nearby_place_same_date,glc-9232,2016-07-28,7,23.553,93.525,1,Mizoram,3.1,16,29.2,58.3,99.3,289.6,84.509,5.8,6,2.89,11.9,31.4,126.4,0.421,0.423,0.426,27.6,19.9,0,1109,26.597,270.136,0.002,-1,0.226,322,2.301,6,4.9,open-meteo-era5,23.515,93.505,3.56,1.83,2.7340823970037453,2.339486356340289,2.711610486891386,0,0,3000,3000,0.8321000000000001,2016-06-25
1,event,glc-9252,2016-07-28,7,27.575,91.864,5,Arunachal Pradesh,8.4,11.6,42,219.4,457.8,823.2,292.568,1.9,7,14.04,27.35,78.71,240.45,0.425,0.426,0.425,16.8,11.7,0,2686,11.182,73.369,0.286,0.958,-0.019,387,1,0,,open-meteo-era5,27.522,91.814,7.26,2.96,1.9283746556473829,4.31719795356159,3.779614325068871,2,2,144.54628687443903,2852.195066497337,0.5572,2016-06-25
0,same_place_other_date,glc-9252,2021-08-05,8,27.575,91.864,5,Arunachal Pradesh,3.7,6.9,15.7,90.5,178,435.7,127.881,1.9,7,0.06,1.76,21.91,179.72,0.415,0.414,0.421,18.9,12.1,0,2686,11.182,73.369,0.286,0.958,-0.019,387,2.655,2,5.3,open-meteo-era5,27.522,91.814,5.37,2.96,0.9745499689633768,2.40755520085129,2.7045313469894476,2,3,144.54628687443903,2852.195066497337,0.6537000000000001,2021-07-12
0,same_place_other_date,glc-9252,2020-08-24,8,27.575,91.864,5,Arunachal Pradesh,3.5,0.8,4.8,34,98.1,326.3,72.135,0.8,5,1.37,5.27,30.1,151,0.397,0.402,0.409,19.3,10.3,0,2686,11.182,73.369,0.286,0.958,-0.019,387,1.179,0,,open-meteo-era5,27.522,91.814,5.37,2.96,0.297951582867784,0.9044958765629156,2.0254500310366232,2,3,144.54628687443903,2852.195066497337,0.34290000000000004,2020-07-27
0,nearby_place_same_date,glc-9252,2016-07-28,7,27.418,92.099,5,Arunachal Pradesh,7.1,8.3,37.5,160,365.2,685.5,225.717,1.6,7,14.04,27.35,78.71,240.45,0.422,0.424,0.424,16.6,9.4,0,3386,34.095,91.352,-0.024,1,0,571,1,0,,open-meteo-era5,27.452,92.114,7.26,2.96,1.721763085399449,3.148366784730421,3.1473829201101933,0,0,2480.186944844558,2301.7808573652464,0.0723,2016-06-25
1,event,glc-9464,2016-08-05,8,27.575,91.975,5,Arunachal Pradesh,6.8,2.6,10.7,49.2,214.7,542.5,126.799,2,7,0.23,10.25,20.27,202.47,0.406,0.407,0.413,21.7,15,0,2402,23.143,348.884,0.981,-0.193,0.145,579,1,0,,open-meteo-era5,27.522,91.915,5.37,2.96,0.6641837368094351,1.3088587390263366,3.367473618870267,0,3,236.3349411872261,1016.0531996778243,0.7678,2016-07-11
0,same_place_other_date,glc-9464,2023-07-08,7,27.575,91.975,5,Arunachal Pradesh,3.1,3.5,14.9,51.1,193,367.5,99.994,1,7,3.38,14.03,36,272.12,0.403,0.404,0.411,23.2,15.2,0,2402,23.143,348.884,0.981,-0.193,0.145,579,1.75,0,,open-meteo-era5,27.522,91.915,7.26,2.96,0.6841138659320477,1.0055096418732783,1.6873278236914602,0,3,236.3349411872261,1016.0531996778243,0.7741,2023-06-10
0,same_place_other_date,glc-9464,2015-07-22,7,27.575,91.975,5,Arunachal Pradesh,12.7,11.2,30.2,57.8,183.6,365.2,115.33,1.8,7,4.23,25.32,45.07,208.33,0.42,0.418,0.412,18.2,14.4,0,2402,23.143,348.884,0.981,-0.193,0.145,579,3.02,5,5.1,open-meteo-era5,27.522,91.915,7.26,2.96,1.386593204775023,1.1373475009838645,1.676767676767677,0,1,236.3349411872261,1016.0531996778243,0.9041,2015-06-26
0,nearby_place_same_date,glc-9464,2016-08-05,8,27.528,91.787,5,Arunachal Pradesh,15.7,6.4,25,69.4,294.6,696.2,166.207,2.1,7,0.23,10.25,20.27,202.47,0.415,0.413,0.413,24.6,19.6,0,1517,29.721,132.382,-0.674,0.739,0.116,618,1,0,,open-meteo-era5,27.452,91.711,5.37,2.96,1.5518311607697084,1.8462357009843042,4.3215394165114835,0,3,1608.709704177425,240.3234484459798,0.8366,2016-07-11
1,event,glc-9603,2016-10-12,10,26.886,88.17,10,West Bengal,63.1,40,131.9,201.5,230.1,580.2,180.536,6.7,6,20.4,41.55,76.21,288.34,0.426,0.427,0.429,18.7,17.2,0,1459,9.369,279.811,0.17,-0.985,0.794,286,1,2,4.2,open-meteo-era5,26.889,88.204,2.26,4.23,19.454277286135696,12.737041719342605,8.557522123893806,2,22,934.3675715806002,994.517612604766,0.5831000000000001,2016-09-13
0,same_place_other_date,glc-9603,2025-09-12,9,26.886,88.17,10,West Bengal,12.4,18,35.5,102.4,174.5,319.3,118.433,3.2,7,13.72,38.98,92.29,275.57,0.424,0.422,0.417,21.5,17.9,0,1459,9.369,279.811,0.17,-0.985,0.794,286,1.597,2,4.1,open-meteo-era5,26.889,88.204,8.05,4.23,1.4699792960662525,1.8172138420585624,1.3221532091097308,2,23,934.3675715806002,994.517612604766,0.21280000000000002,2025-08-13
0,same_place_other_date,glc-9603,2016-11-17,11,26.886,88.17,10,West Bengal,0,0.7,0.8,5.7,7.5,21.5,6.161,0.3,1,0,0,0,0,0.277,0.291,0.336,19.5,11.1,0,1459,9.369,279.811,0.17,-0.985,0.794,286,1.643,1,4.6,open-meteo-era5,26.889,88.204,0.14,4.23,1.9047619047619047,5.816326530612245,5.119047619047619,2,23,934.3675715806002,994.517612604766,0.8664000000000001,2016-10-15
0,nearby_place_same_date,glc-9603,2016-10-12,10,27.062,88.32,10,West Bengal,63.1,40,131.9,201.5,230.1,580.2,180.536,6.7,6,20.4,41.55,76.21,288.34,0.426,0.427,0.428,20.9,19,0,989,20.907,306.135,0.59,-0.808,0.125,510,1,2,4.2,open-meteo-era5,27.1,88.298,2.66,4.67,16.528822055137844,10.821697099892589,7.270676691729323,2,26,2709.4349098686444,764.1044820173315,0.49510000000000004,2016-09-13
1,event,glc-9587,2016-10-12,10,26.869,88.47,25,West Bengal,137.1,29,178.2,234.5,251.6,492.5,122.339,18.9,7,22.91,53.46,86.71,325.03,0.421,0.42,0.368,24.2,22.3,0,182,15.165,97.253,-0.126,0.992,0.287,66,1,1,4,open-meteo-era5,26.889,88.503,2.66,4.67,22.33082706766917,12.593984962406015,6.171679197994987,2,12,75.19930882264273,294.4114477112308,0.6009,2016-09-13
0,same_place_other_date,glc-9587,2025-10-02,10,26.869,88.47,25,West Bengal,5.1,25.2,30.3,31.5,46.9,228.1,59.143,11.1,3,4.82,11.44,23.6,355.69,0.254,0.261,0.347,29.4,22.7,0,182,15.165,97.253,-0.126,0.992,0.287,66,2.25,3,5,open-meteo-era5,26.889,88.503,2.66,4.67,3.7969924812030076,1.6917293233082706,2.858395989974937,2,13,75.19930882264273,294.4114477112308,0.7801,2025-09-14
0,same_place_other_date,glc-9587,2024-09-07,9,26.869,88.47,25,West Bengal,0,6.5,24.8,44.6,78.1,232.8,67.717,4.5,5,0.26,17.82,78.01,266.13,0.372,0.334,0.306,32.8,23.7,0,182,15.165,97.253,-0.126,0.992,0.287,66,3.663,2,4.5,open-meteo-era5,26.889,88.503,8.78,4.67,0.9415337889141991,0.7256752359258055,0.8838268792710707,2,13,75.19930882264273,294.4114477112308,0.7092,2024-08-12
0,nearby_place_same_date,glc-9587,2016-10-12,10,26.672,88.155,25,West Bengal,58.3,26.3,98.4,152.6,188.3,445.2,128.909,5,7,23.08,43.69,87.54,332.39,0.423,0.428,0.397,24,22.5,0,140,0.504,,0,0,0,11,1,2,4.2,open-meteo-era5,26.678,88.111,2.96,4.86,11.081081081081082,7.364864864864865,5.013513513513513,0,0,1553.5556275144004,701.2986377713614,0.8066,2016-09-13
1,event,glc-9604,2016-10-12,10,27.268,88.289,10,Sikkim,121.6,14,142.5,194.8,209.3,523.3,107.277,16.2,6,14.2,33.71,54.64,218.89,0.422,0.429,0.414,23.5,21.2,0,630,41.733,46.783,0.685,0.729,1.088,580,1,2,4.2,open-meteo-era5,27.241,88.294,1.55,2.99,30.64516129032258,17.953917050691246,11.253763440860213,1,3,20.093645982132927,22.16363482696727,0.8682000000000001,2016-09-13
0,same_place_other_date,glc-9604,2020-09-12,9,27.268,88.289,10,Sikkim,13.6,43.7,68.8,271.5,337.1,560.7,254.249,7.9,7,3.92,15.51,91.24,283.59,0.424,0.43,0.423,26.2,23.7,0,630,41.733,46.783,0.685,0.729,1.088,580,3.589,1,4.4,open-meteo-era5,27.241,88.294,5.11,2.99,4.487932159165035,7.590159351411797,3.6575342465753424,1,4,20.093645982132927,22.16363482696727,0.8708,2020-08-12
0,same_place_other_date,glc-9604,2023-09-02,9,27.268,88.289,10,Sikkim,0.3,0,0.8,71.3,455.9,734.6,242.632,0.1,3,3.48,4.63,33.65,369.17,0.365,0.382,0.382,30.5,24.6,0,630,41.733,46.783,0.685,0.729,1.088,580,1.593,1,4.3,open-meteo-era5,27.241,88.294,5.11,2.99,0.05218525766470972,1.99329046687168,4.791911285061969,1,4,20.093645982132927,22.16363482696727,0.3357,2023-08-13
0,nearby_place_same_date,glc-9604,2016-10-12,10,27.533,88.553,10,Sikkim,52.1,9.3,73.6,118.7,156.1,630,128.686,7.4,6,13.68,35.71,50.97,211.58,0.426,0.428,0.425,23.5,17.5,0,1325,43.117,173.062,-0.993,0.121,-0.019,983,1,1,4,open-meteo-era5,27.452,88.49,1.55,2.99,15.82795698924731,10.940092165898617,13.548387096774194,1,5,1736.8432500246313,427.89855075380484,0.6544,2016-09-13
1,event,glc-9618,2016-10-15,10,26.934,88.449,1,West Bengal,0,6.3,49,226.4,256.2,566.5,220.93,2.3,6,0.46,24.83,85.99,335.92,0.411,0.415,0.432,28.5,19.4,0,266,26.445,72.545,0.3,0.954,-0.297,343,1,1,4,open-meteo-era5,26.889,88.503,2.66,4.67,6.140350877192982,12.158968850698173,7.098997493734335,5,18,68.87375917710219,364.2448986036301,0.884,2016-09-13
0,same_place_other_date,glc-9618,2007-11-01,11,26.934,88.449,1,West Bengal,0,0,1.3,6.7,33.2,79.7,19.799,0,3,0,0,0,38.55,0.29,0.297,0.284,25.4,18.4,0,266,26.445,72.545,0.3,0.954,-0.297,343,1.266,0,,open-meteo-era5,26.889,88.503,0.15,4.67,2.8888888888888893,6.3809523809523805,17.711111111111112,0,0,68.87375917710219,364.2448986036301,0.7919,2007-09-30
0,same_place_other_date,glc-9618,2014-09-23,9,26.934,88.449,1,West Bengal,7.2,133.5,300.9,397.8,493.6,605.8,393.099,18.8,7,3.58,47.29,90.83,319.64,0.429,0.432,0.426,25.6,21.9,0,266,26.445,72.545,0.3,0.954,-0.297,343,1.108,1,4.1,open-meteo-era5,26.889,88.503,8.78,4.67,11.42369020501139,6.472502440611781,2.2999240698557326,3,14,68.87375917710219,364.2448986036301,0.8396,2014-08-29
0,nearby_place_same_date,glc-9618,2016-10-15,10,27.009,88.325,1,West Bengal,0,37.1,137.3,310.9,358.4,698.5,308.61,5.5,6,0.71,17.25,66.59,294.32,0.422,0.425,0.428,22.8,16,0,1190,33.919,65.487,0.415,0.91,0.086,675,1,2,4.2,open-meteo-era5,27.03,88.3,2.66,4.67,17.205513784461154,16.69709989258861,8.7531328320802,1,33,963.9217279534377,3000,0.5434,2016-09-13
1,event,glc-9617,2016-10-15,10,26.888,88.28,5,West Bengal,0,37.1,137.3,310.9,358.4,698.5,308.61,5.5,6,0.71,17.25,66.59,294.32,0.422,0.425,0.426,21.2,13.7,0,1537,23.076,276.921,0.121,-0.993,-0.316,475,1,2,4.2,open-meteo-era5,26.96,88.202,2.66,4.67,17.205513784461154,16.69709989258861,8.7531328320802,17,31,91.98330784635607,1962.6133075305204,0.3492,2016-09-13
0,same_place_other_date,glc-9617,2017-11-29,11,26.888,88.28,5,West Bengal,5.1,3.1,9.9,11.8,14.9,19.9,8.239,0.9,4,0.25,1.65,1.65,3.25,0.336,0.311,0.337,11.6,8.2,0,1537,23.076,276.921,0.121,-0.993,-0.316,475,2.572,0,,open-meteo-era5,26.96,88.202,0.15,4.67,22.000000000000004,11.238095238095239,4.422222222222222,17,31,91.98330784635607,1962.6133075305204,0.6331,2017-11-01
0,same_place_other_date,glc-9617,2022-09-25,9,26.888,88.28,5,West Bengal,8.3,15.9,26.8,62.4,136.2,277.4,79.277,8.7,7,11.92,35.98,51.16,415.05,0.408,0.404,0.4,22.1,16.1,0,1537,23.076,276.921,0.121,-0.993,-0.316,475,1,0,,open-meteo-era5,26.96,88.202,8.78,4.67,1.0174639331814732,1.0152945004881224,1.053151100987092,17,31,91.98330784635607,1962.6133075305204,0.061900000000000004,2022-08-29
0,nearby_place_same_date,glc-9617,2016-10-15,10,26.835,88.079,5,West Bengal,0,25.4,144.6,337.2,387.6,689.1,323.898,3.6,6,0.71,17.25,66.59,294.32,0.421,0.424,0.426,22.2,14.8,0,1447,18.067,296.469,0.446,-0.895,-0.85,488,1,2,4.2,open-meteo-era5,26.889,88.104,2.26,4.23,21.327433628318584,21.31479140328698,10.163716814159292,0,4,3000,3000,0.23340000000000002,2016-09-13
1,event,glc-9620,2016-10-15,10,27.172,88.529,5,Sikkim,0,6.3,49,226.4,256.2,566.5,220.93,2.3,6,0.46,24.83,85.99,335.92,0.414,0.414,0.435,27.8,23.2,0,331,21.474,0.535,1,0.009,0.096,212,1,1,4,open-meteo-era5,27.17,88.497,2.66,4.67,6.140350877192982,12.158968850698173,7.098997493734335,2,20,15.572607758292259,75.70504753003885,0.4607,2016-09-13
0,same_place_other_date,glc-9620,2012-10-21,10,27.172,88.529,5,Sikkim,0,0,0,0.9,13.2,112.2,18.973,0,0,0,0,0.09,65.62,0.387,0.38,0.361,26.3,21,0,331,21.474,0.535,1,0.009,0.096,212,1.591,0,,open-meteo-era5,27.17,88.497,2.66,4.67,0,0.048335123523093444,1.4060150375939848,1,15,15.572607758292259,75.70504753003885,0.6676000000000001,2012-09-29
0,same_place_other_date,glc-9620,2020-09-18,9,27.172,88.529,5,Sikkim,63.1,35,112.8,216.2,791,993.7,376.141,11,7,12.08,58.36,174.51,534.23,0.433,0.433,0.434,27,23.8,0,331,21.474,0.535,1,0.009,0.096,212,3.016,2,5.3,open-meteo-era5,27.17,88.497,8.78,4.67,4.28246013667426,3.517735112268142,3.7725892179195144,2,20,15.572607758292259,75.70504753003885,0.645,2020-08-28
0,nearby_place_same_date,glc-9620,2016-10-15,10,27.046,88.432,5,Sikkim,0,6.3,49,226.4,256.2,566.5,220.93,2.3,6,0.71,17.25,66.59,294.32,0.422,0.425,0.428,27.7,20.1,0,420,39.808,261.299,-0.151,-0.988,0.662,565,1,1,4,open-meteo-era5,26.96,88.502,2.66,4.67,6.140350877192982,12.158968850698173,7.098997493734335,8,21,400.22900032763283,326.82499298759745,0.901,2016-09-13
1,event,glc-9619,2016-10-15,10,27.17,88.366,5,Sikkim,2.1,44.9,136.2,257.2,324.3,765.1,283.413,6.2,7,0.71,17.25,66.59,294.32,0.422,0.423,0.427,18,14,0,1588,9.315,240.945,-0.486,-0.874,0.855,510,1,2,4.2,open-meteo-era5,27.241,88.395,2.66,4.67,17.06766917293233,13.813104189044036,9.587719298245613,3,16,120.0560487566313,1294.5284916946946,0.6779000000000001,2016-09-13
0,same_place_other_date,glc-9619,2024-11-25,11,27.17,88.366,5,Sikkim,0.5,0.7,1.6,1.9,2,16.2,2.868,0.3,0,0.02,0.09,0.1,14.24,0.219,0.24,0.223,15,7.2,0,1588,9.315,240.945,-0.486,-0.874,0.855,510,4.411,1,4.4,open-meteo-era5,27.241,88.395,0.15,4.67,3.5555555555555562,1.8095238095238093,3.5999999999999996,3,16,120.0560487566313,1294.5284916946946,0.6491,2024-10-31
0,same_place_other_date,glc-9619,2013-09-13,9,27.17,88.366,5,Sikkim,1.9,8.6,19.7,99.8,308.8,505.9,180.972,1.6,7,3.63,10.89,36.65,353.63,0.424,0.424,0.416,23.4,11.4,0,1588,9.315,240.945,-0.486,-0.874,0.855,510,1.826,2,4.9,open-meteo-era5,27.241,88.395,8.78,4.67,0.74791192103265,1.6238203709729906,1.9206529992406987,3,13,120.0560487566313,1294.5284916946946,0.2456,2013-08-13
0,nearby_place_same_date,glc-9619,2016-10-15,10,27.158,88.655,5,Sikkim,0,6.3,49,226.4,256.2,566.5,220.93,2.3,6,0.46,24.83,85.99,335.92,0.413,0.413,0.434,24.3,18.9,0,865,23.509,45.913,0.696,0.718,0.452,436,1,1,4,open-meteo-era5,27.17,88.597,2.66,4.67,6.140350877192982,12.158968850698173,7.098997493734335,2,6,1456.8347861259988,278.73894567371445,0.9027000000000001,2016-09-13
1,event,rimbi-2026-08-13,2026-08-13,8,27.315,88.186,1,Sikkim,2.3,0,2.8,33.7,404.2,548,171.083,0.5,3,8.77,12.63,74.41,304.67,0.388,0.397,0.406,26.1,20.7,0,1296,20.388,151.827,-0.882,0.472,0.202,336,1,0,,open-meteo-era5,27.241,88.194,7.51,3.01,0.12427873945849977,0.6410500285333841,2.43231247225921,0,3,90.05228116139577,117.21473994580865,0.8475,2026-07-12
0,same_place_other_date,rimbi-2026-08-13,2018-08-19,8,27.315,88.186,1,Sikkim,0.1,1.1,2.5,73.4,444.7,706.1,258.77,0.3,5,3.19,12.17,55.04,358.57,0.383,0.389,0.404,27.6,17.9,0,1296,20.388,151.827,-0.882,0.472,0.202,336,1.93,0,,open-meteo-era5,27.241,88.194,7.51,3.01,0.11096316023080337,1.396233593304166,3.1340434975588107,0,3,90.05228116139577,117.21473994580865,0.3435,2018-07-28
0,same_place_other_date,rimbi-2026-08-13,2013-08-26,8,27.315,88.186,1,Sikkim,17.1,18.2,46,91.9,176.3,572.7,137.761,4.1,7,16.14,32.43,52.17,291.75,0.421,0.422,0.399,24.3,19.6,0,1296,20.388,151.827,-0.882,0.472,0.202,336,1.809,2,4.3,open-meteo-era5,27.241,88.194,7.51,3.01,2.041722148246782,1.7481453300361425,2.541944074567244,0,2,90.05228116139577,117.21473994580865,0.7130000000000001,2013-07-28
0,nearby_place_same_date,rimbi-2026-08-13,2026-08-13,8,27.397,88.363,1,Sikkim,12.4,2.6,20.3,71.6,301.2,554.2,166.888,2,7,8.77,12.63,74.41,304.67,0.409,0.412,0.416,24.3,19.1,0,1761,33.244,232.765,-0.605,-0.796,0.019,740,1,0,,open-meteo-era5,27.381,88.391,7.27,2.99,0.9307657038055939,1.40695617999607,2.5410362219165523,0,0,1630.8760388629585,531.5274995869588,0.9246000000000001,2026-07-12
1,event,rimbi-2026-08-14,2026-08-14,8,27.315,88.186,1,Sikkim,1.3,2.3,3.6,34.5,399.5,544.4,156.05,0.5,4,6.76,18.2,75.62,306.77,0.38,0.39,0.403,26.7,19.6,0,1296,20.388,151.827,-0.882,0.472,0.202,336,1,0,,open-meteo-era5,27.241,88.194,7.51,3.01,0.15978695073235685,0.6562678333650371,2.4163337771859745,0,3,90.05228116139577,117.21473994580865,0.8475,2026-07-12
0,same_place_other_date,rimbi-2026-08-14,2007-08-29,8,27.315,88.186,1,Sikkim,16.1,17.4,44.4,115.2,260.7,584.4,162.549,2.1,7,1.78,5.43,27.2,148.97,0.422,0.421,0.407,23.7,18.4,0,1296,20.388,151.827,-0.882,0.472,0.202,336,4.366,2,5,open-meteo-era5,27.241,88.194,7.51,3.01,1.9707057256990677,2.191363895758037,2.59387483355526,0,0,90.05228116139577,117.21473994580865,0.729,2007-07-28
0,same_place_other_date,rimbi-2026-08-14,2016-07-17,7,27.315,88.186,1,Sikkim,208.3,38.9,304.4,410.9,559,1184.8,298.352,15.5,7,11.21,55.62,82.73,309.04,0.429,0.431,0.411,22.1,19.9,0,1296,20.388,151.827,-0.882,0.472,0.202,336,2.19,1,4.7,open-meteo-era5,27.241,88.194,9.44,3.01,10.748587570621469,6.218220338983051,4.18361581920904,0,2,90.05228116139577,117.21473994580865,0.8429000000000001,2016-06-25
0,nearby_place_same_date,rimbi-2026-08-14,2026-08-14,8,27.191,87.997,1,Sikkim,5.8,6.6,18,103.9,365.3,689.5,191.683,1.2,7,6.42,16,80.99,396.64,0.416,0.417,0.418,20.1,12.4,0,2708,34.41,217.731,-0.791,-0.612,0.606,458,1,0,,open-meteo-era5,27.17,87.996,10.23,4.23,0.5865102639296187,1.4509146767211285,2.246660149885956,0,1,3000,3000,0.9027000000000001,2026-07-12
1,event,rimbi-2026-09-24,2026-09-24,9,27.315,88.186,1,Sikkim,36.8,9.5,51.1,89.3,294,555.4,157.551,2.6,6,28.49,45.06,127.85,395.31,0.405,0.401,0.41,19.1,15.8,0,1296,20.388,151.827,-0.882,0.472,0.202,336,2.216,3,5.2,open-meteo-era5,27.241,88.194,5.35,3.01,3.18380062305296,2.3845126835781043,3.460436137071651,2,5,90.05228116139577,117.21473994580865,0.8724000000000001,2026-08-13
0,same_place_other_date,rimbi-2026-09-24,2012-10-25,10,27.315,88.186,1,Sikkim,10.2,13.7,27.7,42.8,87.6,299.5,70.484,1.7,6,0,0.05,0.05,37.21,0.393,0.38,0.36,16.9,11.3,0,1296,20.388,151.827,-0.882,0.472,0.202,336,1.472,0,,open-meteo-era5,27.241,88.194,1.48,3.01,6.238738738738739,4.1312741312741315,6.745495495495495,0,2,90.05228116139577,117.21473994580865,0.8428,2012-09-29
0,same_place_other_date,rimbi-2026-09-24,2018-10-10,10,27.315,88.186,1,Sikkim,3,1.4,17.2,64.9,353.7,826.1,208.451,0.9,6,0.69,1.53,5.02,81.12,0.401,0.407,0.409,20.7,13.5,0,1296,20.388,151.827,-0.882,0.472,0.202,336,2.734,1,5.3,open-meteo-era5,27.241,88.194,1.48,3.01,3.8738738738738743,6.264478764478765,18.605855855855857,0,3,90.05228116139577,117.21473994580865,0.8553000000000001,2018-09-14
0,nearby_place_same_date,rimbi-2026-09-24,2026-09-24,9,27.407,88.304,1,Sikkim,47.3,20.4,68.8,81.1,143.5,341.9,78.992,4.1,6,28.49,45.06,127.85,395.31,0.396,0.375,0.392,16.8,15.2,0,1718,20.615,163.695,-0.96,0.281,-0.849,622,2.178,3,5.2,open-meteo-era5,27.311,88.292,5.11,2.99,4.487932159165035,2.267263069611406,2.2302674494455315,0,1,3000,3000,0.8698,2026-08-13
0,roadside_same_date,glc-57,2007-04-11,4,27.406,88.833,5,,3.5,6.8,16.9,63.9,91,184.5,70.624,1.2,7,0.01,8.45,9.91,15.07,0.415,0.414,0.407,4.4,-7.9,14.21,4548,19.4,169.552,-0.983,0.181,0.241,426,1,0,,open-meteo-era5,27.452,88.792,1.89,2.99,2.9805996472663137,4.829931972789116,3.2539682539682544,0,0,915.6244187986379,3000,-0.0257,2007-03-22
0,roadside_same_date,glc-93,2007-06-13,6,27.088,88.439,25,West Bengal,8.4,4.8,17.9,130.4,138.6,197,108.176,4,6,4.13,6.79,67.29,139.25,0.411,0.404,0.35,28.5,23.4,0,529,28.948,160.201,-0.941,0.339,0.787,511,4.487,3,4.9,open-meteo-era5,27.1,88.398,8.99,4.67,0.6637004078605858,2.072143651676466,0.7304412309974045,0,0,27.653990234765757,543.846359575422,0.6784,2007-05-25
0,roadside_same_date,glc-94,2007-06-15,6,27.128,88.695,25,West Bengal,83,10.2,106.8,179.4,234.9,322.1,101.57,9.1,7,12.63,22.96,84.1,155.34,0.418,0.421,0.413,18.8,17.3,0,1607,27.633,263.956,-0.105,-0.994,0.019,648,3.972,2,4.9,open-meteo-era5,27.1,88.699,8.99,4.67,3.959955506117909,2.850786588272684,1.1942899517982946,0,0,3000,2306.1628377898414,0.8336,2007-05-25
0,roadside_same_date,glc-126,2007-07-16,7,27.303,88.568,25,Sikkim,17.3,8.6,43.3,288.3,486.4,717.1,307.309,2.7,7,8.62,25.4,74.12,158.13,0.429,0.428,0.417,23.1,20,0,1380,16.624,43.335,0.727,0.686,0.241,411,1,0,,open-meteo-era5,27.311,88.594,9.15,2.99,1.5774134790528231,4.501170960187354,2.612386156648452,0,0,233.75347280439254,1269.3344490370905,0.7412000000000001,2007-06-26
0,roadside_same_date,glc-130,2007-07-19,7,26.384,91.822,25,Assam,12.7,7.2,29.4,304.5,362.6,548.2,272.296,1.2,7,36.01,56.06,99.1,289.79,0.465,0.483,0.454,29.7,26.1,0,55,0.631,,0,0,-0.019,14,1.827,1,4.8,open-meteo-era5,26.397,91.782,10.62,5.06,0.9227871939736346,4.096045197740113,1.720652856246077,0,0,189.8804566929369,413.7968699994829,0.6836,2007-06-26
0,roadside_same_date,glc-142,2007-07-27,7,25.634,90.443,10,Meghalaya,43.6,44,111.6,159.6,234.7,328.3,136.789,5.3,7,36.68,115.48,198.81,494.75,0.479,0.495,0.481,25.3,22.7,0,482,10.858,256.139,-0.24,-0.971,0.197,104,1.03,0,,open-meteo-era5,25.624,90.489,15.28,6.9,2.4345549738219896,1.4921465968586387,0.7161867364746947,0,0,617.2483387625942,1872.1855403043235,0.8136,2007-06-26
0,roadside_same_date,glc-147,2007-07-30,7,22.392,92.865,25,Mizoram,2.8,1.5,9.1,57.2,357.3,548.6,179.736,0.8,7,0.31,3.17,25.87,228.9,0.411,0.414,0.416,28.3,21,0,579,24.666,302.629,0.539,-0.842,0.107,426,3.471,4,4.8,open-meteo-era5,22.39,92.888,12.01,4.12,0.2525673050235914,0.6803853931247771,1.5226200388565085,0,0,72.55129658392032,1951.3569403989943,0.6379,2007-07-12
0,roadside_same_date,glc-148,2007-07-30,7,22.803,93.003,25,Mizoram,1,0.9,3.2,39.8,321,517.1,160.175,0.3,6,0.45,4.35,32.56,193.38,0.405,0.409,0.42,23.8,16.7,0,1240,13.462,280.533,0.183,-0.983,-0.045,261,3.444,4,4.8,open-meteo-era5,22.742,93.091,8.61,3.34,0.12388695315524585,0.6603617056578729,2.001935733643051,0,0,41.021717218255596,3000,0.1302,2007-07-12
0,roadside_same_date,glc-151,2007-08-02,8,27.101,88.548,25,West Bengal,122.2,122,286.3,439.7,1052.8,1533.9,535.56,9.9,7,7.51,24.26,125.62,528.5,0.425,0.427,0.429,19.4,16.6,0,1546,19.379,136.693,-0.728,0.686,-0.125,500,1,0,,open-meteo-era5,27.1,88.598,10.97,4.67,8.699483439683986,5.726005990363328,4.660893345487693,0,0,29.872991726574018,2530.441842514832,0.17600000000000002,2007-07-12
0,roadside_same_date,glc-210,2007-08-25,8,27.025,88.099,25,West Bengal,4.8,8.7,24,47.4,305.1,604.9,154.317,1.8,7,4.63,28.19,47.01,282.66,0.419,0.419,0.407,20.5,14.7,0,2286,28.717,149.826,-0.865,0.503,-0.633,601,4.243,2,5,open-meteo-era5,27.1,88.098,10.23,4.23,0.7820136852394917,0.6619187264348555,1.9710003258390352,0,0,30.93629905820089,1654.9643470506496,0.6329,2007-07-28
0,roadside_same_date,glc-211,2007-08-26,8,24.759,93.375,5,Manipur,37.1,25,75,104.8,224,358.4,121.714,4.3,7,13.44,17.8,42.61,173.73,0.426,0.427,0.423,24.8,23.4,0,338,24.553,33.857,0.83,0.557,0.332,405,1.957,6,4.8,open-meteo-era5,24.78,93.38,6.15,3.7,4.0650406504065035,2.4343786295005803,1.9425474254742545,0,0,47.390165223750394,1747.5676067043764,0.7633000000000001,2007-07-28
0,roadside_same_date,glc-218,2007-08-29,8,27.07,88.178,10,West Bengal,14,4.7,27.5,60.9,231.1,479.7,127.967,2.2,7,2.51,7.39,40.94,202.7,0.401,0.402,0.397,24.6,19.7,0,1225,25.385,111.335,-0.364,0.931,-1.113,650,4.185,2,5,open-meteo-era5,27.1,88.198,10.23,4.23,0.8960573476702508,0.8504398826979472,1.5630498533724337,0,0,20.825776670561932,853.2452074666373,0.7968000000000001,2007-07-28
0,roadside_same_date,glc-221,2007-08-31,8,22.892,88.332,10,West Bengal,2.4,2.1,7.8,33.5,109.8,254.2,67.631,1.3,7,0.03,0.97,16.83,232.27,0.395,0.399,0.381,32.1,25.8,0,13,1.072,,0,0,-0.072,12,1.432,1,4.5,open-meteo-era5,22.882,88.311,9.7,4.36,0.26804123711340205,0.4933726067746687,0.8735395189003436,0,0,57.889383008565446,1180.9431470728946,0.5707,2007-08-13
0,roadside_same_date,glc-220,2007-08-31,8,25.482,93.977,25,Manipur,16.7,13.9,50.7,169.7,240.3,418.9,168.58,2.9,7,2.23,5.86,21.95,116.19,0.438,0.437,0.436,23.7,18.3,0,1630,33.615,267.709,-0.04,-0.999,0.261,620,1.437,4,4.6,open-meteo-era5,25.483,94.002,6.32,3.58,2.6740506329113924,3.835895117540687,2.209388185654008,0,0,35.54165326587426,3000,0.4677,2007-08-13
0,roadside_same_date,glc-231,2007-09-05,9,27.275,88.137,5,West Bengal,112.6,56.8,199.9,330.7,460.3,752,259.329,10.2,7,19.72,39.91,73.64,204.42,0.427,0.43,0.433,18.7,15.3,0,1848,33.647,219.616,-0.77,-0.638,0.01,748,4.456,2,5,open-meteo-era5,27.311,88.192,5.35,3.01,12.45482866043614,8.830440587449933,4.685358255451713,0,0,823.3667797936835,1022.6660282064845,0.8676,2007-08-13
0,roadside_same_date,glc-241,2007-09-07,9,27.086,88.42,25,,121,81.8,246.8,347.6,466,1014,294.059,8.8,7,42.18,104.01,140.79,332.25,0.428,0.433,0.425,25.5,24.1,0,260,22.097,218.633,-0.781,-0.624,-0.077,432,3.814,2,5,open-meteo-era5,27.1,88.398,8.78,4.67,9.369779802581627,5.655711031565247,3.8496583143507976,1,3,49.634935266673715,128.0173825313618,0.8247,2007-08-13
0,roadside_same_date,glc-242,2007-09-07,9,26.976,88.657,25,West Bengal,100.2,80.6,200.3,283.5,408.4,951.3,267.049,9.2,7,48.76,109.89,146.28,333.64,0.369,0.367,0.361,21.8,20.8,0,451,15.609,160.296,-0.941,0.337,0.038,263,3.415,2,5,open-meteo-era5,26.96,88.701,8.78,4.67,7.604403948367503,4.612756264236903,3.611617312072893,0,0,557.0921879906806,446.07762610927784,0.5595,2007-08-13
0,roadside_same_date,glc-252,2007-09-09,9,25.754,94.087,25,Nagaland,29.2,52.7,98.3,187.6,439.8,679.7,251.806,6.6,7,10.14,43.03,124.26,287.54,0.487,0.501,0.495,23.2,18.9,0,1249,7.107,323.686,0.806,-0.592,0.591,219,1.273,2,4.6,open-meteo-era5,25.764,94.118,5.96,3.86,5.497762863534676,4.496644295302014,3.8014541387024607,0,0,738.1722251018449,1082.645931915085,0.8627,2007-08-13
0,roadside_same_date,glc-256,2007-09-10,9,27.257,88.307,10,Sikkim,18.8,44,168.8,450.2,575.2,1169.2,451.295,4.2,7,4.34,10.83,82.12,230.36,0.429,0.433,0.421,25.4,21.3,0,754,24.488,250.004,-0.342,-0.94,0.443,514,1.889,1,4,open-meteo-era5,27.241,88.294,5.11,2.99,11.011089367253751,12.585965893206597,7.626875407697325,0,1,2.635731001152319,474.3757156704581,0.8837,2007-08-13
0,roadside_same_date,glc-255,2007-09-10,9,24.547,93.969,25,Manipur,1.9,3,11.1,130.6,182,317.5,131.785,1,7,2.16,25.43,106.78,200.47,0.488,0.485,0.47,25.8,21.2,0,774,3.037,198.435,-0.949,-0.316,-0.101,83,2.312,4,4.6,open-meteo-era5,24.569,93.947,5.01,3.47,0.7385229540918163,3.7239806102081547,2.112441783100466,0,0,22.207455033983265,2433.628246938964,0.8059000000000001,2007-08-13
0,roadside_same_date,glc-260,2007-09-11,9,27.038,88.396,5,,7.7,18.8,70.5,423.3,575,1127.7,424.72,2.7,7,5.32,18.32,128.9,334.69,0.427,0.427,0.427,22.2,18.1,0,1229,23.83,144.019,-0.809,0.588,-0.105,639,1.632,1,4,open-meteo-era5,27.03,88.4,8.78,4.67,2.676537585421413,6.8874064432151005,4.281321184510251,0,4,7.185142601665171,3000,0.6046,2007-08-13
0,roadside_same_date,glc-264,2007-09-13,9,25.867,91.671,10,Assam,21.3,19.2,47.2,393.1,616.3,874.7,375.334,5.8,7,2.25,9.52,143.47,391.61,0.482,0.493,0.469,28.9,22.2,0,351,1.416,,0,0,0.122,168,1,0,,open-meteo-era5,25.905,91.67,8.04,5.79,1.9568822553897185,6.984719260838665,3.6264510779436154,0,0,112.2751800927246,3000,0.7599,2007-08-13
0,roadside_same_date,glc-313,2007-10-16,10,25.624,94.34,5,Nagaland,24.8,19.9,52.4,97.4,210.6,291.7,123.087,4.3,7,11.94,31.89,37.29,81.9,0.458,0.48,0.511,19.9,14.8,0,1657,23.627,109.036,-0.326,0.945,-0.973,489,1.747,3,4.5,open-meteo-era5,25.624,94.304,3.1,3.4,5.634408602150537,4.488479262672811,3.136559139784946,0,0,263.3669311755242,3000,0.9063,2007-09-14
0,roadside_same_date,glc-322,2007-10-21,10,24.985,93.499,25,Assam,0.7,10.5,12.9,53.4,119.4,172.8,68.418,2.7,6,2.79,21.88,64.95,124.21,0.416,0.414,0.416,21.6,11.8,0,1194,13.638,260.584,-0.164,-0.987,-0.056,313,1.964,3,4.5,open-meteo-era5,24.991,93.585,3.66,3.7,1.174863387978142,2.084309133489461,1.5737704918032787,0,1,420.7890297923158,1636.5105222170814,0.7613000000000001,2007-09-30
0,roadside_same_date,glc-585,2008-06-14,6,26.969,93.498,25,Arunachal Pradesh,19.5,10.8,37.9,65.9,208,299.3,103.038,2.7,7,42.4,85.43,148.59,427.26,0.418,0.425,0.422,26.7,24.3,0,144,2.801,143.13,-0.8,0.6,-0.115,56,1.903,3,4.5,open-meteo-era5,26.96,93.496,12.93,6.02,0.9770559422531581,0.728096342945531,0.77159061613818,0,0,37.491395644956384,3000,0.4444,2008-05-24
0,roadside_same_date,glc-587,2008-06-15,6,26.982,93.931,25,Assam,2.3,25.3,50.8,105.1,183.3,326.7,125.609,2.6,7,2.5,69.15,144.84,429.65,0.449,0.443,0.466,30.7,24.4,0,86,0.853,,0,0,0.067,9,1.81,4,4.5,open-meteo-era5,26.96,93.896,12.93,6.02,1.3096158803815416,1.1611976577173793,0.8422273781902553,0,0,94.53963517430124,1264.401066299402,0.33180000000000004,2008-05-24
0,roadside_same_date,glc-594,2008-06-19,6,24.688,93.993,25,Manipur,5.8,11.1,35.5,72.2,151.2,179.9,87.177,1.6,7,6.48,26.29,48.27,129.19,0.5,0.497,0.407,25,21.4,0,777,0.784,,0,0,0.083,89,1.924,5,4.6,open-meteo-era5,24.71,93.955,6.87,3.47,1.7224648229015043,1.5013516323559992,0.8728772440562834,0,0,1216.0336375253685,3000,0.4081,2008-05-24
0,roadside_same_date,glc-595,2008-06-20,6,26.875,88.509,25,West Bengal,10.9,64.3,123.8,209.8,322.8,470,230.905,7.8,7,50.64,82.69,128.41,270.93,0.412,0.42,0.435,26.5,23.5,0,180,1.129,,0,0,-0.057,54,1.289,2,4.4,open-meteo-era5,26.889,88.503,8.99,4.67,4.590285502410086,3.333863022405848,1.742677048572488,0,1,26.94152965120862,568.825108432988,0.7357,2008-05-24
0,roadside_same_date,glc-614,2008-06-29,6,27.024,88.577,5,West Bengal,5.6,8.6,80.9,143.8,294.1,608.1,219.703,2.6,7,15.11,27.23,47.24,304.04,0.421,0.426,0.435,19.7,16.1,0,1622,21.19,140.38,-0.77,0.638,0.824,364,1,1,4.1,open-meteo-era5,27.03,88.6,8.99,4.67,2.99962921764924,2.2850786588272687,2.2547274749721913,0,0,24.0335921906721,2955.3708292760775,0.21660000000000001,2008-06-09
0,roadside_same_date,glc-620,2008-06-30,6,27.249,88.438,5,West Bengal,18.7,5.6,32.9,148.6,304.2,619.6,203.006,2.4,7,7.1,31.68,46.13,307.95,0.41,0.403,0.418,27,20.3,0,915,17.503,105.333,-0.264,0.964,-0.096,437,1,1,4.1,open-meteo-era5,27.17,88.396,8.99,4.67,1.2198739340007416,2.361353885269347,2.2973674453096034,0,3,24.60362035840513,1279.553688263377,0.668,2008-06-09
0,roadside_same_date,glc-692,2008-08-07,8,25.98,94.196,10,Nagaland,6.2,29.4,37.6,83,174.7,284.6,108.181,4.2,7,0.64,27.39,49.38,251.69,0.469,0.486,0.513,24.2,18.2,0,1349,19.084,197.546,-0.953,-0.301,0.217,418,2.198,3,5.2,open-meteo-era5,25.975,94.23,7.21,3.86,1.7383263985205735,1.6445413116702992,1.3157651410078595,0,0,141.01273084107262,3000,0.32080000000000003,2008-07-11
0,roadside_same_date,glc-755,2008-08-28,8,27.125,88.418,25,Sikkim,76.1,65.9,198.3,386.8,829.2,1195.7,463.227,6,7,7.61,18.76,48.16,380.04,0.427,0.43,0.432,18.4,16.8,0,1517,21.653,69.216,0.355,0.935,-0.086,417,3.241,0,,open-meteo-era5,27.1,88.398,10.97,4.67,6.025524156791248,5.037114207579112,3.6332421756305076,1,6,4.650641458085445,3000,0.45940000000000003,2008-07-27
0,roadside_same_date,glc-760,2008-08-29,8,25.934,93.973,25,Nagaland,4.7,10,15.6,99.3,174.2,314.3,110.974,3.4,6,7.59,20.67,27.31,234.74,0.463,0.455,0.498,28.3,24.1,0,177,4.384,235.305,-0.569,-0.822,0.019,49,2.943,2,4.2,open-meteo-era5,25.975,93.934,7.21,3.86,0.7212205270457698,1.9675054487814543,1.4530744336569579,0,0,45.548035213436115,2816.9803514132777,0.7146,2008-07-27
0,roadside_same_date,glc-1032,2009-05-26,5,27.275,87.995,5,West Bengal,130.4,31.9,171.2,241.6,307.9,398.4,122.538,10.4,7,85.92,111.09,111.32,164.62,0.428,0.428,0.427,14.1,11.2,0,2664,22.924,185.826,-0.995,-0.102,0.732,649,1,0,,open-meteo-era5,27.241,87.993,3.48,3.01,16.39846743295019,9.917898193760262,3.8160919540229883,0,0,8.458359968322766,3000,0.7018,2009-04-23
0,roadside_same_date,glc-1031,2009-05-26,5,27.187,88.386,5,West Bengal,134.8,20.5,157,183.9,228.7,275.3,61.393,10.6,7,99.34,122.1,123.02,203.57,0.425,0.422,0.416,14.7,11.5,0,1977,26.581,1.965,0.999,0.034,0.327,619,1,0,,open-meteo-era5,27.241,88.395,5.35,4.67,9.781931464174457,4.910547396528706,1.7152647975077882,1,4,110.23254534586304,2851.8594463969107,0.6189,2009-04-23
0,roadside_same_date,glc-1030,2009-05-26,5,27.007,88.443,25,West Bengal,166.1,20.4,186.5,197.3,218.5,234.9,35.837,14.8,6,122.58,150.47,151.9,242.02,0.351,0.23,0.199,22,20.8,0,304,29.881,102.171,-0.211,0.978,0.182,375,1,0,,open-meteo-era5,26.96,88.502,5.35,4.67,11.619937694704053,5.268357810413886,1.4635514018691589,0,2,2.664724491459353,193.33961075552807,0.5241,2009-04-23
0,roadside_same_date,glc-1037,2009-06-17,6,27.232,88.412,5,West Bengal,67.7,7.7,79.9,102,180.3,436.8,87.676,7.1,7,0.06,1.88,10.08,178.63,0.425,0.424,0.423,19.4,13.7,0,1872,20.996,36.687,0.802,0.597,-0.212,433,1.012,0,,open-meteo-era5,27.311,88.393,8.99,4.67,2.9625509825732297,1.6208485618941681,1.6195773081201337,0,3,243.25774870446156,3000,0.5996,2009-05-25
0,roadside_same_date,glc-1061,2009-07-01,7,27.179,88.401,1,,37.8,24.1,127.6,351,527.7,651,335.539,3.1,7,41.45,55.73,87.12,129.61,0.427,0.428,0.426,19.1,14.9,0,1889,29.054,247.565,-0.382,-0.924,-0.394,625,1,0,,open-meteo-era5,27.241,88.395,14.36,4.67,2.9619312906220983,3.4918424194190214,1.511142061281337,1,5,64.44172264361868,3000,0.2262,2009-06-10
0,roadside_same_date,glc-1050,2009-07-03,7,26.975,88.32,10,West Bengal,37.1,61.8,146,414.1,481.4,621.1,336.146,11,7,9.25,79.07,120.36,163.84,0.427,0.427,0.429,18,15.1,0,2018,17.207,7.49,0.991,0.13,0.057,436,1,0,,open-meteo-era5,27.03,88.2,14.36,4.67,3.3890436397400188,4.11957819339435,1.4417363045496752,0,9,334.702272668523,2924.0012216475543,0.18100000000000002,2009-06-10
0,roadside_same_date,glc-1055,2009-07-22,7,27.148,88.281,10,West Bengal,41,9.4,54.5,85,193,949.1,155.075,5.6,7,7.51,17.96,50.82,232.58,0.408,0.405,0.409,29,24.8,0,342,19.92,137.192,-0.734,0.68,-0.538,362,1,0,,open-meteo-era5,27.17,88.296,14.36,4.67,1.265088207985144,0.8456028651014724,2.2031104921077067,0,3,59.63372295340069,95.7724923626314,0.8734000000000001,2009-06-26
0,roadside_same_date,glc-1054,2009-07-22,7,27.139,88.216,10,West Bengal,19.1,8.3,28.2,61,162.9,810.1,145.773,2.3,6,7.51,17.96,50.82,232.58,0.404,0.401,0.383,26.9,22.8,0,569,31.304,125.323,-0.578,0.816,-0.788,304,1,0,,open-meteo-era5,27.17,88.296,13.51,4.23,0.695780903034789,0.6450248493179656,1.998766345916605,0,3,73.82029787006019,145.54450627673208,0.36110000000000003,2009-06-26
0,roadside_same_date,glc-1056,2009-07-22,7,27.092,88.456,10,West Bengal,41,9.4,54.5,85,193,949.1,155.075,5.6,7,8.05,19.31,53.24,237.32,0.409,0.411,0.385,29.9,25.2,0,329,33.134,120.558,-0.508,0.861,0.163,333,1,0,,open-meteo-era5,27.1,88.398,14.36,4.67,1.265088207985144,0.8456028651014724,2.2031104921077067,2,5,35.46240254240484,361.02791383054534,0.1736,2009-06-26
0,roadside_same_date,glc-1084,2009-08-12,8,27.524,92.567,5,Arunachal Pradesh,65.4,31.9,116.1,174.6,559.7,947.5,303.126,6.4,7,17.32,32.27,50.39,228.18,0.428,0.428,0.427,15,12.6,0,2621,22.216,348.893,0.981,-0.193,0.077,592,2.028,0,,open-meteo-era5,27.522,92.52,6.66,3.51,5.8108108108108105,3.745173745173745,4.742242242242242,0,0,3000,3000,0.33330000000000004,2009-07-12
0,roadside_same_date,glc-1094,2009-08-16,8,27.271,88.628,0.5,West Bengal,165.3,17.6,372.1,538.5,1036.2,1674.1,576.134,10.7,7,11.06,20.07,49.71,252.29,0.417,0.427,0.412,22.4,19.3,0,1355,25.727,327.685,0.845,-0.535,-0.308,525,2.233,0,,open-meteo-era5,27.311,88.594,7.27,2.99,17.060981201283816,10.581646688936923,7.675836772122879,0,2,19.27704216280482,3000,0.1759,2009-07-28
0,roadside_same_date,glc-1091,2009-08-16,8,26.971,88.563,25,West Bengal,137.5,22.9,309,410.5,649,1021.7,369.67,9.8,7,33.17,47.52,85.74,393.19,0.427,0.428,0.417,20.2,19.1,0,1130,27.039,264.084,-0.103,-0.995,-0.469,494,2.157,0,,open-meteo-era5,27.03,88.6,10.97,4.67,9.389243391066545,5.345748144289621,3.104527499240352,0,2,292.78042018979875,518.5715569997665,0.198,2009-07-28
0,roadside_same_date,glc-1089,2009-08-16,8,27.07,88.182,10,West Bengal,37.1,17,127.5,222.9,387.2,696,258.568,5.1,7,15.93,28.57,61.51,342.4,0.424,0.423,0.426,22.7,20.7,0,1204,24.101,153.505,-0.895,0.446,0.576,634,2.236,0,,open-meteo-era5,27.1,88.198,10.23,4.23,4.1544477028347995,3.112693757855048,2.2678396871945257,0,5,22.423757078954086,641.296600417126,0.10500000000000001,2009-07-28
0,roadside_same_date,glc-1092,2009-08-16,8,26.649,88.177,5,West Bengal,22.7,21,104.4,196.9,364.8,603.5,237.663,2.7,7,42.73,61.93,96.57,444.65,0.427,0.43,0.413,24.9,23.9,0,139,0.297,,0,0,0.01,52,2.114,0,,open-meteo-era5,26.678,88.111,11.38,4.86,3.0579964850615116,2.471754958573939,1.7677211482132393,0,0,22.733222685218852,588.7886637291382,0.6199,2009-07-28
0,roadside_same_date,glc-1088,2009-08-16,8,27.023,88.092,5,West Bengal,34.1,14.9,120.9,222.7,425.6,791.4,278.21,4.8,7,15.93,28.57,61.51,342.4,0.424,0.425,0.427,17.3,15.4,0,2453,29.622,99.665,-0.168,0.986,0.153,579,2.233,0,,open-meteo-era5,27.1,88.098,10.23,4.23,3.9393939393939394,3.1099008518363354,2.5786901270772233,0,0,171.03334756231723,2191.454653877539,0.1282,2009-07-28
0,roadside_same_date,glc-1090,2009-08-16,8,27.17,88.322,5,West Bengal,137.5,22.9,309,410.5,649,1021.7,369.67,9.8,7,15.93,28.57,61.51,342.4,0.419,0.417,0.417,23.8,21.7,0,731,29.42,26.732,0.893,0.45,-0.394,482,2.248,0,,open-meteo-era5,27.17,88.296,10.97,4.67,9.389243391066545,5.345748144289621,3.104527499240352,0,2,365.5740926047331,1420.4583180880015,0.892,2009-07-28
0,roadside_same_date,glc-1093,2009-08-16,8,26.885,88.48,5,West Bengal,30.7,21.8,124.4,223.3,387.7,641.8,255.316,2.4,7,33.17,47.52,85.74,393.19,0.428,0.425,0.426,25,24.1,0,182,16.654,226.325,-0.691,-0.723,-0.01,234,2.144,0,,open-meteo-era5,26.889,88.503,10.97,4.67,3.780006077180188,2.907930720145852,1.9501671224551804,1,2,5.452653052315443,409.64380355217907,0.4303,2009-07-28
0,roadside_same_date,glc-1102,2009-08-19,8,27.274,88.017,10,,24.9,26.5,110.7,264.6,477.7,867,308.765,4.9,7,40.68,60.27,78.52,263.88,0.426,0.427,0.425,16.1,12.4,0,2771,41.89,145.136,-0.821,0.572,0.414,598,2.321,0,,open-meteo-era5,27.241,87.993,7.51,3.01,4.913448735019974,5.0332889480692415,3.848202396804261,0,0,135.95456276164515,3000,0.0509,2009-07-28
0,roadside_same_date,glc-1109,2009-08-20,8,25.338,92.952,25,Assam,16.6,11.3,44.5,155.7,219.4,479,157.685,3.4,7,12.55,40.34,100.43,285.98,0.508,0.503,0.492,26.3,22.2,0,501,11.514,71.35,0.32,0.947,0.037,264,2.945,2,5.5,open-meteo-era5,25.343,92.922,7.34,4.22,2.0208900999091735,3.0303620085636434,2.175295186194369,0,0,3000,500.31612722913144,0.5213,2009-07-28
0,roadside_same_date,glc-1112,2009-08-20,8,27.117,88.313,25,Sikkim,111.4,20.8,163.6,369.7,565.8,918.9,308.921,15.9,7,61.76,146.77,195.56,466.42,0.427,0.427,0.426,24.5,23.1,0,537,11.346,107.771,-0.305,0.952,0.374,297,2.233,0,,open-meteo-era5,27.17,88.296,10.97,4.67,4.971133394105134,4.81442896210444,2.7921604375569733,0,7,39.25137277458626,588.1585169559544,0.8755000000000001,2009-07-28
0,roadside_same_date,glc-1108,2009-08-20,8,25.101,93.283,10,Assam,14.2,4.9,29.1,96.8,173.3,384,112.603,1.1,7,12.53,39.22,114.93,310.35,0.455,0.452,0.463,23.8,20.5,0,790,19.241,69.19,0.355,0.935,-0.733,469,3.186,3,5.5,open-meteo-era5,25.132,93.301,6.15,3.7,1.5772357723577235,2.2485481997677117,2.0813008130081303,0,0,34.45355760823528,3000,0.4919,2009-07-28
0,roadside_same_date,glc-1111,2009-08-20,8,27.149,88.785,5,West Bengal,49.1,33,106.1,605.9,884,1536.4,585.761,6.1,7,47.06,120.65,200.19,501.12,0.424,0.425,0.407,19.4,16.9,0,1943,30.365,21.468,0.931,0.366,-0.307,635,2.175,0,,open-meteo-era5,27.17,88.797,10.97,4.67,3.2239440899422664,7.89035030602943,4.668489820723185,0,1,793.5178707721069,3000,0.0329,2009-07-28
0,roadside_same_date,glc-1107,2009-08-20,8,27.022,88.859,25,West Bengal,38.7,31,94.8,563.2,816.5,1273.7,524.61,6.3,7,47.06,120.65,200.19,501.12,0.395,0.393,0.358,23.2,19.9,0,772,13.965,182.539,-0.999,-0.044,0.834,337,2.13,0,,open-meteo-era5,27.03,88.9,10.97,4.67,2.8805834092980853,7.3342883187915096,3.8702522029778184,0,0,121.22467815828189,1478.3753614149737,0.5971000000000001,2009-07-28
0,roadside_same_date,glc-1110,2009-08-20,8,26.586,88.481,10,West Bengal,23.9,26.1,94.8,221.6,394.4,672.1,256.764,2.5,7,51.66,157.74,303.4,670.99,0.428,0.433,0.431,28.2,24.6,0,99,0.221,,0,0,0,10,2.062,0,,open-meteo-era5,26.608,88.51,12.71,5.61,2.486231313926042,2.4907272114195798,1.7626540781536848,0,0,290.3156442202529,594.0032619385491,0.6503,2009-07-28
0,roadside_same_date,glc-1106,2009-08-20,8,27.111,88.344,1,West Bengal,111.4,20.8,163.6,369.7,565.8,918.9,308.921,15.9,7,61.76,146.77,195.56,466.42,0.427,0.427,0.426,25.4,24.1,0,385,25.256,198.153,-0.95,-0.312,0.163,466,2.227,0,,open-meteo-era5,27.17,88.296,10.97,4.67,4.971133394105134,4.81442896210444,2.7921604375569733,0,9,55.26908824798648,242.9811390421968,0.9097000000000001,2009-07-28
0,roadside_same_date,glc-1125,2009-08-26,8,27.04,88.693,25,Sikkim,36.5,30,83.9,170,780,1136.7,375.773,4.9,7,6.68,17.01,83.26,453.94,0.381,0.379,0.35,22.3,18.1,0,1154,18.972,259.33,-0.185,-0.983,-0.144,379,1.476,0,,open-meteo-era5,27.03,88.7,10.97,4.67,2.5493770890306897,2.2138299257715848,3.453965360072926,0,1,178.8385656321832,576.4386774707989,0.17950000000000002,2009-07-28
0,roadside_same_date,glc-1127,2009-08-27,8,24.884,93.151,10,Assam,5.9,8.1,14,95.7,200.4,365.7,121.188,3.3,6,4.12,19.43,59.39,295.64,0.392,0.388,0.386,29.1,23.5,0,65,2.307,287.354,0.298,-0.954,0.24,29,3.173,3,5.5,open-meteo-era5,24.851,93.19,8.14,4.87,0.5733005733005733,1.6795366795366795,1.4975429975429975,0,0,470.84309439084166,1167.985420246582,0.6787000000000001,2009-07-28
0,roadside_same_date,glc-1168,2009-09-17,9,27.181,88.397,5,Sikkim,11.2,5.7,26.1,128.7,215.1,542.9,144.568,2.9,7,4.44,11.13,15.12,247.32,0.421,0.422,0.422,19,14.1,0,1847,40.742,216.087,-0.808,-0.589,-0.125,606,1.871,0,,open-meteo-era5,27.241,88.395,8.78,4.67,0.9908883826879273,2.094044907256752,2.0611237661351556,1,8,11.884510351583968,2876.2406750750097,0.326,2009-08-29
0,roadside_same_date,glc-1222,2009-10-05,10,23.834,92.61,5,Mizoram,14.8,13.7,60,68.6,182.4,299.2,101.402,3.2,6,16.78,55.85,63.55,201.82,0.425,0.425,0.413,26.9,22.3,0,482,3.293,39.958,0.767,0.642,0.045,87,3.018,0,,open-meteo-era5,23.866,92.571,5.38,6,3.717472118959108,1.821561338289963,1.8537794299876083,0,0,256.5229491908555,3000,0.8364,2009-09-14
0,roadside_same_date,glc-1596,2010-03-27,3,24.655,94.123,5,Manipur,2.5,0,2.5,2.5,2.7,8.7,0.822,1.4,1,11.16,12.96,14.98,30.97,0.262,0.28,0.312,30.1,17.2,0,962,11.351,245.273,-0.418,-0.908,0.396,261,3.118,2,5.5,open-meteo-era5,24.64,94.143,1.57,3.47,0.5307855626326964,0.22747952684258416,0.18471337579617833,0,0,588.9793934348514,3000,0.603,2010-03-06
0,roadside_same_date,glc-1611,2010-04-01,4,24.961,93.019,25,Assam,50.9,106,231.3,275.6,276.5,323.1,212.854,8.9,5,40.47,104.47,158.73,176.46,0.435,0.433,0.307,27.2,20,0,142,5.605,252.897,-0.294,-0.956,-0.5,107,2.655,2,5.5,open-meteo-era5,24.921,93,6.15,4.87,12.536585365853657,6.4018583042973285,1.7512195121951222,0,0,238.03715936601424,299.4529875941101,0.6718000000000001,2010-03-06
0,roadside_same_date,glc-1613,2010-04-02,4,27.931,93.685,1,Arunachal Pradesh,7,6.6,19.3,62.8,123.5,229.4,78.351,1.6,6,8.94,23.99,50.35,109.93,0.421,0.423,0.423,18.2,12,0,1261,40.174,141.17,-0.779,0.627,-0.097,639,2.051,0,,open-meteo-era5,27.944,93.653,5.41,5.75,1.1891558841651264,1.6583047266965933,1.4134319162045594,0,0,356.94412205823085,3000,0.7352000000000001,2010-03-06
0,roadside_same_date,glc-1755,2010-04-17,4,27.152,88.799,5,Sikkim,3.1,4,8.1,17.1,33.5,115.1,29.433,2.2,6,1.42,4.12,9.66,12.16,0.198,0.197,0.228,19.3,14.3,0,1624,26.203,205.672,-0.901,-0.433,-0.288,512,1.582,0,,open-meteo-era5,27.1,88.799,2.61,4.67,1.0344827586206895,0.935960591133005,1.4699872286079183,0,0,28.903457169013002,3000,0.6459,2010-03-22
0,roadside_same_date,glc-1756,2010-04-17,4,27.082,88.51,1,Sikkim,4.7,1.9,8.4,25.3,48.2,192.8,44.656,1.2,6,1.42,4.12,9.66,12.16,0.178,0.203,0.25,20.5,15.6,0,1462,22.002,216.87,-0.8,-0.6,0.048,387,1.535,0,,open-meteo-era5,27.1,88.498,2.61,4.67,1.0727969348659003,1.384783798576902,2.4623243933588763,2,9,56.733712240916944,2731.583645678683,0.45470000000000005,2010-03-22
0,roadside_same_date,glc-1771,2010-04-20,4,26.06,91.888,0.5,Assam,8,13.9,39.8,54.5,58.1,79.1,45.483,3.1,5,33.21,123.36,189.67,297.34,0.477,0.478,0.338,24.3,21.1,0,64,0.405,,0,0,0.019,63,1.546,0,,open-meteo-era5,26.116,91.873,7.67,5.51,1.7296827466318991,1.0150866083069474,0.3437635810517166,0,0,199.18234016372068,157.30292116430297,0.4746,2010-03-22
0,roadside_same_date,glc-1770,2010-04-20,4,26.355,91.866,1,Assam,50.4,24.8,105.5,182.6,190.6,282.4,123.665,4.2,7,46.99,135.63,189.17,292.54,0.469,0.476,0.513,24.2,20.9,0,54,1.089,,0,0,-0.085,13,1.616,0,,open-meteo-era5,26.327,91.879,7.44,5.06,4.726702508960574,3.506144393241167,1.265232974910394,0,0,178.98807812573213,1033.3275894978588,0.4262,2010-03-22
0,roadside_same_date,glc-1776,2010-04-21,4,25.651,92.159,25,Meghalaya,4.7,29.1,70.5,142.9,161.7,246.4,134.564,4.1,7,32.51,117.95,242.77,410.14,0.48,0.498,0.473,25.3,19.2,0,882,12.299,295.286,0.427,-0.904,0.225,185,1.458,0,,open-meteo-era5,25.694,92.155,10.59,8.33,2.2190745986779983,1.9276945905841092,0.775574441296821,0,0,796.1011497818469,258.1358784461573,0.5658000000000001,2010-03-22
0,roadside_same_date,glc-1857,2010-05-11,5,25.48,91.984,25,Meghalaya,16.6,3.7,27,63.1,118.7,522.7,106.598,3.2,7,11.65,30.12,66.72,543.34,0.501,0.499,0.482,23.3,16.9,0,1620,6.479,147.155,-0.84,0.542,0.084,287,1.124,1,4.5,open-meteo-era5,25.483,91.952,13.53,8.33,0.6651884700665189,0.6662443247809102,1.2877556048287757,0,0,1323.9469600127914,565.995188876941,0.5967,2010-04-23
0,roadside_same_date,glc-1929,2010-05-31,5,27.016,88.644,5,Sikkim,10.7,3.8,20.2,79.8,226.3,280.4,117.406,2.4,7,9.83,19.97,39.98,204.31,0.406,0.402,0.354,22.4,15.6,0,1570,26.621,261.435,-0.149,-0.989,0.268,535,1.494,0,,open-meteo-era5,27.1,88.699,5.35,4.67,1.2585669781931466,2.1308411214953273,1.7470404984423675,0,0,10.322502255854044,835.1252665231113,0.47550000000000003,2010-05-09
0,roadside_same_date,glc-1935,2010-06-03,6,24.139,91.819,5,Tripura,12.6,7.5,29.5,133.5,254.6,371.6,145.617,3.1,7,40.65,82.29,196.52,497.9,0.415,0.416,0.419,33.3,25.8,0,46,0.306,,0,0,0.027,18,1,0,,open-meteo-era5,24.148,91.817,14.66,6.33,0.6707594361073215,1.300916000779575,0.8449295134151887,0,0,77.57402375480306,117.04757929565486,0.5447000000000001,2010-05-09
0,roadside_same_date,glc-1934,2010-06-03,6,24.861,92.618,25,Assam,5.7,16.3,36.4,170.4,390.3,573.3,220.924,1.6,7,69.29,152.71,199.04,608.3,0.485,0.494,0.49,31,24.4,0,23,0.729,,0,0,0.124,13.238,1,0,,open-meteo-era5,24.851,92.61,17.96,7.97,0.6755753526354862,1.3553929366846962,1.0640311804008906,0,0,455.1728928667227,159.0253103762158,0.4017,2010-05-09
0,roadside_same_date,glc-1963,2010-06-11,6,27.277,88.436,10,West Bengal,11.2,32.4,83.1,186.3,241.7,415.6,187.595,5.7,7,0.87,0.88,5.48,122.41,0.417,0.412,0.435,29.9,20.1,0,464,25.315,122.289,-0.534,0.845,-0.058,451,1.556,0,,open-meteo-era5,27.241,88.395,5.4,2.99,5.129629629629628,4.928571428571428,2.565432098765432,0,3,147.18388952787862,199.61929375463902,0.6877,2010-05-09
0,roadside_same_date,glc-1986,2010-06-15,6,26.519,94.774,1,Nagaland,18.6,16.9,51.4,92.9,349,502.8,169.27,5.9,7,30.83,61.94,119.4,340.25,0.479,0.494,0.489,24.5,20.6,0,1023,25.19,154.696,-0.904,0.427,0.029,489,1.57,2,4.6,open-meteo-era5,26.538,94.763,9.38,4.65,1.8265813788201848,1.414864453243984,1.786780383795309,0,0,201.15004393623343,3000,0.5401,2010-05-25
0,roadside_same_date,glc-1987,2010-06-15,6,25.433,93.38,25,Assam,25.4,3.5,37.3,65.7,347.9,513.1,162.212,4.3,7,19.71,39.49,110.51,386.92,0.479,0.467,0.475,31.6,22.6,0,403,8.433,120.324,-0.505,0.863,-0.308,73,1.484,1,4.4,open-meteo-era5,25.413,93.315,7.03,3.58,1.7686107159791369,1.3350944929892299,2.432906590801328,0,0,1458.333239156004,1630.2924770017787,0.7194,2010-05-25
0,roadside_same_date,glc-1993,2010-06-16,6,27.034,88.38,10,West Bengal,10.9,12.1,30.3,106.5,223.8,486.4,142.982,2.8,7,27.13,40.16,56.59,209.2,0.417,0.415,0.414,23.3,18.8,0,1223,25.575,142.691,-0.795,0.606,0.115,701,1,0,,open-meteo-era5,27.03,88.3,8.99,4.67,1.1234705228031145,1.6923565866836168,1.803485354097145,0,13,953.5962858902978,3000,0.7556,2010-05-25
0,roadside_same_date,glc-1995,2010-06-16,6,27.34,88.612,10,West Bengal,5.3,6,14.5,85.7,265.5,453.5,147.359,1.4,7,18.61,25.37,36.31,147.22,0.4,0.403,0.397,23,17.9,0,1698,20.617,220.236,-0.763,-0.646,0.28,439,1,0,,open-meteo-era5,27.381,88.592,5.4,2.99,0.8950617283950616,2.267195767195767,2.799382716049383,5,6,28.20374467371448,1658.5689925169859,0.2391,2010-05-25
0,roadside_same_date,glc-1994,2010-06-16,6,25.359,92.976,25,Assam,0.8,11.6,21.2,56.7,515.9,835.5,268.681,1.9,6,5.18,30.45,80.41,384.97,0.492,0.493,0.445,27.8,23.1,0,496,7.274,126.545,-0.595,0.803,0.224,111,1.301,1,4.4,open-meteo-era5,25.343,92.922,8.66,4.22,0.8160123171670516,0.9353348729792148,3.215935334872979,0,0,377.7333492099166,1708.281639308442,0.6507000000000001,2010-05-25
0,roadside_same_date,glc-1996,2010-06-17,6,26.219,94.872,25,Nagaland,7.2,7.1,29.8,71.8,317.2,493.4,148.201,2.2,7,3.68,44.88,86.75,344.87,0.444,0.44,0.452,19.8,13.1,0,2410,26.191,328.745,0.855,-0.519,-0.009,391,1.766,2,4.6,open-meteo-era5,26.186,94.836,7.94,3.91,1.2510495382031905,1.2918315940985965,2.0713685978169605,0,0,1356.6763672663135,2427.0921443693474,0.06810000000000001,2010-05-25
0,roadside_same_date,glc-2025,2010-06-28,6,25.504,91.815,5,Meghalaya,99.4,77.2,270.6,466.2,697.7,982.2,429.295,8,7,49.93,121.2,150.53,653.89,0.484,0.498,0.486,21.9,18.5,0,1690,2.917,211.43,-0.853,-0.521,0.075,79,1,0,,open-meteo-era5,25.483,91.855,19.13,8.33,4.715107161526399,3.4814427600627287,1.7114479874542605,0,0,2.885187076720238,3000,0.7374,2010-06-10
0,roadside_same_date,glc-2034,2010-07-04,7,26.708,88.427,0.5,West Bengal,17.1,44.1,146.9,220.2,719.2,885.2,428.133,6.4,7,24.01,67.05,130.82,403.83,0.427,0.431,0.412,29.5,24.7,0,121,0.442,,0,0,-0.057,10,1,0,,open-meteo-era5,26.678,88.409,16.73,5.61,2.926877864116358,1.8802834941507982,1.763697947798366,2,4,22.375548807573608,1458.0076815510756,0.18560000000000001,2010-06-10
0,roadside_same_date,glc-2045,2010-07-06,7,26.268,95.112,5,Nagaland,10.2,11.8,36.8,107.6,230.7,410.5,145.251,4.3,7,13.18,37.16,73.13,373.06,0.457,0.464,0.471,26.1,20.2,0,1410,18.75,300.33,0.505,-0.863,-0.142,584,1.859,4,4.4,open-meteo-era5,26.257,95.137,10.5,4.65,1.168253968253968,1.4639455782312925,1.3031746031746032,0,0,35.85148004929947,1037.9603365158964,0.5044000000000001,2010-06-10
0,roadside_same_date,glc-2044,2010-07-06,7,26.231,94.693,5,Nagaland,3.2,4.1,17,88.5,202.6,380.3,133.374,1.1,7,9.26,32.72,75.34,355.44,0.493,0.483,0.495,24,18.4,0,1593,29.204,273.615,0.063,-0.998,-0.312,516,1.78,4,4.4,open-meteo-era5,26.257,94.742,8.77,3.98,0.6461421512732801,1.4416028669164358,1.4454580007601674,0,0,13.210967953759237,3000,0.2257,2010-06-10
0,roadside_same_date,glc-2042,2010-07-06,7,26.196,94.421,5,Nagaland,5.5,6.1,28.1,115.9,315.7,523.5,185.38,2.6,7,9.14,35.75,73.22,362.61,0.494,0.485,0.508,27.5,21.8,0,929,6.228,341.162,0.946,-0.323,0.283,238,1.646,4,4.4,open-meteo-era5,26.186,94.441,8.77,3.98,1.0680349676928926,1.8879296302329371,1.989737742303307,0,0,4.1767284485314455,3000,0.8301000000000001,2010-06-10
0,roadside_same_date,glc-2043,2010-07-06,7,26.583,94.961,5,Nagaland,8.2,7.3,31.9,102.9,243,439.1,149.456,3.8,7,13.18,37.16,73.13,373.06,0.458,0.472,0.48,29.6,23.8,0,587,12.929,300.651,0.51,-0.86,-0.067,316,1.546,4,4.4,open-meteo-era5,26.608,94.967,10.5,4.65,1.0126984126984127,1.4000000000000001,1.393968253968254,0,0,42.25357029666478,2646.5654082862043,0.7374,2010-06-10
0,roadside_same_date,glc-2098,2010-07-19,7,26.599,95.005,5,Nagaland,41.1,37,84.4,168.9,243.3,513.1,163.98,5.6,7,13.18,50.87,108.57,342.81,0.473,0.477,0.471,26.5,23.7,0,571,18.974,8.36,0.989,0.145,-0.476,291,1.536,3,4.4,open-meteo-era5,26.608,94.967,10.5,4.65,2.6793650793650796,2.2979591836734694,1.628888888888889,0,1,6.1381587311460954,943.8271293912652,0.8985000000000001,2010-06-26
0,roadside_same_date,glc-2106,2010-07-20,7,26.61,95.179,25,Nagaland,65.8,31.4,123,212.6,394.2,735.1,239.44,4.9,7,12.51,45.78,113.14,335.49,0.449,0.449,0.45,21.6,19.2,0,1471,26.82,313.045,0.683,-0.731,0.238,508,1.529,3,4.4,open-meteo-era5,26.608,95.166,10.5,4.65,3.9047619047619047,2.892517006802721,2.3336507936507935,0,0,3000,3000,0.15460000000000002,2010-06-26
0,roadside_same_date,glc-2113,2010-07-21,7,27.147,88.783,25,Sikkim,84.5,29.9,158.9,360.4,839.4,1416.9,456.318,7.7,7,16.76,82.21,174.28,545.35,0.425,0.43,0.423,18.6,16.9,0,2083,20.123,48.796,0.659,0.752,0.183,579,1.385,2,4.6,open-meteo-era5,27.17,88.797,14.36,4.67,3.688486536675952,3.5853561480302427,3.2889972144846804,0,1,1085.3769185378196,3000,0.1075,2010-06-26
0,roadside_same_date,glc-2140,2010-07-25,7,25.32,93.008,25,Assam,15,9.5,34.4,62.5,167.1,335.1,88.442,4.4,7,2.07,21.08,58.07,256.49,0.477,0.486,0.48,30.8,22.9,0,705,7.795,345.719,0.969,-0.247,0.363,129,1.15,2,4.5,open-meteo-era5,25.272,92.919,8.37,4.22,1.3699721226602948,1.0667349377026798,1.3345280764635605,0,0,95.08877502241197,1941.1582779394962,0.6664,2010-06-26
0,roadside_same_date,glc-2164,2010-07-29,7,25.119,94.162,25,Manipur,24.5,8,35.5,103.8,165.8,266.8,93.86,3.6,7,16.97,36.01,57.34,251.97,0.463,0.459,0.477,25.4,21.9,0,859,3.163,348.69,0.981,-0.196,-0.399,159,1.129,2,4.4,open-meteo-era5,25.132,94.175,7.53,3.7,1.5714918105356352,1.969265793966989,1.181053563523683,0,0,23.178794454205153,1498.0800014297604,0.45880000000000004,2010-06-26
0,roadside_same_date,glc-2166,2010-07-29,7,24.785,93.197,10,Assam,39.4,4.1,59.3,129.5,205.3,415.4,122.865,5.2,7,22.03,44.9,72.57,287.78,0.412,0.417,0.423,26,24.4,0,143,19.808,316.621,0.727,-0.687,-0.305,218,1.28,2,4.6,open-meteo-era5,24.78,93.187,9.79,4.87,2.0190670752468507,1.8896833503575077,1.4143684031324482,0,0,11.691973054655376,1670.1319469586401,0.49510000000000004,2010-06-26
0,roadside_same_date,glc-2163,2010-07-29,7,25.381,94.279,5,Nagaland,23.7,8.7,34.2,86,220.1,424.7,116.517,3.3,7,17.06,32.41,58.35,246.28,0.489,0.488,0.485,20.4,17.1,0,1688,20.619,143.608,-0.805,0.593,-0.112,464,1.203,2,4.4,open-meteo-era5,25.413,94.29,7.38,3.4,1.5447154471544717,1.664730933023616,1.9182475158084913,0,0,29.399383564631357,1066.8392241954377,0.4833,2010-06-26
0,roadside_same_date,glc-2182,2010-07-31,7,24.819,93.549,25,Manipur,12.9,10.8,68.7,120.5,207.9,404.1,139.477,2.1,7,17.28,60.98,86.61,274.76,0.421,0.42,0.426,25.9,22.7,0,408,21.848,101.579,-0.201,0.98,-0.859,400,1.276,2,4.6,open-meteo-era5,24.851,93.577,7.53,3.7,3.041168658698539,2.2860937203566687,1.7888446215139442,0,1,13.676869232106455,1017.5746132831297,0.7772,2010-07-12
0,roadside_same_date,glc-2201,2010-08-05,8,27.234,88.593,5,West Bengal,26.3,19.3,57.1,283.9,622.5,1477.5,397.956,3.7,7,1.56,6.49,43.75,429.56,0.427,0.426,0.409,24.4,18.8,0,1304,9.83,112.027,-0.375,0.927,-0.221,377,1.316,2,4.6,open-meteo-era5,27.241,88.595,10.97,4.67,1.735034943786083,3.697095976038546,4.489516864175022,1,10,36.710656484633034,3000,0.1938,2010-07-12
0,roadside_same_date,glc-2214,2010-08-06,8,27.315,88.364,25,West Bengal,6.4,14.8,39.3,105.5,403.6,1083.5,266.872,1.5,7,4.57,9.06,24.58,292.19,0.428,0.428,0.428,20.2,15.1,0,2123,18.083,297.047,0.455,-0.891,-0.164,425,1.424,2,4.6,open-meteo-era5,27.381,88.391,7.27,2.99,1.8019257221458047,2.0730988406366673,4.967904630903256,0,0,11.183173417165348,3000,0.1877,2010-07-12
0,roadside_same_date,glc-2205,2010-08-06,8,23.469,92.819,1,Mizoram,12.6,16.1,45.3,81.8,180.4,314.8,112.586,7.8,7,0.22,10.98,27.6,162.35,0.424,0.426,0.427,25.4,19.5,0,1006,18.017,66.526,0.398,0.917,-0.316,324,2.102,2,4.6,open-meteo-era5,23.445,92.839,5.96,3.28,2.533557046979866,1.9606903163950145,1.7606263982102908,0,0,32.032692784531335,1524.1992276270862,0.6825,2010-07-12
0,roadside_same_date,glc-2243,2010-08-13,8,25.822,94.33,5,Nagaland,11.9,7.4,30.7,49,159.4,395.4,98.502,5.2,7,18.58,24.04,33.85,223.84,0.443,0.479,0.468,27.1,21.9,0,886,5.813,57.633,0.535,0.845,0.573,229,1.566,5,4.6,open-meteo-era5,25.835,94.318,7.59,3.98,1.3482652613087396,0.9222661396574441,1.7364953886693018,0,0,66.12808309767854,2714.2135592166396,0.7601,2010-07-12
0,roadside_same_date,glc-2249,2010-08-14,8,25.819,94.647,25,Nagaland,12.1,5,22.3,34.1,94.6,360.5,73.976,1.3,6,9.65,33.46,41.81,210.11,0.495,0.486,0.459,24.1,20,0,1140,2.521,58.496,0.523,0.853,-0.854,478,1.734,5,4.6,open-meteo-era5,25.835,94.711,7.59,3.98,0.979358805445762,0.6418219461697723,1.583223539745279,0,0,3000,3000,0.1241,2010-07-12
0,roadside_same_date,glc-2248,2010-08-14,8,25.966,94.653,25,Nagaland,15.1,12.4,35.8,64.6,138.8,392.5,103.968,2.3,7,9.65,33.46,41.81,210.11,0.503,0.498,0.469,20.8,17.5,0,1781,28.802,298.883,0.483,-0.876,-1.826,507,1.576,5,4.6,open-meteo-era5,25.975,94.623,7.59,3.98,1.572244180939833,1.2158855637116506,1.7237593324549847,0,1,539.7672351032764,1837.3997241777606,0.22490000000000002,2010-07-12
0,roadside_same_date,glc-2247,2010-08-14,8,25.905,94.672,10,Nagaland,15.1,12.4,35.8,64.6,138.8,392.5,103.968,2.3,7,9.65,33.46,41.81,210.11,0.501,0.494,0.463,23.1,19.6,0,1298,33.694,178.75,-1,0.022,-0.498,499,1.64,5,4.6,open-meteo-era5,25.905,94.716,7.59,3.98,1.572244180939833,1.2158855637116506,1.7237593324549847,0,1,1295.6284387722517,2434.5619863408015,0.1188,2010-07-12
0,roadside_same_date,glc-2253,2010-08-15,8,25.287,94.233,25,Manipur,8.4,10.6,33.8,72.8,163.5,350.5,107.508,3.4,7,10.62,28.36,32.48,186.88,0.477,0.495,0.477,25.6,21.1,0,1191,23.174,301.407,0.521,-0.853,0.065,352,1.971,4,4.1,open-meteo-era5,25.272,94.184,6.32,3.58,1.7827004219409281,1.6455696202531644,1.848628691983122,0,0,36.34889677059251,425.7380533935911,0.684,2010-07-28
0,roadside_same_date,glc-2261,2010-08-17,8,27.178,88.512,10,West Bengal,44.2,49.7,122.1,227.6,272.5,615.1,215.836,6.2,7,72.15,96.73,133.18,365.38,0.428,0.428,0.422,30,25.9,0,297,2.841,57.095,0.543,0.84,-0.298,424,1.231,1,4.5,open-meteo-era5,27.17,88.497,10.97,4.67,3.710118505013673,2.963927594738898,1.8690367669401398,3,11,210.30463236682075,101.28578400001535,0.3683,2010-07-28
0,roadside_same_date,glc-2263,2010-08-17,8,26.014,94.512,25,Nagaland,1.6,16.4,43.3,60,115.3,289.3,86.543,1.8,7,12.9,36.84,70.53,224.6,0.485,0.497,0.503,21.7,18.2,0,1583,27.589,230.842,-0.631,-0.775,0.179,353,1.496,4,4.6,open-meteo-era5,25.975,94.525,7.59,3.98,1.901624945103206,1.1293054771315643,1.2705314009661837,1,1,1145.2205371404734,3000,0.8838,2010-07-28
0,roadside_same_date,glc-2282,2010-08-19,8,26.326,94.882,1,Nagaland,33.3,12.8,52.9,144.9,263.6,564.8,168.156,2.8,7,15.94,30.31,120.68,323.31,0.488,0.473,0.47,26.6,22.9,0,886,17.718,298.419,0.476,-0.879,0.038,322,1.755,4,4.6,open-meteo-era5,26.397,94.851,9.08,4.65,1.9419970631424375,2.2797356828193833,2.0734214390602057,0,3,100.06546479841677,849.7998488619918,0.7161000000000001,2010-07-28
0,roadside_same_date,glc-2283,2010-08-19,8,25.192,93.332,5,Manipur,8.1,2.1,12.9,51.6,94.4,226.1,64.05,1,6,10.39,25.98,63.54,246.04,0.485,0.489,0.501,23.5,20.4,0,1057,19.259,80.473,0.166,0.986,-0.074,440,1.109,3,4.1,open-meteo-era5,25.202,93.305,6.15,3.7,0.6991869918699186,1.1986062717770034,1.2254742547425475,0,0,558.4117365649105,2207.3528550121305,0.4279,2010-07-28
0,roadside_same_date,glc-2281,2010-08-19,8,25.538,93.733,5,Nagaland,10.8,4.4,17.3,64.1,184.5,448.7,123.057,2.4,7,11.98,32.02,64.65,190.57,0.488,0.491,0.487,22.2,18.9,0,1358,5.219,127.476,-0.608,0.794,0.252,271,1.33,3,4.1,open-meteo-era5,25.483,93.807,6.32,3.58,0.9124472573839663,1.4489150090415912,2.366561181434599,0,0,46.13244030820303,3000,0.26990000000000003,2010-07-28
0,roadside_same_date,glc-2279,2010-08-19,8,26.89,88.14,10,West Bengal,20.6,18.9,91.8,226,283.3,569.2,223.002,2.6,7,12.56,118.15,175.5,342.16,0.427,0.428,0.427,22.6,19.7,0,1406,18.885,33.633,0.833,0.554,-0.296,224,1.024,0,,open-meteo-era5,26.889,88.104,10.23,4.23,2.9912023460410553,3.1559838011450916,1.854675790159661,1,10,1509.1856649458373,307.3120910548868,0.3393,2010-07-28
0,roadside_same_date,glc-2296,2010-08-20,8,27.074,88.395,10,Sikkim,64.5,87.1,186.8,377.7,452.4,703.2,308.953,14.5,7,5.94,55.21,177.09,330.36,0.43,0.433,0.426,23.8,20.5,0,1028,15.138,117.493,-0.462,0.887,0.038,424,1,0,,open-meteo-era5,27.1,88.398,10.97,4.67,5.676086295958675,4.918609193905456,2.136736554238833,1,12,37.736434067787684,1744.3749153003066,0.7051000000000001,2010-07-28
0,roadside_same_date,glc-2304,2010-08-21,8,25.668,94.015,10,Nagaland,3.1,13.4,26.9,67.7,159.7,436.7,121.593,3.7,7,6.27,26.1,61.96,194.3,0.493,0.497,0.503,21.9,18.8,0,1537,23.732,118.963,-0.484,0.875,0.131,518,1.479,3,4.1,open-meteo-era5,25.694,94.015,6.32,3.58,1.4187763713080168,1.5302893309222423,2.3032700421940926,3,5,8.59797560953,589.0741933870414,0.6984,2010-07-28
0,roadside_same_date,glc-2341,2010-08-26,8,27.472,88.786,10,,19.6,10,59.9,137.3,272.9,417.8,166.493,2.2,7,24.76,44.37,87.38,279.48,0.424,0.425,0.425,4.8,2.4,4.2,4713,23.141,120.399,-0.506,0.863,-0.155,521,1,0,,open-meteo-era5,27.452,88.792,7.27,2.99,2.7464465841357177,2.6979760267243074,1.9156350298028428,0,1,10.367601752850844,3000,0.31120000000000003,2010-07-28
0,roadside_same_date,glc-2344,2010-08-27,8,24.702,93.537,5,Assam,8.1,7.6,27.5,60.4,273.9,483.6,129.246,1.2,7,7.5,12.26,26.18,169.25,0.422,0.424,0.419,26.1,21.4,0,759,23.526,235.784,-0.562,-0.827,-0.691,531,1.301,2,4.1,open-meteo-era5,24.71,93.569,5.65,3.47,1.622418879056047,1.5271807838179519,2.8530973451327437,0,1,287.5468315089866,3000,0.9007000000000001,2010-07-28
0,roadside_same_date,glc-2343,2010-08-27,8,25.302,94.278,5,Nagaland,12.8,4.4,20.8,37.3,124.8,302,73.14,2.8,7,14.5,22.07,36.87,186.68,0.498,0.494,0.487,22.1,16.8,0,1751,7.136,277.193,0.125,-0.992,-0.093,367,2.013,5,4.6,open-meteo-era5,25.343,94.286,6.16,3.4,1.1255411255411256,0.8650278293135435,1.6341991341991342,0,0,250.07997997203475,3000,0.10400000000000001,2010-07-28
0,roadside_same_date,glc-2345,2010-08-27,8,27.223,88.624,5,Sikkim,28.9,23.3,72.2,393.1,920.4,1379,526.904,3.2,7,28.79,74.96,157.43,440.41,0.427,0.425,0.395,23.6,20.2,0,1047,14.892,147.043,-0.839,0.544,-0.452,391,1,0,,open-meteo-era5,27.241,88.595,10.97,4.67,2.1938620480097235,5.119156140122412,4.190215739896687,1,10,388.2268410315534,2689.4051107681853,0.7163,2010-07-28
0,roadside_same_date,glc-2392,2010-09-04,9,27.366,88.506,10,Sikkim,24.8,18.3,62.1,187.9,611.1,1269.7,364.778,3.6,7,2,17.97,46.09,283.13,0.426,0.427,0.426,21.9,16.6,0,1574,30.352,287.067,0.293,-0.956,-0.164,604,1,0,,open-meteo-era5,27.381,88.492,5.11,2.99,4.050880626223091,5.253005311713726,8.282452707110242,0,10,288.5936326177749,2110.8269418557115,0.21280000000000002,2010-08-13
0,roadside_same_date,glc-2415,2010-09-12,9,25.936,94.004,25,Nagaland,7,0.7,10.7,14.4,51.4,119.3,27.293,1.1,4,3.35,7.79,44.14,242.18,0.458,0.478,0.492,29.3,23.5,0,241,8.528,165.964,-0.97,0.243,0.075,282,2.121,1,4.7,open-meteo-era5,25.975,93.934,5.96,3.86,0.598434004474273,0.3451581975071908,0.6672259507829977,0,0,34.78789617091777,3000,0.6936,2010-08-13
0,roadside_same_date,glc-2424,2010-09-13,9,23.535,92.588,25,Mizoram,11.8,6.7,26.5,43.7,82.3,185.3,54.026,2.5,6,9.93,17.18,36.45,218.07,0.414,0.413,0.401,26.1,22.2,0,522,26.06,263.998,-0.105,-0.995,-0.018,349,2.607,1,5.1,open-meteo-era5,23.515,92.558,8.45,5.87,1.0453648915187377,0.7387996618765851,0.730966469428008,0,0,1180.8977401694235,3000,0.5800000000000001,2010-08-13
0,roadside_same_date,glc-2421,2010-09-13,9,24.067,92.776,1,Mizoram,11,4.9,21.9,62.3,105.7,198.7,67.799,3.4,7,11.41,19.1,46.34,235.41,0.417,0.419,0.418,25,21.1,0,694,30.276,324.49,0.814,-0.581,-0.584,475,2.391,2,5.1,open-meteo-era5,24.077,92.771,5.41,3.85,1.3493530499075785,1.6451016635859517,1.224276032039433,0,0,574.8044004850369,3000,0.36460000000000004,2010-08-13
0,roadside_same_date,glc-2422,2010-09-13,9,23.58,92.436,1,Mizoram,11.8,6.7,26.5,43.7,82.3,185.3,54.026,2.5,6,9.93,17.18,36.45,218.07,0.413,0.412,0.399,24.1,19.9,0,819,17.723,113.703,-0.402,0.916,-0.344,368,2.726,1,5.1,open-meteo-era5,23.585,92.466,8.45,5.87,1.0453648915187377,0.7387996618765851,0.730966469428008,0,0,43.34119495234432,3000,0.2054,2010-08-13
0,roadside_same_date,glc-2426,2010-09-13,9,22.993,92.942,25,Mizoram,21.8,5.7,41.4,57.1,81.3,178.2,51.193,6.7,6,5.03,10.88,22.34,143.4,0.42,0.419,0.404,26.3,21.8,0,519,14.006,149.783,-0.864,0.503,0.242,401,2.325,1,5.1,open-meteo-era5,23.023,92.915,4.68,3.34,2.948717948717949,1.7429792429792432,1.2692307692307694,0,0,261.6204267084532,701.942568013082,0.8046000000000001,2010-08-13
0,roadside_same_date,glc-2423,2010-09-13,9,23.513,92.856,1,Mizoram,18.1,7.3,32,52.7,100.6,215,59.9,4,7,5.92,10.64,23.16,130.81,0.418,0.419,0.413,23.4,20.2,0,912,20.797,197.301,-0.955,-0.297,-0.081,328,2.412,2,5.1,open-meteo-era5,23.515,92.842,4.55,3.28,2.3443223443223444,1.654631083202512,1.575091575091575,0,0,271.6193258672729,3000,0.6941,2010-08-13
0,roadside_same_date,glc-2425,2010-09-13,9,23.428,92.739,25,Mizoram,18.1,7.3,32,52.7,100.6,215,59.9,4,7,9.93,17.18,36.45,218.07,0.416,0.417,0.405,25,20.8,0,724,22.523,13.758,0.971,0.238,0.181,372,2.497,1,5.1,open-meteo-era5,23.445,92.744,8.45,5.87,1.26232741617357,0.8909551986475065,0.8481262327416175,0,0,2168.0830461665146,3000,0.8009000000000001,2010-08-13
0,roadside_same_date,glc-2420,2010-09-13,9,24.012,92.768,1,Mizoram,11,4.9,21.9,62.3,105.7,198.7,67.799,3.4,7,11.41,19.1,46.34,235.41,0.416,0.418,0.419,24.8,21,0,749,20.27,127.648,-0.611,0.792,0.656,300,2.409,2,5.1,open-meteo-era5,24.007,92.768,5.41,3.85,1.3493530499075785,1.6451016635859517,1.224276032039433,0,0,46.521139340458646,3000,0.6566000000000001,2010-08-13
0,roadside_same_date,glc-2436,2010-09-16,9,24.639,93.104,5,Mizoram,5.9,9.8,30.2,77,135,271.8,94.029,2.3,7,11.4,30.38,48.75,205.38,0.427,0.427,0.429,28.3,24,0,42,0.972,,0,0,0,33,2.06,2,5.1,open-meteo-era5,24.64,93.084,6.67,4.66,1.5092453773113443,1.6491754122938531,1.35832083958021,0,0,16.25668423715233,832.3129399214957,0.6576000000000001,2010-08-29
0,roadside_same_date,glc-2437,2010-09-16,9,24.003,92.929,5,Mizoram,18.6,18.4,53.5,82.8,166.4,298.2,101.025,4.6,7,7,24.62,39.57,166.12,0.427,0.428,0.427,22.8,18.8,0,996,10.396,275.599,0.098,-0.995,0.82,248,2.309,2,5.1,open-meteo-era5,24.007,92.959,5.41,3.85,3.296364756623537,2.18642725112226,1.8373382624768944,0,0,4.953268406154103,3000,0.7274,2010-08-29
0,roadside_same_date,glc-2539,2010-10-03,10,28.393,95.377,25,Arunachal Pradesh,4,3.5,10.2,67.2,192.3,866.5,141.78,1.5,7,2.35,13.64,31.43,426.52,0.406,0.405,0.408,22.1,14.2,0,1698,30.6,309.729,0.639,-0.769,0.777,558,1,0,,open-meteo-era5,28.366,95.312,3.26,6.04,1.0429447852760736,2.9447852760736195,8.859918200408998,0,0,3000,1742.0016106796593,0.9509000000000001,2010-09-14
0,roadside_same_date,glc-2566,2010-10-08,10,25.746,93.892,5,Nagaland,26.8,23.4,64.5,83.2,166.6,406.1,106.956,2.3,7,53.95,91.32,93.44,235.71,0.477,0.495,0.478,24.2,21.1,0,408,2.222,183.576,-0.998,-0.062,0.056,50,1.473,0,,open-meteo-era5,25.764,93.824,3.24,3.58,6.635802469135802,3.668430335097002,4.17798353909465,0,1,23.30803291870058,409.6264628239876,0.5036,2010-09-14
0,roadside_same_date,glc-2567,2010-10-08,10,25.99,94.615,5,Manipur,27.8,23.4,65.6,81.3,146.6,303.6,88.055,2.7,7,36.49,61.06,62.79,251.45,0.468,0.493,0.473,16.9,13.2,0,2016,16.534,101.31,-0.196,0.981,-0.857,449,1.225,0,,open-meteo-era5,25.975,94.623,3.07,3.98,7.122692725298589,3.7831549557933926,3.2964169381107498,0,1,42.675801453794676,2730.789048188066,0.8471000000000001,2010-09-14
0,roadside_same_date,glc-2570,2010-10-08,10,24.8,94.146,5,Manipur,23,28,75.3,83,128.8,218.9,80.821,2.2,5,72.74,130.58,135.83,259.09,0.49,0.497,0.485,21,18.8,0,852,7.731,193.299,-0.973,-0.23,0.157,175,1.591,0,,open-meteo-era5,24.78,94.152,3.66,3.7,6.857923497267759,3.239656518345043,1.9936247723132967,0,0,3.5060469993471375,1154.2163238111186,0.9024000000000001,2010-09-14
0,roadside_same_date,glc-2569,2010-10-08,10,25.169,94.301,5,Nagaland,23.2,18.9,58.6,75.4,147.7,304.9,89.796,2.3,7,72.74,130.58,135.83,259.09,0.483,0.494,0.478,19.8,16.4,0,1342,27.407,42.175,0.741,0.671,0.371,319,1.472,0,,open-meteo-era5,25.202,94.276,3.22,3.16,6.066252587991719,3.345164152617569,3.15631469979296,0,0,75.02222967748023,637.086382356685,0.3498,2010-09-14
0,roadside_same_date,glc-2568,2010-10-08,10,24.892,93.584,25,Assam,31.3,15.2,62.6,69.5,142.9,267.7,72.025,3,6,76.95,132.5,135.86,272.23,0.428,0.425,0.403,22.4,20.3,0,625,20.493,6.462,0.994,0.113,-0.111,371,1.786,0,,open-meteo-era5,24.851,93.577,3.66,3.7,5.701275045537341,2.712724434035909,2.438069216757741,0,4,1054.3077756146972,1513.415865342589,0.8465,2010-09-14
0,roadside_same_date,glc-2578,2010-10-09,10,25.168,93.742,5,Nagaland,27.3,29.4,73.9,95.3,154.8,326.5,102.67,3.9,7,29.53,145.24,165.39,299.21,0.428,0.427,0.414,24.1,19.7,0,696,31.637,170.888,-0.987,0.158,-0.13,386,1.662,0,,open-meteo-era5,25.202,93.693,3.66,3.7,6.730418943533698,3.719750195160031,2.973588342440801,0,0,86.32243225076435,135.68167337944664,0.8371000000000001,2010-09-14
0,roadside_same_date,glc-2576,2010-10-09,10,25.479,94.346,10,Nagaland,17.9,24.1,65.1,102.9,200.3,410.9,130.823,3.1,7,23.12,99.99,119.47,256.38,0.49,0.499,0.509,20.9,14.7,0,1637,17.89,225.303,-0.703,-0.711,-0.299,290,1.399,0,,open-meteo-era5,25.483,94.295,3.1,3.4,6.999999999999999,4.741935483870968,4.418279569892473,0,0,203.22775000914515,3000,0.061500000000000006,2010-09-14
0,roadside_same_date,glc-2579,2010-10-09,10,25.483,94.362,1,Nagaland,17.9,24.1,65.1,102.9,200.3,410.9,130.823,3.1,7,23.12,99.99,119.47,256.38,0.49,0.499,0.509,19.1,12.8,0,1918,25.196,115.71,-0.434,0.901,-0.037,410,1.394,0,,open-meteo-era5,25.483,94.295,3.1,3.4,6.999999999999999,4.741935483870968,4.418279569892473,0,0,14.687084514656691,3000,0.14500000000000002,2010-09-14
0,roadside_same_date,glc-2573,2010-10-09,10,24.871,92.983,5,Assam,24,26.4,58.7,79,122.5,296.5,83.223,3.2,5,31.14,154.03,172.87,338.59,0.446,0.412,0.402,26.9,22.3,0,33,0.653,,0,0,-0.213,32,2.044,2,5.1,open-meteo-era5,24.851,92.997,4.29,4.87,4.560994560994561,2.6307026307026304,2.303807303807304,0,0,316.86555279094017,2059.9847715973306,0.7881,2010-09-14
0,roadside_same_date,glc-2587,2010-10-10,10,25.379,94.21,1,Nagaland,1.8,17.9,43.8,103.1,187.6,398.9,135.446,3.1,7,0.87,76.09,120.34,255.27,0.481,0.485,0.51,20.5,13.7,0,1724,12.83,167.142,-0.975,0.223,0.196,298,1,0,,open-meteo-era5,25.413,94.193,3.24,3.58,4.506172839506172,4.545855379188712,4.103909465020576,0,3,114.51706580529358,3000,0.7569,2010-09-14
0,roadside_same_date,glc-2743,2010-11-22,11,27.614,91.705,1,Arunachal Pradesh,0,3.4,12.3,28.1,50,66.7,33.934,0.4,5,0,1.5,2.56,3.26,0.41,0.407,0.372,17.9,7.5,6.93,1461,21.173,172.333,-0.991,0.133,-0.833,538,2.13,2,4.6,open-meteo-era5,27.522,91.613,0.21,2.97,19.523809523809526,19.115646258503403,10.587301587301589,0,0,613.4816361516624,4.367509684528645,0.6979000000000001,2010-11-01
0,roadside_same_date,glc-3269,2011-03-22,3,28.267,96.548,10,Arunachal Pradesh,44.8,126.6,289.6,373.1,480.1,549.7,346.005,7.4,6,5.37,41.2,69.1,91.86,0.429,0.429,0.429,13.3,8.6,18.97,1453,39.994,316.794,0.729,-0.685,1.088,1024,2.076,0,,open-meteo-era5,28.225,96.523,2.22,4.23,43.48348348348349,24.00900900900901,8.253753753753754,0,0,1.513638833132754,427.49356149368873,0.7718,2011-02-18
0,roadside_same_date,glc-3525,2011-05-22,5,25.051,93.287,25,Assam,36.1,23.8,81.7,114.1,134.8,204.8,83.15,5.1,7,12.35,93.39,115.49,240.83,0.425,0.413,0.255,25.6,21.9,0,200,18.453,110.919,-0.357,0.934,0.176,168,3.256,4,4.7,open-meteo-era5,24.991,93.294,5.84,3.7,4.6632420091324205,2.791095890410959,1.1689497716894979,0,0,3000,504.8002845774751,0.8154,2011-04-23
0,roadside_same_date,glc-3532,2011-05-24,5,25.256,92.83,10,Assam,16.4,13.9,111.3,190.9,258.1,363.3,180.942,3.9,7,11.78,44.85,108.06,222.08,0.492,0.486,0.508,25.5,20.7,0,896,9.806,337.011,0.921,-0.391,0.093,259,3.211,4,4.4,open-meteo-era5,25.272,92.822,7.11,4.22,5.218002812939521,3.8356439622262406,1.7032348804500703,0,0,1770.288708803948,3000,0.7504000000000001,2011-04-23
0,roadside_same_date,glc-3556,2011-05-31,5,25.272,93.717,25,Manipur,93.7,54.6,167.7,195.4,369,463.7,168.723,10.2,7,14.01,37.17,43.15,220.66,0.429,0.429,0.423,25.8,22.7,0,644,26.085,189.926,-0.985,-0.172,-0.884,386,1.527,4,4.7,open-meteo-era5,25.272,93.697,5.7,3.58,9.807017543859647,4.897243107769424,2.7116959064327486,0,0,3000,3000,0.7678,2011-05-09
0,roadside_same_date,glc-3621,2011-06-17,6,26.766,88.608,5,West Bengal,24,5.1,37.4,64.4,146.8,273.3,75.235,3.2,7,8.09,18.26,32.19,157.82,0.404,0.399,0.324,29.1,24.6,0,110,0.885,,0,0,0.048,14,3.32,1,5,open-meteo-era5,26.749,88.606,8.99,4.67,1.3867259918427883,1.0233592880978866,1.0133481646273639,0,1,187.7294753597829,124.90227559552163,0.555,2011-05-25
0,roadside_same_date,glc-3617,2011-06-17,6,26.74,88.353,5,West Bengal,27.4,8.9,50.6,81.7,165.2,317.9,93.55,3.4,7,7.61,19.66,33,200.23,0.413,0.413,0.379,29,24.6,0,142,0.938,,0,0,-0.057,16,3.436,1,5,open-meteo-era5,26.749,88.308,11.12,5.61,1.5167865707434054,1.049588900308325,0.952937649880096,1,5,9.91761529110613,261.5351029657634,0.6654,2011-05-25
0,roadside_same_date,glc-3632,2011-06-20,6,26.984,88.836,5,West Bengal,25,40.7,102.2,208.8,259.1,391.6,189.016,4.1,7,3.47,18.74,40.27,140.33,0.395,0.399,0.398,28.4,23.4,0,386,5.239,135,-0.707,0.707,-0.086,132,3.344,1,5,open-meteo-era5,26.96,88.801,8.99,4.67,3.7893956247682614,3.317972350230415,1.4519836855765667,0,0,16.236638991632084,361.2191633588891,0.7233,2011-05-25
0,roadside_same_date,glc-3633,2011-06-20,6,25.995,94.412,5,Nagaland,10.8,4.9,27,89.9,260.3,453.2,149.83,2.7,7,4.13,17.23,39.11,241.9,0.5,0.491,0.48,27.6,21.2,0,954,19.323,138.646,-0.751,0.661,0.461,458,1.634,4,4.3,open-meteo-era5,25.975,94.426,8.04,3.98,1.119402985074627,1.5973702914001424,1.87893864013267,0,1,71.87651286562084,1961.3175660272702,0.7845000000000001,2011-05-25
0,roadside_same_date,glc-3637,2011-06-21,6,25.474,94.38,1,Nagaland,13.6,26.2,50.9,110.3,305.6,442.6,167.837,7.8,7,8.32,18.31,51.05,212.23,0.479,0.491,0.494,26.4,18.4,0,1475,28.692,53.434,0.596,0.803,1.12,562,2.195,4,4.3,open-meteo-era5,25.483,94.393,6.71,3.4,2.5285643318430204,2.348307430274643,2.198708395429707,0,0,1858.6227139724438,3000,0.7557,2011-05-25
0,roadside_same_date,glc-3643,2011-06-23,6,27.161,88.618,5,,55.4,19.8,88.2,223.2,279.7,424.5,161.356,6.3,7,26.97,53.04,79.87,176.01,0.419,0.424,0.432,22.6,18.9,0,1355,19.108,115.115,-0.424,0.905,-0.125,467,3.742,1,5,open-meteo-era5,27.17,88.597,8.99,4.67,3.270300333704116,3.54679802955665,1.5739710789766408,2,6,5.297791023936546,1808.0237256833207,0.6656000000000001,2011-05-25
0,roadside_same_date,glc-3662,2011-06-28,6,25.26,94.078,25,Manipur,12.7,16.6,39.3,77.7,194.5,527.8,135.628,4.1,7,10.59,57.37,84.92,248.85,0.494,0.488,0.512,25.1,19.5,0,1197,26.817,167.886,-0.978,0.21,0.391,387,2.337,5,4.7,open-meteo-era5,25.272,94.086,7.03,3.58,1.863442389758179,1.5789473684210527,2.5026078710289235,0,2,84.85153540936925,3000,0.17800000000000002,2011-06-10
0,roadside_same_date,glc-3683,2011-07-01,7,25.982,94.295,10,Nagaland,10,26.6,61.7,131.5,236,391.1,162.077,5.4,7,19.89,41.75,91.78,246.03,0.5,0.493,0.504,25.6,20.5,0,1110,28.402,296.508,0.446,-0.895,0.264,410,1.581,1,4.7,open-meteo-era5,25.975,94.23,8.77,3.98,2.345115925503611,2.1420426779605797,1.4865070315469406,0,0,258.20158623350034,3000,0.7722,2011-06-10
0,roadside_same_date,glc-3741,2011-07-07,7,25.517,94.131,5,Nagaland,4.9,12.9,27.9,59.5,221.3,629.7,150.346,7.4,7,2.6,11.26,55.45,247.4,0.472,0.493,0.491,22.6,16.6,0,1734,12.114,31.185,0.856,0.518,-0.383,286,1.889,2,4.7,open-meteo-era5,25.483,94.1,7.3,3.58,1.273972602739726,1.1643835616438356,2.875342465753425,4,9,33.34337985541223,3000,0.0704,2011-06-10
0,roadside_same_date,glc-3760,2011-07-11,7,25.68,93.856,25,Nagaland,9.7,0.9,10.8,23.8,148.6,352.2,78.662,3.5,3,0.03,3.61,17.75,234.15,0.449,0.459,0.461,29.6,23.5,0,446,3.685,354.611,0.996,-0.094,0,99,1.753,1,4.7,open-meteo-era5,25.694,93.819,7.3,3.58,0.49315068493150693,0.4657534246575342,1.6082191780821917,0,0,1.5728954269261666,2923.3340847536606,0.5251,2011-06-10
0,roadside_same_date,glc-3776,2011-07-15,7,26.836,93.522,5,Arunachal Pradesh,37.8,35.1,99.3,143.7,254.9,619.2,183.579,4.6,7,22.61,108.87,132.86,416.47,0.495,0.498,0.499,26.1,24.2,0,80,0.198,,0,0,-0.01,8,1.094,0,,open-meteo-era5,26.819,93.488,14,6.02,2.3642857142857143,1.4663265306122448,1.4742857142857144,0,0,492.3871567499685,3000,0.186,2011-06-26
0,roadside_same_date,glc-3789,2011-07-16,7,27.323,92.632,10,Arunachal Pradesh,11.8,99.4,197.7,392.5,756.6,1228,514.908,12,7,1.53,39.21,61.62,245.67,0.426,0.427,0.426,21.8,19.6,0,1244,36.639,354.224,0.995,-0.101,0.067,433,1.096,0,,open-meteo-era5,27.311,92.712,8.7,3.51,7.574712643678161,6.444991789819377,4.704980842911877,0,0,501.8809921463402,2388.250696152408,0.22510000000000002,2011-06-26
0,roadside_same_date,glc-3794,2011-07-17,7,27.261,88.313,5,Sikkim,35.4,123.9,215.9,329.7,613.1,1099.4,430.182,10.7,7,2.92,19.23,60.82,303.56,0.428,0.432,0.426,23,20.6,0,907,21.609,321.285,0.78,-0.625,-0.27,424,1,0,,open-meteo-era5,27.241,88.294,9.15,2.99,7.865209471766848,5.147540983606557,4.005100182149363,0,3,29.979290887696056,1130.3067595620357,0.28290000000000004,2011-06-26
0,roadside_same_date,glc-3806,2011-07-19,7,27.272,94.026,10,Arunachal Pradesh,13.6,33.6,56.2,183.2,231.6,416.7,172.684,2.4,7,66.73,162.52,301.9,603.95,0.428,0.432,0.407,27.3,24.1,0,103,0.916,,0,0,-0.067,17,1.213,0,,open-meteo-era5,27.241,94.013,16.43,6.66,1.140190708054372,1.5929049647856708,0.8454047474132684,0,1,81.58959380390874,250.2333357825006,0.7928000000000001,2011-06-26
0,roadside_same_date,glc-3805,2011-07-19,7,27.245,88.314,1,Sikkim,51.4,39.5,126.3,384.5,611.3,1140.5,416.65,6.8,7,36.35,54.71,109.87,502.37,0.423,0.425,0.408,22.8,20.9,0,965,33.793,356.954,0.999,-0.053,-0.433,714,1,0,,open-meteo-era5,27.241,88.294,14.36,4.67,2.9317548746518107,3.8251094309590132,2.6474001857010214,0,3,24.47175888862001,1168.6313436816056,0.3158,2011-06-26
0,roadside_same_date,glc-3813,2011-07-20,7,27.352,88.205,25,West Bengal,32.7,51.4,123.6,388.6,617.1,1165.1,425.363,4.9,7,8.05,45.56,83.42,336.84,0.427,0.431,0.425,22.5,19.9,0,1209,20.958,139.419,-0.759,0.651,0.492,447,1,0,,open-meteo-era5,27.311,88.292,9.44,3.01,4.364406779661016,5.880750605326877,4.114053672316384,0,2,238.3644681420254,190.67241368535082,0.5013000000000001,2011-06-26
0,roadside_same_date,glc-3830,2011-07-22,7,24.531,94.394,10,Manipur,24.9,14,72.6,220,329.4,553.5,227.611,5.5,7,5.5,39.36,128.4,348.17,0.427,0.427,0.425,27.7,22.6,0,398,11.023,108.658,-0.32,0.947,-0.009,243,2.759,3,4.7,open-meteo-era5,24.499,94.423,6,2.88,4.033333333333333,5.238095238095238,3.075,0,0,1640.2556209132288,2513.089037243516,0.9414,2011-06-26
0,roadside_same_date,glc-3860,2011-07-29,7,25.535,94.268,10,Nagaland,12.3,12.3,29.9,90.5,285.8,448.7,147.394,5.2,7,4.21,9.26,33.41,300.12,0.468,0.492,0.504,23.3,16.2,0,1864,27.968,265.301,-0.082,-0.997,-0.121,587,1,1,4,open-meteo-era5,25.554,94.3,7.38,3.4,1.3504968383017162,1.7518389469608984,2.0266485998193313,1,4,16.972587714619472,3000,0.6989000000000001,2011-06-26
0,roadside_same_date,glc-3881,2011-08-05,8,27.196,93.784,5,Arunachal Pradesh,27.8,21.2,58.4,82.4,202.5,442.2,117.637,2.7,6,21.34,48.21,57.1,521.8,0.429,0.427,0.387,27.1,24.7,0,181,10.955,96.18,-0.108,0.994,0.163,243,1,1,4.2,open-meteo-era5,27.17,93.808,11.69,6.02,1.6652409466780724,1.0069656605157034,1.260906757912746,0,2,124.98264702369381,33.488289910648426,0.24300000000000002,2011-07-12
0,roadside_same_date,glc-3916,2011-08-13,8,25.506,93.713,10,Assam,25.7,22.9,70.6,196.3,358.4,652,229.227,6.3,7,7.02,12.44,84.79,354.13,0.483,0.498,0.486,21.5,18.7,0,1384,20.983,345.22,0.967,-0.255,0.261,459,1.241,2,4.2,open-meteo-era5,25.483,93.709,6.32,3.58,3.723628691983122,4.437160940325497,3.4388185654008434,0,0,128.79446159235482,3000,0.9312,2011-07-12
0,roadside_same_date,glc-3932,2011-08-18,8,26.171,94.232,0.5,Nagaland,10.2,2.7,21.1,89.8,259.7,445.9,139.983,1.3,7,4.67,37.16,91.83,306.79,0.482,0.482,0.496,26.3,21,0,486,13.807,186.528,-0.994,-0.114,-0.151,215,1.286,2,4.2,open-meteo-era5,26.186,94.243,7.21,3.86,0.9754969949144707,1.7792748167228056,2.0614886731391584,0,0,1316.731542671351,2770.8881418814453,0.7995,2011-07-28
0,roadside_same_date,glc-3943,2011-08-23,8,27.273,88.314,10,,55.6,60.6,125.2,498.2,677.4,1179.7,439.232,8.5,7,15.81,32.19,66.97,305.4,0.43,0.433,0.409,19.7,16.7,0,1544,37.524,161.565,-0.949,0.316,-0.125,645,1,1,4,open-meteo-era5,27.311,88.292,7.27,2.99,5.7404860155891795,9.789742582039693,5.408986703347089,0,2,432.76548015699257,1947.0848853888513,0.8474,2011-07-28
0,roadside_same_date,glc-3944,2011-08-25,8,27.802,88.5,10,,0.1,1.5,14.8,39.3,244,540.3,149.757,0.6,5,2.28,15.66,27.38,164.42,0.426,0.428,0.419,10.4,3,1.47,4337,30.715,236.508,-0.552,-0.834,0.117,752,1,1,4,open-meteo-era5,27.803,88.481,4.62,1.73,1.067821067821068,1.2152133580705007,3.898268398268398,0,0,3000,1306.7978844906272,0.16010000000000002,2011-07-28
0,roadside_same_date,glc-3965,2011-09-06,9,25.035,93.166,1,Assam,6.4,12.8,20.6,38.1,103,399.2,86.53,3.4,7,22.29,30.58,45.24,305.33,0.398,0.384,0.346,26.7,22.9,0,306,21.11,100.96,-0.19,0.982,0.686,297,1.066,1,4.4,open-meteo-era5,24.991,93.197,7.01,4.87,0.9795530194959582,0.7764418178112901,1.8982406086543036,0,0,16.44930266564021,1096.003468595627,0.9261,2011-08-13
0,roadside_same_date,glc-3986,2011-09-25,9,27.15,88.355,1,West Bengal,68.3,34.5,117,157.7,281.6,358,143.74,9.3,7,13.16,31.52,59.16,243.66,0.431,0.429,0.422,21.5,17.6,0,1080,30.214,130.392,-0.648,0.762,0.106,603,6.616,3,6.9,open-meteo-era5,27.1,88.298,8.78,4.67,4.4419134396355355,2.5658965180605273,1.3591495823842066,2,15,18.330162895591428,751.8194873938796,0.8218000000000001,2011-08-29
0,roadside_same_date,glc-6782,2011-09-28,9,26.87,88.679,0.5,West Bengal,1,19.4,49.2,158.1,387.4,498.2,220.066,2.6,7,0.7,48.25,82.05,296.12,0.33,0.336,0.344,28.1,22.1,0,165,2.224,77.276,0.22,0.975,-0.019,27,6.076,4,6.9,open-meteo-era5,26.889,88.703,8.78,4.67,1.8678815489749434,2.5724048161405793,1.8914198936977982,0,0,55.57570405240341,35.77894101443003,0.7249,2011-08-29
0,roadside_same_date,glc-3997,2011-09-30,9,27.17,88.526,10,,0,0.3,0.6,84.8,218.1,295.8,111.268,0.2,4,0.02,0.77,77.6,292.34,0.385,0.387,0.419,30.8,24.9,0,308,21.071,250.297,-0.337,-0.941,-0.202,313,6.546,3,6.9,open-meteo-era5,27.17,88.497,8.78,4.67,0.022779043280182234,1.3797591929710382,1.1230068337129842,1,14,3.491830531943655,88.33493486554472,0.7628,2011-08-29
0,roadside_same_date,glc-4241,2012-03-04,3,25.03,93.472,25,Manipur,1,2,10.3,25.1,25.1,26.5,19.672,0.5,5,0.04,8.26,13.66,14.4,0.311,0.202,0.241,22.5,12.4,0,595,16.281,214.934,-0.82,-0.573,-0.009,359,2.526,3,4.8,open-meteo-era5,24.991,93.488,1.66,3.7,2.0682730923694783,2.160068846815835,0.532128514056225,0,4,250.59826225157482,1424.5691777828742,0.6009,2012-02-02
0,roadside_same_date,glc-4377,2012-06-02,6,26.279,91.457,5,Assam,14.8,8.8,40.5,57,102.3,138.7,60.15,3.3,7,15.13,41.76,122.32,183.56,0.492,0.487,0.484,30.8,25,0,52,0.531,,0,0,0.095,11,3.487,2,5.4,open-meteo-era5,26.257,91.482,11.98,5.33,1.1268781302170285,0.6797042690197949,0.38592097941012793,0,0,60.05855232773967,1486.4509150782033,0.6162000000000001,2012-05-08
0,roadside_same_date,glc-4382,2012-06-03,6,25.436,92.987,5,Assam,127.6,3.7,188.7,232.6,253,273.1,99.8,15.4,7,26.59,84.45,114.11,192.91,0.479,0.483,0.496,28.1,23.5,0,270,18.941,98.7,-0.151,0.988,0.326,159,4.203,3,5.4,open-meteo-era5,25.413,93.023,8.66,4.22,7.263279445727482,3.8370174859782247,1.0511932255581218,0,0,29.421795588500217,1032.9229662957164,0.6216,2012-05-08
0,roadside_same_date,glc-4385,2012-06-03,6,28.029,88.61,5,,3.2,2.8,6.6,6.8,11.9,46.5,10.365,0.4,2,0.08,2.5,9.94,33.92,0.427,0.418,0.344,3.6,-0.7,6.16,4846,4.916,254.168,-0.273,-0.962,0.029,83,2.361,2,4.3,open-meteo-era5,27.944,88.579,2.8,1.73,0.7857142857142858,0.34693877551020413,0.5535714285714286,0,0,129.3151074788472,398.7515605662859,0.20950000000000002,2012-05-08
0,roadside_same_date,glc-4384,2012-06-03,6,25.344,92.993,5,Assam,183.9,9,276.3,330.8,375.6,449.1,152.577,16.5,7,26.59,84.45,114.11,192.91,0.49,0.48,0.511,25.5,22.1,0,586,8.845,82.875,0.124,0.992,0.196,142,4.062,3,5.4,open-meteo-era5,25.343,92.922,8.66,4.22,10.635103926096997,5.456944902672385,1.7286374133949192,0,0,63.81332001582316,1155.5338394295397,0.6877,2012-05-08
0,roadside_same_date,glc-4383,2012-06-03,6,25.429,93,5,Assam,127.6,3.7,188.7,232.6,253,273.1,99.8,15.4,7,26.59,84.45,114.11,192.91,0.479,0.483,0.496,28.3,23.7,0,256,18.467,254.055,-0.275,-0.962,0.187,149,4.19,3,5.4,open-meteo-era5,25.413,93.023,8.66,4.22,7.263279445727482,3.8370174859782247,1.0511932255581218,0,0,18.754120214111964,230.02527460160877,0.5894,2012-05-08
0,roadside_same_date,glc-4394,2012-06-07,6,27.248,88.322,25,Sikkim,35.3,19.6,73,163.5,286.6,456,170.224,3,7,0.16,20.24,37.26,131.81,0.418,0.421,0.426,25.3,19.5,0,1000,31.54,6.77,0.993,0.118,-0.25,603,3.5,2,4.3,open-meteo-era5,27.241,88.294,8.99,4.67,2.706711160548758,2.598124900683299,1.6907675194660734,0,3,1.169611555606113,1825.6223536790765,0.6745,2012-05-08
0,roadside_same_date,glc-4393,2012-06-07,6,27.58,88.902,25,,4.3,2.8,10.8,37.8,69.1,130.4,43.534,1.1,7,0.06,8.66,14.26,63.06,0.425,0.427,0.428,11.2,5.9,0.42,3736,38.309,6.616,0.993,0.115,0.107,670,2.419,2,4.3,open-meteo-era5,27.592,88.89,5.4,2.99,0.6666666666666666,0.9999999999999998,0.8049382716049384,0,0,3000,3000,0.7277,2012-05-08
0,roadside_same_date,glc-4411,2012-06-14,6,27.48,88.53,5,Sikkim,20.3,11.7,43.6,87.7,166.6,258.4,91.506,2.4,7,0.38,1.05,3.53,51.06,0.425,0.425,0.427,27.3,22.3,0,965,26.887,232.88,-0.603,-0.797,0.406,480,3.343,3,4.5,open-meteo-era5,27.452,88.49,5.4,2.99,2.6913580246913575,2.32010582010582,1.5950617283950617,2,4,21.714946315901088,316.3915025318688,0.7849,2012-05-24
0,roadside_same_date,glc-4424,2012-06-20,6,26.082,91.429,1,Assam,44.8,16.1,72.4,116.4,162.8,264.8,85.781,6.5,7,33.12,39.55,122.36,468.13,0.498,0.498,0.494,30.9,25.3,0,51,1.059,,0,0,0.028,14,3.082,1,4.3,open-meteo-era5,26.046,91.477,13.21,5.79,1.8268988140297755,1.2587866335027578,0.6681806712086803,0,0,26.043889141106106,432.7240852766867,0.5967,2012-05-24
0,roadside_same_date,glc-4426,2012-06-22,6,25.894,91.96,5,Assam,74.5,48.6,170.4,247.2,269.1,398.9,170.659,13.7,7,43.46,79.73,89.48,503.09,0.488,0.486,0.513,27.9,23.6,0,583,2.257,225,-0.707,-0.707,0.019,112,2.252,1,4.3,open-meteo-era5,25.905,91.965,12.46,5.51,4.558587479935794,2.834212336620041,1.0671482075976457,0,0,171.920782154162,3000,0.42650000000000005,2012-05-24
0,roadside_same_date,glc-4435,2012-06-25,6,27.531,95.817,10,Arunachal Pradesh,48.3,54,124,235.4,359,545.8,223.951,7.3,7,47.51,107.66,159.31,463.08,0.491,0.495,0.486,27.5,24.3,0,151,1.409,,0,0,0.01,16,1.835,1,4.5,open-meteo-era5,27.522,95.845,9.8,5.03,4.217687074829931,3.4314868804664718,1.8564625850340135,0,0,300.385541030679,3000,0.6806,2012-05-24
0,roadside_same_date,glc-4434,2012-06-25,6,26.227,91.531,1,Assam,33.5,91.7,158.5,465.3,611.1,787.9,423.468,8.7,7,108.35,164.91,247.97,663.92,0.476,0.497,0.494,28.1,24.6,0,50,1.004,,0,0,-0.019,12,3.164,1,4.3,open-meteo-era5,26.257,91.482,13.21,5.79,3.9994953318193285,5.031902238563859,1.9881402977542264,0,0,572.5520994056121,244.32559497081144,0.6366,2012-05-24
0,roadside_same_date,glc-4446,2012-07-05,7,28.67,95.017,5,Arunachal Pradesh,84.2,25.6,148.1,215.4,603.3,903.8,286.351,7.2,7,13.52,87.46,152.01,525.94,0.427,0.427,0.428,27.4,24.5,0,413,29.751,270,0,-1,0.217,371.598,2.527,2,4.7,open-meteo-era5,28.647,95.029,15.82,6.17,3.120522545301306,1.9450966227198843,1.904340497260851,0,0,140.16901246078822,339.6747809901949,0.46830000000000005,2012-06-09
0,roadside_same_date,glc-6783,2012-07-19,7,27.075,88.253,0.5,West Bengal,46.7,46.3,99.9,333.2,701.7,997.6,369.91,7.3,7,22.99,44.26,150.11,403.7,0.426,0.426,0.425,20.8,18.3,0,1615,21.191,27.051,0.891,0.455,0.345,590,1.712,1,4.7,open-meteo-era5,27.1,88.198,14.36,4.67,2.318941504178273,3.3147632311977717,2.31569173630455,6,10,15.326702701325171,1233.0475651819797,0.07970000000000001,2012-06-25
0,roadside_same_date,glc-4552,2012-09-14,9,26.746,88.431,5,Sikkim,69.2,99.9,187.2,214,273.7,525.1,184.259,9.3,6,35.55,73.02,84.5,303.63,0.43,0.432,0.426,26.7,23.6,0,124,0.773,,0,0,-0.076,21,1.039,0,,open-meteo-era5,26.749,88.407,11.23,5.61,5.556544968833482,2.7222999618369164,1.5586227367171266,2,5,217.67330986400762,351.27283268821867,0.5656,2012-08-12
0,roadside_same_date,glc-4556,2012-09-16,9,26.985,88.559,5,Sikkim,85,74.8,237.4,358.1,401.5,740.1,285.852,10.9,7,35.81,92.48,154.16,361.74,0.431,0.43,0.432,17.9,15.2,0,1478,31.448,209.745,-0.868,-0.496,0.115,638,1.08,0,,open-meteo-era5,27.03,88.6,8.78,4.67,9.012908124525438,5.826553856166614,2.8097949886104785,0,10,108.37765855549006,783.365506025444,0.8583000000000001,2012-08-28
0,roadside_same_date,glc-4569,2012-09-19,9,27.539,88.504,10,,20.1,7.2,67.3,296.1,403.5,928,316.617,2.1,7,5.16,19.03,89.34,220.17,0.422,0.423,0.42,23,20.2,0,1138,46.92,190.199,-0.984,-0.177,0.087,841,3.952,1,4.6,open-meteo-era5,27.522,88.488,5.11,2.99,4.390084801043704,8.277886497064578,6.053489889106327,0,2,439.51327658090486,372.8374775783175,0.867,2012-08-28
0,roadside_same_date,glc-4571,2012-09-19,9,27.435,88.815,10,,14,3.9,55.1,201.2,329.5,663.4,237.682,1.7,7,5.16,19.03,89.34,220.17,0.412,0.415,0.42,8.6,4.3,0,4288,18.999,312.397,0.674,-0.738,-0.435,598,4.048,1,4.6,open-meteo-era5,27.452,88.792,5.11,2.99,3.5942596216568816,5.624825272574783,4.327462491846053,0,2,55.51273135580153,3000,0.4884,2012-08-28
0,roadside_same_date,glc-4570,2012-09-19,9,27.532,95.391,1,Arunachal Pradesh,19.1,10.8,49.3,170.3,253.6,383.4,160.931,2.1,7,49.07,87.87,184.84,529.06,0.478,0.494,0.476,28.5,23.9,0,119,1.992,,0,0,-0.145,14,1.21,0,,open-meteo-era5,27.522,95.342,9.81,6.1,1.675161399932042,2.4799767001601865,1.3027522935779816,0,0,307.2707296351907,3000,0.7781,2012-08-28
0,roadside_same_date,glc-4610,2012-11-11,11,24.061,92.629,5,Mizoram,0,0,0,26.9,42.5,62.5,27.153,0,4,0,0.09,28.72,36.8,0.367,0.373,0.345,25.9,16.1,0,178,2.121,20.772,0.935,0.355,0.164,108,4.286,4,4.6,open-meteo-era5,24.077,92.58,0.89,6,0,4.317817014446227,2.3408239700374533,0,0,10.293509018474666,2010.014982798269,0.8895000000000001,2012-10-15
0,roadside_same_date,glc-4757,2013-02-18,2,28.447,95.218,5,Arunachal Pradesh,25.4,21.5,48.1,50,51.4,62.9,25.209,3.7,4,1.02,3.6,3.6,3.68,0.37,0.289,0.308,17.4,10.1,0,750,23.81,60.914,0.486,0.874,0.61,423,1.352,0,,open-meteo-era5,28.506,95.119,1.11,6.17,14.444444444444445,6.435006435006435,1.8888888888888886,0,0,1873.9850696237802,349.0392220594632,0.8523000000000001,2013-01-17
0,roadside_same_date,glc-4848,2013-05-08,5,23.842,91.479,5,Tripura,40.9,65.6,158.6,310.6,353.1,425.1,249.794,13.4,7,45.59,126.29,207.05,294.94,0.442,0.443,0.413,26.4,22.2,0,48,1.545,,0,0,0.018,24,1.368,3,4.6,open-meteo-era5,23.866,91.524,11.59,6.28,4.56140350877193,3.828423517810921,1.2226056945642796,0,0,841.5009534085552,3000,0.3527,2013-04-07
0,roadside_same_date,glc-4859,2013-05-11,5,26.326,91.791,5,Assam,21.7,19.4,51.6,75.6,196.9,297.6,99.221,5,7,42.62,108.97,224.29,404.13,0.486,0.494,0.454,28,23,0,53,1.491,,0,0,-0.009,13,3.479,3,4.4,open-meteo-era5,26.327,91.78,8.87,5.06,1.939120631341601,1.217587373167982,1.1183765501691096,0,2,298.9650389476871,541.7404350733121,0.5961000000000001,2013-04-23
0,roadside_same_date,glc-4857,2013-05-11,5,23.48,92.589,25,Mizoram,1.3,4.4,19.7,133,153.3,212,113.131,1.3,7,21.06,76.18,247.9,434.86,0.401,0.391,0.278,26.5,20,0,917,5.914,86.711,0.057,0.998,0.199,286,2.065,4,4.6,open-meteo-era5,23.515,92.558,9.62,5.87,0.6826056826056826,1.9750519750519753,0.7345807345807347,0,0,1.0540325504340378,3000,0.6544,2013-04-23
0,roadside_same_date,glc-4860,2013-05-11,5,26.094,91.849,5,Assam,29,7.4,39.2,73.1,108.2,138.3,47.905,10.1,7,38.98,109.25,235.03,409.56,0.495,0.483,0.35,27.1,21.5,0,230,6.533,237.995,-0.53,-0.848,0.245,92,3.785,3,4.4,open-meteo-era5,26.046,91.871,9.23,5.51,1.4156735283495847,1.1314038074601453,0.49945828819068255,0,8,135.12118402939564,3000,0.5094000000000001,2013-04-23
0,roadside_same_date,glc-4861,2013-05-12,5,25.225,93.366,25,Assam,3.2,66.8,137.4,391.6,458.7,551.7,339.559,11.2,7,14.25,66.1,147.77,378.46,0.475,0.474,0.515,25.5,18.9,0,817,20.579,57.585,0.536,0.844,-0.409,354,1.769,5,4.6,open-meteo-era5,25.132,93.398,5.84,3.7,7.8424657534246585,9.57925636007828,3.1489726027397267,0,0,406.82736953972244,1115.8194697775132,0.7645000000000001,2013-04-23
0,roadside_same_date,glc-4906,2013-06-07,6,26.181,95.069,10,Nagaland,16.8,8.3,33.3,56.6,119.7,297.4,80.604,2.4,7,9.11,20.54,30.52,191.56,0.45,0.465,0.476,23,18.6,0,1588,31.559,184.538,-0.997,-0.079,-0.283,480,1,0,,open-meteo-era5,26.186,95.033,7.94,3.91,1.3979848866498739,1.0183519251529327,1.248530646515533,0,0,1712.4754078907636,2551.7197955124498,0.37410000000000004,2013-05-09
0,roadside_same_date,glc-4905,2013-06-07,6,25.938,94.694,25,Nagaland,15.3,6.1,24.4,30.8,66.3,189.4,40.554,3.5,6,9.11,20.54,30.52,191.56,0.486,0.471,0.441,22.5,17.3,0,1574,24.583,139.514,-0.761,0.649,0.48,478,1,0,,open-meteo-era5,25.975,94.721,8.04,3.98,1.0116086235489221,0.5472636815920399,0.785240464344942,0,1,1459.0473446921471,2223.7161593574506,0.684,2013-05-09
0,roadside_same_date,glc-4908,2013-06-08,6,27.196,88.492,25,Sikkim,9.2,6.8,32.5,49.2,244.1,300,127.321,1.7,7,11.49,21.4,59.22,271.98,0.419,0.42,0.43,29.2,24.7,0,347,15.267,220.629,-0.759,-0.651,-0.337,247,1.313,0,,open-meteo-era5,27.17,88.497,8.99,4.67,1.2050426399703376,0.7818210710313047,1.1123470522803116,4,15,18.339844121645022,272.416103265654,0.6691,2013-05-09
0,roadside_same_date,glc-4990,2013-06-27,6,27.224,88.704,1,Sikkim,61.3,71.7,164.1,239.3,351.5,654.9,225.926,9.4,7,24.72,66.83,125.34,326.46,0.425,0.425,0.433,26,20.3,0,1269,24.254,338.112,0.928,-0.373,0.038,851,1,0,,open-meteo-era5,27.17,88.597,8.99,4.67,6.084538375973303,3.802637851581122,2.42825361512792,0,4,9.567212708422069,704.6349883506598,0.1996,2013-05-25
0,roadside_same_date,glc-5006,2013-07-01,7,25.982,94.336,1,Nagaland,23.7,31.1,86.9,141.2,224.8,322.7,145.689,7.7,7,9.11,27.57,97.88,195.91,0.47,0.473,0.512,26.6,22.4,0,907,5.525,97.927,-0.138,0.99,0.273,331,1,0,,open-meteo-era5,25.975,94.328,8.77,3.98,3.30292664386165,2.3000488678937936,1.2265298365640442,0,0,35.50928190882455,1363.9255060805629,0.7792,2013-06-10
0,roadside_same_date,glc-5005,2013-07-01,7,26.389,94.952,5,Nagaland,25.7,42.4,84.2,157.2,255.9,424.7,164.824,4.2,7,14.44,33.33,111.85,271.64,0.461,0.469,0.478,26.6,22.8,0,812,30.556,224.666,-0.711,-0.703,0.645,586,1,0,,open-meteo-era5,26.467,94.857,10.5,4.65,2.6730158730158733,2.1387755102040815,1.3482539682539683,0,1,2.402204243031463,354.43352461630883,0.7383000000000001,2013-06-10
0,roadside_same_date,glc-5084,2013-07-12,7,25.946,94.015,10,Nagaland,13.3,0.9,14.3,41.2,140.3,257.7,72.112,1.4,5,16.02,66.27,90.1,295.53,0.49,0.49,0.493,27.9,23.1,0,394,21.434,276.028,0.105,-0.994,0.075,332,2.535,2,4.3,open-meteo-era5,25.975,94.033,8.03,3.86,0.5936073059360731,0.7329656644725139,1.0697384806973849,0,0,20.079940922089133,3000,0.7859,2013-06-10
0,roadside_same_date,glc-5087,2013-07-12,7,25.6,94.445,10,Nagaland,74.7,19.3,97.3,135.6,231.9,346.6,100.034,11.3,7,18.68,107.07,129.82,306.22,0.465,0.488,0.51,24.4,20.6,0,889,22.57,142.563,-0.794,0.608,-0.758,386,1.868,2,4.3,open-meteo-era5,25.624,94.5,7.38,3.4,4.394760614272809,2.6248548199767714,1.5654923215898826,0,1,2.0530215989687908,330.90723262151266,0.7413000000000001,2013-06-10
0,roadside_same_date,glc-5107,2013-07-15,7,25.752,94.256,10,Nagaland,11.8,16.5,37.8,119.9,273.9,477.3,174.836,3.7,7,10.56,28.46,109.35,337.57,0.503,0.499,0.502,28.9,24.1,0,695,19.689,297.172,0.457,-0.89,0.122,320,2.154,2,4.3,open-meteo-era5,25.764,94.216,8.77,3.98,1.4367160775370582,1.9530868219579738,1.8141391106043332,0,0,6.973053748455021,179.91151871396806,0.47490000000000004,2013-06-26
0,roadside_same_date,glc-5250,2013-08-01,8,27.613,93.292,10,Arunachal Pradesh,13.6,15.2,43.6,109,291.1,656.4,183.063,2.7,7,18.38,52.58,73.45,394.43,0.421,0.421,0.412,16.8,10.6,0,3126,22.856,317.603,0.738,-0.674,1.221,605,1.15,3,4.2,open-meteo-era5,27.592,93.33,13.14,6.66,1.1060375443937087,1.1850402261361166,1.6651445966514458,0,0,3000,3000,0.0976,2013-07-12
0,roadside_same_date,glc-5271,2013-08-04,8,26.496,94.359,5,Nagaland,5.3,1.6,16.6,70,240.8,362.5,127.601,2,7,5.53,15.66,54.81,307.87,0.469,0.471,0.49,32,25.4,0,236,1.016,,0,0,0.009,110,1.833,3,5,open-meteo-era5,26.538,94.366,9.34,4.8,0.5924339757316204,1.0706638115631693,1.2937187723054961,0,0,646.5310017475604,680.9467464142043,0.46230000000000004,2013-07-12
0,roadside_same_date,glc-5268,2013-08-04,8,25.786,94.725,25,Nagaland,11.8,1.3,31.2,59.2,152.5,431.9,104.099,5,6,20.58,23.57,59.87,325.91,0.448,0.465,0.503,28.9,21.6,0,923,21.398,52.28,0.612,0.791,0.094,443,2.24,3,5,open-meteo-era5,25.764,94.706,7.59,3.98,1.370223978919631,1.1142480707698101,1.8967940272288097,0,1,666.5130335549239,2269.558419990544,0.9229,2013-07-12
0,roadside_same_date,glc-5273,2013-08-04,8,26.038,94.23,5,Nagaland,7.4,2.8,23.7,69.1,258,417.1,135.967,1.8,7,5.78,14.93,47.43,290.88,0.459,0.476,0.471,27.9,22.3,0,828,11.022,239.281,-0.511,-0.86,0.057,268,2.213,3,5,open-meteo-era5,26.046,94.234,7.21,3.86,1.0957004160887656,1.3691301763423815,1.9283402681460935,0,0,2555.592199611709,2248.182318704864,0.8531000000000001,2013-07-12
0,roadside_same_date,glc-5272,2013-08-04,8,26.055,94.299,1,Nagaland,7.4,2.8,23.7,69.1,258,417.1,135.967,1.8,7,5.78,14.93,47.43,290.88,0.452,0.475,0.483,27.4,21.4,0,922,10.472,203.199,-0.919,-0.394,-0.141,311,2.119,3,5,open-meteo-era5,26.046,94.333,7.59,3.98,1.0408432147562583,1.300583474496518,1.831796223100571,0,1,3000,3000,0.7060000000000001,2013-07-12
0,roadside_same_date,glc-5274,2013-08-04,8,25.996,94.349,25,Nagaland,7.4,2.8,23.7,69.1,258,417.1,135.967,1.8,7,5.78,14.93,47.43,290.88,0.461,0.477,0.478,28.8,23,0,752,6.891,10.408,0.984,0.181,0.132,335,2.089,3,5,open-meteo-era5,25.975,94.328,7.59,3.98,1.0408432147562583,1.300583474496518,1.831796223100571,0,1,205.88406260267016,1018.8053289852608,0.897,2013-07-12
0,roadside_same_date,glc-5275,2013-08-04,8,26.092,94.247,10,Nagaland,7.4,2.8,23.7,69.1,258,417.1,135.967,1.8,7,5.78,14.93,47.43,290.88,0.462,0.48,0.496,25.3,18.9,0,1196,14.859,248.247,-0.371,-0.929,0.009,341,2.178,3,5,open-meteo-era5,26.046,94.234,7.21,3.86,1.0957004160887656,1.3691301763423815,1.9283402681460935,0,1,10.874768726489352,2507.3567421921775,0.6842,2013-07-12
0,roadside_same_date,glc-5312,2013-08-11,8,26.589,95,10,Assam,14.5,12.8,34.2,111.1,217.4,461.1,147.021,3.1,7,6.1,12.29,114,349.21,0.464,0.472,0.468,25.9,22.2,0,811,18.286,358.943,1,-0.018,-0.266,407,1.766,1,5,open-meteo-era5,26.608,94.967,9.08,4.65,1.2555066079295154,1.7479546884833226,1.6927312775330399,0,2,0.9358652626346503,2000.3283370381107,0.5152,2013-07-12
0,roadside_same_date,glc-5427,2013-08-15,8,25.516,93.88,5,Nagaland,16.4,19,51.2,148,302.7,521.9,195.827,5.6,7,4.19,72.34,87.45,268.96,0.429,0.431,0.431,22.4,16.5,0,1693,11.389,237.74,-0.534,-0.846,-0.121,263,2.302,2,5,open-meteo-era5,25.554,93.909,6.32,3.58,2.70042194092827,3.345388788426763,2.7526371308016873,0,0,287.6799645251483,3000,0.9016000000000001,2013-07-28
0,roadside_same_date,glc-5338,2013-08-16,8,26.812,95.165,25,Assam,18.2,16.1,40.8,81.4,198.9,434.2,123.017,3.5,7,36.7,45.85,83.15,404.03,0.423,0.425,0.423,28.5,23.7,0,511,8.395,263.346,-0.116,-0.993,-0.649,298,2.259,1,4.3,open-meteo-era5,26.819,95.183,10.38,5.42,1.3102119460500963,1.1202862647949352,1.394348105330764,0,0,3000,563.8320960523889,0.8758,2013-07-28
0,roadside_same_date,glc-5337,2013-08-16,8,26.213,95,5,Nagaland,18.1,12.7,38,113.2,234.7,442.6,143.381,4.1,7,32.49,52.19,109.94,358.38,0.425,0.424,0.421,23,18.1,0,1595,23.895,81.959,0.14,0.99,0,406,2.057,2,5,open-meteo-era5,26.186,95.033,7.64,3.91,1.6579406631762654,2.1166791323859386,1.931064572425829,0,1,11.33953637686674,1684.628376446792,0.4229,2013-07-28
0,roadside_same_date,glc-5336,2013-08-16,8,26.303,94.784,10,Nagaland,10.3,33.1,60.7,163.9,308.7,524,204.056,7.9,7,39.28,53.14,98.45,387.63,0.481,0.494,0.489,19.7,15.4,0,1931,25.634,97.719,-0.134,0.991,-0.076,335,2.045,2,5,open-meteo-era5,26.257,94.841,9.08,4.65,2.2283406754772392,2.578665827564506,1.9236417033773863,0,3,20.765178007907313,3000,0.3398,2013-07-28
0,roadside_same_date,glc-5343,2013-08-17,8,24.873,93.579,10,Assam,12.5,7.9,35.6,78.9,188.8,416.9,119.449,2.3,7,7.44,25.03,126.21,308.9,0.418,0.42,0.421,26.3,21.9,0,663,25.327,174.463,-0.995,0.096,-0.176,453,2.556,2,5,open-meteo-era5,24.851,93.577,6.15,3.7,1.9295392953929538,1.8327526132404182,2.259620596205962,0,3,40.77148398596372,1724.335561851921,0.9054000000000001,2013-07-28
0,roadside_same_date,glc-5421,2013-08-30,8,26.753,94.972,5,Nagaland,4.7,0.9,25.3,70.4,147.1,406.8,113.065,1.6,6,9.15,62,81.91,365.93,0.477,0.484,0.481,25.5,21.4,0,845,31.094,130.073,-0.644,0.765,-0.172,423,2.203,4,4.3,open-meteo-era5,26.749,94.978,10.38,5.42,0.8124598587026333,0.9688962290118359,1.30635838150289,0,5,28.334139519457967,2028.0763260878373,0.399,2013-07-28
0,roadside_same_date,glc-5431,2013-09-01,9,24.785,93.199,5,Assam,6.3,2.1,13.7,131.9,223,383.9,132.306,1.3,7,5.89,10.77,60.03,318.39,0.404,0.406,0.419,28.6,23.8,0,187,9.457,42.663,0.735,0.678,0.803,326,1.487,3,4.2,open-meteo-era5,24.78,93.187,7.01,4.87,0.6514503090822633,2.6879967393519464,1.8254873989538754,0,1,43.23112271770306,1648.6624271134976,0.8218000000000001,2013-08-13
0,roadside_same_date,glc-5430,2013-09-01,9,24.75,93.4,25,Manipur,5.8,2.3,12.2,117.7,205.6,394.4,125.063,1,7,5.32,11.11,56.37,325.3,0.413,0.416,0.421,27.4,22.4,0,599,17.733,356.987,0.999,-0.053,-0.397,337,1.53,3,4.2,open-meteo-era5,24.78,93.38,5.42,3.7,0.7503075030750308,3.102266736953084,2.4255842558425584,4,4,13.519518731525892,3000,0.5179,2013-08-13
0,roadside_same_date,glc-5441,2013-09-02,9,28.492,95.159,5,Arunachal Pradesh,62.4,35.7,113.8,195.1,256.5,473.4,155.769,4.8,7,24.66,57.5,122.63,401.7,0.428,0.428,0.429,21.8,18.6,0,1394,25.069,73.199,0.289,0.957,-0.473,620,3.048,1,4.5,open-meteo-era5,28.506,95.222,11.02,6.17,3.4422262552934058,2.5291677469535907,1.4319419237749547,0,0,2628.3184901177838,2228.0561215298835,0.8995000000000001,2013-08-13
0,roadside_same_date,glc-5476,2013-09-07,9,27.247,88.427,25,Sikkim,3.7,26.9,65.3,232,445.3,816.5,292.276,2.6,7,14.04,63.31,132.28,389.52,0.423,0.426,0.418,21.9,17.2,0,1306,10.684,63.768,0.442,0.897,0.115,532,1.815,2,4.9,open-meteo-era5,27.241,88.395,8.78,4.67,2.4791192103265,3.774812886430199,3.0998481397114657,0,8,3.047463223773143,2138.245563100776,0.8674000000000001,2013-08-13
0,roadside_same_date,glc-5533,2013-09-16,9,27.186,88.683,5,West Bengal,2.1,3.1,10.8,43.3,193.8,546.9,119.698,0.6,7,2.88,5.66,21.29,279.54,0.394,0.396,0.375,22.3,16.4,0,1591,25.647,45,0.707,0.707,-0.327,388,1.68,1,4.9,open-meteo-era5,27.17,88.697,8.78,4.67,0.41002277904328027,0.7045232671656362,2.0763097949886107,1,3,1.5495948479817063,2050.2418702189484,0.8803000000000001,2013-08-29
0,roadside_same_date,glc-5552,2013-09-24,9,24.98,94.155,5,Manipur,5.7,1.5,7.3,15.6,60.6,173.2,35.99,1.5,6,0.3,0.56,1.4,257.66,0.426,0.432,0.438,26.9,19.4,0,1153,6.316,268.755,-0.022,-1,-0.157,239,2.92,4,5.7,open-meteo-era5,24.991,94.166,5.42,3.7,0.4489544895448955,0.41117554032683185,1.065190651906519,0,0,19.914567021169287,3000,0.7905000000000001,2013-08-29
0,roadside_same_date,glc-5575,2013-10-05,10,25.68,94.134,5,Nagaland,26.4,11.2,42.4,61.6,152.5,286.4,78.052,4.1,6,13.85,29.76,32.52,197.25,0.482,0.492,0.498,22.9,17.4,0,1328,13.693,237.572,-0.536,-0.844,0.515,210,2.615,4,4.6,open-meteo-era5,25.694,94.113,3.24,3.58,4.3621399176954725,2.7160493827160495,2.946502057613168,4,13,16.289433113194132,1512.881230027475,0.8414,2013-09-14
0,roadside_same_date,glc-5582,2013-10-06,10,26.225,91.62,5,Assam,20,11,37.5,51.4,116.4,238.9,72.931,2.3,5,62.76,151.09,174.79,276.04,0.483,0.491,0.501,25.1,23.1,0,49,0.769,,0,0,0,10,2.396,1,4.5,open-meteo-era5,26.257,91.581,4.71,5.79,2.6539278131634823,1.558993023961177,1.6907289455060155,0,6,164.44909207085786,2905.519081446386,0.6531,2013-09-14
0,roadside_same_date,glc-5584,2013-10-06,10,26.208,91.591,5,Assam,20,11,37.5,51.4,116.4,238.9,72.931,2.3,5,62.76,151.09,174.79,276.04,0.483,0.491,0.501,25.1,23.1,0,49,1.014,,0,0,0.047,11,2.357,1,4.5,open-meteo-era5,26.186,91.579,4.71,5.79,2.6539278131634823,1.558993023961177,1.6907289455060155,0,0,191.25988672035444,1806.0090162060137,0.3261,2013-09-14
0,roadside_same_date,glc-5603,2013-10-13,10,25.533,94.638,5,Manipur,0.1,0.3,0.4,42.7,151.4,239,89.929,0.2,2,0.02,0.04,17.24,140.18,0.384,0.396,0.422,25.4,17.1,0,1164,22.22,303.173,0.547,-0.837,0.262,290,2.789,3,4.6,open-meteo-era5,25.554,94.593,3.1,3.4,0.04301075268817204,1.9677419354838712,2.5698924731182795,0,0,1954.431705349996,3000,0.8561000000000001,2013-09-14
0,roadside_same_date,glc-6015,2014-05-08,5,28.071,96.447,1,Arunachal Pradesh,48.6,23.6,85.1,95.4,105.8,121.8,47.743,4.7,7,33.77,55.08,62.54,98.57,0.41,0.385,0.355,14.6,12.9,0,1470,44.246,227.262,-0.679,-0.734,0.508,959,1.663,0,,open-meteo-era5,28.084,96.508,7.38,5.43,3.8437217705510385,1.8466898954703834,0.5501355013550135,0,1,1076.8322812000054,1623.6205396298296,0.8357,2014-04-07
0,roadside_same_date,glc-6016,2014-05-09,5,25.042,92.415,1,Assam,69.8,69,162,198.8,219.1,221.5,123.531,6.1,7,43.71,124.37,171.03,220.83,0.485,0.494,0.327,24.5,21.4,0,120,23.44,202.865,-0.921,-0.389,0.297,277,1.718,1,4.3,open-meteo-era5,25.062,92.425,13.78,7.97,3.918722786647315,2.060957910014514,0.5358006773101113,0,0,44.27183778101928,143.59556931497275,0.6016,2014-04-07
0,roadside_same_date,glc-6106,2014-06-26,6,25.933,91.949,5,Assam,29.1,8.6,41,244.6,340,425.7,210.369,6.6,7,14.23,20.69,180.1,367.99,0.482,0.482,0.505,27.5,22.5,0,631,2.554,222.797,-0.734,-0.679,0.433,73,2.18,3,4.3,open-meteo-era5,25.905,91.965,12.46,5.51,1.0968432316746923,2.8044026599403806,1.13884430176565,0,0,30.040858553286515,3000,0.6519,2014-05-25
0,roadside_same_date,glc-6107,2014-06-26,6,26.065,92.164,5,Assam,22.1,13.6,41.7,225.7,313.1,450.9,205.511,4.3,7,14.23,20.69,180.1,367.99,0.486,0.48,0.503,30.3,25.4,0,182,15.664,343.918,0.961,-0.277,-0.132,141,2.493,3,4.3,open-meteo-era5,26.046,92.166,12.46,5.51,1.115569823434992,2.5877092409997706,1.2062600321027286,0,0,23.69123589454443,783.4106629234443,0.7434000000000001,2014-05-25
0,roadside_same_date,glc-6110,2014-06-27,6,26.158,91.905,0.5,Assam,13.3,30.3,48,184.6,308.6,433.5,200.099,5.8,7,6.85,21.91,150.58,349.14,0.477,0.492,0.502,29.4,25.3,0,89,7.313,162.937,-0.956,0.293,-0.151,228,2.439,3,4.3,open-meteo-era5,26.186,91.875,12.46,5.51,1.2841091492776886,2.1164870442559045,1.1597110754414124,0,6,82.03583458912274,3000,0.7847000000000001,2014-05-25
0,roadside_same_date,glc-6112,2014-06-28,6,26.346,91.825,0.5,Assam,4.5,7.1,39.4,114.6,287.3,435.6,179.87,1.4,7,10.53,32.16,111.73,336.33,0.47,0.477,0.514,29.3,26.1,0,56,1.124,,0,0,-0.009,12,2.593,3,4.3,open-meteo-era5,26.327,91.78,11.26,5.06,1.1663706335109532,1.4539456990611521,1.2895204262877442,0,0,164.78134019829454,454.6752449939671,0.3206,2014-06-10
0,roadside_same_date,glc-6143,2014-07-14,7,24.051,92.677,5,Mizoram,24.1,41.9,72.3,104.5,143.6,327.9,104.215,7.4,5,10.53,28.69,46.67,426.43,0.422,0.418,0.381,26.4,21.1,0,762,26.5,106.699,-0.287,0.958,-0.009,468,1.419,4,4.3,open-meteo-era5,24.077,92.675,12.07,6,1.996685998342999,1.2368327612735233,0.9055509527754763,0,0,294.3010232106795,3000,0.5126000000000001,2014-06-26
0,roadside_same_date,glc-6146,2014-07-15,7,26.853,88.302,1,West Bengal,29.2,14.8,54.1,98.3,232.3,432.9,133.258,2.9,7,6.99,21.2,40.26,310.52,0.42,0.419,0.416,25.4,22.4,0,638,13.778,211.551,-0.852,-0.523,-0.258,384,1,0,,open-meteo-era5,26.819,88.306,14.36,4.67,1.255803156917363,0.9779148428173497,1.004874651810585,16,20,52.05002684720598,2672.4200381772707,0.32630000000000003,2014-06-26
0,roadside_same_date,glc-6513,2014-08-14,8,23.248,91.747,5,Tripura,11.9,14.2,33.6,72.3,145.9,275.9,90.661,2.4,6,85.53,181.53,205.82,431.86,0.481,0.484,0.505,26.6,24,0,167,13.99,34.523,0.824,0.567,0.333,124,1.326,2,4.5,open-meteo-era5,23.234,91.792,15.14,7.67,0.7397622192866579,0.6822041894697112,0.6074416556583002,0,0,32.29433945347333,3000,0.8585,2014-07-12
0,roadside_same_date,glc-6200,2014-08-17,8,27.4,93.539,10,Arunachal Pradesh,22.5,47,104.6,406,600.6,913.7,412.887,3.7,7,3.84,44.34,169.17,512.5,0.428,0.429,0.428,23.3,18.7,0,1421,14.278,22.109,0.926,0.376,-0.28,477,1.635,0,,open-meteo-era5,27.381,93.62,13.14,6.66,2.65347539320142,4.41400304414003,2.317858954845256,0,0,6.652817920810631,1092.473300530952,0.9209,2014-07-28
0,roadside_same_date,glc-6331,2014-09-08,9,25.695,94.706,25,Nagaland,3.5,9.9,14,23.6,54.2,235.3,47.831,3.6,5,3.09,11.22,13.18,217.83,0.478,0.459,0.441,28.7,22.2,0,662,23.225,273.556,0.062,-0.998,0.084,419,2.85,4,5,open-meteo-era5,25.694,94.701,5.12,3.4,0.9114583333333334,0.6584821428571428,1.5319010416666667,0,0,61.02531875934056,217.7512564155775,0.8257,2014-08-13
0,roadside_same_date,glc-6291,2014-09-21,9,25.581,90.289,25,Meghalaya,11.5,11.1,48,74.9,111.3,236.5,79.892,2.1,6,74.24,158.8,188.24,438.3,0.482,0.494,0.493,25.3,22.9,0,487,3.528,268.877,-0.02,-1,-0.131,119,3.787,1,4.1,open-meteo-era5,25.624,90.293,10.74,6.9,1.48975791433892,0.9962756052141527,0.734016139044072,0,1,16.061416161362537,160.0821832896297,0.8668,2014-08-29
0,roadside_same_date,glc-6288,2014-09-22,9,26.279,91.651,5,Assam,55.8,27.7,142.1,178.3,248.3,503,166.051,7.2,6,139.52,211.1,252.22,363.12,0.471,0.487,0.513,26.9,23.8,0,54,0.493,,0,0,0.057,16,1.71,2,4.1,open-meteo-era5,26.257,91.679,7.31,5.33,6.479708162334701,3.4844635528630064,2.2936616507067944,0,4,11.654900780308463,1218.6177609313443,0.8463,2014-08-29
0,roadside_same_date,glc-6283,2014-09-22,9,25.987,92.018,1,Assam,33.9,36.9,157.8,200.2,329.5,577.9,227.155,7.7,6,126.76,191.59,231.7,354.68,0.489,0.494,0.485,25.1,20.8,0,679,4.756,149.323,-0.86,0.51,0.64,166,1.85,2,4.1,open-meteo-era5,25.975,92.066,7.6,5.51,6.921052631578949,3.763157894736842,2.5346491228070174,0,0,270.1275486435279,3000,0.464,2014-08-29
0,roadside_same_date,glc-6286,2014-09-22,9,26.406,91.635,5,Assam,78.1,39.6,148.6,177.5,204.5,380.4,125.343,13,5,139.52,211.1,252.22,363.12,0.48,0.496,0.505,26.7,23.7,0,53,0.441,,0,0,0.019,11,1.667,2,4.1,open-meteo-era5,26.397,91.683,7.31,5.33,6.776105791153671,3.4688293922220055,1.734610123119015,0,0,44.36487792373832,1667.0411061331088,0.6105,2014-08-29
0,roadside_same_date,glc-6284,2014-09-22,9,25.962,92.036,5,Assam,33.9,36.9,157.8,200.2,329.5,577.9,227.155,7.7,6,126.76,191.59,231.7,354.68,0.489,0.494,0.485,25.8,21.5,0,585,17.377,324.462,0.814,-0.581,-0.019,143,1.861,2,4.1,open-meteo-era5,25.975,92.066,7.6,5.51,6.921052631578949,3.763157894736842,2.5346491228070174,0,0,61.65445020598159,3000,0.6485000000000001,2014-08-29
0,roadside_same_date,glc-6287,2014-09-22,9,26.282,91.542,5,Assam,66.3,18.8,125.7,142.4,195.3,441.6,121.393,7.5,6,163.71,240.34,273.62,393.83,0.478,0.488,0.49,26.8,23.9,0,49,0.623,,0,0,0.076,7.227,1.697,2,4.1,open-meteo-era5,26.257,91.581,7.31,5.33,5.73187414500684,2.782880594098105,2.013679890560876,0,0,819.7009560412585,1536.4053895451589,0.5378000000000001,2014-08-29
0,roadside_same_date,glc-6285,2014-09-22,9,25.91,91.878,5,Assam,33.9,36.9,157.8,200.2,329.5,577.9,227.155,7.7,6,126.76,191.59,231.7,354.68,0.467,0.488,0.481,26.1,22.1,0,550,0.278,,0,0,-0.028,158,1.864,2,4.1,open-meteo-era5,25.905,91.867,7.6,5.51,6.921052631578949,3.763157894736842,2.5346491228070174,0,0,7.402429135184023,3000,0.5688,2014-08-29
0,roadside_same_date,glc-6282,2014-09-22,9,25.983,92.011,5,Assam,33.9,36.9,157.8,200.2,329.5,577.9,227.155,7.7,6,126.76,191.59,231.7,354.68,0.489,0.494,0.485,25.4,21.1,0,587,20.026,150.279,-0.868,0.496,0.066,213,1.851,2,4.1,open-meteo-era5,25.975,92.066,7.6,5.51,6.921052631578949,3.763157894736842,2.5346491228070174,0,0,72.99520141164652,3000,0.6353,2014-08-29
0,roadside_same_date,glc-6289,2014-09-22,9,26.306,91.944,5,Assam,49.3,41.4,159.8,210.2,302.3,545.7,208.087,7.5,6,139.52,211.1,252.22,363.12,0.461,0.479,0.504,27.1,23.7,0,53,0.493,,0,0,-0.038,10,1.73,2,4.1,open-meteo-era5,26.327,91.978,6.97,5.06,7.642276422764228,4.308259889321582,2.6097560975609757,0,0,281.87975541551776,2062.589044226964,0.1233,2014-08-29
0,roadside_same_date,glc-6292,2014-09-23,9,25.465,90,5,Assam,7.4,37.7,54.6,95.3,120,214.9,96.632,3.3,6,13.14,178.28,279.82,480.66,0.426,0.43,0.385,27.2,23.9,0,114,3.76,159.567,-0.937,0.349,0.261,67,4.218,1,4.1,open-meteo-era5,25.483,90,10.79,6.01,1.6867469879518073,1.2617502978948762,0.6638863144887241,0,0,28.21404973420515,1668.304639837838,0.9032,2014-08-29
0,roadside_same_date,glc-6290,2014-09-23,9,25.443,91.607,5,Meghalaya,72.5,116.9,232.7,337.7,391.2,571.5,276.349,9.4,7,73.98,252.28,349.11,530.74,0.489,0.505,0.492,19.9,17.9,0,1607,13.117,270.297,0.005,-1,-0.019,166,2.003,2,4.1,open-meteo-era5,25.413,91.56,11.95,8.35,6.490934449093445,4.037059175134489,1.594142259414226,0,0,399.1660685346494,764.1774506812721,0.9075000000000001,2014-08-29
0,roadside_same_date,glc-6222,2014-10-01,10,27.372,93.872,5,Arunachal Pradesh,0,0,1.2,48,251.7,335.6,124.228,0,5,0.06,0.09,83.7,419.75,0.39,0.405,0.411,29.2,20.1,0,392,7.929,319.289,0.758,-0.652,0.125,276,1.963,1,4.1,open-meteo-era5,27.311,93.917,3.94,6.66,0.10152284263959391,1.7403915881073242,2.8392554991539765,0,0,35.41430631295605,68.93394486618725,0.675,2014-08-29
0,roadside_same_date,glc-6214,2014-10-05,10,25.967,92.245,5,Meghalaya,0,0,2.3,10.1,240.9,561.1,128.593,0,2,0,0,0.04,354.62,0.473,0.47,0.438,28,18.3,0,812,3.826,202.38,-0.925,-0.381,0.104,181,1.878,3,4.3,open-meteo-era5,25.905,92.26,4.36,5.51,0.17584097859327213,0.3309305373525557,4.289755351681957,0,0,66.60415698193884,3000,0.8621000000000001,2014-09-14
0,roadside_same_date,glc-6775,2015-02-14,2,25.9,91.878,5,Assam,0,0.3,0.3,0.3,0.3,0.8,0.343,0.3,0,0.26,0.26,0.26,2.05,0.29,0.302,0.345,19.6,9.7,0,548,3.348,230.042,-0.642,-0.767,-0.056,175,1.542,2,4.8,open-meteo-era5,25.905,91.867,0.75,5.51,0.13333333333333333,0.05714285714285714,0.035555555555555556,0,1,44.58586173092783,3000,0.43370000000000003,2015-01-17
0,roadside_same_date,glc-6786,2015-02-19,2,24.463,92.813,5,Assam,0.4,0,0.4,3.3,3.3,3.3,2.138,0.2,1,3.03,7.2,7.28,7.33,0.167,0.181,0.23,25.7,15,0,50,3.503,300.579,0.509,-0.861,-0.119,71,2.686,5,4.8,open-meteo-era5,24.499,92.788,0.84,4.66,0.15873015873015875,0.5612244897959183,0.13095238095238096,0,0,930.9154489247649,979.2807523680424,0.6742,2015-01-17
0,roadside_same_date,glc-7591,2015-03-19,3,24.894,92.301,5,Assam,0,0,0,0,0,14.3,2.023,0,0,0.01,0.01,0.01,31.16,0.241,0.279,0.295,32,19.8,0,19,0.218,,0,0,0.037,10,1,1,4.3,open-meteo-era5,24.921,92.323,2.8,7.97,0,0,0.17023809523809524,0,1,88.43111091328241,1097.933871190714,0.3261,2015-02-18
0,roadside_same_date,glc-7031,2015-05-24,5,27.515,88.579,1,Sikkim,3.8,7.6,34.8,108,217.8,359.3,145.781,2.9,7,0.21,9.49,26.27,83.83,0.423,0.424,0.423,23.3,17.2,0,1432,20.798,353.496,0.994,-0.113,-0.213,441,5.645,168,7.3,open-meteo-era5,27.452,88.49,3.57,2.99,3.249299719887955,4.321728691476591,3.354808590102708,1,3,24.120894050984386,1256.6417198979618,0.7537,2015-04-23
0,roadside_same_date,glc-6971,2015-06-09,6,26.951,93.886,5,Arunachal Pradesh,44.3,28.3,94.4,121.7,225.3,398.4,136.206,4.3,7,44.35,137.97,228.36,593.82,0.447,0.458,0.467,27.5,23.3,0,84,0.313,,0,0,0.038,12,3.831,1,4.3,open-meteo-era5,26.96,93.896,12.93,6.02,2.4336169115751485,1.344602806319744,1.0270688321732406,0,0,1292.817217866933,1909.0545860067318,0.5083,2015-05-09
0,roadside_same_date,glc-6968,2015-06-13,6,25.498,91.86,5,Meghalaya,48.8,206.7,352.1,549.1,682.7,891.5,516.146,17,7,35.98,146.91,295.7,639.32,0.496,0.509,0.495,19.4,16.6,0,1833,5.93,98.696,-0.151,0.989,-0.009,45,1.478,1,4.3,open-meteo-era5,25.483,91.855,19.13,8.33,6.135215194284719,4.100515271450975,1.5534065168147762,0,2,332.8520529455956,2113.7148613223617,0.7547,2015-05-25
0,roadside_same_date,glc-6967,2015-06-13,6,27.228,88.495,1,West Bengal,6.3,28,40.9,78.1,130.5,210.6,86.334,2.9,7,9.2,47.45,75.84,217.79,0.42,0.426,0.429,26.5,23,0,466,29.689,305.194,0.576,-0.817,0.741,519,2.906,14,5.5,open-meteo-era5,27.241,88.495,8.99,4.67,1.5164998146088247,1.241061496901319,0.7808676307007787,3,10,4.5741865226420835,293.4559320568722,0.7326,2015-05-25
0,roadside_same_date,glc-6969,2015-06-16,6,25.626,90.465,1,Meghalaya,24.3,26.2,62.5,379.5,463.5,913.3,341.063,7.5,7,21.68,50.21,257.7,495.27,0.493,0.501,0.502,27.1,22.7,0,488,3.253,299.291,0.489,-0.872,-0.066,67,1,0,,open-meteo-era5,25.624,90.489,15.57,6.9,1.3380432455576965,3.4819708230112854,1.9552558338685504,0,1,50.52649269101515,2871.5501860199897,0.6926,2015-05-25
0,roadside_same_date,glc-6970,2015-06-16,6,25.437,89.929,1,Meghalaya,16.5,25.8,52.2,231.4,291.7,563.7,217.685,8.7,7,27.16,62.64,230.34,409.65,0.418,0.423,0.428,29,24.1,0,53,4.5,57.529,0.537,0.844,-0.336,56,1,0,,open-meteo-era5,25.413,89.902,13.24,6.01,1.3141993957703928,2.496763055675442,1.4191842900302116,0,0,50.07319294956828,3000,0.6910000000000001,2015-05-25
0,roadside_same_date,glc-6945,2015-06-19,6,25.318,93.636,1,Manipur,1.8,5.5,12.5,37.6,125.4,222.5,80.309,3,7,2.93,11.04,38.58,247.63,0.438,0.447,0.446,24.8,18.9,0,1276,22.415,269.665,-0.006,-1,0.009,466,1.944,3,4.3,open-meteo-era5,25.343,93.604,7.03,3.58,0.5926979611190137,0.7640723430197115,1.0550023707918446,0,0,13.534433001138288,2614.795447328081,0.5107,2015-05-25
0,roadside_same_date,glc-6990,2015-06-24,6,25.756,94.725,5,Nagaland,13.3,31.2,50.9,65,130.9,181.9,76.813,2.9,6,8.82,36.95,80.62,388.41,0.489,0.496,0.439,27.3,22.9,0,599,24.235,141.99,-0.788,0.616,-0.094,367,1.669,2,4.3,open-meteo-era5,25.764,94.706,8.04,3.98,2.11028192371476,1.1549395877754087,0.7541459369817579,0,0,375.19750812802613,465.02974206125725,0.7173,2015-05-25
0,roadside_same_date,glc-7021,2015-06-27,6,27.18,88.476,1,West Bengal,33,16,76.7,144.2,255.1,506.1,163.592,3.8,7,23.2,47.98,82.45,278.46,0.417,0.418,0.427,23.9,19.8,0,1105,22.199,106.04,-0.276,0.961,0.375,486,1.851,9,4.8,open-meteo-era5,27.17,88.497,8.99,4.67,2.8439006303299967,2.2914349276974413,1.8765294771968857,2,18,72.36662852587331,1997.5142346861844,0.7052,2015-05-25
0,roadside_same_date,glc-7033,2015-06-29,6,27.309,88.369,1,West Bengal,19.8,49.6,91.6,160.3,325.2,799.5,240.619,3.6,7,10.01,33.86,69.11,201.12,0.429,0.429,0.429,19.9,15,0,1968,21.215,110.153,-0.345,0.939,0.029,516,2.471,14,5.1,open-meteo-era5,27.381,88.391,5.4,2.99,5.6543209876543195,4.2407407407407405,4.935185185185185,0,1,1.36480907981595,3000,0.7297,2015-06-10
0,roadside_same_date,glc-7035,2015-06-30,6,25.515,88.327,1,West Bengal,5,4.6,35.1,81.8,109,236.9,94.272,3.9,7,3.86,8.25,90.3,213.39,0.412,0.42,0.427,32.2,25,0,32,0.692,,0,0,-0.065,8,2.294,2,5.1,open-meteo-era5,25.483,88.341,9.23,4.57,1.267605633802817,1.2660578857761957,0.8555435175153484,0,0,460.31107786161857,1963.7994765470553,0.3803,2015-06-10
0,roadside_same_date,glc-7034,2015-06-30,6,27.408,88.553,1,West Bengal,39.2,32.9,141.2,242,347.6,583.3,239.968,5.3,7,8.08,32.06,73.75,179.1,0.425,0.429,0.419,21.8,17.4,0,1635,24.013,117.766,-0.466,0.885,-0.319,551,2.562,14,5.1,open-meteo-era5,27.381,88.592,5.4,2.99,8.716049382716047,6.402116402116401,3.600617283950617,1,11,47.17455095611481,1500.9018363060559,0.7657,2015-06-10
0,roadside_same_date,glc-7363,2015-06-30,6,27.141,88.147,25,West Bengal,26.6,19.8,96,164.4,336.2,769.3,234.556,4.6,7,18.26,42.81,94.73,284.12,0.421,0.423,0.428,22.5,17.9,0,1524,23.832,93.18,-0.055,0.998,-0.163,553,2.366,17,5.1,open-meteo-era5,27.1,88.198,7.82,4.23,4.092071611253197,3.0032882718304714,3.279198635976129,0,3,5.103084350648327,1902.7214238093559,0.625,2015-06-10
0,roadside_same_date,glc-7040,2015-07-01,7,27.247,88.319,1,West Bengal,39.1,26.6,85.5,186.8,344.6,771.4,235.292,4.6,7,29.1,61.03,116.62,300.16,0.427,0.426,0.428,24.7,19.9,0,1008,31.054,316.981,0.731,-0.682,0.318,684,2.454,17,5.1,open-meteo-era5,27.241,88.294,14.36,4.67,1.9846796657381616,1.8583366494230005,1.7906220984215415,0,4,40.61878257284463,1553.2395003838967,0.7579,2015-06-10
0,roadside_same_date,glc-7037,2015-07-01,7,26.989,88.571,5,West Bengal,19.9,27.5,55.8,104.8,201.9,344,128.692,4.1,7,18.11,51.09,114.57,306.34,0.43,0.423,0.435,21.4,17.7,0,1583,26.261,167.687,-0.977,0.213,0.268,512,2.687,11,5.1,open-meteo-era5,27.03,88.6,14.36,4.67,1.2952646239554317,1.0425785913251095,0.7985143918291552,0,12,10.353809249969219,2029.418880548195,0.062400000000000004,2015-06-10
0,roadside_same_date,glc-7038,2015-07-01,7,26.726,88.411,10,West Bengal,11.5,26.1,46.4,94.9,266.4,452.2,160.833,6.3,7,24.93,53.59,107.26,300.66,0.429,0.428,0.429,29.5,24.7,0,121,0.357,,0,0,-0.038,13,2.592,11,5.1,open-meteo-era5,26.749,88.407,16.73,5.61,0.9244869495915521,0.8103492443002306,0.9009762900976289,2,5,17.170547021254826,253.3577125002054,0.5435,2015-06-10
0,roadside_same_date,glc-7039,2015-07-01,7,27.12,88.288,1,West Bengal,26.5,15.6,49.4,112.7,253.1,518.8,162.594,4,7,29.1,61.03,116.62,300.16,0.427,0.426,0.425,29.1,25.1,0,333,22.973,30.566,0.861,0.509,-0.461,275,2.46,17,5.1,open-meteo-era5,27.17,88.296,14.36,4.67,1.1467038068709379,1.1211699164345406,1.2042711234911792,0,16,53.69780832382191,155.32754032891205,0.6777000000000001,2015-06-10
0,roadside_same_date,glc-7036,2015-07-01,7,26.66,88.322,5,West Bengal,21.4,20.1,52.6,120.6,295.3,470,174.302,3.4,7,24.93,53.59,107.26,300.66,0.428,0.425,0.43,29.2,24.7,0,118,0.356,,0,0,0.01,22,2.528,10,5.1,open-meteo-era5,26.678,88.309,16.73,5.61,1.048017533373182,1.0298010417556143,0.9364415222155807,0,2,994.4176844933531,1376.7443668486994,0.4207,2015-06-10
0,roadside_same_date,glc-7076,2015-07-04,7,27.249,88.312,1,West Bengal,20.2,89.6,122.9,205.4,287.9,452,210.916,10.2,7,19.79,42.86,114.77,329.72,0.424,0.429,0.433,25.9,22,0,789,33.842,23.611,0.916,0.401,-0.683,586,2.449,17,5.1,open-meteo-era5,27.241,88.294,14.36,4.67,2.8528319405756735,2.043374452845205,1.0492107706592388,0,5,275.47329351054157,830.3190748776929,0.8427,2015-06-10
0,roadside_same_date,glc-7138,2015-07-07,7,26.992,88.564,5,Sikkim,2.6,16.8,60.4,203.2,315,494.8,223.088,2,7,9.06,26.94,83.13,342.54,0.422,0.428,0.425,22.4,16,0,1715,10.019,53.448,0.596,0.803,0.192,408,2.681,10,5.1,open-meteo-era5,27.03,88.6,14.36,4.67,1.4020427112349119,2.0214882610425784,1.148560817084494,0,15,73.52245265932392,1614.8990858660425,0.08710000000000001,2015-06-10
0,roadside_same_date,glc-7139,2015-07-07,7,26.725,88.413,5,West Bengal,4.9,6.9,46.1,152.6,291.2,542.5,197.999,1.8,7,8.94,41,98.97,342.99,0.419,0.413,0.432,31.9,25.4,0,121,1.092,,0,0,0.048,12,2.594,10,5.1,open-meteo-era5,26.749,88.407,16.73,5.61,0.9185096632795379,1.3030484160191274,1.0808926080892607,2,5,207.43236655431136,460.65192507948854,0.5438000000000001,2015-06-10
0,roadside_same_date,glc-7214,2015-07-15,7,27.443,92.702,5,Arunachal Pradesh,110.8,118,300.6,390.5,754.8,1564.4,458.535,11.1,7,26.13,47.61,55.41,232.75,0.429,0.429,0.429,16.9,13.6,0,2239,27.497,98.551,-0.149,0.989,-0.039,430,2.286,5,5.1,open-meteo-era5,27.452,92.718,8.7,3.51,11.517241379310347,6.412151067323482,5.993869731800767,0,0,7.590215355835067,3000,0.1564,2015-06-26
0,roadside_same_date,glc-7263,2015-07-22,7,25.579,94.22,1,Manipur,24.4,24.2,80.1,199.9,300.5,477.3,190.215,4.6,7,16.94,48.02,130.7,347.16,0.502,0.5,0.503,21,17.8,0,1557,22.627,157.674,-0.925,0.38,-0.215,254,1.594,5,4.5,open-meteo-era5,25.624,94.207,7.3,3.58,3.6575342465753424,3.911937377690802,2.1794520547945204,0,12,36.180653027396566,1957.368471286675,0.21810000000000002,2015-06-26
0,roadside_same_date,glc-7264,2015-07-22,7,25.745,94.005,5,Manipur,27.2,50.5,123.6,195,321.4,534.1,211.623,13.7,7,10.3,41.39,117.9,325.49,0.464,0.483,0.503,23.5,20.1,0,970,17.003,274.086,0.071,-0.997,-0.159,190,1.649,5,4.5,open-meteo-era5,25.764,94.02,7.3,3.58,5.6438356164383565,3.816046966731898,2.438812785388128,1,7,39.0014075024658,3000,0.3589,2015-06-26
0,roadside_same_date,glc-7253,2015-07-22,7,24.574,92.957,5,Assam,36.6,60.9,148.7,436.4,579,925.1,388.569,6.7,7,19.73,51.03,171.73,461.69,0.426,0.431,0.428,27.6,24.5,0,38,1.137,,0,0,0.028,18,2.108,4,4.4,open-meteo-era5,24.569,92.984,9.37,4.66,5.289932408395589,6.653453270315597,3.2909996442547143,0,0,620.609464727575,398.5245486011464,0.6351,2015-06-26
0,roadside_same_date,glc-7265,2015-07-22,7,25.758,93.856,5,Manipur,21.3,74.4,129.4,189.8,296.3,485.7,206.48,14.3,7,8.28,37.25,86.26,299.82,0.469,0.487,0.499,26.7,23.4,0,355,20.345,351.552,0.989,-0.147,-0.422,127,1.71,5,4.5,open-meteo-era5,25.764,93.824,8.03,3.86,5.371523453715236,3.3766233766233773,2.016189290161893,0,1,31.071294000120076,1264.9502923909565,0.8099000000000001,2015-06-26
0,roadside_same_date,glc-7266,2015-07-22,7,25.561,93.754,10,Manipur,20.7,37.3,95.5,181.4,305.2,520.8,200.695,5.3,7,10.3,41.39,117.9,325.49,0.483,0.499,0.483,21.7,19.1,0,1273,15.932,313.971,0.694,-0.72,0.131,347,1.721,5,4.5,open-meteo-era5,25.554,93.811,7.3,3.58,4.360730593607307,3.5499021526418786,2.378082191780822,0,0,43.49006682081357,2763.5853503071826,0.43370000000000003,2015-06-26
0,roadside_same_date,glc-7267,2015-07-22,7,25.564,94.181,10,Manipur,24.4,24.2,80.1,199.9,300.5,477.3,190.215,4.6,7,16.94,48.02,130.7,347.16,0.502,0.5,0.503,21,17.8,0,1578,12.821,67.521,0.382,0.924,0.14,337,1.582,5,4.5,open-meteo-era5,25.554,94.202,7.3,3.58,3.6575342465753424,3.911937377690802,2.1794520547945204,0,14,61.181424802987685,1262.138149902981,0.15,2015-06-26
0,roadside_same_date,glc-7276,2015-07-25,7,26.186,91.687,5,Assam,2.7,18,61.5,234.9,333.7,534,248.763,6.8,7,11.76,44.78,112.45,316.39,0.482,0.492,0.48,32.3,24.6,0,55,1.028,,0,0,0.038,50,3.148,5,5.1,open-meteo-era5,26.186,91.678,12.45,5.79,1.6465863453815264,2.6953528399311537,1.429718875502008,1,23,416.2691523129992,950.2994710151494,0.2179,2015-06-26
0,roadside_same_date,glc-7364,2015-07-31,7,24.7,94.197,10,Manipur,63.1,64,160,289.9,433.1,578.9,264.228,6.3,7,76.06,100.44,116.44,328.9,0.45,0.46,0.458,18.9,17.3,0,1229,23.262,350.196,0.985,-0.17,-0.157,405,2.174,3,4.4,open-meteo-era5,24.71,94.148,7.04,3.47,7.575757575757575,5.882711038961038,2.741003787878788,0,0,20.100061506347874,3000,0.41490000000000005,2015-07-12
0,roadside_same_date,glc-7372,2015-07-31,7,25.295,94.449,10,Manipur,44.3,31.7,101.1,145.9,338.7,629.2,202.807,4.6,7,64.07,82.06,94.89,336.93,0.479,0.493,0.493,17.9,15.2,0,1623,12.121,155.45,-0.91,0.415,-0.382,373,1.806,5,4.5,open-meteo-era5,25.272,94.476,7.38,3.4,4.566395663956639,2.8242353852109954,2.841915085817525,2,2,19.11276890465178,2610.034353500886,0.8761,2015-07-12
0,roadside_same_date,glc-7370,2015-08-01,8,24.315,93.787,5,Manipur,10.9,127.3,229.1,307.4,558,755.7,403.569,9.8,7,8.7,110.35,129.77,387.65,0.492,0.502,0.49,26.6,19.6,0,800,3.92,24.775,0.908,0.419,-0.22,195,2.875,3,4.4,open-meteo-era5,24.288,93.834,5.65,3.47,13.516224188790558,7.7724399494310985,4.458407079646018,0,0,103.70518136404003,3000,0.5779000000000001,2015-07-12
0,roadside_same_date,glc-7385,2015-08-01,8,24.223,93.955,10,Manipur,17.3,163.3,304.9,443.5,653,851.7,489.957,12.2,7,5.31,82.66,101.37,310.51,0.497,0.508,0.496,23.1,17.5,0,1299,17.284,116.959,-0.453,0.891,0.146,276,2.865,3,4.4,open-meteo-era5,24.218,94.021,4.37,2.65,23.25705568268497,14.498202026806146,6.496567505720824,0,1,3000,1992.5774299510497,0.33790000000000003,2015-07-12
0,roadside_same_date,glc-7369,2015-08-01,8,24.138,93.92,10,Manipur,17.3,163.3,304.9,443.5,653,851.7,489.957,12.2,7,5.31,82.66,101.37,310.51,0.496,0.509,0.497,24.2,17.9,0,1268,17.57,88.919,0.019,1,0.585,310,2.95,3,4.4,open-meteo-era5,24.148,93.921,4.37,2.65,23.25705568268497,14.498202026806146,6.496567505720824,0,0,27.938392621410863,1406.746049400955,0.7602,2015-07-12
0,roadside_same_date,glc-7383,2015-08-01,8,24.021,94.154,5,Manipur,15,198.8,448.2,696.1,970.6,1395,755.756,13.7,7,2.09,71.58,85.55,237.74,0.497,0.509,0.493,26.3,21.2,0,447,22.846,287.306,0.297,-0.955,0.656,320,2.721,3,4.4,open-meteo-era5,24.007,94.199,4.37,2.65,34.18764302059497,22.755802549852895,10.640732265446225,0,0,2588.3578110820185,2345.3663147141233,0.2847,2015-07-12
0,roadside_same_date,glc-7373,2015-08-01,8,24.697,94.206,10,Manipur,16.5,63.1,143.6,299.6,425.7,593.3,300.791,4.3,7,3.7,100.7,118.29,329.07,0.453,0.461,0.462,20.8,15.8,0,1550,6.115,138.633,-0.75,0.661,0.378,336,2.171,3,4.4,open-meteo-era5,24.71,94.244,5.65,3.47,8.471976401179939,7.575221238938052,3.5002949852507372,0,0,15.695910435512435,3000,0.3728,2015-07-12
0,roadside_same_date,glc-7389,2015-08-01,8,24.692,93.981,5,Manipur,39.3,101.9,191.1,278.3,419.2,535.9,279.448,13,7,8.7,110.35,129.77,387.65,0.486,0.5,0.494,25.2,19.7,0,788,4.824,119.846,-0.498,0.867,0.083,150,2.307,3,4.4,open-meteo-era5,24.71,93.955,5.65,3.47,11.27433628318584,7.0366624525916555,3.1616519174041295,0,1,30.208151153512702,2156.895419935863,0.3171,2015-07-12
0,roadside_same_date,glc-7388,2015-08-01,8,24.723,94.034,5,Manipur,39.3,101.9,191.1,278.3,419.2,535.9,279.448,13,7,8.7,110.35,129.77,387.65,0.486,0.5,0.494,25.3,19.8,0,781,1.678,,0,0,-0.101,36,2.243,3,4.4,open-meteo-era5,24.71,94.051,5.65,3.47,11.27433628318584,7.0366624525916555,3.1616519174041295,0,1,256.8194500543949,3000,0.23870000000000002,2015-07-12
0,roadside_same_date,glc-7374,2015-08-01,8,25.267,94.148,10,Manipur,18.9,49.8,96,152.9,293.6,499.1,196.767,4.6,6,6.56,85.46,99.61,337.93,0.483,0.492,0.503,20.7,15,0,1756,13.092,198.435,-0.949,-0.316,0.614,436,1.661,5,4.5,open-meteo-era5,25.272,94.184,6.32,3.58,5.063291139240506,3.456148282097649,2.6323839662447255,0,4,35.69400495364429,3000,0.8893000000000001,2015-07-12
0,roadside_same_date,glc-7390,2015-08-01,8,24.337,93.88,25,Manipur,17.3,163.3,304.9,443.5,653,851.7,489.957,12.2,7,8.7,110.35,129.77,387.65,0.481,0.494,0.48,26.2,19.9,0,777,4.263,185.528,-0.995,-0.096,-0.293,70,2.808,3,4.4,open-meteo-era5,24.359,93.838,5.65,3.47,17.988200589970496,11.213653603034134,5.024778761061947,0,0,18.173103909595316,1590.8373468507818,0.5568000000000001,2015-07-12
0,roadside_same_date,glc-7384,2015-08-01,8,23.991,94.285,5,Manipur,15,198.8,448.2,696.1,970.6,1395,755.756,13.7,7,2.09,71.58,85.55,237.74,0.492,0.499,0.495,28.3,22.8,0,149,1.437,,0,0,-0.064,15,2.551,3,4.4,open-meteo-era5,24.007,94.295,3.51,2.15,42.56410256410256,28.33129833129833,13.247863247863249,0,0,3000,3000,0.7071000000000001,2015-07-12
0,roadside_same_date,glc-7375,2015-08-01,8,25.36,94.686,25,Manipur,27.9,110.8,198,324.1,501.8,1034.2,405.339,8.9,7,6.56,85.46,99.61,337.93,0.441,0.444,0.443,20.2,15.7,0,1899,3.367,195.461,-0.964,-0.267,0,298,1.886,5,4.5,open-meteo-era5,25.343,94.675,6.16,3.4,10.714285714285714,7.516233766233766,5.596320346320346,0,1,36.23431570125382,3000,0.10540000000000001,2015-07-12
0,roadside_same_date,glc-7910,2015-08-01,8,24.232,94.331,10,Manipur,14.1,144.8,314.4,540.1,722.2,972.9,553.06,10,7,2.09,71.58,85.55,237.74,0.494,0.508,0.499,27.3,22.4,0,160,2.48,186.34,-0.994,-0.11,-0.073,22,2.445,3,4.4,open-meteo-era5,24.218,94.309,3.51,2.15,29.857549857549856,21.982091982091983,9.239316239316238,0,1,2317.0625816597467,8.770907120530902,0.618,2015-07-12
0,roadside_same_date,glc-7409,2015-08-02,8,25.641,94.49,10,Nagaland,4.4,9.3,48.6,66.2,326.6,607.5,181.723,1.3,5,0.7,71.33,99.02,332.89,0.502,0.5,0.482,23.4,15.6,0,1694,16.826,181.375,-1,-0.024,-0.037,491,1.682,4,4.5,open-meteo-era5,25.624,94.402,6.16,3.4,2.6298701298701297,1.5352504638218922,3.287337662337662,1,1,995.9362578308449,2568.840369306834,0.5913,2015-07-12
0,roadside_same_date,glc-7666,2015-08-11,8,24.967,93.552,5,Manipur,3.6,24,38,74.9,230,528.6,151.697,3.8,7,2.87,29.11,78.68,412.99,0.425,0.426,0.428,30.1,22.4,0,626,19.8,229.606,-0.648,-0.762,0.37,272,2.005,1,4.2,open-meteo-era5,24.991,93.488,6.15,3.7,2.0596205962059617,1.7398373983739837,2.8650406504065042,2,7,35.53942957182566,403.6891630265197,0.2116,2015-07-12
0,roadside_same_date,glc-7664,2015-08-11,8,24.742,93.287,10,Manipur,5.5,13.8,25.3,87.8,216.9,723.1,168.326,2.2,7,5.97,40.38,84.21,510.18,0.424,0.425,0.427,30.1,21.6,0,634,17.082,134.367,-0.699,0.715,0.692,401,2.186,1,4.2,open-meteo-era5,24.71,93.28,5.65,3.47,1.4926253687315632,2.2199747155499363,4.266076696165192,0,3,21.300751887413703,1940.559017856662,0.9047000000000001,2015-07-12
0,roadside_same_date,glc-7665,2015-08-11,8,25.017,93.532,5,Manipur,3.6,24,38,74.9,230,528.6,151.697,3.8,7,2.87,29.11,78.68,412.99,0.424,0.425,0.429,27.2,20,0,1098,18.868,295.212,0.426,-0.905,0.445,348,1.943,1,4.2,open-meteo-era5,25.062,93.588,6.15,3.7,2.0596205962059617,1.7398373983739837,2.8650406504065042,3,8,36.21438801645209,2540.8836571818224,0.195,2015-07-12
0,roadside_same_date,glc-7660,2015-08-12,8,25.623,94.479,5,Nagaland,5.5,2,21.2,78,189.1,617.9,133.554,1.1,7,3.35,14.73,69.02,370.93,0.486,0.489,0.504,26.7,19.3,0,1146,31.522,221.483,-0.749,-0.662,0.365,659,2.423,2,4.5,open-meteo-era5,25.624,94.5,6.16,3.4,1.147186147186147,1.8089053803339517,3.3436147186147185,1,1,14.434780888348282,885.9266721040254,0.8401000000000001,2015-07-12
0,roadside_same_date,glc-7335,2015-08-18,8,25.293,90.215,1,Meghalaya,60,39.9,116.4,167.6,226.8,444.2,141.547,16.7,7,15.22,43.75,59.02,270.29,0.478,0.494,0.5,28.6,24.6,0,121,2.231,111.801,-0.371,0.928,0.056,79,1.203,1,4.4,open-meteo-era5,25.272,90.195,10.67,6.01,3.6363636363636367,2.2439416253849243,1.3876913464542329,0,0,21.10534400368387,3000,0.8789,2015-07-28
0,roadside_same_date,glc-7701,2015-08-19,8,25.566,94.303,5,Nagaland,14.4,2.5,29.2,77,216.5,482.6,122.974,6.7,7,8.1,17.36,37.6,284.48,0.478,0.491,0.497,20.8,15.5,0,2015,17.647,55.525,0.566,0.824,-0.215,398,2.407,2,4.5,open-meteo-era5,25.554,94.3,6.16,3.4,1.58008658008658,1.7857142857142856,2.6114718614718613,0,1,8.963645087473406,3000,0.1459,2015-07-28
0,roadside_same_date,glc-7589,2015-08-19,8,25.521,92.146,25,Meghalaya,44.4,30.9,93.8,141.1,204.2,542.8,144.552,4.4,7,46.76,97.85,131.6,378.71,0.48,0.487,0.497,22.1,20.2,0,1330,0.619,,0,0,-0.075,27,1.351,3,4.5,open-meteo-era5,25.483,92.148,14.39,8.33,2.1728051887885105,1.4007743472649656,1.2573546444290014,0,1,13.51895528146129,2979.795804823709,0.6335000000000001,2015-07-28
0,roadside_same_date,glc-7590,2015-08-19,8,24.846,92.392,5,Meghalaya,40.6,26.5,83,150.1,207.5,511,148.522,3,7,41.24,100.47,149.45,490.85,0.48,0.482,0.513,25.7,24.7,0,24,0.993,,0,0,-0.018,14,1.483,2,4.5,open-meteo-era5,24.851,92.417,13.78,7.97,2.00774068698597,1.5560854240099524,1.2360909530720852,1,1,115.34998947613609,554.8895592989314,0.5588000000000001,2015-07-28
0,roadside_same_date,glc-7706,2015-08-19,8,24.859,92.488,5,Meghalaya,40.6,26.5,83,150.1,207.5,511,148.522,3,7,41.24,100.47,149.45,490.85,0.481,0.482,0.493,25.5,24.6,0,24,0.832,,0,0,-0.065,14,1.544,2,4.5,open-meteo-era5,24.851,92.513,13.78,7.97,2.00774068698597,1.5560854240099524,1.2360909530720852,0,1,47.04891077324083,591.1835392707876,0.7507,2015-07-28
0,roadside_same_date,glc-7336,2015-08-19,8,25.181,90.843,10,Meghalaya,64.9,32.9,135.2,190.5,274.6,510.1,163.62,10.3,7,26.68,58.96,87.68,354.46,0.475,0.487,0.473,28.8,24.8,0,59,27.967,239.304,-0.51,-0.86,-0.557,282,1.231,1,4.4,open-meteo-era5,25.132,90.874,17.02,9.81,2.6478652565609084,1.5989592076548598,0.9990207598903252,0,0,39.359839981497245,136.17467348958996,0.8557,2015-07-28
0,roadside_same_date,glc-7727,2015-08-20,8,25.935,94.046,5,Nagaland,33.2,14.5,52.4,56,107,278.9,61.725,6.9,5,8.59,30.37,51.95,246.27,0.485,0.486,0.478,25.8,20.7,0,660,17.299,300.658,0.51,-0.86,0.188,482,1.929,1,4.5,open-meteo-era5,25.905,94.028,7.21,3.86,2.422561257512714,1.1095700416088765,1.2894128525196484,0,2,23.228668991382072,3000,0.8586,2015-07-28
0,roadside_same_date,glc-7728,2015-08-22,8,26.309,92.16,5,Assam,28.3,35.7,116.7,241.1,405.9,559.3,260.881,7.6,7,3.57,76.3,154.5,275.81,0.483,0.497,0.489,30.4,24.9,0,55,0.355,,0,0,-0.019,8,1.938,1,4.4,open-meteo-era5,26.327,92.176,8.33,5.06,4.669867947178871,4.134796775853198,2.2380952380952377,0,0,8.287972233665286,3000,0.7256,2015-07-28
0,roadside_same_date,glc-7780,2015-08-26,8,23.226,92.904,5,Mizoram,7.4,7.4,21.8,75,153.5,453.7,111.743,4.2,7,1.78,3.77,44.03,342.14,0.418,0.42,0.417,26.5,19.4,0,953,32.666,29.364,0.872,0.49,-0.297,441,1.318,1,4.5,open-meteo-era5,23.234,92.925,6.4,3.34,1.1354166666666665,1.6741071428571428,2.363020833333333,0,0,710.280764317161,2230.9186996092067,0.21660000000000001,2015-07-28
0,roadside_same_date,glc-7778,2015-08-26,8,24.014,92.926,10,Mizoram,19.5,4.4,29.3,101.6,152.6,409.7,107.06,5,7,3.95,11.51,44.23,330.03,0.416,0.418,0.424,24.3,19.4,0,1085,11.497,125.929,-0.587,0.81,0,223,1.608,1,4.5,open-meteo-era5,24.007,92.959,6.65,3.85,1.4686716791979948,2.182599355531686,2.0536340852130324,0,0,41.53645682101552,3000,0.49450000000000005,2015-07-28
0,roadside_same_date,glc-7836,2015-08-27,8,24.189,92.801,10,Mizoram,2.1,10,18.9,65.7,139.3,324.9,99.394,2.7,7,5.48,9.52,37.7,394.23,0.42,0.422,0.424,26.3,21.1,0,690,6.756,210.964,-0.857,-0.514,0.923,246,1.563,1,4.5,open-meteo-era5,24.148,92.774,6.65,3.85,0.9473684210526314,1.4113856068743287,1.6285714285714286,0,0,38.5412206447323,3000,0.634,2015-07-28
0,roadside_same_date,glc-7837,2015-08-27,8,23.796,92.637,5,Mizoram,4.1,7.3,21.9,47.7,124.8,344.8,91.161,2,7,5.48,9.52,37.7,394.23,0.418,0.42,0.418,31.3,25.1,0,96,16.425,163.323,-0.958,0.287,-1.018,194,1.372,1,4.5,open-meteo-era5,23.796,92.664,10.32,6,0.7073643410852712,0.6602990033222591,1.1136950904392764,0,10,598.526865644144,70.61363943714241,0.8427,2015-07-28
0,roadside_same_date,glc-7972,2015-08-28,8,23.676,92.595,25,Mizoram,1.4,5.9,16.9,52.6,122.6,308.6,86.334,3.6,7,10.53,17,32.21,412.8,0.415,0.418,0.42,26.1,20.7,0,829,18.743,291.615,0.368,-0.93,-0.907,454,1.316,1,4.5,open-meteo-era5,23.656,92.563,10.58,5.87,0.532451165721487,0.7102349446394814,0.972274732199118,0,8,744.9261336632649,3000,0.42310000000000003,2015-07-28
0,roadside_same_date,glc-7933,2015-09-01,9,26.163,91.778,1,Assam,35.3,86.9,132,241,437.9,709.5,278.094,11.9,7,8.4,82.12,160.64,398.09,0.493,0.506,0.49,26.5,24.8,0,55,0.696,,0,0,0.123,21,1,1,4.2,open-meteo-era5,26.186,91.776,7.6,5.51,5.789473684210527,4.530075187969925,3.111842105263158,14,27,247.5432496397704,3000,0.3377,2015-08-13
0,roadside_same_date,glc-7923,2015-09-01,9,26.322,91.852,10,Assam,35.3,86.9,132,241,437.9,709.5,278.094,11.9,7,10.67,74.71,148.2,392.25,0.485,0.497,0.491,26.8,24.9,0,52,1.124,,0,0,-0.104,11,1,1,4.2,open-meteo-era5,26.327,91.879,6.97,5.06,6.312769010043041,4.939536790325887,3.393113342898135,0,1,632.9831424197852,100.92470061095446,0.7432000000000001,2015-08-13
0,roadside_same_date,glc-7956,2015-09-05,9,26.18,91.775,1,Meghalaya,7.2,29.2,64.5,224.4,418.4,766.3,284.321,4,7,3.69,63.5,156.6,459.65,0.467,0.475,0.48,30.4,24,0,55,1.245,,0,0,-0.038,48,2.088,2,4.2,open-meteo-era5,26.186,91.776,7.6,5.51,2.828947368421053,4.218045112781955,3.3609649122807017,11,28,5.3371299444428875,3000,0.4182,2015-08-13
0,roadside_same_date,glc-8012,2015-09-06,9,25.763,91.72,1,Meghalaya,17,25.2,97.3,545.7,783.3,1213.4,521.244,7.9,7,0.87,29.57,121.4,451.49,0.474,0.492,0.481,24.8,20.5,0,804,9.606,173.841,-0.994,0.107,-0.319,169,1.909,2,4.2,open-meteo-era5,25.764,91.667,8.04,5.79,4.033996683250415,9.696162046908318,5.0306799336650085,0,0,11.92065014337299,3000,0.3667,2015-08-13
0,roadside_same_date,glc-8224,2015-09-14,9,23.961,92.781,5,Mizoram,7,21.1,34.9,57.2,177.6,281.5,92,5.1,6,19.43,40.44,67.2,393.73,0.419,0.418,0.402,26,20.7,0,799,19.699,81.762,0.143,0.99,0.255,351,1.535,4,4.5,open-meteo-era5,23.937,92.765,5.41,3.85,2.1503388786198396,1.5104304198574068,1.7344423906346271,0,1,113.37726292218824,3000,0.3501,2015-08-13
0,roadside_same_date,glc-8223,2015-09-14,9,23.466,92.746,5,Mizoram,8.2,10,24.4,48.2,157.9,317.2,84.337,3,6,13.58,44.56,78.75,440.49,0.417,0.416,0.402,22.4,17.1,0,1387,14.877,46.45,0.689,0.725,-0.009,336,1.366,3,4.5,open-meteo-era5,23.445,92.744,8.45,5.87,0.9625246548323472,0.8148774302620458,1.2512820512820513,0,2,97.92846986907144,3000,0.6652,2015-08-13
0,roadside_same_date,glc-8339,2015-09-23,9,26.301,91.542,1,Assam,24,22.9,60.6,161.9,248.7,564.9,181.433,3.9,5,67.61,109.72,122.08,410.65,0.501,0.48,0.506,26.4,25.3,0,49,0.22,,0,0,0.019,16,1.821,3,4.2,open-meteo-era5,26.327,91.582,7.31,5.33,2.7633378932968538,3.163963259722494,2.575923392612859,0,0,204.09429491705967,2205.4103990280264,0.6824,2015-08-29
0,roadside_same_date,glc-8366,2015-09-23,9,25.486,91.848,5,Meghalaya,67.6,71.7,214.7,298.4,349.1,1074.2,295.394,8.1,7,48.8,118.09,140.11,587.3,0.479,0.498,0.486,19.2,17.5,0,1823,2.94,131.186,-0.659,0.753,-0.401,60,1.854,4,4.2,open-meteo-era5,25.483,91.855,11.82,8.33,6.054709531866892,3.606478124244621,3.0293288212069935,0,2,27.084491184364065,1981.919125055266,0.3529,2015-08-29
0,roadside_same_date,glc-9215,2016-01-14,1,27.316,88.892,1,West Bengal,2.4,1.8,4.2,16,22.8,32.8,12.709,0.4,4,0.04,0.41,1.36,2.33,0.352,0.351,0.352,-3.2,-11.3,13.58,4236,27.919,101.622,-0.201,0.979,0.482,553,3.448,2,4.4,open-meteo-era5,27.381,88.894,0.16,2.99,8.75,14.285714285714285,6.833333333333333,0,2,23.16778911748309,2001.9866352932802,0.1922,2015-12-19
0,roadside_same_date,glc-9405,2016-04-19,4,26.506,94.729,1,Nagaland,39.4,35.4,80.7,137.2,192.6,267,114.845,6,7,10.83,37.9,68.11,182.12,0.487,0.486,0.512,21,16.6,0,906,23.099,88.691,0.023,1,0.228,342,4.23,1,4.5,open-meteo-era5,26.467,94.758,5.04,4.8,5.337301587301587,3.8888888888888884,1.765873015873016,0,0,17.43223755602315,2201.591335203042,0.5829,2016-03-21
0,roadside_same_date,glc-7655,2016-04-22,4,27.83,91.673,5,Arunachal Pradesh,23.4,15.9,56.9,85.4,164.1,250.7,92.814,2.4,7,3.74,18.37,36.5,62.98,0.426,0.427,0.427,5.7,-1.3,6.72,3845,35.462,202.704,-0.923,-0.386,0.35,748,3.55,2,5,open-meteo-era5,27.803,91.62,1.06,1.49,17.89308176100629,11.509433962264152,7.883647798742138,0,0,587.8087199568913,669.6616911469381,0.35710000000000003,2016-03-21
0,roadside_same_date,glc-9404,2016-05-01,5,27.879,96.856,1,Arunachal Pradesh,2.8,0.8,8.2,31,239.3,448.6,138.379,0.6,5,5.13,18.09,34.86,299.68,0.416,0.418,0.421,24.7,17.7,0,873,36.473,188.346,-0.989,-0.145,-0.866,483,3.667,0,,open-meteo-era5,27.873,96.892,6.11,4.48,0.44735406437534087,0.7248071077858311,2.447354064375341,0,0,18.526484886238485,114.94310333169278,0.7327,2016-04-06
0,roadside_same_date,glc-9335,2016-05-18,5,24.773,92.481,1,Assam,55.8,56.7,119.8,190.5,204.9,655.6,157.599,6.5,7,95.25,271.6,358.76,710.69,0.476,0.496,0.48,28.5,22.8,0,26,1.365,,0,0,0.065,37,2.099,4,4.8,open-meteo-era5,24.78,92.511,13.78,7.97,2.897919690372521,1.974911880572258,1.5858732462506049,0,0,36.62008615432913,2244.94156870606,0.6227,2016-04-22
0,roadside_same_date,glc-9338,2016-05-18,5,24.759,92.636,10,Assam,44.4,43.8,92.7,155.6,171.9,650.4,141.441,4.4,7,95.25,271.6,358.76,710.69,0.472,0.495,0.47,28.7,22.8,0,20,1.538,,0,0,-0.055,14,2.21,4,4.8,open-meteo-era5,24.78,92.607,13.78,7.97,2.242380261248186,1.6131038772548207,1.5732946298984034,0,0,579.9797852376657,441.5672135166028,0.46690000000000004,2016-04-22
0,roadside_same_date,glc-9334,2016-05-18,5,24.723,92.794,1,Assam,44.4,43.8,92.7,155.6,171.9,650.4,141.441,4.4,7,75.63,179.71,267.55,559.2,0.478,0.489,0.449,28.4,22.7,0,24,1.761,,0,0,0,18,2.334,4,4.8,open-meteo-era5,24.71,92.797,7.78,4.66,3.9717223650385605,2.857142857142857,2.7866323907455013,0,0,8.764730956956363,1911.9738443521233,0.5879,2016-04-22
0,roadside_same_date,glc-9336,2016-05-18,5,24.205,92.383,1,Assam,25.2,18,50.9,76.2,88.2,311.8,69.032,5.3,7,53.01,83.73,156.01,336.81,0.412,0.406,0.381,30.4,23.3,0,118,2.725,61.504,0.477,0.879,0.046,71,2.084,5,4.8,open-meteo-era5,24.218,92.394,10.84,6,1.5651906519065193,1.0042171850289932,0.9587945879458796,0,0,3000,3000,0.7538,2016-04-22
0,roadside_same_date,glc-9168,2016-06-12,6,27.965,93.72,10,Arunachal Pradesh,3.9,4.3,12.9,66.3,129.4,297.2,89.358,2.7,7,17.61,37.01,87.47,272.4,0.415,0.416,0.421,29.1,18.6,0,877,33.199,97.152,-0.124,0.992,0,731,1.354,2,4.5,open-meteo-era5,28.014,93.657,12.47,5.75,0.3448275862068965,0.7595371749341275,0.7944399893076717,0,0,16.95903315337474,3000,0.7816000000000001,2016-05-24
0,roadside_same_date,glc-9142,2016-06-14,6,26.043,94.701,1,Nagaland,4.5,16.7,45.2,133.4,153.5,255.1,118.46,2.7,7,1.66,24.13,61.34,269.76,0.493,0.492,0.51,21.4,16.8,0,1726,19.306,3.972,0.998,0.069,0.245,429,2.715,3,4.6,open-meteo-era5,26.046,94.726,8.04,3.98,1.8739635157545609,2.370291400142147,1.0576285240464345,0,5,528.6097273680112,2720.8518255647286,0.7377,2016-05-24
0,roadside_same_date,glc-8222,2016-06-22,6,26.149,92.016,5,Assam,12.6,4.6,19.7,133,257.6,405.4,157.448,1.9,7,19.78,46.18,154.1,368.1,0.477,0.489,0.47,28.9,25.4,0,58,0.928,,0,0,-0.076,72,1,0,,open-meteo-era5,26.116,91.972,12.46,5.51,0.5270197966827179,1.5248796147672552,1.084537185660781,0,1,383.2783263330464,1797.6555584865828,0.6757000000000001,2016-05-24
0,roadside_same_date,glc-8237,2016-07-01,7,27.345,92.745,1,Arunachal Pradesh,78.6,75.6,228.1,391.4,688.4,1123.6,421.598,5.1,7,12.34,28.45,32.96,174.03,0.429,0.429,0.428,20.5,18.7,0,1272,24.586,128.684,-0.625,0.781,0.145,423,1.017,0,,open-meteo-era5,27.381,92.816,8.7,3.51,8.739463601532568,6.426929392446635,4.304980842911877,0,0,142.67981383928378,3000,0.2212,2016-06-09
0,roadside_same_date,glc-8900,2016-07-07,7,25.166,94.353,25,Manipur,3.5,7.8,24,118.2,181.6,394.4,134.629,2.9,7,11.95,28.19,92.02,255.75,0.471,0.464,0.486,23.5,17.4,0,1762,8.326,159.775,-0.938,0.346,0.074,165,2.252,5,4.7,open-meteo-era5,25.132,94.369,6.73,3.16,1.188707280832095,2.5090214391848864,1.9534422981674096,0,4,33.75288502748308,3000,0.8596,2016-06-09
0,roadside_same_date,glc-8901,2016-07-10,7,25.48,94.214,25,Nagaland,14.9,2.5,18.3,63.3,217.3,461.8,132.276,6.4,6,7.59,14.04,60.06,286.29,0.48,0.484,0.462,22.7,17.5,0,1771,12.239,142.237,-0.791,0.612,-0.075,187,2.29,3,4.7,open-meteo-era5,25.483,94.197,7.3,3.58,0.8356164383561645,1.2387475538160468,2.108675799086758,1,10,32.83800847553741,1024.057582620001,0.1807,2016-06-09
0,roadside_same_date,glc-8930,2016-07-11,7,26.116,94.267,1,Nagaland,11.3,24.8,53.4,106.3,240.6,439.9,160.267,3.9,7,8.39,28.43,66.58,355.52,0.485,0.497,0.494,24.4,19.6,0,1246,8.162,13.213,0.974,0.229,-0.189,354,1.888,2,4.7,open-meteo-era5,26.116,94.239,8.77,3.98,2.029646522234892,1.731552370092849,1.6719878373242114,0,1,234.2935991475764,2497.480089025073,0.3639,2016-06-09
0,roadside_same_date,glc-8995,2016-07-14,7,25.985,92.038,5,Assam,16.4,33.2,105.2,200.8,444.1,797.6,279.516,9.9,7,7.89,16.48,48.2,419.39,0.47,0.475,0.459,26.2,23.2,0,639,13.165,49.205,0.653,0.757,0.038,280,1.084,0,,open-meteo-era5,25.975,92.066,11.73,5.51,2.989485649332197,2.445499939106077,2.2665529980107983,0,0,651.1743096234552,3000,0.742,2016-06-25
0,roadside_same_date,glc-8996,2016-07-14,7,26.108,91.603,1,Assam,26,12.4,54.5,242.8,584.8,972.1,333.974,5.7,7,7.89,16.48,48.2,419.39,0.449,0.483,0.474,29.7,26.4,0,55,0.44,,0,0,0,10,1.017,0,,open-meteo-era5,26.116,91.577,12.45,5.79,1.459170013386881,2.786001147446931,2.602677376171352,0,12,211.13798814078126,3000,0.6931,2016-06-25
0,roadside_same_date,glc-9010,2016-07-16,7,27.043,93.624,5,Arunachal Pradesh,31.8,13.2,52.1,71,122.8,225.6,63.961,3.9,7,38.01,105.3,175.09,491.48,0.418,0.418,0.416,25.2,24,0,347,6.574,102.265,-0.212,0.977,0.547,162,1.29,2,4.7,open-meteo-era5,27.03,93.6,14,6.02,1.2404761904761905,0.7244897959183674,0.5371428571428571,0,5,0.2907028962993672,749.2194716247266,0.5782,2016-06-25
0,roadside_same_date,glc-9051,2016-07-19,7,25.96,91.992,25,Meghalaya,63.8,27.6,182.5,291.3,491.9,840.3,325.359,14.5,7,19.72,128.07,204.59,491.25,0.468,0.493,0.466,26.9,23,0,539,4.124,222.274,-0.74,-0.673,-0.216,48,1.095,0,,open-meteo-era5,25.975,91.967,11.73,5.51,5.186132423984087,3.5476799415418343,2.3878942881500422,0,2,218.39077603160223,3000,0.5618000000000001,2016-06-25
0,roadside_same_date,glc-9124,2016-07-19,7,25.465,90.719,5,Meghalaya,11.9,40.3,73.3,111.2,192.6,408,149.359,5.2,6,35.18,206.33,298,767.62,0.467,0.486,0.499,27.5,24.1,0,260,3.496,341.565,0.949,-0.316,0.093,149,1.209,0,,open-meteo-era5,25.483,90.683,15.28,6.9,1.5990401396160558,1.0396409872849663,0.8900523560209425,0,0,1277.4702886982273,359.3640185687084,0.8468,2016-06-25
0,roadside_same_date,glc-9074,2016-07-20,7,27.137,87.99,1,West Bengal,70.9,21.7,150.3,444.4,592.1,1066.3,414.566,8.9,7,40.66,74.54,164.04,460.78,0.424,0.426,0.427,13.4,11.3,0,3271,28.271,7.724,0.991,0.134,0.336,525,2.089,1,4.7,open-meteo-era5,27.17,87.996,13.51,4.23,3.7083641746854186,4.699164639949244,2.630890698248211,0,0,332.67157209965285,3000,0.4486,2016-06-25
0,roadside_same_date,glc-9122,2016-07-20,7,25.965,92.1,5,Assam,40.7,63.8,132.1,298.8,518.9,874.1,355.063,14.5,7,32.15,108.99,231.77,508.83,0.481,0.495,0.481,26.5,23.4,0,508,15.454,123.551,-0.553,0.833,-0.423,225,1.093,0,,open-meteo-era5,25.975,92.066,11.73,5.51,3.7539073600454675,3.6390208257215932,2.4839443023586245,0,0,244.09396570040008,1597.5954529101098,0.8764000000000001,2016-06-25
0,roadside_same_date,glc-9138,2016-07-21,7,27.166,88.295,1,West Bengal,116.3,90,236.1,514.2,596.1,1039.7,407.644,10,7,19.54,81.02,168.83,449.81,0.43,0.433,0.427,26.2,23.8,0,400,17.83,144.615,-0.815,0.579,-0.163,413,2.031,1,4.7,open-meteo-era5,27.17,88.296,14.36,4.67,5.4805013927576605,5.115399920413848,2.413416898792944,0,11,15.433062881100552,194.41185721383124,0.8494,2016-06-25
0,roadside_same_date,glc-9186,2016-07-25,7,25.306,94.011,1,Manipur,22.3,18.6,46.5,86.9,169.4,311.5,96.653,1.9,7,16.77,29.37,43.78,270.62,0.433,0.432,0.43,20,18.4,0,1357,17.982,268.084,-0.033,-0.999,0.084,265,2.041,4,4.7,open-meteo-era5,25.343,93.994,7.3,3.58,2.1232876712328768,1.700587084148728,1.4223744292237444,2,3,8.47954285758251,2817.6435219869713,0.43170000000000003,2016-06-25
0,roadside_same_date,glc-9220,2016-07-26,7,27.301,88.385,1,West Bengal,77.2,177.6,310.5,705.6,1215.9,1712.6,750.393,10.5,7,23.49,81.22,147.48,381.96,0.429,0.43,0.428,17.4,15.7,0,1564,42.826,205.649,-0.901,-0.433,-0.337,801,2.106,1,4.7,open-meteo-era5,27.311,88.393,9.15,2.99,11.311475409836065,11.016393442622952,6.238979963570127,0,4,28.247677524888584,3000,0.13290000000000002,2016-06-25
0,roadside_same_date,glc-9219,2016-07-26,7,25.948,94.649,5,Nagaland,6.7,26.4,76.3,124.5,241.7,421.8,159.713,3.8,7,1.68,31.23,61.28,319.74,0.478,0.476,0.508,20.6,13.3,0,1908,30.837,212.56,-0.843,-0.538,-0.075,381,2.105,3,4.7,open-meteo-era5,25.975,94.623,8.77,3.98,2.9000380083618396,2.0280175924417656,1.603192702394527,1,3,91.20230195434829,2497.688710873656,0.4723,2016-06-25
0,roadside_same_date,glc-9251,2016-07-28,7,25.695,94.727,1,Nagaland,3.6,3.8,13.9,102.2,199,469,144.918,1.6,7,17.39,37.96,83.06,312.13,0.489,0.492,0.452,28.1,21.5,0,707,4.839,30.964,0.857,0.514,-0.571,304,2.261,3,4.7,open-meteo-era5,25.694,94.701,7.38,3.4,0.6278229448961157,1.978319783197832,2.118337850045167,0,1,358.43921264237224,1803.2864101471637,0.7443000000000001,2016-06-25
0,roadside_same_date,glc-9232,2016-07-28,7,23.529,92.994,1,Mizoram,1.4,4.1,9,33.5,92.8,309.8,71.146,2.9,6,7.01,19.12,53.22,248.85,0.413,0.415,0.417,26.1,19.3,0,1124,14.016,9.597,0.986,0.167,-0.452,275,2.113,6,4.9,open-meteo-era5,23.515,93.032,7.26,3.28,0.4132231404958677,0.6591892955529319,1.4224058769513317,0,1,630.2802647426921,3000,0.8745,2016-06-25
0,roadside_same_date,glc-9252,2016-07-28,7,27.8,91.986,5,Arunachal Pradesh,12.7,12,43.2,133.8,275.1,487.8,168.143,1.9,7,6.59,14.89,44.69,163.27,0.425,0.427,0.426,12.6,7.4,0,3713,21.275,337.087,0.921,-0.389,0.496,410,1,0,,open-meteo-era5,27.733,91.921,4.32,1.44,3.3333333333333335,4.424603174603175,3.7638888888888884,0,0,63.385560910094476,164.57835424679539,0.2998,2016-06-25
0,roadside_same_date,glc-9464,2016-08-05,8,27.653,91.86,5,Arunachal Pradesh,7.7,5.8,15.1,58.9,217.5,496.5,125.488,2.2,7,0.23,10.25,20.27,202.47,0.406,0.406,0.412,11.7,5.3,0.56,4052,9.241,288.983,0.325,-0.946,-0.301,270,1,0,,open-meteo-era5,27.733,91.82,5.37,2.96,0.9373060211049038,1.5669060920457567,3.0819366852886407,0,3,179.43728809352723,3000,0.1631,2016-07-11
0,roadside_same_date,glc-9603,2016-10-12,10,27.015,88.209,10,West Bengal,23.2,31,82.9,156.3,206.8,659.9,193.85,4.4,7,20.4,41.55,76.21,288.34,0.427,0.427,0.429,16.2,14.2,0,2069,38.409,5.403,0.996,0.094,0.355,644,1,2,4.2,open-meteo-era5,27.03,88.1,2.26,4.23,12.227138643067848,9.879898862199749,9.733038348082596,5,17,952.0450596553959,2565.483353878497,0.3405,2016-09-13
0,roadside_same_date,glc-9587,2016-10-12,10,26.897,88.567,25,West Bengal,121.6,14,142.5,194.8,209.3,523.3,107.277,16.2,6,22.91,53.46,86.71,325.03,0.35,0.335,0.247,22.9,21.2,0,310,19.804,168.843,-0.981,0.194,0.153,256,1,0,,open-meteo-era5,26.889,88.603,2.66,4.67,17.857142857142858,10.46186895810956,6.557644110275688,0,7,35.839993725847535,349.71956345548614,0.7543000000000001,2016-09-13
0,roadside_same_date,glc-9604,2016-10-12,10,26.998,88.3,10,Sikkim,63.1,40,131.9,201.5,230.1,580.2,180.536,6.7,6,20.4,41.55,76.21,288.34,0.427,0.427,0.429,15.7,13.6,0,2077,18.99,23.466,0.917,0.398,-0.537,534,1,2,4.2,open-meteo-era5,27.03,88.2,2.66,4.67,16.528822055137844,10.821697099892589,7.270676691729323,3,33,7.105421313960453,2324.0542513980195,0.044500000000000005,2016-09-13
0,roadside_same_date,glc-9618,2016-10-15,10,26.973,88.767,1,West Bengal,0,0.5,24.4,333.6,377.6,613.8,303.484,0.2,5,0.46,24.83,85.99,335.92,0.349,0.35,0.389,27.5,19.6,0,422,17.075,282.653,0.219,-0.976,-0.23,161,1,0,,open-meteo-era5,26.96,88.801,2.66,4.67,3.057644110275689,17.91621911922664,7.691729323308269,0,0,72.46926970797578,563.1958755039343,0.796,2016-09-13
0,roadside_same_date,glc-9617,2016-10-15,10,27.001,88.278,5,West Bengal,0,37.1,137.3,310.9,358.4,698.5,308.61,5.5,6,0.71,17.25,66.59,294.32,0.423,0.425,0.427,17,10.1,0,2222,33.782,24.878,0.907,0.421,-0.278,580,1,2,4.2,open-meteo-era5,27.03,88.2,2.66,4.67,17.205513784461154,16.69709989258861,8.7531328320802,10,30,68.99818178737786,401.30433589015615,0.1293,2016-09-13
0,roadside_same_date,glc-9620,2016-10-15,10,27.279,88.617,5,Sikkim,1.2,15.3,60.6,164.8,206.4,670.4,189.581,4.5,7,0.32,17.55,56.95,220.49,0.419,0.418,0.435,20.3,16.1,0,1369,27.4,182.984,-0.999,-0.052,0.491,429,1,1,4,open-meteo-era5,27.311,88.594,1.55,2.99,13.032258064516128,15.1889400921659,14.417204301075268,1,16,3.133615303638067,2045.9982036475571,0.887,2016-09-13
0,roadside_same_date,glc-9619,2016-10-15,10,27.324,88.481,5,Sikkim,1.2,15.3,60.6,164.8,206.4,670.4,189.581,4.5,7,0.32,17.55,56.95,220.49,0.419,0.422,0.435,24.9,21.3,0,723,30.193,321.68,0.785,-0.62,0,608,1,1,4,open-meteo-era5,27.241,88.495,1.55,2.99,13.032258064516128,15.1889400921659,14.417204301075268,0,10,74.1241399656548,408.56326013795416,0.6534,2016-09-13
0,roadside_same_date,rimbi-2026-08-13,2026-08-13,8,27.013,88.1,1,Sikkim,6.3,4.6,12.9,74.5,319.9,523.4,160.632,1.1,7,7.3,10.88,81.79,395.24,0.396,0.4,0.412,21.4,15.3,0,2278,27.926,95.697,-0.099,0.995,0.23,530,1,0,,open-meteo-era5,27.1,88.098,10.23,4.23,0.4203323558162268,1.0403574919703953,1.7054415118931245,0,7,1.3426514268606105,1360.4130048404481,0.1489,2026-07-12
0,roadside_same_date,rimbi-2026-08-14,2026-08-14,8,27.013,88.339,1,Sikkim,3.4,6.6,11.1,31.6,159.1,344.8,83.982,1.2,7,6.42,16,80.99,396.64,0.389,0.392,0.41,27,20.2,0,1164,23.567,124.715,-0.57,0.822,0.192,493,1,0,,open-meteo-era5,27.03,88.3,10.97,4.67,0.3372835004557885,0.41151191561401224,1.0477058644788817,1,30,3.713490942534863,2150.8071080485774,0.17,2026-07-12
0,roadside_same_date,rimbi-2026-09-24,2026-09-24,9,27.286,88.561,1,Sikkim,40.3,26,79.4,108.1,263.4,438,141.784,8.8,6,25.47,45.45,125.79,405.39,0.414,0.414,0.416,17.9,15.3,0,1591,27.825,196.75,-0.958,-0.288,0.395,721,2.036,1,4.8,open-meteo-era5,27.381,88.592,5.11,2.99,5.17938682322244,3.0220855465473857,2.8571428571428568,0,16,18.3826916990119,2381.505609255677,0.3088,2026-08-13
