label,sample_type,event_id,date,month,lat,lng,accuracy_km,state,rain_d0,rain_d1,rain_3d,rain_7d,rain_15d,rain_30d,api_30d,max_1h_48h,rainy_days_7d,power_rain_d0,power_rain_3d,power_rain_7d,power_rain_30d,sm_top,sm_mid,sm_deep,tmax_d0,tmin_d0,snowfall_7d,elev_m,slope_deg,aspect_deg,northness,eastness,curvature,relief_1km,quake_max_mmi_30d,quake_count_300km_30d,quake_max_mag_300km_30d,weather_source,weather_grid_lat,weather_grid_lng
1,event,glc-57,2007-04-11,4,27.446,88.619,5,,7.5,14,40.9,143.2,210.3,513.9,173.492,2.3,7,0.01,8.45,9.91,15.07,0.417,0.422,0.42,15.5,2.8,34.72,1964,16.846,186.289,-0.994,-0.11,0.039,468,1,0,,open-meteo-era5,27.452,88.591
0,same_place_other_date,glc-57,2016-03-25,3,27.446,88.619,5,,1.8,3.4,15.1,193.8,405.2,676.6,251.415,0.8,7,0,0.03,6.11,35.59,0.397,0.404,0.425,17.5,9.2,65.8,1964,16.846,186.289,-0.994,-0.11,0.039,468,1,0,,open-meteo-era5,27.452,88.591
0,same_place_other_date,glc-57,2020-04-22,4,27.446,88.619,5,,29.9,25.7,68.9,152.3,181.8,350.8,131.311,4.2,7,6.48,17.96,41.95,90.68,0.425,0.427,0.403,12.5,8.4,0,1964,16.846,186.289,-0.994,-0.11,0.039,468,1.786,1,4,open-meteo-era5,27.452,88.591
0,nearby_place_same_date,glc-57,2007-04-11,4,27.466,88.748,5,,3.5,6.8,16.9,63.9,91,184.5,70.624,1.2,7,0.01,8.45,9.91,15.07,0.42,0.422,0.424,5.7,-4.3,14.21,4052,5.16,56.094,0.558,0.83,-0.28,412,1,0,,open-meteo-era5,27.452,88.792
1,event,glc-93,2007-06-13,6,26.732,88.409,25,West Bengal,15.2,0.3,44.9,277.8,309.8,398.3,235.909,5.8,6,4.7,6.86,86.85,176.92,0.398,0.412,0.417,29.8,24.2,0,120,0.313,,0,0,-0.057,8,3.666,3,4.9,open-meteo-era5,26.749,88.407
0,same_place_other_date,glc-93,2020-07-10,7,26.732,88.409,25,West Bengal,40.3,22.2,93.7,261.7,850.9,1383.9,444.313,11.4,7,96.03,131.39,197.11,692.79,0.434,0.435,0.42,27.6,25.2,0,120,0.313,,0,0,-0.057,8,1.595,0,,open-meteo-era5,26.749,88.407
0,same_place_other_date,glc-93,2012-05-03,5,26.732,88.409,25,West Bengal,6.7,0.7,12.2,18.2,22.2,101.7,16.975,2.1,4,0.13,7.12,10.19,105.28,0.179,0.179,0.181,29,20.8,0,120,0.313,,0,0,-0.057,8,1,0,,open-meteo-era5,26.749,88.407
0,nearby_place_same_date,glc-93,2007-06-13,6,26.666,88.339,25,West Bengal,14,0.4,51.3,293.3,320.3,438,250.799,4.1,6,4.7,6.86,86.85,176.92,0.391,0.404,0.423,29.9,24.2,0,116,1.051,,0,0,-0.057,9,3.573,3,4.9,open-meteo-era5,26.678,88.309
1,event,glc-94,2007-06-15,6,26.81,88.526,25,West Bengal,63.4,25.7,104.3,361,394.8,484.8,230.462,5.7,6,12.63,22.96,84.1,155.34,0.429,0.423,0.362,25.2,23.7,0,156,11.764,65.389,0.416,0.909,0.325,58,3.731,2,4.9,open-meteo-era5,26.819,88.505
0,same_place_other_date,glc-94,2014-05-11,5,26.81,88.526,25,West Bengal,1.4,0,2.9,69.6,111,111.7,68.207,0.5,6,1.11,3.52,27.8,98.51,0.351,0.359,0.195,31.3,21,0,156,11.764,65.389,0.416,0.909,0.325,58,1.152,0,,open-meteo-era5,26.819,88.505
0,same_place_other_date,glc-94,2010-05-31,5,26.81,88.526,25,West Bengal,18.7,5.7,25.5,87,246.3,322.5,121.88,3.8,6,9.83,19.97,39.98,204.31,0.371,0.366,0.326,29.3,23,0,156,11.764,65.389,0.416,0.909,0.325,58,1.383,0,,open-meteo-era5,26.819,88.505
0,nearby_place_same_date,glc-94,2007-06-15,6,26.976,88.425,25,West Bengal,41.7,9.5,59.6,178.4,187,237.8,104.552,4.2,7,14.58,26.74,66.62,134.89,0.424,0.412,0.336,23.9,22.5,0,378,12.558,218.758,-0.78,-0.626,0.469,321,4.234,2,4.9,open-meteo-era5,26.96,88.502
1,event,glc-126,2007-07-16,7,27.15,88.38,25,Sikkim,17.3,8.6,43.3,288.3,486.4,717.1,307.309,2.7,7,15.14,46.44,126.22,268.15,0.413,0.422,0.416,23.3,20.3,0,1108,29.353,0.374,1,0.007,0.221,517,1,0,,open-meteo-era5,27.17,88.396
0,same_place_other_date,glc-126,2018-06-01,6,27.15,88.38,25,Sikkim,15,5.9,22.4,61.5,184.1,297.2,102.801,3.1,7,2.8,8.3,38.88,177.91,0.387,0.386,0.427,25.7,17.5,0,1108,29.353,0.374,1,0.007,0.221,517,1.768,2,4.4,open-meteo-era5,27.17,88.396
0,same_place_other_date,glc-126,2011-06-26,6,27.15,88.38,25,Sikkim,31.7,51.2,169.9,269.4,431.3,580.2,291.328,11.3,7,9.6,71.08,134.51,247.65,0.416,0.414,0.435,23.1,20.2,0,1108,29.353,0.374,1,0.007,0.221,517,4.006,1,5,open-meteo-era5,27.17,88.396
0,nearby_place_same_date,glc-126,2007-07-16,7,27.434,88.284,25,Sikkim,13,11.7,44.6,220.4,331.2,588.4,225.709,2,7,8.48,25.38,73.85,165.65,0.426,0.427,0.413,16.5,11.8,0.77,2718,28.272,275.242,0.091,-0.996,-0.927,667,1,0,,open-meteo-era5,27.452,88.289
1,event,glc-130,2007-07-19,7,26.17,91.799,25,Assam,12.5,10.1,38.7,162.8,284.3,472.8,184.671,6.6,7,24.86,59.05,102.7,266.38,0.467,0.485,0.475,28.5,25.4,0,142,2.369,93.366,-0.059,0.998,0.132,156,1.834,1,4.8,open-meteo-era5,26.186,91.776
0,same_place_other_date,glc-130,2025-08-12,8,26.17,91.799,25,Assam,41.4,8.2,51.2,129.6,301.6,497.6,156.776,9,7,13.71,31.49,65.53,358.69,0.459,0.445,0.416,30.5,25.6,0,142,2.369,93.366,-0.059,0.998,0.132,156,1,0,,open-meteo-era5,26.186,91.776
0,same_place_other_date,glc-130,2015-06-30,6,26.17,91.799,25,Assam,3.4,2.2,30.5,40,226.7,441.5,137.287,1.2,5,1.86,5.76,44.62,343.9,0.484,0.486,0.473,30.7,25.3,0,142,2.369,93.366,-0.059,0.998,0.132,156,3.033,2,5.1,open-meteo-era5,26.186,91.776
0,nearby_place_same_date,glc-130,2007-07-19,7,26.315,91.553,25,Assam,14,3.3,28,195.9,277.9,442.5,189.055,1.5,7,37.63,59.69,113.05,295.66,0.465,0.478,0.471,29.8,26,0,48,0.296,,0,0,0.047,15,1.68,1,4.8,open-meteo-era5,26.327,91.582
1,event,glc-142,2007-07-27,7,25.521,90.232,10,Meghalaya,59.4,53,173.5,247.4,351.9,421.4,210.289,8.5,7,34.65,104.6,170.2,452.12,0.471,0.498,0.49,24,21,0,576,16.121,234.184,-0.585,-0.811,0.112,435,1,0,,open-meteo-era5,25.483,90.293
0,same_place_other_date,glc-142,2013-09-03,9,25.521,90.232,10,Meghalaya,17.9,7.9,32.1,49.5,121.3,280,72.222,4.2,7,13.31,35.9,73.68,284.64,0.503,0.499,0.482,26.4,22.1,0,576,16.121,234.184,-0.585,-0.811,0.112,435,1.192,2,4.2,open-meteo-era5,25.483,90.293
0,same_place_other_date,glc-142,2008-06-16,6,25.521,90.232,10,Meghalaya,17.7,5.9,40.3,72.1,185.4,424.7,105.941,7.2,7,8.65,41.25,82.72,339.03,0.481,0.484,0.485,29.3,23.7,0,576,16.121,234.184,-0.585,-0.811,0.112,435,1.819,1,4.5,open-meteo-era5,25.483,90.293
0,nearby_place_same_date,glc-142,2007-07-27,7,25.546,90.047,10,Meghalaya,46.1,45.7,144.7,222.9,326.5,385.2,196.536,8.6,7,34.65,104.6,170.2,452.12,0.427,0.426,0.437,27.6,24,0,41,1.008,,0,0,0.075,46,1,0,,open-meteo-era5,25.554,90
1,event,glc-147,2007-07-30,7,22.533,92.899,25,Mizoram,0.8,1.3,4.3,43.6,361.3,590.8,180.34,0.3,6,0.31,3.17,25.87,228.9,0.408,0.411,0.417,26.9,19.8,0,809,7.996,294.842,0.42,-0.907,-0.41,251,3.54,4,4.8,open-meteo-era5,22.531,92.894
0,same_place_other_date,glc-147,2021-07-21,7,22.533,92.899,25,Mizoram,1.4,24.3,32.6,86.8,266.3,509.8,170.961,15.8,7,3.49,33.52,80.66,350.06,0.42,0.423,0.419,28,20.1,0,809,7.996,294.842,0.42,-0.907,-0.41,251,2.221,3,4.5,open-meteo-era5,22.531,92.894
0,same_place_other_date,glc-147,2026-08-15,8,22.533,92.899,25,Mizoram,14.5,4.8,37.5,94.4,243.7,476.5,147.685,6.4,7,7.41,18.21,80.39,349.6,0.41,0.415,0.423,27.2,21.3,0,809,7.996,294.842,0.42,-0.907,-0.41,251,2.005,3,4.8,open-meteo-era5,22.531,92.894
0,nearby_place_same_date,glc-147,2007-07-30,7,22.365,93.105,25,Mizoram,1,1.5,5.8,50.1,422.7,659.8,205.314,0.4,7,0.31,3.17,25.87,228.9,0.404,0.409,0.419,24.6,17.2,0,1279,11.144,281.041,0.192,-0.981,-0.534,372,3.131,4,4.8,open-meteo-era5,22.32,93.164
1,event,glc-148,2007-07-30,7,22.479,92.967,25,Mizoram,0.8,1.3,4.3,43.6,361.3,590.8,180.34,0.3,6,0.31,3.17,25.87,228.9,0.405,0.409,0.419,29.3,22,0,441,9.031,161.834,-0.95,0.312,-1.033,428,3.397,4,4.8,open-meteo-era5,22.46,92.891
0,same_place_other_date,glc-148,2007-09-12,9,22.479,92.967,25,Mizoram,8.9,3.1,23.7,99.3,207.3,385.4,127.412,2.5,7,0.29,3.46,70.56,164.99,0.417,0.42,0.421,28.9,22.3,0,441,9.031,161.834,-0.95,0.312,-1.033,428,2.738,6,4.6,open-meteo-era5,22.46,92.891
0,same_place_other_date,glc-148,2010-09-10,9,22.479,92.967,25,Mizoram,7.5,7,20.9,55.5,127.6,258.5,79.684,2.5,7,7.08,14.89,19.67,214.28,0.414,0.416,0.413,27.3,22.6,0,441,9.031,161.834,-0.95,0.312,-1.033,428,2.203,1,5.1,open-meteo-era5,22.46,92.891
0,nearby_place_same_date,glc-148,2007-07-30,7,22.432,93.3,25,Mizoram,0.3,0.7,1.9,28.9,280.9,506.4,146.374,0.3,4,0.31,3.17,25.87,228.9,0.401,0.407,0.419,21.3,13.4,0,1925,5.34,312.955,0.681,-0.732,0.623,336,2.931,4,4.8,open-meteo-era5,22.46,93.358
1,event,glc-151,2007-08-02,8,26.891,88.279,25,West Bengal,19,17,44.8,255.8,631.6,930,348.986,2.4,7,9.7,23.9,116.61,513.09,0.427,0.428,0.427,20.4,17.4,0,1493,25.855,307.621,0.61,-0.792,0.354,480,1,0,,open-meteo-era5,26.96,88.302
0,same_place_other_date,glc-151,2016-07-04,7,26.891,88.279,25,West Bengal,33.3,14.5,113.1,251.8,479.9,774.6,296.868,5,7,21.31,44.96,90.91,380.67,0.426,0.427,0.426,20.6,17.6,0,1493,25.855,307.621,0.61,-0.792,0.354,480,1.83,1,4.7,open-meteo-era5,26.96,88.302
0,same_place_other_date,glc-151,2026-08-11,8,26.891,88.279,25,West Bengal,1.5,3.2,18.5,37.6,193.9,595.8,124.534,0.8,7,1.3,32.09,104.49,422.89,0.419,0.423,0.421,26.8,19.2,0,1493,25.855,307.621,0.61,-0.792,0.354,480,1,0,,open-meteo-era5,26.96,88.302
0,nearby_place_same_date,glc-151,2007-08-02,8,26.926,87.919,25,West Bengal,19.4,14.4,42.7,246.2,596.1,889.1,330.614,2.8,7,9.7,23.9,116.61,513.09,0.425,0.427,0.425,22.6,19.1,0,1153,35.034,319.811,0.764,-0.645,-0.211,448,1,0,,open-meteo-era5,26.889,87.905
1,event,glc-210,2007-08-25,8,27.071,88.431,25,West Bengal,13.1,34.2,64.3,79.5,587.5,892,288.257,6.7,7,4.63,28.19,47.01,282.66,0.414,0.425,0.382,30.2,25.2,0,283,38.172,287.306,0.297,-0.955,-0.566,402,3.787,2,5,open-meteo-era5,27.1,88.398
0,same_place_other_date,glc-210,2018-08-22,8,27.071,88.431,25,West Bengal,47.9,51.1,108.1,123.6,314.7,559.7,167.296,16.3,7,42.21,75.03,84.92,431.86,0.423,0.428,0.401,30.6,25.5,0,283,38.172,287.306,0.297,-0.955,-0.566,402,1.797,0,,open-meteo-era5,27.1,88.398
0,same_place_other_date,glc-210,2017-09-20,9,27.071,88.431,25,West Bengal,78.6,7.6,104.2,112.4,322.2,702.2,173.342,13.5,6,29.63,43.3,61.61,262.16,0.401,0.411,0.387,26.2,25.2,0,283,38.172,287.306,0.297,-0.955,-0.566,402,1,1,4.1,open-meteo-era5,27.1,88.398
0,nearby_place_same_date,glc-210,2007-08-25,8,26.811,88.279,25,West Bengal,8.7,12.5,37.4,64.1,460.8,766,215.494,1.7,7,4.63,28.19,47.01,282.66,0.424,0.426,0.409,29.1,24.2,0,276,4.77,197.904,-0.952,-0.307,0.029,185,3.707,2,5,open-meteo-era5,26.819,88.306
1,event,glc-211,2007-08-26,8,24.967,93.55,5,Manipur,68.7,16.9,96.5,115.8,153.9,202.5,58.763,6.7,7,5.9,7.74,30.56,114.31,0.426,0.426,0.409,22.8,21.7,0,567,15.11,244.12,-0.436,-0.9,-0.454,261,1.807,6,4.8,open-meteo-era5,24.921,93.484
0,same_place_other_date,glc-211,2020-10-07,10,24.967,93.55,5,Manipur,2,33.4,59.3,84.8,157.7,282.7,110.981,7.7,7,2.5,26.39,52.06,200,0.425,0.425,0.406,27.4,21,0,567,15.11,244.12,-0.436,-0.9,-0.454,261,2.399,7,5.1,open-meteo-era5,24.921,93.484
0,same_place_other_date,glc-211,2014-07-13,7,24.967,93.55,5,Manipur,2.1,3.2,11.2,19.2,73.5,329.4,61.534,2,6,5.42,11.12,15.16,318.71,0.402,0.402,0.394,31.3,24,0,567,15.11,244.12,-0.436,-0.9,-0.454,261,2.556,4,4.3,open-meteo-era5,24.921,93.484
0,nearby_place_same_date,glc-211,2007-08-26,8,25.075,93.616,5,Manipur,68.7,16.9,96.5,115.8,153.9,202.5,58.763,6.7,7,5.9,7.74,30.56,114.31,0.423,0.421,0.397,20.2,19.1,0,1140,14.785,316.478,0.725,-0.689,0.631,254,1.716,6,4.8,open-meteo-era5,25.062,93.588
1,event,glc-218,2007-08-29,8,27.01,88.255,10,West Bengal,16.1,17.4,44.4,115.2,260.7,584.4,162.549,2.1,7,2.51,7.39,40.94,202.7,0.419,0.418,0.411,18.1,13.3,0,2315,19.197,193.206,-0.974,-0.228,0.297,285,3.992,2,5,open-meteo-era5,27.03,88.2
0,same_place_other_date,glc-218,2016-09-06,9,27.01,88.255,10,West Bengal,11.1,12.9,37,199.3,272.3,426.4,193.909,1.9,7,6.51,26.09,94.64,235.65,0.425,0.426,0.429,17,13.6,0,2315,19.197,193.206,-0.974,-0.228,0.297,285,2.801,0,,open-meteo-era5,27.03,88.2
0,same_place_other_date,glc-218,2012-10-08,10,27.01,88.255,10,West Bengal,2.5,2.5,9.4,103.6,197.6,787,178.096,1,7,0.03,0.03,6.22,248.96,0.406,0.412,0.417,17.9,8.8,0,2315,19.197,193.206,-0.974,-0.228,0.297,285,3.504,1,4.6,open-meteo-era5,27.03,88.2
0,nearby_place_same_date,glc-218,2007-08-29,8,27.339,88.292,10,West Bengal,16.1,17.4,44.4,115.2,260.7,584.4,162.549,2.1,7,1.78,5.43,27.2,148.97,0.429,0.425,0.429,19.6,14.9,0,1780,25.607,166.675,-0.973,0.23,0.482,813,4.154,2,5,open-meteo-era5,27.311,88.292
1,event,glc-221,2007-08-31,8,22.646,88.34,10,West Bengal,6.8,1.7,12.2,46.4,115.7,264.9,72.191,2.7,7,0,1.2,13.08,246.06,0.392,0.401,0.383,32.1,26,0,9,0.271,,0,0,-0.009,8,1.413,1,4.5,open-meteo-era5,22.671,88.316
0,same_place_other_date,glc-221,2026-09-11,9,22.646,88.34,10,West Bengal,9,21,46.8,74,211.3,349.7,124.802,5.6,7,5.37,20.33,43.22,326.5,0.397,0.394,0.374,30.5,26.2,0,9,0.271,,0,0,-0.009,8,1,0,,open-meteo-era5,22.671,88.316
0,same_place_other_date,glc-221,2024-08-07,8,22.646,88.34,10,West Bengal,5.3,6.6,79.9,185.3,324,430.7,209.724,2.4,7,9.17,44.04,178.64,407.03,0.414,0.416,0.422,30.9,25.9,0,9,0.271,,0,0,-0.009,8,1,0,,open-meteo-era5,22.671,88.316
0,nearby_place_same_date,glc-221,2007-08-31,8,22.415,88.255,10,West Bengal,8.3,1.5,13.7,53.4,133.8,292.1,80.754,4.3,7,0,1.2,13.08,246.06,0.484,0.486,0.456,32.1,26.2,0,4,0.816,,0,0,-0.08,11,1.323,1,4.5,open-meteo-era5,22.39,88.23
1,event,glc-220,2007-08-31,8,25.133,93.967,25,Manipur,7.5,5.1,30.1,126.6,163.9,257.3,116.969,1.8,7,1.28,4.27,19.59,103.33,0.484,0.494,0.501,26,20.7,0,1012,0.995,,0,0,0.009,100,1.679,4,4.6,open-meteo-era5,25.132,93.981
0,same_place_other_date,glc-220,2007-10-07,10,25.133,93.967,25,Manipur,8.8,8.8,19.4,45.7,70.1,207.1,51.534,4.7,5,8.45,9.93,14.19,74.86,0.461,0.446,0.42,25.8,19.7,0,1012,0.995,,0,0,0.009,100,2.038,6,4.6,open-meteo-era5,25.132,93.981
0,same_place_other_date,glc-220,2024-10-12,10,25.133,93.967,25,Manipur,2.4,1.8,8.9,38,140.5,218.3,78.566,0.7,7,2.64,17.81,48.13,203.58,0.482,0.478,0.449,25.6,17.2,0,1012,0.995,,0,0,0.009,100,2.053,3,4.5,open-meteo-era5,25.132,93.981
0,nearby_place_same_date,glc-220,2007-08-31,8,25.43,94.02,25,Manipur,16.7,13.9,50.7,169.7,240.3,418.9,168.58,2.9,7,2.23,5.86,21.95,116.19,0.423,0.424,0.427,27,21.3,0,1035,21.468,185.991,-0.995,-0.104,-0.121,403,1.472,4,4.6,open-meteo-era5,25.413,93.998
1,event,glc-231,2007-09-05,9,27.068,88.281,5,West Bengal,109.7,39.9,172.5,231.6,299.9,656.2,168.336,10.6,7,41.6,67.11,113.85,288.88,0.427,0.427,0.429,18.9,16.7,0,1729,5.629,63.435,0.447,0.894,0.537,357,4.018,2,5,open-meteo-era5,27.03,88.2
0,same_place_other_date,glc-231,2016-09-02,9,27.068,88.281,5,West Bengal,33.1,18.2,61.6,90.2,143.8,254.3,82.282,5.5,7,19.44,46.81,72.74,199.64,0.426,0.426,0.416,20.5,18,0,1729,5.629,63.435,0.447,0.894,0.537,357,2.796,0,,open-meteo-era5,27.03,88.2
0,same_place_other_date,glc-231,2023-10-12,10,27.068,88.281,5,West Bengal,2.3,3.2,8.1,36.6,82.6,256.1,70.854,1.7,6,4.7,9.54,34.74,292.44,0.396,0.397,0.405,19.4,13,0,1729,5.629,63.435,0.447,0.894,0.537,357,1.885,1,4.9,open-meteo-era5,27.03,88.2
0,nearby_place_same_date,glc-231,2007-09-05,9,27.264,87.944,5,West Bengal,106.6,34.9,162.7,223.2,288.4,591.6,156.154,10.3,7,19.72,39.91,73.64,204.42,0.427,0.428,0.429,21.6,18.2,0,1517,24.381,129.289,-0.633,0.774,0.356,385,4.836,2,5,open-meteo-era5,27.241,87.893
1,event,glc-241,2007-09-07,9,27.201,88.488,25,,121,81.8,246.8,347.6,466,1014,294.059,8.8,7,48.76,109.89,146.28,333.64,0.426,0.424,0.429,25.5,23.8,0,387,29.792,241.899,-0.471,-0.882,0.308,365,3.772,2,5,open-meteo-era5,27.17,88.497
0,same_place_other_date,glc-241,2011-08-22,8,27.201,88.488,25,,23.4,18.1,42.4,444.8,560.6,943.9,378.818,3,6,12.57,25.47,156.42,517.23,0.413,0.411,0.391,27.6,24.6,0,387,29.792,241.899,-0.471,-0.882,0.308,365,1,1,4,open-meteo-era5,27.17,88.497
0,same_place_other_date,glc-241,2021-10-09,10,27.201,88.488,25,,13.4,1.9,20.8,25.6,41.6,84.9,23.638,2.2,6,2.51,13.39,71.01,203.19,0.343,0.314,0.298,28.4,24,0,387,29.792,241.899,-0.471,-0.882,0.308,365,1.412,2,4.5,open-meteo-era5,27.17,88.497
0,nearby_place_same_date,glc-241,2007-09-07,9,27.098,88.402,25,,121,81.8,246.8,347.6,466,1014,294.059,8.8,7,42.18,104.01,140.79,332.25,0.428,0.433,0.425,22.4,21,0,665,29.754,155.576,-0.911,0.413,-0.298,535,3.852,2,5,open-meteo-era5,27.1,88.398
1,event,glc-242,2007-09-07,9,26.883,88.283,25,West Bengal,200.5,81.2,391.4,483.9,562.5,923.8,315.751,11.5,7,42.18,104.01,140.79,332.25,0.427,0.428,0.427,18.3,16.5,0,1701,18.032,258.521,-0.199,-0.98,-0.105,379,3.796,2,5,open-meteo-era5,26.96,88.202
0,same_place_other_date,glc-242,2025-07-28,7,26.883,88.283,25,West Bengal,43.8,11.8,69.3,116.6,251,384.3,124.414,11,7,34.42,58.78,88.05,353.99,0.419,0.418,0.418,21.4,18.1,0,1701,18.032,258.521,-0.199,-0.98,-0.105,379,1,0,,open-meteo-era5,26.96,88.202
0,same_place_other_date,glc-242,2018-08-05,8,26.883,88.283,25,West Bengal,14.3,12.1,49.4,170.3,299.9,528.7,195.165,3.6,7,16.7,26.17,110.57,298.12,0.423,0.422,0.422,23.4,17,0,1701,18.032,258.521,-0.199,-0.98,-0.105,379,1.727,0,,open-meteo-era5,26.96,88.202
0,nearby_place_same_date,glc-242,2007-09-07,9,26.684,88.109,25,West Bengal,179.5,82,317.5,364.4,452.6,1019.5,251.763,13.4,7,55.57,135.71,171.55,377.42,0.426,0.429,0.427,24,22.7,0,153,0.797,,0,0,0.162,20,3.671,2,5,open-meteo-era5,26.678,88.111
1,event,glc-252,2007-09-09,9,25.499,94.119,25,Nagaland,26.6,48.7,93.7,186.3,418.9,614.8,239.124,5.9,7,7.1,33.68,96.99,204.64,0.474,0.501,0.5,20.9,16.2,0,1951,19.855,318.526,0.749,-0.662,-0.14,266,1.429,3,4.6,open-meteo-era5,25.554,94.104
0,same_place_other_date,glc-252,2011-08-16,8,25.499,94.119,25,Nagaland,20.9,15.1,45,127,366.1,643.7,208.238,3.6,7,9.59,36.92,71.46,345.05,0.507,0.491,0.485,19,14.9,0,1951,19.855,318.526,0.749,-0.662,-0.14,266,1.465,2,4.2,open-meteo-era5,25.554,94.104
0,same_place_other_date,glc-252,2013-08-10,8,25.499,94.119,25,Nagaland,27,5.6,54.6,143.6,275.6,559.7,168.76,6.7,7,1.14,7.76,72.91,248.58,0.492,0.491,0.499,22.8,15.6,0,1951,19.855,318.526,0.749,-0.662,-0.14,266,2.371,1,5,open-meteo-era5,25.554,94.104
0,nearby_place_same_date,glc-252,2007-09-09,9,25.279,94.394,25,Nagaland,6.6,14,38.7,179,333.4,510,209.214,1.9,7,7.1,33.68,96.99,204.64,0.49,0.498,0.479,21.6,17.4,0,1602,15.925,297.973,0.469,-0.883,-0.195,250,1.569,3,4.6,open-meteo-era5,25.272,94.378
1,event,glc-256,2007-09-10,9,27.343,88.624,10,Sikkim,26.5,78.5,165.1,441.8,750.8,1381.5,525.126,6.5,7,3.95,11.79,84.86,221.14,0.425,0.43,0.417,19.7,15.8,0,2053,25.506,173.204,-0.993,0.118,0.482,455,1.742,1,4,open-meteo-era5,27.311,88.694
0,same_place_other_date,glc-256,2014-10-17,10,27.343,88.624,10,Sikkim,16.3,2.2,30.3,35.9,50.1,394.7,51.615,3,5,0,0.09,3.7,67.98,0.376,0.364,0.329,16.1,12,0,2053,25.506,173.204,-0.993,0.118,0.482,455,1.289,0,,open-meteo-era5,27.311,88.694
0,same_place_other_date,glc-256,2023-09-23,9,27.343,88.624,10,Sikkim,17.8,12.5,62,85,226.3,492.3,147.1,2,6,22.82,52.13,69.46,186.58,0.426,0.427,0.405,17.9,14.2,0,2053,25.506,173.204,-0.993,0.118,0.482,455,1,0,,open-meteo-era5,27.311,88.694
0,nearby_place_same_date,glc-256,2007-09-10,9,27.154,88.868,10,Sikkim,19.8,36.7,101.8,318.3,536.8,1062,374.362,4.6,7,7.67,21.35,147.49,343.15,0.427,0.426,0.412,23,18.7,0,1439,15.148,279.377,0.163,-0.987,0.538,443,1.435,1,4,open-meteo-era5,27.1,88.899
1,event,glc-255,2007-09-10,9,24.245,94.069,25,Manipur,4.1,2.1,10.2,116,204.7,369.5,133.441,0.7,7,0.73,10.16,46.05,95.69,0.43,0.432,0.43,22.5,17.4,0,1291,30.917,133.22,-0.685,0.729,-0.146,514,2.661,4,4.6,open-meteo-era5,24.218,94.021
0,same_place_other_date,glc-255,2011-09-08,9,24.245,94.069,25,Manipur,10.5,17.5,89.3,97.4,129.5,302.8,117.494,3.1,7,6.38,37.01,44.67,140.5,0.432,0.439,0.434,22.4,17.2,0,1291,30.917,133.22,-0.685,0.729,-0.146,514,1,0,,open-meteo-era5,24.218,94.021
0,same_place_other_date,glc-255,2011-08-01,8,24.245,94.069,25,Manipur,3.5,1.1,9.1,41.3,188.4,341,99.829,2,7,1.53,3.77,9.7,180.32,0.42,0.424,0.421,26,18.9,0,1291,30.917,133.22,-0.685,0.729,-0.146,514,1.409,1,4,open-meteo-era5,24.218,94.021
0,nearby_place_same_date,glc-255,2007-09-10,9,24.344,94.04,25,Manipur,4.1,2.1,10.2,116,204.7,369.5,133.441,0.7,7,2.16,25.43,106.78,200.47,0.485,0.486,0.471,24.4,19.4,0,1121,14.152,314.615,0.702,-0.712,1.191,415,2.551,4,4.6,open-meteo-era5,24.359,94.03
1,event,glc-260,2007-09-11,9,27.208,88.491,5,,7.7,18.8,70.5,423.3,575,1127.7,424.72,2.7,7,6.06,18.55,137.3,336.55,0.43,0.431,0.429,28.3,24.3,0,346,28.805,286.981,0.292,-0.956,-0.962,455,1.734,1,4,open-meteo-era5,27.17,88.497
0,same_place_other_date,glc-260,2009-10-09,10,27.208,88.491,5,,7.3,54.6,231,249.7,253.6,465.6,244.349,9.4,6,0.53,160.87,181.56,220.84,0.42,0.428,0.426,28.4,24.2,0,346,28.805,286.981,0.292,-0.956,-0.962,455,3.522,3,6.1,open-meteo-era5,27.17,88.497
0,same_place_other_date,glc-260,2026-08-07,8,27.208,88.491,5,,14.5,3.8,43.5,137.7,224.8,626.4,172.247,2.4,7,5.26,54.23,164.32,487.71,0.407,0.417,0.416,33.4,25.7,0,346,28.805,286.981,0.292,-0.956,-0.962,455,1,1,4.3,open-meteo-era5,27.17,88.497
0,nearby_place_same_date,glc-260,2007-09-11,9,27.258,88.614,5,,28.4,26.5,133.4,418,758.4,1363.4,498.448,3.1,7,2.8,11.32,72.69,215.49,0.433,0.434,0.433,22.3,17.2,0,1344,28.689,208.805,-0.876,-0.482,-0.125,525,1.689,1,4,open-meteo-era5,27.311,88.594
1,event,glc-264,2007-09-13,9,26.183,91.8,10,Assam,6.7,3.6,11.9,120.1,369,596.1,215.461,3.6,7,2.25,9.52,143.47,391.61,0.49,0.482,0.466,31.8,24.9,0,67,1.1,,0,0,0.047,57,1,0,,open-meteo-era5,26.186,91.776
0,same_place_other_date,glc-264,2013-10-19,10,26.183,91.8,10,Assam,3,1.3,6.3,9,47.6,175.4,31.382,1.2,4,2.94,11.38,18.12,271.6,0.425,0.411,0.437,30,22.7,0,67,1.1,,0,0,0.047,57,2.12,2,4.6,open-meteo-era5,26.186,91.776
0,same_place_other_date,glc-264,2008-08-24,8,26.183,91.8,10,Assam,1.7,5,25.6,203.4,478.2,819.3,271.228,3.1,7,1.26,4.75,60.66,254.81,0.457,0.494,0.489,31.1,26.1,0,67,1.1,,0,0,0.047,57,2.264,1,4.8,open-meteo-era5,26.186,91.776
0,nearby_place_same_date,glc-264,2007-09-13,9,26.113,91.75,10,Assam,8.9,8.7,18,266.6,481.1,689.6,286.381,2.5,6,2.25,9.52,143.47,391.61,0.492,0.483,0.45,31.7,24.6,0,57,0.689,,0,0,0,47,1,0,,open-meteo-era5,26.116,91.774
1,event,glc-313,2007-10-16,10,25.706,94.013,5,Nagaland,26.3,26,63.5,113.4,268.7,364.9,155.718,4,6,15.77,31.91,39.47,88.92,0.478,0.479,0.505,18.6,16.7,0,1460,15.794,138.468,-0.749,0.663,0.197,352,1.57,4,4.5,open-meteo-era5,25.694,94.015
0,same_place_other_date,glc-313,2018-11-29,11,25.706,94.013,5,Nagaland,0,0,0,0.7,6,32.1,5.191,0,0,0,0,0,5.93,0.379,0.402,0.417,18.9,10.6,0,1460,15.794,138.468,-0.749,0.663,0.197,352,2.677,4,5.2,open-meteo-era5,25.694,94.015
0,same_place_other_date,glc-313,2014-10-17,10,25.706,94.013,5,Nagaland,2.8,3.3,9.8,57.4,74.9,255.5,61.404,0.6,7,0.48,13.89,24.95,172.99,0.487,0.485,0.443,21.9,16.1,0,1460,15.794,138.468,-0.749,0.663,0.197,352,2.187,1,4.5,open-meteo-era5,25.694,94.015
0,nearby_place_same_date,glc-313,2007-10-16,10,25.588,93.782,5,Nagaland,20.4,22.9,53.8,97.5,232.8,358.1,140.34,4,7,15.77,31.91,39.47,88.92,0.481,0.5,0.482,18.1,16.3,0,1376,24.574,250.224,-0.338,-0.941,-0.524,508,1.612,4,4.5,open-meteo-era5,25.554,93.811
1,event,glc-322,2007-10-21,10,24.75,93.433,25,Assam,1.4,10.8,17.4,66.3,156.6,231.3,88.987,3.6,7,2.38,19.51,65.78,136.18,0.41,0.409,0.415,25.5,15.7,0,472,26.854,129.806,-0.64,0.768,-0.194,505,2.098,4,4.5,open-meteo-era5,24.78,93.476
0,same_place_other_date,glc-322,2024-10-22,10,24.75,93.433,25,Assam,0,0.2,0.3,18.2,70.2,262.4,53.841,0.1,2,1.68,1.81,21.84,318.83,0.354,0.364,0.358,29.5,18,0,472,26.854,129.806,-0.64,0.768,-0.194,505,1.907,5,4.5,open-meteo-era5,24.78,93.476
0,same_place_other_date,glc-322,2015-11-04,11,24.75,93.433,25,Assam,0.1,0.1,0.2,2.9,2.9,88.7,9.249,0.1,1,3.94,7.31,17.19,95.76,0.296,0.306,0.351,24.9,16.4,0,472,26.854,129.806,-0.64,0.768,-0.194,505,3.109,5,4.8,open-meteo-era5,24.78,93.476
0,nearby_place_same_date,glc-322,2007-10-21,10,24.942,93.669,25,Assam,0.6,9.3,11.4,50.9,134.2,171.3,69.613,3.2,6,2.79,21.88,64.95,124.21,0.431,0.427,0.433,25.5,16.2,0,647,25.31,302.963,0.544,-0.839,-0.352,370,2.089,3,4.5,open-meteo-era5,24.921,93.581
1,event,glc-585,2008-06-14,6,27.1,93.629,25,Arunachal Pradesh,22.8,15.9,48.6,96.2,226.6,367.2,121.706,2.7,7,42.4,85.43,148.59,427.26,0.5,0.504,0.473,25.3,23.1,0,406,5.513,305.707,0.584,-0.812,0,125,2.036,3,4.5,open-meteo-era5,27.1,93.604
0,same_place_other_date,glc-585,2013-06-07,6,27.1,93.629,25,Arunachal Pradesh,5.5,6.9,22.3,34.5,100.7,245.9,64.738,1.1,7,11.73,35.92,56.6,228.97,0.478,0.503,0.478,28.4,24.1,0,406,5.513,305.707,0.584,-0.812,0,125,1,0,,open-meteo-era5,27.1,93.604
0,same_place_other_date,glc-585,2015-05-11,5,27.1,93.629,25,Arunachal Pradesh,3.7,2.6,6.6,23,59.4,222.4,52.161,1.7,6,2.96,3.88,12.81,136.26,0.468,0.461,0.493,28,21.3,0,406,5.513,305.707,0.584,-0.812,0,125,4.386,2,4.8,open-meteo-era5,27.1,93.604
0,nearby_place_same_date,glc-585,2008-06-14,6,27.032,93.741,25,Arunachal Pradesh,22.8,15.9,48.6,96.2,226.6,367.2,121.706,2.7,7,42.4,85.43,148.59,427.26,0.419,0.423,0.429,26.5,23.9,0,118,0.8,,0,0,0.029,45,1.926,3,4.5,open-meteo-era5,27.03,93.7
1,event,glc-587,2008-06-15,6,27.23,94.099,25,Assam,1.8,40.2,71.6,130.2,266,438.8,172.297,4,7,1.5,64.37,149.51,433.44,0.42,0.421,0.436,30.9,24.1,0,96,0.199,,0,0,0.01,10,1.979,4,4.5,open-meteo-era5,27.241,94.114
0,same_place_other_date,glc-587,2016-05-16,5,27.23,94.099,25,Assam,66.7,13.2,98.6,106,122.5,357.7,72.529,10.5,6,39.17,69.67,89.52,282.98,0.408,0.359,0.373,24.2,21.5,0,96,0.199,,0,0,0.01,10,1.352,0,,open-meteo-era5,27.241,94.114
0,same_place_other_date,glc-587,2011-05-25,5,27.23,94.099,25,Assam,0,21,29.7,86.8,128.8,234.3,95.426,2.1,6,0.85,61.03,99.28,197.25,0.426,0.417,0.369,29.8,22,0,96,0.199,,0,0,0.01,10,1.099,4,4.4,open-meteo-era5,27.241,94.114
0,nearby_place_same_date,glc-587,2008-06-15,6,27.135,93.817,25,Assam,3.2,38.3,64,117.7,304.7,474.8,179.339,3.9,7,2.5,69.15,144.84,429.65,0.421,0.422,0.434,29.9,23.6,0,123,9.939,178.798,-1,0.021,-0.182,92,2.017,4,4.5,open-meteo-era5,27.17,93.808
1,event,glc-594,2008-06-19,6,24.934,93.828,25,Manipur,15.6,6.9,40.1,61.2,128.5,226.2,77.161,1.8,7,6.03,24.82,47.27,140.97,0.491,0.485,0.402,24,19.6,0,1033,13.797,92.806,-0.049,0.999,0.278,287,1.729,5,4.6,open-meteo-era5,24.921,93.871
0,same_place_other_date,glc-594,2013-05-15,5,24.934,93.828,25,Manipur,2,2.6,6.1,269.3,594.4,694.3,337.665,0.4,7,2.32,12.64,80.85,296.28,0.466,0.464,0.501,23.4,18.7,0,1033,13.797,92.806,-0.049,0.999,0.278,287,1.644,4,4.6,open-meteo-era5,24.921,93.871
0,same_place_other_date,glc-594,2011-07-22,7,24.934,93.828,25,Manipur,13.3,10,52.5,108.6,140.2,246.5,104.11,2.6,7,6.93,43.74,140.61,390.13,0.481,0.483,0.509,26.3,20.3,0,1033,13.797,92.806,-0.049,0.999,0.278,287,2.314,4,4.7,open-meteo-era5,24.921,93.871
0,nearby_place_same_date,glc-594,2008-06-19,6,25.192,93.581,25,Manipur,18.4,3.8,37.9,55.8,122.3,282.5,78.228,2.6,7,6.03,24.82,47.27,140.97,0.415,0.414,0.392,25.9,22,0,615,39.482,140.817,-0.775,0.632,0,646,1.533,5,4.6,open-meteo-era5,25.202,93.596
1,event,glc-595,2008-06-20,6,26.885,88.278,25,West Bengal,17.3,48.6,101.6,223.8,313.7,522.5,226.434,6.4,7,53.15,77.12,126.39,255.21,0.426,0.427,0.429,19.4,16.8,0,1510,23.246,272.773,0.048,-0.999,0.134,422,1.26,2,4.4,open-meteo-era5,26.96,88.202
0,same_place_other_date,glc-595,2021-05-21,5,26.885,88.278,25,West Bengal,7.4,14.7,24.2,51.1,144.7,220.1,80.026,3.8,7,1.64,5.43,23.41,191.38,0.418,0.419,0.415,22.8,16.3,0,1510,23.246,272.773,0.048,-0.999,0.134,422,2.833,0,,open-meteo-era5,26.96,88.202
0,same_place_other_date,glc-595,2012-06-11,6,26.885,88.278,25,West Bengal,9.4,10.8,28.8,98.5,310.6,386.7,159.102,2.4,7,0.58,1.56,22.11,106.9,0.413,0.414,0.414,22.7,16.2,0,1510,23.246,272.773,0.048,-0.999,0.134,422,3.268,3,4.5,open-meteo-era5,26.96,88.202
0,nearby_place_same_date,glc-595,2008-06-20,6,26.553,88.128,25,West Bengal,3.3,55.4,87,170.4,291.7,404.2,196.11,7.3,7,56,91.67,156.5,315.13,0.431,0.434,0.415,27.2,23.3,0,92,0.14,,0,0,0.029,10,1.029,2,4.4,open-meteo-era5,26.538,88.115
1,event,glc-614,2008-06-29,6,26.89,88.28,5,West Bengal,14.6,13.4,57.8,94.6,241,565.5,170.489,1.8,7,16.41,28.7,45.92,290.72,0.425,0.426,0.428,20.6,16.8,0,1551,24.136,312.789,0.679,-0.734,0.43,457,1,1,4.1,open-meteo-era5,26.96,88.202
0,same_place_other_date,glc-614,2013-08-10,8,26.89,88.28,5,West Bengal,12.2,54.8,127.5,251,349.9,595.8,269.143,6.4,7,9.4,52.66,168.47,341.39,0.426,0.427,0.428,19.9,16.9,0,1551,24.136,312.789,0.679,-0.734,0.43,457,2.102,3,4.7,open-meteo-era5,26.96,88.202
0,same_place_other_date,glc-614,2016-06-23,6,26.89,88.28,5,West Bengal,22.9,24.2,108.7,178.2,354.5,529.4,227.027,4.7,7,12.36,54.34,107.86,273.9,0.426,0.427,0.429,20.7,17.3,0,1551,24.136,312.789,0.679,-0.734,0.43,457,1.189,1,4,open-meteo-era5,26.96,88.202
0,nearby_place_same_date,glc-614,2008-06-29,6,26.941,88.038,5,West Bengal,16.3,12,54.9,89.4,213.7,486,149.817,2.4,7,16.41,28.7,45.92,290.72,0.425,0.426,0.428,20.7,16.6,0,1559,20.547,146.984,-0.839,0.545,0.057,341,1,1,4.1,open-meteo-era5,26.96,88.002
1,event,glc-620,2008-06-30,6,27.077,88.482,5,West Bengal,16.5,11.2,42,120.5,248,486,162.795,2.1,7,7.1,31.68,46.13,307.95,0.416,0.413,0.427,22.1,19,0,1214,16.163,155.276,-0.908,0.418,-0.067,403,1,1,4.1,open-meteo-era5,27.1,88.498
0,same_place_other_date,glc-620,2022-06-02,6,27.077,88.482,5,West Bengal,6.2,5.5,13.5,31.9,121.1,243.2,65.958,2.7,6,21.58,44.18,71.92,346.32,0.373,0.371,0.397,23.8,17.1,0,1214,16.163,155.276,-0.908,0.418,-0.067,403,1,1,4.2,open-meteo-era5,27.1,88.498
0,same_place_other_date,glc-620,2026-05-29,5,27.077,88.482,5,West Bengal,14.8,5,30.5,91.9,213,350.7,120.789,4.2,7,2.85,14.13,74.79,351.57,0.401,0.404,0.394,26.6,14.9,0,1214,16.163,155.276,-0.908,0.418,-0.067,403,1.701,1,4.4,open-meteo-era5,27.1,88.498
0,nearby_place_same_date,glc-620,2008-06-30,6,27.022,88.577,5,West Bengal,16.5,11.2,42,120.5,248,486,162.795,2.1,7,7.1,31.68,46.13,307.95,0.423,0.424,0.432,20.3,17.3,0,1452,25.475,155.41,-0.909,0.416,-0.968,488,1,1,4.1,open-meteo-era5,27.03,88.6
1,event,glc-692,2008-08-07,8,25.705,94.04,10,Nagaland,10,33.8,53.6,146.9,283.5,471.6,175.512,5.2,7,0.82,12.78,35.98,210.21,0.496,0.5,0.46,27,20.9,0,1033,15.606,71.565,0.316,0.949,-0.084,325,2.337,3,5.2,open-meteo-era5,25.764,94.02
0,same_place_other_date,glc-692,2009-07-05,7,25.705,94.04,10,Nagaland,6.1,5.1,32.8,109.4,175.5,292.3,120.656,2.2,7,1.79,16.27,52.75,165.82,0.499,0.496,0.509,26.9,22.1,0,1033,15.606,71.565,0.316,0.949,-0.084,325,2.726,1,4.3,open-meteo-era5,25.764,94.02
0,same_place_other_date,glc-692,2007-07-21,7,25.705,94.04,10,Nagaland,8.1,4.3,38.8,115.6,207.6,434.7,143.871,1.2,7,5.33,14.57,51.97,160.4,0.497,0.494,0.489,25.2,22.2,0,1033,15.606,71.565,0.316,0.949,-0.084,325,4.719,3,5.2,open-meteo-era5,25.764,94.02
0,nearby_place_same_date,glc-692,2008-08-07,8,25.671,93.965,10,Nagaland,10,33.8,53.6,146.9,283.5,471.6,175.512,5.2,7,0.82,12.78,35.98,210.21,0.496,0.5,0.46,22.3,16.2,0,1758,31.451,58.259,0.526,0.85,0.562,642,2.345,3,5.2,open-meteo-era5,25.624,93.913
1,event,glc-755,2008-08-28,8,27.337,88.609,25,Sikkim,76.1,65.9,198.3,386.8,829.2,1195.7,463.227,6,7,3.56,14.14,30.97,230.27,0.427,0.433,0.428,19.4,16.6,0,1539,18.846,229.667,-0.647,-0.762,0.251,537,3.244,0,,open-meteo-era5,27.381,88.592
0,same_place_other_date,glc-755,2015-07-19,7,27.337,88.609,25,Sikkim,5.6,5.3,18.1,213.4,447.6,968.7,303.906,2.6,7,1.37,3.11,35.1,206.45,0.414,0.422,0.401,22.9,18.5,0,1539,18.846,229.667,-0.647,-0.762,0.251,537,2.624,10,5.1,open-meteo-era5,27.381,88.592
0,same_place_other_date,glc-755,2018-07-19,7,27.337,88.609,25,Sikkim,4,24,54.9,128.2,400.7,1325.6,337.709,3.9,7,1.37,9.12,41.05,260.93,0.424,0.43,0.432,26.2,18.9,0,1539,18.846,229.667,-0.647,-0.762,0.251,537,2.646,2,4.4,open-meteo-era5,27.381,88.592
0,nearby_place_same_date,glc-755,2008-08-28,8,27.495,88.709,25,Sikkim,103.1,43.9,189.9,321.6,621,932.5,328.106,7.5,7,3.56,14.14,30.97,230.27,0.429,0.429,0.428,9,6.9,0,3714,38.547,49.504,0.649,0.76,0.3,670,3.252,0,,open-meteo-era5,27.522,88.69
1,event,glc-760,2008-08-29,8,25.67,94.107,25,Nagaland,29,7.8,44.3,174.4,329.9,647.2,207.725,9.4,7,5.84,16.36,22.51,240.27,0.486,0.486,0.489,24,18.7,0,1449,10.117,282.529,0.217,-0.976,0.178,203,3.021,2,4.2,open-meteo-era5,25.694,94.113
0,same_place_other_date,glc-760,2016-09-02,9,25.67,94.107,25,Nagaland,6.7,6.1,26.1,68.4,126.4,438.2,104.661,2.1,7,3.27,11.76,56.57,157.47,0.475,0.494,0.493,24.9,19.5,0,1449,10.117,282.529,0.217,-0.976,0.178,203,3.647,1,5,open-meteo-era5,25.694,94.113
0,same_place_other_date,glc-760,2018-09-30,9,25.67,94.107,25,Nagaland,8.1,8.5,19.7,61.4,165.8,671.4,150.642,3,7,0.31,5.87,28.96,109.84,0.487,0.478,0.461,22.9,15.4,0,1449,10.117,282.529,0.217,-0.976,0.178,203,2.008,4,4.6,open-meteo-era5,25.694,94.113
0,nearby_place_same_date,glc-760,2008-08-29,8,25.497,94.181,25,Nagaland,18.7,7.3,40,153,279.3,585.6,183.615,6.5,7,5.84,16.36,22.51,240.27,0.478,0.486,0.475,25.8,20.4,0,1170,2.821,78.69,0.196,0.981,-0.495,171,3.064,2,4.2,open-meteo-era5,25.483,94.197
1,event,glc-1032,2009-05-26,5,27.01,88.259,5,West Bengal,145.9,31.3,182.6,286.9,371.1,501.7,153.545,11.5,7,99.34,122.1,123.02,203.57,0.424,0.421,0.42,13,11.3,0,2219,26.834,57.848,0.532,0.847,0.268,477,1,0,,open-meteo-era5,27.03,88.2
0,same_place_other_date,glc-1032,2022-06-23,6,27.01,88.259,5,West Bengal,24,2.6,33.9,112.3,258.5,335.1,132.751,5.5,7,15.82,34.2,179.07,530.92,0.416,0.42,0.426,18.7,12.3,0,2219,26.834,57.848,0.532,0.847,0.268,477,1,0,,open-meteo-era5,27.03,88.2
0,same_place_other_date,glc-1032,2019-05-09,5,27.01,88.259,5,West Bengal,6,4.7,12.7,45.7,101,153.4,57.259,0.9,6,3.93,7.76,24.08,109.07,0.394,0.392,0.407,17.9,8,0,2219,26.834,57.848,0.532,0.847,0.268,477,2.029,0,,open-meteo-era5,27.03,88.2
0,nearby_place_same_date,glc-1032,2009-05-26,5,26.985,87.94,5,West Bengal,148.2,31.8,182.4,236.1,277.1,347.3,93.38,13.7,7,99.34,122.1,123.02,203.57,0.42,0.401,0.301,19.2,16.3,0,1598,19.193,103.206,-0.228,0.974,0.067,346,1,0,,open-meteo-era5,26.96,88.002
1,event,glc-1031,2009-05-26,5,26.884,88.279,5,West Bengal,177.4,33.1,211,279.5,329.5,425,108.81,16.6,6,99.34,122.1,123.02,203.57,0.41,0.39,0.298,15.9,14.3,0,1564,21.733,265.251,-0.083,-0.997,0.096,404,1,0,,open-meteo-era5,26.96,88.202
0,same_place_other_date,glc-1031,2020-05-26,5,26.884,88.279,5,West Bengal,10.4,5.3,50.2,88.6,169.9,244.1,100.239,2.4,7,12.43,31.98,65.91,183.19,0.422,0.423,0.42,24,15.8,0,1564,21.733,265.251,-0.083,-0.997,0.096,404,2.021,1,4.9,open-meteo-era5,26.96,88.202
0,same_place_other_date,glc-1031,2017-05-27,5,26.884,88.279,5,West Bengal,15.7,8.6,29.1,50.8,108.7,221,67.49,5.2,7,9.35,24.45,36.91,184.08,0.414,0.411,0.405,22.3,15.3,0,1564,21.733,265.251,-0.083,-0.997,0.096,404,3.312,2,4.4,open-meteo-era5,26.96,88.202
0,nearby_place_same_date,glc-1031,2009-05-26,5,26.695,88.147,5,West Bengal,166.1,37.4,204.2,237.3,265,303.8,72.959,15.1,6,88.48,111.11,113.73,213.05,0.389,0.28,0.171,23.5,22.5,0,158,1.683,,0,0,-0.114,25,1,0,,open-meteo-era5,26.678,88.111
1,event,glc-1030,2009-05-26,5,27.044,88.265,25,West Bengal,145.9,31.3,182.6,286.9,371.1,501.7,153.545,11.5,7,99.34,122.1,123.02,203.57,0.424,0.421,0.42,13.8,12.1,0,2071,7.056,272.834,0.049,-0.999,-0.278,246,1,0,,open-meteo-era5,27.03,88.2
0,same_place_other_date,glc-1030,2021-07-05,7,27.044,88.265,25,West Bengal,10.1,26.9,73.3,383.8,447.5,744.6,338.453,3.6,7,7.49,58.05,177.9,473.43,0.425,0.427,0.427,18.7,13.5,0,2071,7.056,272.834,0.049,-0.999,-0.278,246,1,1,4.3,open-meteo-era5,27.03,88.2
0,same_place_other_date,glc-1030,2014-05-16,5,27.044,88.265,25,West Bengal,8.1,6,19.6,39,244.7,346.9,115.36,1.6,7,0,2.34,7.31,106.59,0.383,0.39,0.401,20.1,10.7,0,2071,7.056,272.834,0.049,-0.999,-0.278,246,1.113,0,,open-meteo-era5,27.03,88.2
0,nearby_place_same_date,glc-1030,2009-05-26,5,27.256,88.05,25,West Bengal,130.4,31.9,171.2,241.6,307.9,398.4,122.538,10.4,7,85.92,111.09,111.32,164.62,0.428,0.428,0.427,12.3,9.4,0,2891,38.91,81.525,0.147,0.989,-0.375,720,1,0,,open-meteo-era5,27.241,87.993
1,event,glc-1037,2009-06-17,6,26.89,88.47,5,West Bengal,36.1,3,42.2,54.8,83.1,316.4,51.724,4.3,7,0.09,2.89,21.41,225.07,0.381,0.367,0.341,28,23,0,376,16.23,178.075,-0.999,0.034,0.832,409,1,0,,open-meteo-era5,26.889,88.503
0,same_place_other_date,glc-1037,2007-08-01,8,26.89,88.47,5,West Bengal,62,17.5,96.7,271.1,691.1,965.5,341.686,6.2,7,6.02,37.94,156.58,526.38,0.429,0.427,0.413,24.4,22.4,0,376,16.23,178.075,-0.999,0.034,0.832,409,1,0,,open-meteo-era5,26.889,88.503
0,same_place_other_date,glc-1037,2017-05-18,5,26.89,88.47,5,West Bengal,9.4,1,13.4,30.2,88.6,182.8,47.352,2,5,2.92,15.15,74.98,231.68,0.378,0.373,0.265,27.4,21.7,0,376,16.23,178.075,-0.999,0.034,0.832,409,3.136,2,4.3,open-meteo-era5,26.889,88.503
0,nearby_place_same_date,glc-1037,2009-06-17,6,27.038,88.396,5,West Bengal,36.1,3,42.2,54.8,83.1,316.4,51.724,4.3,7,0.06,1.88,10.08,178.63,0.405,0.403,0.398,23.2,18.6,0,1258,24.649,140.194,-0.768,0.64,-0.173,637,1,0,,open-meteo-era5,27.03,88.4
1,event,glc-1061,2009-07-01,7,27.478,88.527,1,,34.5,26.1,101.7,229.7,402,613,242.89,3,7,17.12,24.76,41.67,68.66,0.428,0.429,0.424,26.1,24.1,0,759,18.798,232.923,-0.603,-0.798,-0.406,403,1.076,0,,open-meteo-era5,27.452,88.49
0,same_place_other_date,glc-1061,2018-07-31,7,27.478,88.527,1,,65.1,67.3,189.3,299.9,484.7,1386.5,370.081,10.2,7,23.85,58.07,98.83,297.18,0.428,0.428,0.428,27.2,23.8,0,759,18.798,232.923,-0.603,-0.798,-0.406,403,1,1,4,open-meteo-era5,27.452,88.49
0,same_place_other_date,glc-1061,2024-08-10,8,27.478,88.527,1,,6.6,28.3,74.6,227.5,292.3,635.4,241.637,4.1,7,9.42,28.42,93.12,358.72,0.426,0.427,0.427,28.7,22,0,759,18.798,232.923,-0.603,-0.798,-0.406,403,3.533,1,4.5,open-meteo-era5,27.452,88.49
0,nearby_place_same_date,glc-1061,2009-07-01,7,27.456,88.906,1,,51.5,17.8,96.2,250,312.4,394.7,193.572,5.5,7,17.12,24.76,41.67,68.66,0.424,0.424,0.426,15.9,12.1,0.21,3322,13.103,165.01,-0.966,0.259,0.705,447,1.007,0,,open-meteo-era5,27.381,88.994
1,event,glc-1050,2009-07-03,7,26.873,88.292,10,West Bengal,37.1,61.8,146,414.1,481.4,621.1,336.146,11,7,9.25,79.07,120.36,163.84,0.427,0.428,0.428,21.9,18.8,0,1618,23.418,182.588,-0.999,-0.045,0.315,478,1,0,,open-meteo-era5,26.96,88.202
0,same_place_other_date,glc-1050,2014-07-20,7,26.873,88.292,10,West Bengal,5.9,3.9,15.8,170.9,240.9,494.6,175.426,1.3,7,13.83,25.55,50.33,317.22,0.418,0.419,0.421,22.7,18.5,0,1618,23.418,182.588,-0.999,-0.045,0.315,478,1,0,,open-meteo-era5,26.96,88.202
0,same_place_other_date,glc-1050,2020-06-26,6,26.873,88.292,10,West Bengal,121.1,73.8,202.1,303.4,630.2,842.1,302.683,26.6,7,38.33,97.15,173.27,471.49,0.427,0.428,0.427,19.1,17.3,0,1618,23.418,182.588,-0.999,-0.045,0.315,478,1.55,0,,open-meteo-era5,26.96,88.202
0,nearby_place_same_date,glc-1050,2009-07-03,7,26.718,88.599,10,West Bengal,20.9,47.9,148.3,530,639.1,696.3,442.415,8.4,7,8.41,130.38,185.09,279.41,0.428,0.426,0.436,27.5,24.3,0,102,0.42,,0,0,-0.114,10,1,0,,open-meteo-era5,26.749,88.606
1,event,glc-1055,2009-07-22,7,26.883,88.279,10,West Bengal,19.1,8.3,28.2,61,162.9,810.1,145.773,2.3,6,7.51,17.96,50.82,232.58,0.416,0.415,0.413,22.8,17.4,0,1544,21.074,267.637,-0.041,-0.999,-0.163,400,1,0,,open-meteo-era5,26.96,88.202
0,same_place_other_date,glc-1055,2010-08-07,8,26.883,88.279,10,West Bengal,5.1,2.2,9.4,35.7,219.7,882.1,155.04,1,7,0.8,6.81,22.02,414.62,0.408,0.408,0.41,22.6,17.7,0,1544,21.074,267.637,-0.041,-0.999,-0.163,400,1.219,2,4.6,open-meteo-era5,26.96,88.202
0,same_place_other_date,glc-1055,2024-08-15,8,26.883,88.279,10,West Bengal,1.6,7.4,30,134.6,475.7,633.4,245.576,4.2,7,14.84,43.23,86.63,433.33,0.42,0.423,0.421,25.2,18.1,0,1544,21.074,267.637,-0.041,-0.999,-0.163,400,3.888,1,4.5,open-meteo-era5,26.96,88.202
0,nearby_place_same_date,glc-1055,2009-07-22,7,26.744,88.263,10,West Bengal,18.9,17.4,39.5,76.7,247,876.5,175.71,3.8,7,6.54,19.47,45.22,279.17,0.41,0.409,0.377,29.9,24.4,0,189,0.633,,0,0,-0.076,26,1,0,,open-meteo-era5,26.749,88.308
1,event,glc-1054,2009-07-22,7,26.857,88.314,10,West Bengal,18.9,17.4,39.5,76.7,247,876.5,175.71,3.8,7,7.51,17.96,50.82,232.58,0.416,0.415,0.413,25.7,20.3,0,1077,17.19,45,0.707,0.707,0.248,381,1,0,,open-meteo-era5,26.889,88.304
0,same_place_other_date,glc-1054,2007-07-22,7,26.857,88.314,10,West Bengal,44,25.9,165.2,318.2,462.2,707.9,305.353,9.1,7,28.11,71.03,159.32,385.84,0.425,0.427,0.427,22.6,19.8,0,1077,17.19,45,0.707,0.707,0.248,381,1,0,,open-meteo-era5,26.889,88.304
0,same_place_other_date,glc-1054,2017-08-03,8,26.857,88.314,10,West Bengal,13.1,22,52.9,127.4,367.7,1085.4,244.284,3.3,7,15.96,45.45,78.23,349.14,0.428,0.428,0.429,24.2,21.4,0,1077,17.19,45,0.707,0.707,0.248,381,1,0,,open-meteo-era5,26.889,88.304
0,nearby_place_same_date,glc-1054,2009-07-22,7,26.706,88.411,10,West Bengal,18.9,12.2,33.1,48.8,189.5,925.3,150.063,2.3,7,6.54,19.47,45.22,279.17,0.406,0.404,0.366,30.5,25,0,111,1.377,,0,0,-0.095,16,1,0,,open-meteo-era5,26.678,88.409
1,event,glc-1056,2009-07-22,7,27.04,88.264,10,West Bengal,31.2,5.3,40.5,89.6,167.4,753.9,150.144,3.9,7,7.51,17.96,50.82,232.58,0.413,0.412,0.412,20.5,15.4,0,2084,15.907,283.917,0.241,-0.971,0.431,352,1,0,,open-meteo-era5,27.03,88.2
0,same_place_other_date,glc-1056,2026-08-30,8,27.04,88.264,10,West Bengal,7.7,3.6,15.5,55.3,123.8,276.6,76.238,2.4,7,15.5,37.21,56.49,327.8,0.392,0.398,0.391,22.4,16.1,0,2084,15.907,283.917,0.241,-0.971,0.431,352,2.112,0,,open-meteo-era5,27.03,88.2
0,same_place_other_date,glc-1056,2024-07-22,7,27.04,88.264,10,West Bengal,5.2,3.9,18.4,85.5,273.7,751.5,197.181,1.8,7,17.26,38.05,80.96,847.71,0.408,0.408,0.416,20.8,15.2,0,2084,15.907,283.917,0.241,-0.971,0.431,352,1,0,,open-meteo-era5,27.03,88.2
0,nearby_place_same_date,glc-1056,2009-07-22,7,27.358,88.213,10,West Bengal,31.2,5.3,40.5,89.6,167.4,753.9,150.144,3.9,7,6.45,12.7,39.58,150.68,0.415,0.413,0.418,22.2,17.3,0,1522,30.263,241.062,-0.484,-0.875,0.039,570,1,0,,open-meteo-era5,27.311,88.292
1,event,glc-1084,2009-08-12,8,27.7,92.8,5,Arunachal Pradesh,152.8,55.3,257.3,312.6,813.7,1456.9,443.845,10.7,7,17.32,32.27,50.39,228.18,0.428,0.427,0.428,16,13.6,0,2450,17.956,223.152,-0.73,-0.684,-0.708,424,2.01,0,,open-meteo-era5,27.733,92.831
0,same_place_other_date,glc-1084,2025-07-01,7,27.7,92.8,5,Arunachal Pradesh,6.6,8.4,31.6,71.9,316.9,401.2,160.239,3.1,7,18.47,60.7,66.97,180.28,0.421,0.422,0.424,19.3,13.6,0,2450,17.956,223.152,-0.73,-0.684,-0.708,424,1,0,,open-meteo-era5,27.733,92.831
0,same_place_other_date,glc-1084,2010-08-17,8,27.7,92.8,5,Arunachal Pradesh,79.2,59,191.1,294,481.3,1016.7,303.132,6.1,7,38.43,47.89,73.8,183.72,0.429,0.429,0.428,17.1,14,0,2450,17.956,223.152,-0.73,-0.684,-0.708,424,1.96,1,4.5,open-meteo-era5,27.733,92.831
0,nearby_place_same_date,glc-1084,2009-08-12,8,27.805,92.898,5,Arunachal Pradesh,152.5,30.6,213,265.7,808.8,1584.9,418.483,11.7,7,31.75,69.22,92.25,310.76,0.427,0.426,0.428,15.7,13.8,0,2530,14.305,253.142,-0.29,-0.957,-0.243,602,1.991,0,,open-meteo-era5,27.803,92.936
1,event,glc-1094,2009-08-16,8,27.16,88.634,0.5,West Bengal,137.5,22.9,309,410.5,649,1021.7,369.67,9.8,7,33.17,47.52,85.74,393.19,0.425,0.43,0.407,24.5,21.7,0,808,32.309,63.038,0.453,0.891,0.653,443,2.2,0,,open-meteo-era5,27.17,88.597
0,same_place_other_date,glc-1094,2015-07-13,7,27.16,88.634,0.5,West Bengal,8.9,2.2,33.4,78,314.5,500,172.788,1.1,7,0.83,10.41,46.25,305.69,0.412,0.412,0.421,26.8,22.6,0,808,32.309,63.038,0.453,0.891,0.653,443,2.697,10,5.1,open-meteo-era5,27.17,88.597
0,same_place_other_date,glc-1094,2018-07-12,7,27.16,88.634,0.5,West Bengal,30.8,39.8,110.1,183.2,647.2,1220,388.174,7.1,7,18.27,30.07,68.05,517.88,0.43,0.43,0.429,27.2,22,0,808,32.309,63.038,0.453,0.891,0.653,443,3.384,3,4.4,open-meteo-era5,27.17,88.597
0,nearby_place_same_date,glc-1094,2009-08-16,8,26.877,88.486,0.5,West Bengal,30.7,21.8,124.4,223.3,387.7,641.8,255.316,2.4,7,33.17,47.52,85.74,393.19,0.428,0.425,0.426,25.4,24.5,0,141,2.535,186.34,-0.994,-0.11,-0.086,60,2.141,0,,open-meteo-era5,26.889,88.503
1,event,glc-1091,2009-08-16,8,27.025,88.438,25,West Bengal,137.5,22.9,309,410.5,649,1021.7,369.67,9.8,7,33.17,47.52,85.74,393.19,0.427,0.427,0.425,25.5,24.2,0,419,29.805,218.755,-0.78,-0.626,0.278,626,2.189,0,,open-meteo-era5,26.96,88.502
0,same_place_other_date,glc-1091,2014-08-24,8,27.025,88.438,25,West Bengal,23.9,19.5,79.5,240.3,349.4,463.2,221.309,2.3,7,13,21.61,68.48,248.52,0.427,0.427,0.428,26.7,23.8,0,419,29.805,218.755,-0.78,-0.626,0.278,626,2.057,1,4.4,open-meteo-era5,26.96,88.502
0,same_place_other_date,glc-1091,2010-07-16,7,27.025,88.438,25,West Bengal,16.4,4.9,25.9,496.1,726.9,1256.4,464.172,3.4,7,13.79,24.22,93.12,464,0.415,0.414,0.415,28,24.5,0,419,29.805,218.755,-0.78,-0.626,0.278,626,1.254,1,4.6,open-meteo-era5,26.96,88.502
0,nearby_place_same_date,glc-1091,2009-08-16,8,27.161,88.104,25,West Bengal,34.1,14.9,120.9,222.7,425.6,791.4,278.21,4.8,7,15.93,28.57,61.51,342.4,0.422,0.419,0.417,17.9,15.7,0,2349,23.424,298.74,0.481,-0.877,-0.288,462,2.274,0,,open-meteo-era5,27.17,88.096
1,event,glc-1089,2009-08-16,8,26.791,88.363,10,West Bengal,22.7,21,104.4,196.9,364.8,603.5,237.663,2.7,7,15.93,28.57,61.51,342.4,0.423,0.429,0.417,25.2,24.3,0,163,2.633,169.287,-0.983,0.186,-0.067,44,2.132,0,,open-meteo-era5,26.749,88.407
0,same_place_other_date,glc-1089,2014-08-07,8,26.791,88.363,10,West Bengal,21.7,9.8,57.7,119.1,196.5,509.2,144.879,4.9,7,6.44,13.22,24,196.07,0.418,0.423,0.415,29.1,25.1,0,163,2.633,169.287,-0.983,0.186,-0.067,44,1.731,3,4.3,open-meteo-era5,26.749,88.407
0,same_place_other_date,glc-1089,2025-07-27,7,26.791,88.363,10,West Bengal,42.1,34.3,84.5,140.5,372.4,635.9,197.088,7.7,7,12.49,38.41,58.98,322.48,0.421,0.408,0.394,31,24.4,0,163,2.633,169.287,-0.983,0.186,-0.067,44,1,0,,open-meteo-era5,26.749,88.407
0,nearby_place_same_date,glc-1089,2009-08-16,8,26.659,88.499,10,West Bengal,30.7,21.8,124.4,223.3,387.7,641.8,255.316,2.4,7,75.47,96.09,134.93,499.01,0.425,0.429,0.415,25.1,24.2,0,105,0.099,,0,0,-0.029,10,2.08,0,,open-meteo-era5,26.678,88.508
1,event,glc-1092,2009-08-16,8,26.745,88.4,5,West Bengal,30.7,21.8,124.4,223.3,387.7,641.8,255.316,2.4,7,42.73,61.93,96.57,444.65,0.429,0.43,0.405,24.9,24,0,128,0.442,,0,0,0,21,2.115,0,,open-meteo-era5,26.749,88.407
0,same_place_other_date,glc-1092,2016-07-19,7,26.745,88.4,5,West Bengal,16.3,49.3,170.6,276.3,403.6,895.5,328.248,5.5,7,22.75,90.39,163.28,506.61,0.425,0.43,0.421,27.6,24.8,0,128,0.442,,0,0,0,21,1.703,1,4.7,open-meteo-era5,26.749,88.407
0,same_place_other_date,glc-1092,2019-08-03,8,26.745,88.4,5,West Bengal,11.7,6.6,37.5,79,491,1488.9,311.454,3.1,7,3.01,14.08,25.37,750.16,0.417,0.424,0.431,32,25.4,0,128,0.442,,0,0,0,21,1.959,0,,open-meteo-era5,26.749,88.407
0,nearby_place_same_date,glc-1092,2009-08-16,8,26.822,88.454,5,West Bengal,30.7,21.8,124.4,223.3,387.7,641.8,255.316,2.4,7,33.17,47.52,85.74,393.19,0.423,0.425,0.421,24.6,23.8,0,177,0.505,,0,0,-0.076,21,2.13,0,,open-meteo-era5,26.819,88.505
1,event,glc-1088,2009-08-16,8,26.887,88.28,5,West Bengal,37.1,17,127.5,222.9,387.2,696,258.568,5.1,7,15.93,28.57,61.51,342.4,0.428,0.428,0.423,18.5,17.5,0,1594,21.557,281.24,0.195,-0.981,-0.067,445,2.17,0,,open-meteo-era5,26.96,88.202
0,same_place_other_date,glc-1088,2017-08-17,8,26.887,88.28,5,West Bengal,19.6,36.2,61.1,538.5,754.6,983.8,483.781,5.9,7,2.57,7.65,167.58,437.15,0.426,0.426,0.428,23.7,17.8,0,1594,21.557,281.24,0.195,-0.981,-0.067,445,1,0,,open-meteo-era5,26.96,88.202
0,same_place_other_date,glc-1088,2026-08-30,8,26.887,88.28,5,West Bengal,15.6,10.1,34.4,69.6,148.2,299.7,87.908,3.5,7,15.5,37.21,56.49,327.8,0.409,0.405,0.399,23.7,18.5,0,1594,21.557,281.24,0.195,-0.981,-0.067,445,2.065,0,,open-meteo-era5,26.96,88.202
0,nearby_place_same_date,glc-1088,2009-08-16,8,27.172,88.375,5,West Bengal,48.6,10.9,158.9,309.6,613.3,1081.8,384.911,5.5,7,15.93,28.57,61.51,342.4,0.423,0.425,0.424,21.4,16.8,0,1593,22.433,171.293,-0.988,0.151,-0.5,532,2.241,0,,open-meteo-era5,27.241,88.395
1,event,glc-1090,2009-08-16,8,26.96,88.268,5,West Bengal,37.1,17,127.5,222.9,387.2,696,258.568,5.1,7,15.93,28.57,61.51,342.4,0.426,0.426,0.425,18.6,17.1,0,1878,15.389,269.236,-0.013,-1,0.124,291,2.193,0,,open-meteo-era5,26.96,88.202
0,same_place_other_date,glc-1090,2019-08-30,8,26.96,88.268,5,West Bengal,3.5,5.6,10.2,27.9,112.8,307.9,70.906,3.1,7,11.74,28.75,50.76,247.67,0.402,0.398,0.406,22.6,15.2,0,1878,15.389,269.236,-0.013,-1,0.124,291,1.182,1,4.5,open-meteo-era5,26.96,88.202
0,same_place_other_date,glc-1090,2010-07-12,7,26.96,88.268,5,West Bengal,80.8,80.7,421.4,481.4,668.5,1225.2,515.033,14.9,7,15.73,63.03,151.04,476.94,0.429,0.429,0.427,20.8,16.9,0,1878,15.389,269.236,-0.013,-1,0.124,291,1.261,1,4.6,open-meteo-era5,26.96,88.202
0,nearby_place_same_date,glc-1090,2009-08-16,8,27.119,88.13,5,West Bengal,37.1,17,127.5,222.9,387.2,696,258.568,5.1,7,15.93,28.57,61.51,342.4,0.424,0.423,0.426,22.4,20.4,0,1294,38.22,352.223,0.991,-0.135,0.97,596,2.258,0,,open-meteo-era5,27.17,88.196
1,event,glc-1093,2009-08-16,8,26.882,88.32,5,West Bengal,37.1,17,127.5,222.9,387.2,696,258.568,5.1,7,15.93,28.57,61.51,342.4,0.428,0.428,0.423,20.5,19.4,0,1251,14.163,144.462,-0.814,0.581,0.631,485,2.164,0,,open-meteo-era5,26.96,88.302
0,same_place_other_date,glc-1093,2021-08-15,8,26.882,88.32,5,West Bengal,37.2,12.1,66.5,146.9,264.3,653.3,182.755,13.5,7,15.31,43.4,81.02,442.01,0.421,0.421,0.426,23.6,20.1,0,1251,14.163,144.462,-0.814,0.581,0.631,485,3.738,1,4.5,open-meteo-era5,26.96,88.302
0,same_place_other_date,glc-1093,2008-09-12,9,26.882,88.32,5,West Bengal,5.4,2.4,10.1,33.9,205.5,744.6,133.412,2.8,7,14.11,19.38,20.37,294.98,0.398,0.401,0.406,24.4,18.2,0,1251,14.163,144.462,-0.814,0.581,0.631,485,3.213,0,,open-meteo-era5,26.96,88.302
0,nearby_place_same_date,glc-1093,2009-08-16,8,27.098,88.105,5,West Bengal,29.4,18.7,109.4,188.7,391.3,679.5,247.771,3.5,7,15.93,28.57,61.51,342.4,0.424,0.423,0.426,21.1,19.1,0,1424,27.021,126.209,-0.591,0.807,-0.115,525,2.254,0,,open-meteo-era5,27.1,88.198
1,event,glc-1102,2009-08-19,8,27.264,88.137,10,,34.8,27.2,151.4,346.2,658.3,1203.2,426.367,4.7,7,40.68,60.27,78.52,263.88,0.426,0.427,0.424,25.1,19.2,0,1266,13.601,32.159,0.847,0.532,-0.751,282,2.302,0,,open-meteo-era5,27.241,88.194
0,same_place_other_date,glc-1102,2021-09-18,9,27.264,88.137,10,,7.6,10.7,18.3,29.4,192.7,1089.7,183.557,4.5,4,9.61,18.49,31.6,289.09,0.398,0.383,0.385,23,17.6,0,1266,13.601,32.159,0.847,0.532,-0.751,282,1.452,1,4.4,open-meteo-era5,27.241,88.194
0,same_place_other_date,glc-1102,2021-07-19,7,27.264,88.137,10,,114.2,93.4,238.4,484.9,703.5,1287,465.489,18.6,7,7.05,34.12,74.14,349.1,0.429,0.428,0.428,23.1,20,0,1266,13.601,32.159,0.847,0.532,-0.751,282,2.476,3,5.3,open-meteo-era5,27.241,88.194
0,nearby_place_same_date,glc-1102,2009-08-19,8,27.286,88.282,10,,23.7,29.2,152.3,499.7,724.2,1161.3,499.028,3.5,7,40.68,60.27,78.52,263.88,0.424,0.428,0.406,25.7,22.5,0,615,26.786,308.29,0.62,-0.785,-0.029,525,2.288,0,,open-meteo-era5,27.241,88.294
1,event,glc-1109,2009-08-20,8,25.522,93.165,25,Assam,2.7,3.6,9.9,90.1,152.5,297.6,100.659,0.5,6,12.55,40.34,100.43,285.98,0.47,0.45,0.495,27.6,24.2,0,281,3.39,78.232,0.204,0.979,0.495,68,3.047,2,5.5,open-meteo-era5,25.554,93.127
0,same_place_other_date,glc-1109,2010-09-05,9,25.522,93.165,25,Assam,0,0,13.9,102.3,162.5,215,99.733,0,4,3.71,29.55,49.44,197.83,0.484,0.497,0.501,30.3,25.1,0,281,3.39,78.232,0.204,0.979,0.495,68,1.754,2,4.7,open-meteo-era5,25.554,93.127
0,same_place_other_date,glc-1109,2025-07-31,7,25.522,93.165,25,Assam,0.2,0.2,1.2,33.9,113.4,226.6,69.61,0.1,4,6.12,26.47,70.85,212.67,0.327,0.394,0.331,34,25.4,0,281,3.39,78.232,0.204,0.979,0.495,68,2.037,4,4.6,open-meteo-era5,25.554,93.127
0,nearby_place_same_date,glc-1109,2009-08-20,8,25.277,93.16,25,Assam,6.8,3.1,13.7,91.3,159.5,330.4,103.548,1.1,7,12.55,40.34,100.43,285.98,0.488,0.471,0.488,26.5,22.9,0,434,3.244,336.161,0.915,-0.404,0.391,166,3.054,2,5.5,open-meteo-era5,25.272,93.114
1,event,glc-1112,2009-08-20,8,27.176,88.529,25,Sikkim,43.3,23.7,96.2,504.6,710.8,1195.2,472.651,7.6,7,47.06,120.65,200.19,501.12,0.422,0.427,0.419,26.7,25,0,299,12.143,222.23,-0.74,-0.672,-0.442,234,2.22,0,,open-meteo-era5,27.17,88.497
0,same_place_other_date,glc-1112,2015-07-11,7,27.176,88.529,25,Sikkim,22.3,30.8,62.5,124.7,338.7,523.2,187.601,2.4,7,7.43,29.64,61.15,335.19,0.425,0.429,0.398,30.6,24.8,0,299,12.143,222.23,-0.74,-0.672,-0.442,234,2.615,14,5.1,open-meteo-era5,27.17,88.497
0,same_place_other_date,glc-1112,2024-08-10,8,27.176,88.529,25,Sikkim,30.4,17.3,75.9,187,355.4,663.7,222.928,5.5,7,11.44,43.23,138.73,472.44,0.424,0.423,0.435,31,25.5,0,299,12.143,222.23,-0.74,-0.672,-0.442,234,3.858,1,4.5,open-meteo-era5,27.17,88.497
0,nearby_place_same_date,glc-1112,2009-08-20,8,27.006,88.62,25,Sikkim,43.3,23.7,96.2,504.6,710.8,1195.2,472.651,7.6,7,47.06,120.65,200.19,501.12,0.427,0.43,0.41,24.2,19.1,0,995,31.483,229.051,-0.655,-0.755,-1.265,607,2.159,0,,open-meteo-era5,27.03,88.6
1,event,glc-1108,2009-08-20,8,24.993,93.5,10,Assam,9.4,6.9,24.2,87,146.7,299,95.185,1.3,7,5.16,18.51,97.15,239.58,0.422,0.422,0.419,21.2,17.9,0,1225,6.59,31.373,0.854,0.521,0.157,266,3.356,3,5.5,open-meteo-era5,24.991,93.585
0,same_place_other_date,glc-1108,2014-07-28,7,24.993,93.5,10,Assam,4.9,4.3,10.4,28.9,102,175.5,52.568,2.8,7,4.9,8.59,22.37,113.24,0.397,0.394,0.403,25.2,19.4,0,1225,6.59,31.373,0.854,0.521,0.157,266,2.503,2,4.3,open-meteo-era5,24.991,93.585
0,same_place_other_date,glc-1108,2017-08-12,8,24.993,93.5,10,Assam,27.4,31.5,79.5,235.6,392.9,593.8,233.282,4.3,7,12.85,24.65,52.9,205.55,0.428,0.429,0.428,20.3,18.3,0,1225,6.59,31.373,0.854,0.521,0.157,266,3.769,5,5.1,open-meteo-era5,24.991,93.585
0,nearby_place_same_date,glc-1108,2009-08-20,8,25.137,93.734,10,Assam,5.8,3.4,14.7,102.9,155.8,305.9,102.647,1,7,5.16,18.51,97.15,239.58,0.418,0.419,0.415,21.3,18.2,0,1342,19.791,355.778,0.997,-0.074,0.51,650,3.43,3,5.5,open-meteo-era5,25.132,93.786
1,event,glc-1111,2009-08-20,8,27.134,88.458,5,West Bengal,43.3,23.7,96.2,504.6,710.8,1195.2,472.651,7.6,7,47.06,120.65,200.19,501.12,0.428,0.429,0.409,24.5,22.5,0,636,21.543,263.228,-0.118,-0.993,0.134,472,2.218,0,,open-meteo-era5,27.17,88.396
0,same_place_other_date,glc-1111,2015-09-20,9,27.134,88.458,5,West Bengal,95.7,0.1,96.1,118.2,197.5,754.9,118.94,9.9,4,18.44,24.79,43.28,292.27,0.354,0.369,0.354,27.2,23.2,0,636,21.543,263.228,-0.118,-0.993,0.134,472,2.123,7,5,open-meteo-era5,27.17,88.396
0,same_place_other_date,glc-1111,2026-08-13,8,27.134,88.458,5,West Bengal,20.9,1.4,23.5,81.9,262.1,580.4,140.526,4.9,7,6.9,13.04,84.73,451.53,0.376,0.391,0.414,30.4,25.1,0,636,21.543,263.228,-0.118,-0.993,0.134,472,1,0,,open-meteo-era5,27.17,88.396
0,nearby_place_same_date,glc-1111,2009-08-20,8,27.256,88.426,5,West Bengal,46.3,38.9,115.4,615.8,986,1853.6,666.336,7.1,7,38.49,88.84,112.67,297.18,0.426,0.43,0.419,24.9,21.8,0,672,38.414,352.446,0.991,-0.131,0.308,596,2.258,0,,open-meteo-era5,27.17,88.396
1,event,glc-1107,2009-08-20,8,27.074,88.478,25,West Bengal,43.3,23.7,96.2,504.6,710.8,1195.2,472.651,7.6,7,47.06,120.65,200.19,501.12,0.428,0.429,0.409,21,19,0,1159,13.49,157.493,-0.924,0.383,0.125,277,2.198,0,,open-meteo-era5,27.1,88.498
0,same_place_other_date,glc-1107,2024-08-06,8,27.074,88.478,25,West Bengal,45.9,19.1,69.5,177.5,408.7,752,231.96,10.8,7,36.96,83.14,158.46,523.02,0.41,0.4,0.424,22.8,20.7,0,1159,13.49,157.493,-0.924,0.383,0.125,277,1,0,,open-meteo-era5,27.1,88.498
0,same_place_other_date,glc-1107,2019-08-19,8,27.074,88.478,25,West Bengal,14.4,12.1,40.2,116.3,232.7,878.8,171.379,3,7,2.02,13.88,106.85,431.66,0.416,0.411,0.411,23.9,19.8,0,1159,13.49,157.493,-0.924,0.383,0.125,277,1,0,,open-meteo-era5,27.1,88.498
0,nearby_place_same_date,glc-1107,2009-08-20,8,27.005,88.518,25,West Bengal,43.3,23.7,96.2,504.6,710.8,1195.2,472.651,7.6,7,47.06,120.65,200.19,501.12,0.422,0.429,0.416,20.3,17.8,0,1239,22.707,211.366,-0.854,-0.521,-0.249,342,2.173,0,,open-meteo-era5,27.03,88.5
1,event,glc-1110,2009-08-20,8,26.884,88.281,10,West Bengal,111.4,20.8,163.6,369.7,565.8,918.9,308.921,15.9,7,61.76,146.77,195.56,466.42,0.426,0.427,0.428,20.6,17.9,0,1627,18.957,269.388,-0.011,-1,-0.057,399,2.169,0,,open-meteo-era5,26.96,88.202
0,same_place_other_date,glc-1110,2021-09-12,9,26.884,88.281,10,West Bengal,1.2,5.1,6.8,60,175.8,782.2,173.272,2,6,0.4,13.6,52.68,501.54,0.409,0.408,0.408,24.5,15.9,0,1627,18.957,269.388,-0.011,-1,-0.057,399,1.297,1,4.4,open-meteo-era5,26.96,88.202
0,same_place_other_date,glc-1110,2021-08-04,8,26.884,88.281,10,West Bengal,4.2,6.3,23.7,107.1,209.9,604.3,167.992,1.1,7,5.73,25.56,126.69,483.99,0.418,0.42,0.421,22.3,17.5,0,1627,18.957,269.388,-0.011,-1,-0.057,399,3.742,3,5.3,open-meteo-era5,26.96,88.202
0,nearby_place_same_date,glc-1110,2009-08-20,8,26.634,88.57,10,West Bengal,38.6,23.5,100.1,260.4,452.7,759.2,276.324,7.5,7,51.66,157.74,303.4,670.99,0.428,0.433,0.424,27.9,24.3,0,101,1.387,,0,0,0.038,11,2.064,0,,open-meteo-era5,26.608,88.609
1,event,glc-1106,2009-08-20,8,26.899,88.167,1,West Bengal,111.4,20.8,163.6,369.7,565.8,918.9,308.921,15.9,7,61.76,146.77,195.56,466.42,0.427,0.427,0.428,19.4,17.6,0,1550,9.437,153.812,-0.897,0.441,0.21,275,2.187,0,,open-meteo-era5,26.96,88.202
0,same_place_other_date,glc-1106,2013-08-04,8,26.899,88.167,1,West Bengal,6.6,5.3,31.1,77.6,180.6,939.6,167.882,2.5,7,18.07,31.99,66.5,398.36,0.416,0.418,0.425,24.3,17.2,0,1550,9.437,153.812,-0.897,0.441,0.21,275,2.14,2,4.7,open-meteo-era5,26.96,88.202
0,same_place_other_date,glc-1106,2016-09-20,9,26.899,88.167,1,West Bengal,26.1,4.2,44,75.4,220.8,398.4,122.884,4.1,7,23.52,47.46,85.88,317.02,0.421,0.421,0.424,21.1,17.1,0,1550,9.437,153.812,-0.897,0.441,0.21,275,2.805,1,4.2,open-meteo-era5,26.96,88.202
0,nearby_place_same_date,glc-1106,2009-08-20,8,26.818,87.856,1,West Bengal,106.2,34.5,181.1,293.6,460.6,674.3,235.812,10.8,7,61.76,146.77,195.56,466.42,0.427,0.427,0.427,23.7,22.5,0,420,15.408,52.927,0.603,0.798,0.019,248,2.197,0,,open-meteo-era5,26.819,87.807
1,event,glc-1125,2009-08-26,8,27.375,88.765,25,Sikkim,12.4,16.5,57.1,158.2,536.9,1004.3,309.151,2.8,7,5.78,16.5,52.29,255.57,0.425,0.425,0.423,12,7.5,0,3749,4.99,297.646,0.464,-0.886,-0.096,251,1.477,0,,open-meteo-era5,27.381,88.793
0,same_place_other_date,glc-1125,2013-07-17,7,27.375,88.765,25,Sikkim,24,21,92.2,206.8,688,1004.5,366.207,2.4,7,2.76,12.7,27.64,261.48,0.425,0.427,0.425,13.5,9.1,0,3749,4.99,297.646,0.464,-0.886,-0.096,251,2.255,2,4.7,open-meteo-era5,27.381,88.793
0,same_place_other_date,glc-1125,2015-08-18,8,27.375,88.765,25,Sikkim,10.3,92.2,149.3,285.5,484.2,715.5,332.541,9,7,7.39,15.79,34.48,166.07,0.428,0.429,0.427,13.1,8.8,0,3749,4.99,297.646,0.464,-0.886,-0.096,251,2.756,6,4.7,open-meteo-era5,27.381,88.793
0,nearby_place_same_date,glc-1125,2009-08-26,8,27.209,88.746,25,Sikkim,30.9,36.4,96.2,204,850.1,1369.2,438.988,4.8,7,6.68,17.01,83.26,453.94,0.423,0.429,0.429,20.5,16.4,0,1809,28.646,16.157,0.961,0.278,-0.289,650,1.485,0,,open-meteo-era5,27.241,88.696
1,event,glc-1127,2009-08-27,8,25.172,93.123,10,Assam,7.3,9.1,20.5,106.5,277.3,481.7,152.545,5.1,7,4.12,19.43,59.39,295.64,0.479,0.492,0.451,25.9,21.9,0,723,12.418,288.831,0.323,-0.946,0.223,206,3.071,3,5.5,open-meteo-era5,25.202,93.11
0,same_place_other_date,glc-1127,2022-07-22,7,25.172,93.123,10,Assam,18.8,6.7,27.9,72.2,101.3,178.5,62.622,11.9,7,4.4,20.24,49.24,232.82,0.466,0.471,0.45,27,21.8,0,723,12.418,288.831,0.323,-0.946,0.223,206,1.782,3,4.6,open-meteo-era5,25.202,93.11
0,same_place_other_date,glc-1127,2016-08-05,8,25.172,93.123,10,Assam,17.5,6.8,24.3,29.7,141.3,253.8,68.126,3.8,4,11.31,16.94,23.01,345.21,0.432,0.437,0.468,26.8,22.9,0,723,12.418,288.831,0.323,-0.946,0.223,206,1.248,2,4.4,open-meteo-era5,25.202,93.11
0,nearby_place_same_date,glc-1127,2009-08-27,8,25.106,93.467,10,Assam,4.1,6.9,11.4,82.9,176.3,292.6,103.509,3.1,5,2.22,11.8,53.46,242.29,0.403,0.403,0.416,29.7,24.6,0,315,22.545,10.528,0.983,0.183,0.343,400,3.291,3,5.5,open-meteo-era5,25.062,93.394
1,event,glc-1168,2009-09-17,9,27.195,88.612,5,Sikkim,11.8,7.4,24.8,125.9,183.6,396.3,118.053,2.8,7,4.39,10.49,13.42,225.29,0.4,0.395,0.4,27.6,23.1,0,472,6.596,175.135,-0.996,0.085,0.067,308,1.911,0,,open-meteo-era5,27.17,88.597
0,same_place_other_date,glc-1168,2014-08-07,8,27.195,88.612,5,Sikkim,16.8,7.5,43.3,81.3,119.1,348.3,92.35,2.8,7,9.81,20.8,33.26,219.47,0.427,0.425,0.429,27.7,24,0,472,6.596,175.135,-0.996,0.085,0.067,308,1.759,3,4.3,open-meteo-era5,27.17,88.597
0,same_place_other_date,glc-1168,2008-08-23,8,27.195,88.612,5,Sikkim,16.5,5.4,25.8,241.9,529,684.9,296.234,2.5,7,15.9,25.44,91.84,366.16,0.426,0.424,0.403,29,23.5,0,472,6.596,175.135,-0.996,0.085,0.067,308,1.597,0,,open-meteo-era5,27.17,88.597
0,nearby_place_same_date,glc-1168,2009-09-17,9,27.185,88.501,5,Sikkim,11.8,7.4,24.8,125.9,183.6,396.3,118.053,2.8,7,4.39,10.49,13.42,225.29,0.408,0.407,0.41,28.4,24.5,0,364,4.126,170.218,-0.985,0.17,0.077,221,1.89,0,,open-meteo-era5,27.17,88.497
1,event,glc-1222,2009-10-05,10,23.735,92.721,5,Mizoram,28.3,17.3,87.2,94.3,230,353.8,120.856,4.4,5,16.64,63.8,74.72,226.3,0.425,0.424,0.41,23.9,19,0,979,19.265,71.318,0.32,0.947,0.599,315,2.967,0,,open-meteo-era5,23.726,92.756
0,same_place_other_date,glc-1222,2024-08-31,8,23.735,92.721,5,Mizoram,6.7,9.4,43.5,89.9,264.8,404.4,144.405,3,6,25.79,42.46,75.51,830.64,0.409,0.408,0.404,28.2,19.6,0,979,19.265,71.318,0.32,0.947,0.599,315,1.395,2,4.4,open-meteo-era5,23.726,92.756
0,same_place_other_date,glc-1222,2025-11-14,11,23.735,92.721,5,Mizoram,0,0,0,0.1,17.1,50.4,10.225,0,0,0,0,0,65.45,0.126,0.132,0.128,25.6,11.1,0,979,19.265,71.318,0.32,0.947,0.599,315,1.704,4,4.6,open-meteo-era5,23.726,92.756
0,nearby_place_same_date,glc-1222,2009-10-05,10,23.665,92.785,5,Mizoram,28.3,17.3,87.2,94.3,230,353.8,120.856,4.4,5,16.64,63.8,74.72,226.3,0.425,0.424,0.406,28.1,23.2,0,321,21.369,63.045,0.453,0.891,0.1,409,2.933,0,,open-meteo-era5,23.656,92.753
1,event,glc-1596,2010-03-27,3,24.734,93.916,5,Manipur,2.5,0,2.5,2.5,2.7,8.7,0.822,1.4,1,11.35,12.42,14.34,30.05,0.168,0.189,0.214,29.3,18.3,0,883,8.99,221.309,-0.751,-0.66,0.738,128,3.025,2,5.5,open-meteo-era5,24.71,93.859
0,same_place_other_date,glc-1596,2008-02-26,2,24.734,93.916,5,Manipur,0,0.1,0.1,5.3,5.5,22.7,6.33,0.1,2,0.07,0.25,0.25,20.02,0.251,0.267,0.279,23.5,12.9,0,883,8.99,221.309,-0.751,-0.66,0.738,128,2.038,3,4.9,open-meteo-era5,24.71,93.859
0,same_place_other_date,glc-1596,2021-04-15,4,24.734,93.916,5,Manipur,0,0.6,0.6,1.2,9.2,38.3,9.34,0.5,0,0.84,3.42,5.31,71.74,0.125,0.15,0.197,30.8,16.5,0,883,8.99,221.309,-0.751,-0.66,0.738,128,1.611,1,4.2,open-meteo-era5,24.71,93.859
0,nearby_place_same_date,glc-1596,2010-03-27,3,24.978,94.081,5,Manipur,1.4,0,1.4,2.2,4,36.6,5.031,0.9,1,14.12,18.89,23.35,41.11,0.26,0.283,0.311,29.5,17.5,0,875,14.773,191.31,-0.981,-0.196,-0.398,242,2.903,2,5.5,open-meteo-era5,24.991,94.069
1,event,glc-1611,2010-04-01,4,25.155,93.028,25,Assam,15.3,20.7,96.8,137.6,139.1,181.3,112.917,3.5,6,40.47,104.47,158.73,176.46,0.476,0.489,0.388,25,17.9,0,564,21.174,14.036,0.97,0.243,-0.353,293,2.573,2,5.5,open-meteo-era5,25.202,93.013
0,same_place_other_date,glc-1611,2026-03-13,3,25.155,93.028,25,Assam,8.1,6.4,16.8,18.8,19.7,19.8,10.191,3.1,4,12.58,16.57,19.97,22.4,0.443,0.429,0.45,23.7,18.3,0,564,21.174,14.036,0.97,0.243,-0.353,293,1.565,1,4.9,open-meteo-era5,25.202,93.013
0,same_place_other_date,glc-1611,2007-03-29,3,25.155,93.028,25,Assam,0,0,0,44.5,86.3,94.4,49.599,0,1,0,0,5.83,15.53,0.423,0.441,0.437,31.3,18.3,0,564,21.174,14.036,0.97,0.243,-0.353,293,1.151,2,4.3,open-meteo-era5,25.202,93.013
0,nearby_place_same_date,glc-1611,2010-04-01,4,25.436,92.949,25,Assam,5.6,8.9,53.1,75.8,76.3,88.5,63.916,2.7,5,23.52,74.36,124.58,141.54,0.497,0.479,0.336,26,18.4,0,446,10.332,11.459,0.98,0.199,0.205,154,2.435,1,4.4,open-meteo-era5,25.413,92.925
1,event,glc-1613,2010-04-02,4,27.9,93.35,1,Arunachal Pradesh,20.2,22.5,62.6,122.9,215.8,426.7,143.457,3.5,7,6.29,18.64,40.38,81.13,0.423,0.425,0.425,20.9,14.8,4.06,866,6.658,234.462,-0.581,-0.814,0.029,211,2.055,0,,open-meteo-era5,27.873,93.446
0,same_place_other_date,glc-1613,2018-03-30,3,27.9,93.35,1,Arunachal Pradesh,12.8,10.5,25.3,52.8,122.2,217.5,67.65,2.2,7,0.14,1.31,4.05,46.2,0.406,0.401,0.407,19.6,14.7,0,866,6.658,234.462,-0.581,-0.814,0.029,211,1,0,,open-meteo-era5,27.873,93.446
0,same_place_other_date,glc-1613,2024-03-26,3,27.9,93.35,1,Arunachal Pradesh,17.5,16.6,37.7,98.8,189.1,332.3,112.921,7.4,7,5.66,14.67,35.09,43.03,0.419,0.416,0.418,19.4,11.9,0,866,6.658,234.462,-0.581,-0.814,0.029,211,1,0,,open-meteo-era5,27.873,93.446
0,nearby_place_same_date,glc-1613,2010-04-02,4,27.647,93.507,1,Arunachal Pradesh,41.3,34.1,108.2,216.5,350.7,530.7,210.232,4,7,11.69,32.15,71.38,140.7,0.428,0.428,0.429,13.7,9.6,0,2135,29.57,179.627,-1,0.007,-0.174,412,1.969,0,,open-meteo-era5,27.663,93.434
1,event,glc-1755,2010-04-17,4,27.334,88.608,5,Sikkim,4.7,1.9,8.4,25.3,48.2,192.8,44.656,1.2,6,0.26,1.83,3.59,7.11,0.381,0.379,0.37,20.5,14.3,0,1448,22.174,274.663,0.081,-0.997,-0.058,440,1.597,0,,open-meteo-era5,27.311,88.594
0,same_place_other_date,glc-1755,2024-04-24,4,27.334,88.608,5,Sikkim,0,0,1.2,57.6,70.4,111.9,45.732,0,5,0.28,1.62,3.05,49.41,0.368,0.382,0.38,26.6,10.7,0,1448,22.174,274.663,0.081,-0.997,-0.058,440,1.33,0,,open-meteo-era5,27.311,88.594
0,same_place_other_date,glc-1755,2014-03-11,3,27.334,88.608,5,Sikkim,0.5,0.9,9.6,51.1,139.8,350.3,91.264,0.3,5,0,0,0.61,6.47,0.402,0.412,0.402,16.9,10.9,0.21,1448,22.174,274.663,0.081,-0.997,-0.058,440,1,0,,open-meteo-era5,27.311,88.594
0,nearby_place_same_date,glc-1755,2010-04-17,4,27.53,88.42,5,Sikkim,11.2,4.2,20.1,85,207.3,567.2,153.214,1.9,7,0.06,1.38,2.19,4.65,0.416,0.418,0.42,16.7,10.6,8.47,1923,47.637,168.816,-0.981,0.194,-0.455,650,1.613,0,,open-meteo-era5,27.522,88.488
1,event,glc-1756,2010-04-17,4,27.322,88.609,1,Sikkim,4.7,1.9,8.4,25.3,48.2,192.8,44.656,1.2,6,0.26,1.83,3.59,7.11,0.381,0.379,0.37,20.1,13.9,0,1514,26.732,277.419,0.129,-0.992,0.617,471,1.594,0,,open-meteo-era5,27.311,88.594
0,same_place_other_date,glc-1756,2014-04-19,4,27.322,88.609,1,Sikkim,3.7,0.1,8.8,16.4,97.2,203.3,47.463,1.9,6,1.38,5.58,7.56,31.55,0.378,0.376,0.389,22.2,12.5,0,1514,26.732,277.419,0.129,-0.992,0.617,471,1.508,0,,open-meteo-era5,27.311,88.594
0,same_place_other_date,glc-1756,2024-04-06,4,27.322,88.609,1,Sikkim,0,3,4.1,16.7,104.6,147.7,49.159,1.3,5,1.07,4.89,9.6,87.76,0.359,0.355,0.392,24.5,10.2,0,1514,26.732,277.419,0.129,-0.992,0.617,471,1.331,1,4.4,open-meteo-era5,27.311,88.594
0,nearby_place_same_date,glc-1756,2010-04-17,4,27.373,88.52,1,Sikkim,4.7,1.9,8.4,25.3,48.2,192.8,44.656,1.2,6,0.26,1.83,3.59,7.11,0.406,0.405,0.403,19.9,14.4,0,1609,17.265,357.963,0.999,-0.036,-0.752,481,1.594,0,,open-meteo-era5,27.381,88.492
1,event,glc-1771,2010-04-20,4,26.198,91.767,0.5,Assam,50.4,24.8,105.5,182.6,190.6,282.4,123.665,4.2,7,33.21,123.36,189.67,297.34,0.483,0.489,0.38,23.9,20.7,0,81,9.19,112.521,-0.383,0.924,0.076,150.832,1.576,0,,open-meteo-era5,26.186,91.776
0,same_place_other_date,glc-1771,2014-03-18,3,26.198,91.767,0.5,Assam,0.2,0.1,0.3,0.3,0.3,11,1.096,0.2,0,0,0,0,19.11,0.259,0.284,0.316,32.2,20.1,0,81,9.19,112.521,-0.383,0.924,0.076,150.832,2.188,2,4.4,open-meteo-era5,26.186,91.776
0,same_place_other_date,glc-1771,2007-04-12,4,26.198,91.767,0.5,Assam,0,10.5,33.1,121.1,128.5,151.7,98.16,2.6,6,0.35,29.22,110.91,142.36,0.467,0.476,0.363,26.8,17.4,0,81,9.19,112.521,-0.383,0.924,0.076,150.832,1,0,,open-meteo-era5,26.186,91.776
0,nearby_place_same_date,glc-1771,2010-04-20,4,26.297,91.667,0.5,Assam,50.4,24.8,105.5,182.6,190.6,282.4,123.665,4.2,7,46.99,135.63,189.17,292.54,0.476,0.493,0.468,24.1,21.1,0,49,0.394,,0,0,-0.019,6,1.596,0,,open-meteo-era5,26.327,91.681
1,event,glc-1770,2010-04-20,4,26.197,91.763,1,Assam,50.4,24.8,105.5,182.6,190.6,282.4,123.665,4.2,7,33.21,123.36,189.67,297.34,0.483,0.489,0.38,23.9,20.7,0,94,3.222,302.661,0.54,-0.842,0.302,134.637,1.575,0,,open-meteo-era5,26.186,91.776
0,same_place_other_date,glc-1770,2023-05-28,5,26.197,91.763,1,Assam,0.9,21,44.2,98.3,182.7,241.8,118.537,12.7,6,0.32,28.38,53.83,157.29,0.491,0.491,0.371,30.9,22.4,0,94,3.222,302.661,0.54,-0.842,0.302,134.637,2.311,1,4.5,open-meteo-era5,26.186,91.776
0,same_place_other_date,glc-1770,2021-04-02,4,26.197,91.763,1,Assam,1,0,21.1,23.8,23.8,28.9,20.764,0.7,3,4.29,19.3,42.31,59.21,0.395,0.28,0.32,31,19.2,0,94,3.222,302.661,0.54,-0.842,0.302,134.637,2.563,2,5,open-meteo-era5,26.186,91.776
0,nearby_place_same_date,glc-1770,2010-04-20,4,26.184,91.562,1,Assam,52.1,24.7,109.3,213.2,219.7,341.6,146.483,5.4,7,32.67,118.45,192.19,292.65,0.473,0.491,0.425,24.1,21,0,50,0.098,,0,0,0.057,11,1.566,0,,open-meteo-era5,26.186,91.579
1,event,glc-1776,2010-04-21,4,25.361,92.285,25,Meghalaya,18.3,57.3,139.5,225.6,263.8,439.6,217.992,7.9,7,22.82,90.58,192.15,373.26,0.488,0.489,0.517,21.8,17.7,0,1226,3.75,173.66,-0.994,0.11,-0.065,55,1.397,0,,open-meteo-era5,25.343,92.24
0,same_place_other_date,glc-1776,2018-05-17,5,25.361,92.285,25,Meghalaya,0.5,6.2,9.8,27.7,300,529.1,148.083,1.7,6,3.38,17.81,25.92,289.06,0.494,0.485,0.453,21.7,15.5,0,1226,3.75,173.66,-0.994,0.11,-0.065,55,1.654,1,4.4,open-meteo-era5,25.343,92.24
0,same_place_other_date,glc-1776,2013-05-31,5,25.361,92.285,25,Meghalaya,5.9,13.7,48.8,70.6,255.9,490,167.005,2.7,7,2.7,36.49,57.63,508.55,0.487,0.485,0.484,23.6,19.1,0,1226,3.75,173.66,-0.994,0.11,-0.065,55,1,0,,open-meteo-era5,25.343,92.24
0,nearby_place_same_date,glc-1776,2010-04-21,4,25.428,92.666,25,Meghalaya,6.7,126.4,191.1,248.2,266.8,378,240.897,11.9,7,22.82,90.58,192.15,373.26,0.49,0.499,0.503,25.1,20.8,0,771,9.244,139.814,-0.764,0.645,-0.037,86,1.413,0,,open-meteo-era5,25.413,92.633
1,event,glc-1857,2010-05-11,5,25.343,92.29,25,Meghalaya,37.2,73.4,152,166,201,813.1,216.171,10.7,5,12.85,28.61,56.39,418.07,0.49,0.491,0.495,23.4,18,0,1205,1.897,,0,0,-0.028,46,1.308,1,4.5,open-meteo-era5,25.343,92.338
0,same_place_other_date,glc-1857,2014-04-24,4,25.343,92.29,25,Meghalaya,0,0,0,2.5,7.3,93.5,19.653,0,1,0,0,0.22,39.39,0.327,0.343,0.31,27.3,17.1,0,1205,1.897,,0,0,-0.028,46,2.223,3,4.4,open-meteo-era5,25.343,92.338
0,same_place_other_date,glc-1857,2025-06-21,6,25.343,92.29,25,Meghalaya,16.8,18.8,90.7,178.1,210.1,735.5,209.75,3.3,7,5.16,42.23,126.51,658.09,0.511,0.505,0.498,22.7,20.1,0,1205,1.897,,0,0,-0.028,46,2.656,3,5.1,open-meteo-era5,25.343,92.338
0,nearby_place_same_date,glc-1857,2010-05-11,5,25.286,92.455,25,Meghalaya,18.9,74.1,135.8,148.1,180.3,572.4,182.498,11.9,7,12.85,28.61,56.39,418.07,0.475,0.483,0.508,26,20.7,0,844,13.722,145.054,-0.82,0.573,0.074,200,1.41,1,4.5,open-meteo-era5,25.272,92.432
1,event,glc-1929,2010-05-31,5,27.354,88.643,5,Sikkim,3.5,5.1,15.8,62.7,189.7,286.7,111.413,2.5,7,4.53,9.04,21.88,124.71,0.407,0.398,0.415,19.2,12.7,0,2120,23.099,84.716,0.092,0.996,-0.212,537,1.645,0,,open-meteo-era5,27.311,88.694
0,same_place_other_date,glc-1929,2008-07-09,7,27.354,88.643,5,Sikkim,34,37.9,87.6,308.6,573.1,951.9,345.865,5.8,7,3.22,14.52,33.66,199.17,0.418,0.423,0.41,20.5,13.5,0,2120,23.099,84.716,0.092,0.996,-0.212,537,1.741,2,4.1,open-meteo-era5,27.311,88.694
0,same_place_other_date,glc-1929,2023-05-13,5,27.354,88.643,5,Sikkim,2.1,0.8,2.9,5.5,25.9,39.9,11.498,0.8,2,0,0.53,25.73,111.09,0.259,0.278,0.302,19.4,11.2,0,2120,23.099,84.716,0.092,0.996,-0.212,537,1,1,4.3,open-meteo-era5,27.311,88.694
0,nearby_place_same_date,glc-1929,2010-05-31,5,27.413,88.8,5,Sikkim,2.9,5.2,11.4,31,126.7,248.4,78.727,1.2,6,4.53,9.04,21.88,124.71,0.414,0.415,0.415,7.3,0.6,0,4536,16.884,156.132,-0.914,0.405,0.483,324,1.715,1,4.9,open-meteo-era5,27.452,88.792
1,event,glc-1935,2010-06-03,6,23.899,91.76,5,Tripura,6.2,4.3,14.2,117.2,238.7,350.6,133.261,1.3,7,40.65,82.29,196.52,497.9,0.406,0.408,0.415,32,25.5,0,187,2.88,121.43,-0.521,0.853,-0.637,175,1,0,,open-meteo-era5,23.866,91.81
0,same_place_other_date,glc-1935,2016-06-01,6,23.899,91.76,5,Tripura,9.2,14.1,31.1,92,311.7,432.1,159.796,4,7,4.88,19.94,127.06,579.79,0.423,0.424,0.423,31.8,23.3,0,187,2.88,121.43,-0.521,0.853,-0.637,175,1.764,6,4.8,open-meteo-era5,23.866,91.81
0,same_place_other_date,glc-1935,2014-05-25,5,23.899,91.76,5,Tripura,31.7,3.7,35.5,38.2,73.3,293.6,44.598,5.5,3,21.42,26.42,26.6,225.22,0.326,0.323,0.329,31.8,23.2,0,187,2.88,121.43,-0.521,0.853,-0.637,175,1.951,1,4.3,open-meteo-era5,23.866,91.81
0,nearby_place_same_date,glc-1935,2010-06-03,6,23.908,91.972,5,Tripura,2.3,3.5,8.4,93.1,206.7,301,115.057,0.7,7,40.65,82.29,196.52,497.9,0.403,0.406,0.412,32.1,26.5,0,81,8.366,81.607,0.146,0.989,-0.428,88,1,0,,open-meteo-era5,23.937,92.002
1,event,glc-1934,2010-06-03,6,24.601,92.381,25,Assam,3.1,7.7,19.9,144.9,294.5,436.5,175.555,1.7,7,54.42,121.7,190.57,565.7,0.456,0.455,0.42,32.4,24.3,0,97,7.279,309.668,0.638,-0.77,0.377,74,1,0,,open-meteo-era5,24.569,92.406
0,same_place_other_date,glc-1934,2023-06-04,6,24.601,92.381,25,Assam,2.6,22.7,26.3,27.2,111.4,170.8,67.567,18.1,3,0.48,16.01,17.4,226.73,0.304,0.3,0.266,34.4,23.6,0,97,7.279,309.668,0.638,-0.77,0.377,74,2.771,3,4.9,open-meteo-era5,24.569,92.406
0,same_place_other_date,glc-1934,2015-05-22,5,24.601,92.381,25,Assam,1.8,7.3,9.6,51.1,107.3,188.6,66.629,2.3,5,11.58,19.99,68.37,327.9,0.422,0.414,0.446,32.7,25,0,97,7.279,309.668,0.638,-0.77,0.377,74,4.426,0,,open-meteo-era5,24.569,92.406
0,nearby_place_same_date,glc-1934,2010-06-03,6,24.512,92.283,25,Assam,10,11.1,30.9,157.9,325.3,517.7,195.208,1.8,7,54.42,121.7,190.57,565.7,0.425,0.426,0.407,32.8,24.9,0,35,0.4,,0,0,-0.009,50,1,0,,open-meteo-era5,24.499,92.308
1,event,glc-1963,2010-06-11,6,26.944,88.444,10,West Bengal,4.2,12.5,37.5,72.7,109.3,273.1,93.432,3.4,7,5.36,5.51,13.9,193.6,0.413,0.42,0.378,30.2,22.9,0,165,11.824,96.71,-0.117,0.993,-0.584,291,1.42,0,,open-meteo-era5,26.889,88.503
0,same_place_other_date,glc-1963,2021-06-19,6,26.944,88.444,10,West Bengal,22.7,19.6,51,118.7,286.1,438.5,151.35,3.6,7,35.52,88.45,161.43,432.86,0.425,0.43,0.433,28.2,23.3,0,165,11.824,96.71,-0.117,0.993,-0.584,291,1.424,0,,open-meteo-era5,26.889,88.503
0,same_place_other_date,glc-1963,2025-07-16,7,26.944,88.444,10,West Bengal,27.6,13.6,63,75,203,456.4,122.026,4.2,6,24.72,69.55,92.22,386.16,0.408,0.38,0.399,27.9,24,0,165,11.824,96.71,-0.117,0.993,-0.584,291,1,0,,open-meteo-era5,26.889,88.503
0,nearby_place_same_date,glc-1963,2010-06-11,6,27.076,88.649,10,West Bengal,6.2,11.8,27.1,49.1,87.7,287.8,78.268,2.9,7,5.36,5.51,13.9,193.6,0.405,0.418,0.39,21.9,15.8,0,1738,16.125,164.021,-0.961,0.275,-0.23,438,1.521,0,,open-meteo-era5,27.1,88.699
1,event,glc-1986,2010-06-15,6,26.334,94.551,1,Nagaland,20.3,12.6,45.9,82,435.9,665,203.765,4,7,40.07,75.47,135.07,370.59,0.49,0.49,0.478,23.4,18.9,0,1378,4.203,245.556,-0.414,-0.91,0.53,200,1.545,2,4.6,open-meteo-era5,26.257,94.643
0,same_place_other_date,glc-1986,2018-05-20,5,26.334,94.551,1,Nagaland,4.4,6.8,15.4,46.3,161.7,267.3,89.094,1.8,7,7.67,20.3,41.09,186.93,0.493,0.497,0.496,22.1,17.3,0,1378,4.203,245.556,-0.414,-0.91,0.53,200,1.582,2,4.6,open-meteo-era5,26.257,94.643
0,same_place_other_date,glc-1986,2008-07-25,7,26.334,94.551,1,Nagaland,12.7,7,25.5,53.4,162.1,419.2,99.666,4.5,7,9.67,19.17,64.93,344.33,0.473,0.495,0.472,23,18.8,0,1378,4.203,245.556,-0.414,-0.91,0.53,200,3.16,4,4.9,open-meteo-era5,26.257,94.643
0,nearby_place_same_date,glc-1986,2010-06-15,6,26.253,94.598,1,Nagaland,20.3,12.6,45.9,82,435.9,665,203.765,4,7,40.07,75.47,135.07,370.59,0.486,0.494,0.478,23.3,19.2,0,1444,11.68,186.415,-0.994,-0.112,1.22,484,1.601,2,4.6,open-meteo-era5,26.257,94.643
1,event,glc-1987,2010-06-15,6,25.227,93.166,25,Assam,8.1,5.7,23.5,54,337,583.3,185.972,1.4,7,23.82,45.04,129.3,444.31,0.504,0.499,0.453,29.4,22.8,0,396,3.173,270,0,-1,-0.139,105,1.438,1,4.4,open-meteo-era5,25.272,93.114
0,same_place_other_date,glc-1987,2010-07-20,7,25.227,93.166,25,Assam,5,7.1,19.6,28.8,64.7,209,55.174,1.5,6,8.13,35.35,87.51,292.55,0.47,0.491,0.459,27.4,23.4,0,396,3.173,270,0,-1,-0.139,105,1.048,2,4.3,open-meteo-era5,25.272,93.114
0,same_place_other_date,glc-1987,2009-05-10,5,25.227,93.166,25,Assam,0.2,0,0.4,46,88.5,149.8,62.828,0.2,3,17.92,21.32,29.92,143.29,0.448,0.462,0.396,32.2,22.8,0,396,3.173,270,0,-1,-0.139,105,1.695,4,4.7,open-meteo-era5,25.272,93.114
0,nearby_place_same_date,glc-1987,2010-06-15,6,25.203,92.803,25,Assam,15.1,14,53.3,93.7,642.2,973.1,332.283,2.7,7,39.68,63.95,146.46,698.21,0.502,0.496,0.476,26.4,20.2,0,1112,6.167,277.046,0.123,-0.992,0.093,150,1.248,1,4.4,open-meteo-era5,25.202,92.819
1,event,glc-1993,2010-06-16,6,26.807,88.316,10,West Bengal,18.7,11.2,33.8,71.7,144.8,391.7,95.471,2.2,7,27.13,40.16,56.59,209.2,0.42,0.419,0.415,29.1,24.1,0,229,1.979,,0,0,0.057,46,1,0,,open-meteo-era5,26.749,88.308
0,same_place_other_date,glc-1993,2015-06-09,6,26.807,88.316,10,West Bengal,26.7,3.8,42.8,70,139.8,220.5,66.621,4.7,7,2.95,11.4,35.59,200.72,0.415,0.414,0.395,28.7,24.4,0,229,1.979,,0,0,0.057,46,5.562,81,7.3,open-meteo-era5,26.749,88.308
0,same_place_other_date,glc-1993,2023-06-29,6,26.807,88.316,10,West Bengal,10.2,50.1,115.7,203.9,539.5,681.9,306.727,6.4,7,23.88,81.45,107.56,401.41,0.432,0.435,0.434,29.8,23.4,0,229,1.979,,0,0,0.057,46,1.664,0,,open-meteo-era5,26.749,88.308
0,nearby_place_same_date,glc-1993,2010-06-16,6,26.809,88.081,10,West Bengal,13.5,7,21.8,39.4,99.8,315.4,66.19,2.5,7,27.13,40.16,56.59,209.2,0.415,0.414,0.41,24.5,19.5,0,1007,25.041,54.149,0.586,0.811,-0.086,412,1,0,,open-meteo-era5,26.819,88.106
1,event,glc-1995,2010-06-16,6,27.077,88.481,10,West Bengal,7,6.6,16.9,48.8,118.7,301.5,78.803,1.6,7,28.34,45.19,64.71,230.15,0.405,0.399,0.386,24.3,19.5,0,1209,16.388,170.655,-0.987,0.162,0.221,389,1,0,,open-meteo-era5,27.1,88.498
0,same_place_other_date,glc-1995,2021-06-10,6,27.077,88.481,10,West Bengal,11.5,13.3,35.4,81.2,227.4,343.2,117.231,3.8,7,0.96,46.92,123.39,314.57,0.425,0.43,0.431,25.4,17,0,1209,16.388,170.655,-0.987,0.162,0.221,389,1.735,1,4.5,open-meteo-era5,27.1,88.498
0,same_place_other_date,glc-1995,2019-06-17,6,27.077,88.481,10,West Bengal,8,14.1,53,76.3,133.9,460.6,126.492,6.6,5,6.57,31.47,72.74,266.81,0.418,0.416,0.435,24.8,19.1,0,1209,16.388,170.655,-0.987,0.162,0.221,389,1.738,2,4.6,open-meteo-era5,27.1,88.498
0,nearby_place_same_date,glc-1995,2010-06-16,6,26.818,88.58,10,West Bengal,15.8,8.4,27.8,58,114.4,370.7,82.042,2.2,7,28.34,45.19,64.71,230.15,0.415,0.408,0.396,28.3,23.7,0,138,2.17,91.848,-0.032,0.999,0.038,25,1,0,,open-meteo-era5,26.819,88.605
1,event,glc-1994,2010-06-16,6,25.063,92.803,25,Assam,12.2,20.6,65,111.7,580.3,1028.7,329.672,2.3,7,14.74,62.96,129.34,697.4,0.476,0.46,0.501,26.1,24.5,0,94,9.981,130.006,-0.643,0.766,-0.083,248,1.273,1,4.4,open-meteo-era5,24.991,92.809
0,same_place_other_date,glc-1994,2019-06-07,6,25.063,92.803,25,Assam,11.7,9.4,47.4,118.4,403.6,583.9,191.626,3.2,6,31.57,66.04,195.83,563.98,0.499,0.508,0.508,27.6,23,0,94,9.981,130.006,-0.643,0.766,-0.083,248,1.714,3,4.6,open-meteo-era5,24.991,92.809
0,same_place_other_date,glc-1994,2021-07-27,7,25.063,92.803,25,Assam,0.9,2.6,10.8,35.7,159.7,508.6,99.252,1.1,6,3.12,9.47,59.46,591.65,0.473,0.471,0.457,34.7,25.7,0,94,9.981,130.006,-0.643,0.766,-0.083,248,2.464,5,5.3,open-meteo-era5,24.991,92.809
0,nearby_place_same_date,glc-1994,2010-06-16,6,24.791,92.935,25,Assam,15.5,17.9,72.8,119.7,292.9,628.8,206.957,2.2,7,4.4,33.39,90.37,440.34,0.487,0.493,0.514,26,24.4,0,26,0.702,,0,0,-0.065,12,1.383,1,4.4,open-meteo-era5,24.78,92.897
1,event,glc-1996,2010-06-17,6,26.433,94.883,25,Nagaland,29.1,9.2,52.3,126.7,328,541.2,166.637,4.4,7,2.62,54.18,97.49,359.67,0.486,0.483,0.504,29.6,23.4,0,552,18.043,329.697,0.863,-0.505,0.114,270,1.664,2,4.6,open-meteo-era5,26.467,94.857
0,same_place_other_date,glc-1996,2021-07-06,7,26.433,94.883,25,Nagaland,8.3,1.1,19,50.5,79.3,347.4,76.275,2.3,7,6.73,16.21,49.07,294.03,0.488,0.497,0.496,27.7,23.5,0,552,18.043,329.697,0.863,-0.505,0.114,270,2.127,4,4.8,open-meteo-era5,26.467,94.857
0,same_place_other_date,glc-1996,2020-05-04,5,26.433,94.883,25,Nagaland,3,31.2,55.7,87.6,147.1,210.5,103.805,8.5,7,7.69,32.22,44.28,146.88,0.503,0.499,0.421,27.2,16.8,0,552,18.043,329.697,0.863,-0.505,0.114,270,2.693,3,4.6,open-meteo-era5,26.467,94.857
0,nearby_place_same_date,glc-1996,2010-06-17,6,26.499,95.142,25,Nagaland,24.2,15.9,58.2,148.6,341.5,593.2,193.226,3.5,7,2.62,54.18,97.49,359.67,0.46,0.454,0.457,25.9,19.2,0,1463,28.722,43.739,0.722,0.691,0.646,461,1.75,2,4.6,open-meteo-era5,26.538,95.16
1,event,glc-2025,2010-06-28,6,25.573,91.885,5,Meghalaya,68.2,46,179.4,320,503.6,789,313.023,6.4,7,49.93,121.2,150.53,653.89,0.483,0.5,0.486,22.9,19.1,0,1503,3.56,352.185,0.991,-0.136,-0.056,64,1,0,,open-meteo-era5,25.554,91.857
0,same_place_other_date,glc-2025,2020-08-04,8,25.573,91.885,5,Meghalaya,10.1,2.5,18.1,49.5,197.6,470,111.654,4.4,7,0.11,14.69,83.9,1051.12,0.488,0.496,0.474,26,19.8,0,1503,3.56,352.185,0.991,-0.136,-0.056,64,2.255,3,4.8,open-meteo-era5,25.554,91.857
0,same_place_other_date,glc-2025,2014-07-14,7,25.573,91.885,5,Meghalaya,10,10.2,27.7,76,219,850.8,176.33,2.8,7,24.06,39.01,78.35,514.84,0.474,0.482,0.494,23,19.7,0,1503,3.56,352.185,0.991,-0.136,-0.056,64,1.073,1,4.3,open-meteo-era5,25.554,91.857
0,nearby_place_same_date,glc-2025,2010-06-28,6,25.497,91.942,5,Meghalaya,68.2,46,179.4,320,503.6,789,313.023,6.4,7,49.93,121.2,150.53,653.89,0.478,0.496,0.489,21.5,18.1,0,1679,10.425,3.764,0.998,0.066,-0.14,187,1,0,,open-meteo-era5,25.483,91.952
1,event,glc-2034,2010-07-04,7,26.871,88.305,0.5,West Bengal,9.6,34.3,100.1,162.1,597.5,839.7,336.502,3.8,7,24.76,60.25,122.95,314.98,0.426,0.426,0.427,24.7,20,0,1150,33.609,47.981,0.669,0.743,0.163,589,1,0,,open-meteo-era5,26.889,88.304
0,same_place_other_date,glc-2034,2013-05-26,5,26.871,88.305,0.5,West Bengal,32.6,4.6,41.8,68.6,174.3,378.7,94.408,5.2,7,1.87,2.06,85.47,146.98,0.389,0.392,0.362,26.1,19.8,0,1150,33.609,47.981,0.669,0.743,0.163,589,1.232,0,,open-meteo-era5,26.889,88.304
0,same_place_other_date,glc-2034,2012-08-04,8,26.871,88.305,0.5,West Bengal,3,4.2,18.6,58,176.9,763.1,160.154,1.5,7,5.11,9.99,29.97,357.31,0.415,0.42,0.416,25.3,19.8,0,1150,33.609,47.981,0.669,0.743,0.163,589,1.736,1,4.7,open-meteo-era5,26.889,88.304
0,nearby_place_same_date,glc-2034,2010-07-04,7,26.783,88.052,0.5,West Bengal,13.9,23.3,88,137,379,493.6,231.923,3.3,7,24.76,60.25,122.95,314.98,0.427,0.428,0.43,27.2,22.5,0,642,7.873,144.345,-0.813,0.583,0.325,138,1,0,,open-meteo-era5,26.819,88.007
1,event,glc-2045,2010-07-06,7,26.236,94.813,5,Nagaland,3.2,4.1,17,88.5,202.6,380.3,133.374,1.1,7,9.26,32.72,75.34,355.44,0.498,0.494,0.496,24.3,18.7,0,1570,10.238,53.207,0.599,0.801,0.217,319,1.828,4,4.4,open-meteo-era5,26.257,94.841
0,same_place_other_date,glc-2045,2015-08-07,8,26.236,94.813,5,Nagaland,43.6,18.6,76.4,112.4,256.6,582.1,154.92,5.1,7,4.48,20.81,56.66,318.85,0.481,0.492,0.499,21.4,18.3,0,1570,10.238,53.207,0.599,0.801,0.217,319,1.705,3,4.5,open-meteo-era5,26.257,94.841
0,same_place_other_date,glc-2045,2026-06-16,6,26.236,94.813,5,Nagaland,30.4,8.4,56.9,149,204.6,335.8,130.392,8.8,7,13.69,32.03,71.46,243.61,0.502,0.504,0.47,23.6,16.8,0,1570,10.238,53.207,0.599,0.801,0.217,319,1.882,5,4.4,open-meteo-era5,26.257,94.841
0,nearby_place_same_date,glc-2045,2010-07-06,7,26.057,94.802,5,Nagaland,6,3.8,22.5,87.6,181,367.3,123.598,0.8,7,9.26,32.72,75.34,355.44,0.469,0.475,0.498,24,18.2,0,1500,36.616,101.971,-0.207,0.978,-0.914,645,1.962,4,4.4,open-meteo-era5,26.116,94.83
1,event,glc-2044,2010-07-06,7,25.888,94.786,5,Nagaland,6,3.8,22.5,87.6,181,367.3,123.598,0.8,7,9.26,32.72,75.34,355.44,0.487,0.483,0.506,25.6,20.2,0,1172,4.973,347.125,0.975,-0.223,0.348,264,2.05,4,4.4,open-meteo-era5,25.905,94.814
0,same_place_other_date,glc-2044,2025-07-27,7,25.888,94.786,5,Nagaland,34.2,7.4,41.6,47.3,90.3,168.9,36.932,8.8,4,20.2,46.88,63.35,300.71,0.343,0.302,0.277,24,20.2,0,1172,4.973,347.125,0.975,-0.223,0.348,264,1.927,5,4.6,open-meteo-era5,25.905,94.814
0,same_place_other_date,glc-2044,2015-05-29,5,25.888,94.786,5,Nagaland,10,3.3,15.8,19,37.2,56.3,16.669,3.1,5,2.59,29.94,66.2,190.21,0.38,0.331,0.313,24.8,19.3,0,1172,4.973,347.125,0.975,-0.223,0.348,264,4.575,2,4.8,open-meteo-era5,25.905,94.814
0,nearby_place_same_date,glc-2044,2010-07-06,7,25.734,94.788,5,Nagaland,11.4,3.9,35.3,88.3,166.5,420.9,122.498,1,7,5.42,21.74,71.25,308.19,0.426,0.427,0.425,23.9,19.2,0,1370,25.256,350.997,0.988,-0.156,-0.459,538,2.095,3,4.4,open-meteo-era5,25.694,94.799
1,event,glc-2042,2010-07-06,7,26.009,94.524,5,Nagaland,5.1,3.9,23.3,101.1,290.8,565.4,180.246,0.9,7,9.14,35.75,73.22,362.61,0.449,0.473,0.507,22,16.3,0,1821,12.235,98.039,-0.14,0.99,0.424,214,1.822,4,4.4,open-meteo-era5,25.975,94.623
0,same_place_other_date,glc-2042,2020-08-05,8,26.009,94.524,5,Nagaland,3,2.5,8.9,57,210.2,447.5,119.538,1.3,7,0.69,3.67,16.59,239.97,0.483,0.479,0.457,24.2,18.4,0,1821,12.235,98.039,-0.14,0.99,0.424,214,1.856,4,4.4,open-meteo-era5,25.975,94.623
0,same_place_other_date,glc-2042,2024-08-16,8,26.009,94.524,5,Nagaland,1.1,3,4.9,54.4,213.5,443.8,127.869,2.3,6,0.47,10.86,35.67,369.34,0.474,0.477,0.485,24.2,17.4,0,1821,12.235,98.039,-0.14,0.99,0.424,214,2.396,3,4.4,open-meteo-era5,25.975,94.623
0,nearby_place_same_date,glc-2042,2010-07-06,7,26.147,94.796,5,Nagaland,3.2,4.1,17,88.5,202.6,380.3,133.374,1.1,7,9.26,32.72,75.34,355.44,0.469,0.475,0.498,25.4,19.6,0,1330,27.497,104.458,-0.25,0.968,-0.066,493,1.894,4,4.4,open-meteo-era5,26.116,94.83
1,event,glc-2043,2010-07-06,7,26.723,95.028,5,Nagaland,8.2,7.3,31.9,102.9,243,439.1,149.456,3.8,7,13.18,37.16,73.13,373.06,0.489,0.493,0.5,28.1,22.4,0,697,6.203,268.069,-0.034,-0.999,-0.381,158,1.423,4,4.4,open-meteo-era5,26.749,95.077
0,same_place_other_date,glc-2043,2025-07-02,7,26.723,95.028,5,Nagaland,10.8,2,22.5,66.9,222.7,313.4,113.83,5.2,7,15.9,47.67,66.91,290.55,0.485,0.496,0.504,27.7,22.3,0,697,6.203,268.069,-0.034,-0.999,-0.381,158,1.387,4,4.5,open-meteo-era5,26.749,95.077
0,same_place_other_date,glc-2043,2026-06-10,6,26.723,95.028,5,Nagaland,4.5,8.3,26.6,48.2,110.1,222.3,74.287,1.8,7,10.93,35.69,96.97,260.88,0.502,0.507,0.489,28.5,22.6,0,697,6.203,268.069,-0.034,-0.999,-0.381,158,1.861,2,4.4,open-meteo-era5,26.749,95.077
0,nearby_place_same_date,glc-2043,2010-07-06,7,26.692,95.208,5,Nagaland,13.1,7.1,32.8,141.3,323.4,600,195.557,3.9,7,13.18,37.16,73.13,373.06,0.425,0.426,0.424,27.5,22.3,0,912,13.588,11.65,0.979,0.202,0.839,285,1.451,4,4.4,open-meteo-era5,26.749,95.177
1,event,glc-2098,2010-07-19,7,26.722,95.028,5,Nagaland,41.1,37,84.4,168.9,243.3,513.1,163.98,5.6,7,13.18,50.87,108.57,342.81,0.485,0.492,0.498,25.1,22.2,0,717,4.165,309.56,0.637,-0.771,0.257,162,1.424,3,4.4,open-meteo-era5,26.749,95.077
0,same_place_other_date,glc-2098,2025-07-23,7,26.722,95.028,5,Nagaland,10.6,2.9,17.2,29.1,92.2,256.6,66.896,4.6,7,0.55,10.26,57.75,292.28,0.46,0.478,0.463,31.1,23,0,717,4.165,309.56,0.637,-0.771,0.257,162,1.534,5,4.5,open-meteo-era5,26.749,95.077
0,same_place_other_date,glc-2098,2025-07-19,7,26.722,95.028,5,Nagaland,3.3,3.2,7.5,61.4,131.1,327.8,87.101,1.3,6,26.97,38.76,70.87,313.24,0.479,0.49,0.475,28.3,23,0,717,4.165,309.56,0.637,-0.771,0.257,162,1.534,5,4.5,open-meteo-era5,26.749,95.077
0,nearby_place_same_date,glc-2098,2010-07-19,7,26.822,95.199,5,Nagaland,42.7,32.9,82.6,204.4,306.2,661.4,206.208,6,7,12.44,62.14,117.51,363.79,0.429,0.429,0.427,26.2,22.8,0,690,21.509,316.759,0.728,-0.685,-0.65,360,1.333,3,4.4,open-meteo-era5,26.819,95.183
1,event,glc-2106,2010-07-20,7,26.872,94.992,25,Nagaland,103.1,41.1,181.2,232.4,339.1,587.8,188.288,6.6,7,14.6,56.11,123.67,359.69,0.479,0.491,0.478,26,23.8,0,287,9.458,104.444,-0.249,0.968,0,225,1.286,3,4.4,open-meteo-era5,26.889,94.989
0,same_place_other_date,glc-2106,2008-07-28,7,26.872,94.992,25,Nagaland,31.3,19.9,68,89.5,188.1,363,109.726,7.5,7,12.9,13.9,36.31,354.92,0.486,0.498,0.474,31.5,24.2,0,287,9.458,104.444,-0.249,0.968,0,225,2.978,3,4.9,open-meteo-era5,26.889,94.989
0,same_place_other_date,glc-2106,2012-09-03,9,26.872,94.992,25,Nagaland,12.7,10.4,27,75.9,296.5,620,157.054,3.8,7,22.71,48.7,115.4,361.88,0.463,0.487,0.496,26.4,22.3,0,287,9.458,104.444,-0.249,0.968,0,225,1.824,3,4.8,open-meteo-era5,26.889,94.989
0,nearby_place_same_date,glc-2106,2010-07-20,7,27.097,95.288,25,Nagaland,138.5,44.6,220.7,274.8,361.6,661.2,189.404,9.3,7,14.6,56.11,123.67,359.69,0.478,0.49,0.475,27.3,24.8,0,161,4.11,150.376,-0.869,0.494,-0.115,74,1.214,3,4.4,open-meteo-era5,27.1,95.306
1,event,glc-2113,2010-07-21,7,27.377,88.559,25,Sikkim,53.9,29.7,126.7,301.2,855,1347.9,460.107,6.1,7,7.3,45.36,99.3,294.82,0.423,0.429,0.411,20.3,17.7,0,1477,30.153,279.98,0.173,-0.985,0.154,681,1.398,2,4.6,open-meteo-era5,27.381,88.592
0,same_place_other_date,glc-2113,2026-08-05,8,27.377,88.559,25,Sikkim,37.1,5.5,56.1,127.2,219.2,632.1,153.77,6.9,7,22.47,64.98,109.48,322.62,0.403,0.412,0.406,23.1,19.6,0,1477,30.153,279.98,0.173,-0.985,0.154,681,1,1,4.3,open-meteo-era5,27.381,88.592
0,same_place_other_date,glc-2113,2013-06-20,6,27.377,88.559,25,Sikkim,16.1,25.2,55.8,78.1,315.3,604,175.814,2.2,7,3.16,9.55,18.86,164.18,0.427,0.427,0.391,23.1,18.3,0,1477,30.153,279.98,0.173,-0.985,0.154,681,1,0,,open-meteo-era5,27.381,88.592
0,nearby_place_same_date,glc-2113,2010-07-21,7,27.663,88.458,25,Sikkim,49.6,30.6,149.8,363.5,846,1325.1,484.217,6.4,7,7.3,45.36,99.3,294.82,0.426,0.426,0.426,14.9,10.6,0,2883,42.18,196.17,-0.96,-0.278,-0.815,963,1.584,2,4.6,open-meteo-era5,27.663,88.485
1,event,glc-2140,2010-07-25,7,25.048,92.801,25,Assam,9.3,9.9,33.7,83.3,226.7,488.3,133.901,2.1,7,3.43,18.78,96.12,400.27,0.449,0.479,0.502,32.6,24.9,0,172,17.657,69.647,0.348,0.938,-0.732,362,1.103,2,4.5,open-meteo-era5,24.991,92.809
0,same_place_other_date,glc-2140,2011-06-14,6,25.048,92.801,25,Assam,2.4,1.6,9.5,87.1,173.2,566.2,136.362,1,7,3.61,14.11,30.59,287.49,0.477,0.483,0.479,31.1,24.4,0,172,17.657,69.647,0.348,0.938,-0.732,362,2.72,3,4.3,open-meteo-era5,24.991,92.809
0,same_place_other_date,glc-2140,2015-07-10,7,25.048,92.801,25,Assam,5.9,16.8,33.8,65.3,197.3,496.1,131.065,1.3,7,6.27,41.71,84.24,434.47,0.469,0.481,0.483,31,23.7,0,172,17.657,69.647,0.348,0.938,-0.732,362,1.987,7,5.1,open-meteo-era5,24.991,92.809
0,nearby_place_same_date,glc-2140,2010-07-25,7,25.178,92.956,25,Assam,15,9.5,34.4,62.5,167.1,335.1,88.442,4.4,7,2.71,17.23,66.55,287.1,0.485,0.482,0.509,29.7,21.8,0,867,12.218,329.583,0.862,-0.506,0.149,221,1.101,2,4.5,open-meteo-era5,25.202,92.916
1,event,glc-2164,2010-07-29,7,25.31,94.482,25,Manipur,27.7,12.6,42.9,125.3,237.8,377,125.991,5.7,7,17.06,32.41,58.35,246.28,0.461,0.448,0.473,22.5,19.1,0,1547,24.821,155.507,-0.91,0.415,0.484,362,1.332,2,4.4,open-meteo-era5,25.272,94.476
0,same_place_other_date,glc-2164,2011-07-10,7,25.31,94.482,25,Manipur,1.4,5.8,11.9,48.1,127.7,449.6,112.846,2.9,7,0.93,3.44,32.08,232.73,0.462,0.459,0.46,24.7,18.1,0,1547,24.821,155.507,-0.91,0.415,0.484,362,2.039,2,4.7,open-meteo-era5,25.272,94.476
0,same_place_other_date,glc-2164,2021-06-18,6,25.31,94.482,25,Manipur,5.7,2.2,10.7,28.1,78.9,135.6,42.613,1,7,5.9,16.14,33.51,96,0.477,0.475,0.361,23.7,17.2,0,1547,24.821,155.507,-0.91,0.415,0.484,362,2.541,8,4.8,open-meteo-era5,25.272,94.476
0,nearby_place_same_date,glc-2164,2010-07-29,7,25.611,94.376,25,Manipur,22.1,7.7,32.1,98.8,217.4,353.8,112.221,2.9,7,17.06,32.41,58.35,246.28,0.497,0.486,0.476,23.9,20.5,0,1128,12.676,88.768,0.022,1,-0.393,387,1.251,3,4.4,open-meteo-era5,25.624,94.402
1,event,glc-2166,2010-07-29,7,24.979,93.503,10,Assam,35.6,2.8,41.1,83.7,144.4,251.6,72.152,3.9,7,19.68,36.42,58.59,262.53,0.408,0.41,0.421,19.8,18,0,1312,15.147,292.463,0.382,-0.924,-0.056,337,1.188,1,4.1,open-meteo-era5,24.991,93.585
0,same_place_other_date,glc-2166,2020-07-19,7,24.979,93.503,10,Assam,25.7,17.2,53,72.6,195,404.2,113.902,3.9,7,3.7,7.18,49,238.7,0.428,0.427,0.418,21.9,18.2,0,1312,15.147,292.463,0.382,-0.924,-0.056,337,3.306,14,5.6,open-meteo-era5,24.991,93.585
0,same_place_other_date,glc-2166,2021-08-23,8,24.979,93.503,10,Assam,18.4,32.4,53.9,105.9,222.1,365,132.829,6,7,3.4,13.74,41.01,218.11,0.424,0.424,0.421,21.5,17.7,0,1312,15.147,292.463,0.382,-0.924,-0.056,337,3.067,5,4.9,open-meteo-era5,24.991,93.585
0,nearby_place_same_date,glc-2166,2010-07-29,7,25.093,93.878,10,Assam,41.1,5.6,49.1,93.6,145.8,240.5,70.915,4.1,7,19.68,36.42,58.59,262.53,0.433,0.433,0.448,18.6,15.7,0,1807,17.546,163.635,-0.959,0.282,-0.111,386,1.122,2,4.4,open-meteo-era5,25.132,93.883
1,event,glc-2163,2010-07-29,7,25.42,94.105,5,Nagaland,29,10.2,46.5,119,256.3,501.1,148.014,2.6,7,17.06,32.41,58.35,246.28,0.5,0.49,0.478,21.8,18.6,0,1398,15.258,185.332,-0.996,-0.093,-0.168,209,1.102,3,4.4,open-meteo-era5,25.413,94.095
0,same_place_other_date,glc-2163,2011-09-06,9,25.42,94.105,5,Nagaland,21.2,13,40.8,65.6,162.8,445.3,101.026,4.2,7,22.8,24.56,33.85,233.64,0.47,0.48,0.437,24,18.5,0,1398,15.258,185.332,-0.996,-0.093,-0.168,209,1.297,2,4.5,open-meteo-era5,25.413,94.095
0,same_place_other_date,glc-2163,2019-07-01,7,25.42,94.105,5,Nagaland,2.7,4.5,9.6,37.5,88.4,181.1,58.646,1.4,7,14.49,20.61,42.9,233.16,0.496,0.497,0.494,25,18,0,1398,15.258,185.332,-0.996,-0.093,-0.168,209,2.766,2,4.6,open-meteo-era5,25.413,94.095
0,nearby_place_same_date,glc-2163,2010-07-29,7,25.261,94.201,5,Nagaland,25.1,7.3,33.8,90.8,190.8,329.7,99.343,3.2,7,17.06,32.41,58.35,246.28,0.483,0.481,0.483,21.1,17.6,0,1553,13.967,106.327,-0.281,0.96,-0.158,600,1.157,2,4.4,open-meteo-era5,25.272,94.184
1,event,glc-2182,2010-07-31,7,24.936,93.844,25,Manipur,10,3.7,52.2,73.8,151.8,257.4,93.545,2.7,7,17.28,60.98,86.61,274.76,0.464,0.467,0.51,24.9,21,0,854,1.367,,0,0,0.009,55,1.206,3,4.6,open-meteo-era5,24.921,93.871
0,same_place_other_date,glc-2182,2011-08-08,8,24.936,93.844,25,Manipur,30,17.5,68,104.6,139.8,284,94.761,5,7,13.36,50.9,116.47,355.29,0.488,0.494,0.493,25,21.6,0,854,1.367,,0,0,0.009,55,1.444,3,4.3,open-meteo-era5,24.921,93.871
0,same_place_other_date,glc-2182,2021-07-12,7,24.936,93.844,25,Manipur,5.4,5.1,24.7,37.7,79.6,246.1,61.36,3.4,7,6.98,19.2,46.84,164.16,0.457,0.443,0.471,27.6,22.3,0,854,1.367,,0,0,0.009,55,2.065,3,4.6,open-meteo-era5,24.921,93.871
0,nearby_place_same_date,glc-2182,2010-07-31,7,24.825,93.725,25,Manipur,8.1,3.7,124.5,150,215.5,322.1,159.022,3.1,7,17.28,60.98,86.61,274.76,0.452,0.454,0.484,25.4,21.6,0,710,23.99,264.89,-0.089,-0.996,0.139,421,1.271,2,4.6,open-meteo-era5,24.851,93.673
1,event,glc-2201,2010-08-05,8,27.037,88.263,5,West Bengal,14.8,18.1,42.7,172.6,427.9,1123.8,281.752,2.5,7,1.48,5.92,44.29,438.02,0.42,0.419,0.415,21.1,15,0,2113,22.689,318.798,0.752,-0.659,-0.019,450,1.301,2,4.6,open-meteo-era5,27.03,88.2
0,same_place_other_date,glc-2201,2008-09-16,9,27.037,88.263,5,West Bengal,1.4,0,2.5,42.6,140.9,654.3,122.922,0.3,6,0.29,3.52,27.44,250.28,0.383,0.391,0.398,19.7,13.5,0,2113,22.689,318.798,0.752,-0.659,-0.019,450,3.251,0,,open-meteo-era5,27.03,88.2
0,same_place_other_date,glc-2201,2021-07-15,7,27.037,88.263,5,West Bengal,8.7,61.4,76.1,117.8,368.1,816.7,262.744,17.6,7,6.12,43.84,87.29,512.81,0.425,0.424,0.413,16.8,13.3,0,2113,22.689,318.798,0.752,-0.659,-0.019,450,2.62,3,5.3,open-meteo-era5,27.03,88.2
0,nearby_place_same_date,glc-2201,2010-08-05,8,27.062,88.418,5,West Bengal,1.4,3.9,6.9,103.7,250.8,964,201.753,0.5,7,1.48,5.92,44.29,438.02,0.405,0.406,0.395,29.8,23.8,0,476,17.52,74.94,0.26,0.966,0.058,408,1.278,2,4.6,open-meteo-era5,26.96,88.502
1,event,glc-2214,2010-08-06,8,27.038,88.263,25,West Bengal,6.4,14.8,39.3,105.5,403.6,1083.5,266.872,1.5,7,4.53,8.01,28.3,434.57,0.416,0.418,0.414,20.8,15.6,0,2070,18.028,315.914,0.718,-0.696,-0.441,460,1.302,2,4.6,open-meteo-era5,27.03,88.2
0,same_place_other_date,glc-2214,2014-08-21,8,27.038,88.263,25,West Bengal,20.1,67.8,103.4,168.9,379.8,572.7,238.572,6.4,7,6.21,37.99,80.5,269.55,0.427,0.427,0.422,18.1,15.5,0,2070,18.028,315.914,0.718,-0.696,-0.441,460,1.819,3,4.3,open-meteo-era5,27.03,88.2
0,same_place_other_date,glc-2214,2010-06-29,6,27.038,88.263,25,West Bengal,10,22.4,142.3,231.3,534.6,916.6,346.093,4.9,7,0.39,53.55,81.38,260.48,0.423,0.424,0.424,21.1,15.2,0,2070,18.028,315.914,0.718,-0.696,-0.441,460,1,0,,open-meteo-era5,27.03,88.2
0,nearby_place_same_date,glc-2214,2010-08-06,8,27.129,88.195,25,West Bengal,2.2,2.1,11.5,45.1,231.1,888.5,170.793,0.5,7,4.53,8.01,28.3,434.57,0.421,0.422,0.389,26.9,22.8,0,752,36.043,23.199,0.919,0.394,-0.048,712,1.367,2,4.6,open-meteo-era5,27.17,88.296
1,event,glc-2205,2010-08-06,8,23.737,92.715,1,Mizoram,17.2,29.5,69,121.5,245.1,371.2,154.665,14.8,7,0.38,16.06,42.25,234.39,0.424,0.426,0.428,24.1,19.3,0,1007,26.536,258.583,-0.198,-0.98,-0.645,312,1.863,2,4.6,open-meteo-era5,23.726,92.756
0,same_place_other_date,glc-2205,2009-06-29,6,23.737,92.715,1,Mizoram,3,1,8.1,58.5,114.1,306.4,80.069,1.1,7,35.49,76.87,94.75,291.46,0.399,0.4,0.386,25.2,19.6,0,1007,26.536,258.583,-0.198,-0.98,-0.645,312,2.79,3,4.5,open-meteo-era5,23.726,92.756
0,same_place_other_date,glc-2205,2020-06-28,6,23.737,92.715,1,Mizoram,17.2,5.4,23.8,33.2,91.6,225,55.852,8.4,7,15,51.4,71.63,464.21,0.326,0.31,0.298,22.3,18.7,0,1007,26.536,258.583,-0.198,-0.98,-0.645,312,4.585,9,5.6,open-meteo-era5,23.726,92.756
0,nearby_place_same_date,glc-2205,2010-08-06,8,23.384,92.776,1,Mizoram,12.6,16.1,45.3,81.8,180.4,314.8,112.586,7.8,7,0.38,16.06,42.25,234.39,0.424,0.426,0.426,26.3,19.9,0,966,22.46,316.63,0.727,-0.687,0.126,346,2.149,2,4.6,open-meteo-era5,23.374,92.836
1,event,glc-2243,2010-08-13,8,25.702,94.046,5,Nagaland,14.4,21.9,59,88.5,245.1,489.5,154.844,4.1,7,10.61,13.72,16.8,191.18,0.47,0.486,0.475,25.2,20.5,0,1011,15.094,76.774,0.229,0.973,0.094,319,1.477,3,4.1,open-meteo-era5,25.764,94.02
0,same_place_other_date,glc-2243,2022-08-07,8,25.702,94.046,5,Nagaland,7.6,27.2,56.4,193.4,332.9,616.3,232.546,7.6,7,6.27,17.37,39.82,163.15,0.504,0.513,0.503,28.6,20.4,0,1011,15.094,76.774,0.229,0.973,0.094,319,1.78,3,4.6,open-meteo-era5,25.764,94.02
0,same_place_other_date,glc-2243,2023-09-23,9,25.702,94.046,5,Nagaland,7,7.5,26.8,129.8,235.4,435.3,155.82,2.7,7,2.31,19.98,48.21,129.11,0.501,0.501,0.512,25.2,19.3,0,1011,15.094,76.774,0.229,0.973,0.094,319,2.43,3,5,open-meteo-era5,25.764,94.02
0,nearby_place_same_date,glc-2243,2010-08-13,8,25.544,94.277,5,Nagaland,11.6,9.1,38.3,53.2,163.2,383.3,99.641,5.7,6,12.04,15.29,19.64,194.71,0.475,0.492,0.473,22.1,16.1,0,1923,33.376,356.214,0.998,-0.066,0.15,566,1.799,6,4.6,open-meteo-era5,25.554,94.3
1,event,glc-2249,2010-08-14,8,26.081,94.803,25,Nagaland,15.1,12.4,35.8,64.6,138.8,392.5,103.968,2.3,7,11.86,53.09,65.68,280.21,0.491,0.487,0.505,25.5,22,0,972,33.801,13.633,0.972,0.236,-0.236,475,1.686,4,4.6,open-meteo-era5,26.046,94.825
0,same_place_other_date,glc-2249,2019-07-22,7,26.081,94.803,25,Nagaland,10.8,6,28.9,41.8,321.3,528.2,149.58,2.2,7,8.58,29.94,48.19,337.56,0.494,0.483,0.454,27.9,21.2,0,972,33.801,13.633,0.972,0.236,-0.236,475,2.753,6,5.5,open-meteo-era5,26.046,94.825
0,same_place_other_date,glc-2249,2008-08-01,8,26.081,94.803,25,Nagaland,13.3,16.8,66.7,92.9,151.5,274,104.056,10.7,7,3.52,18.26,47.92,289.86,0.471,0.474,0.511,28.3,20.6,0,972,33.801,13.633,0.972,0.236,-0.236,475,3.51,3,5.2,open-meteo-era5,26.046,94.825
0,nearby_place_same_date,glc-2249,2010-08-14,8,25.921,94.561,25,Nagaland,4.9,4.5,12.8,22,81.3,284.1,61.494,1.4,7,9.65,33.46,41.81,210.11,0.495,0.483,0.465,20.3,16.7,0,1936,29.62,293.231,0.394,-0.919,0.856,446,1.58,5,4.6,open-meteo-era5,25.905,94.618
1,event,glc-2248,2010-08-14,8,26.222,94.915,25,Nagaland,31.6,25.6,65.5,128.5,250.7,559.3,164.99,7.4,7,11.86,53.09,65.68,280.21,0.448,0.449,0.453,21.2,18.1,0,1755,26.693,332.506,0.887,-0.462,0.057,558,1.775,4,4.6,open-meteo-era5,26.257,94.94
0,same_place_other_date,glc-2248,2026-08-24,8,26.222,94.915,25,Nagaland,10.6,0.5,12.5,64.2,97,234.3,67.81,1.4,6,18.67,31.07,53.28,308.71,0.366,0.383,0.399,23,17.6,0,1755,26.693,332.506,0.887,-0.462,0.057,558,3.046,2,4.5,open-meteo-era5,26.257,94.94
0,same_place_other_date,glc-2248,2018-08-31,8,26.222,94.915,25,Nagaland,7.9,4.3,50.8,212.8,285.9,459.3,205.346,2.1,7,19.38,45.92,109.57,431.35,0.419,0.42,0.426,22.6,16.1,0,1755,26.693,332.506,0.887,-0.462,0.057,558,1.863,3,4.9,open-meteo-era5,26.257,94.94
0,nearby_place_same_date,glc-2248,2010-08-14,8,26.092,95.119,25,Nagaland,37.5,60,116.4,273.9,422,769.8,296.281,9.8,7,11.86,53.09,65.68,280.21,0.463,0.476,0.478,17.6,14.4,0,2431,21.12,208.74,-0.877,-0.481,0.934,643,1.916,4,4.6,open-meteo-era5,26.116,95.126
1,event,glc-2247,2010-08-14,8,26.148,94.842,10,Nagaland,11.1,12,30.5,63.1,207,472.9,131.658,2.2,7,11.86,53.09,65.68,280.21,0.483,0.49,0.5,22.4,19.3,0,1528,28.685,20.124,0.939,0.344,-0.349,453,1.719,4,4.6,open-meteo-era5,26.116,94.83
0,same_place_other_date,glc-2247,2023-08-17,8,26.148,94.842,10,Nagaland,1.1,2,8.6,55.6,282.1,407.7,138.088,0.7,7,0.52,27.55,70.07,321.24,0.494,0.498,0.497,26.1,17.9,0,1528,28.685,20.124,0.939,0.344,-0.349,453,2.315,4,5.3,open-meteo-era5,26.116,94.83
0,same_place_other_date,glc-2247,2025-08-23,8,26.148,94.842,10,Nagaland,17.6,11.1,46.8,75.5,128.2,317.8,91.227,4.2,5,5.97,32.96,89.32,420.21,0.493,0.501,0.497,22.5,18,0,1528,28.685,20.124,0.939,0.344,-0.349,453,2.225,2,4.3,open-meteo-era5,26.116,94.83
0,nearby_place_same_date,glc-2247,2010-08-14,8,25.992,94.708,10,Nagaland,15.1,12.4,35.8,64.6,138.8,392.5,103.968,2.3,7,11.86,53.09,65.68,280.21,0.503,0.498,0.469,22.4,19.1,0,1544,25.494,27.412,0.888,0.46,0.254,372,1.614,4,4.6,open-meteo-era5,25.975,94.721
1,event,glc-2253,2010-08-15,8,25.31,94.483,25,Manipur,16.9,20.5,45,110.5,254.9,476.6,158.287,5.8,7,10.62,28.36,32.48,186.88,0.472,0.481,0.471,23.9,19.2,0,1548,23.294,138.406,-0.748,0.664,0.363,384,2.244,6,4.6,open-meteo-era5,25.272,94.476
0,same_place_other_date,glc-2253,2026-07-03,7,25.31,94.483,25,Manipur,11.3,9.7,44.1,83.7,166.4,288.4,107.446,3.3,7,0.75,15.39,38.87,251.79,0.506,0.506,0.47,27.6,17.5,0,1548,23.294,138.406,-0.748,0.664,0.363,384,2.403,7,4.5,open-meteo-era5,25.272,94.476
0,same_place_other_date,glc-2253,2009-08-10,8,25.31,94.483,25,Manipur,1.8,2.5,9,45.9,173.9,331.4,97.324,0.4,7,4.46,13.72,50.79,151.99,0.475,0.473,0.477,25.5,19.2,0,1548,23.294,138.406,-0.748,0.664,0.363,384,1.212,0,,open-meteo-era5,25.272,94.476
0,nearby_place_same_date,glc-2253,2010-08-15,8,25.374,94.836,25,Manipur,20.6,19.2,48.9,103,197.8,482.9,134.492,7.1,7,13.56,35.63,47.64,223.23,0.481,0.495,0.461,25.9,20.5,0,1367,22.825,143.393,-0.803,0.596,0.242,346,2.476,6,4.6,open-meteo-era5,25.413,94.875
1,event,glc-2261,2010-08-17,8,26.944,88.445,10,West Bengal,44.2,49.7,122.1,227.6,272.5,615.1,215.836,6.2,7,72.15,96.73,133.18,365.38,0.425,0.423,0.435,28.6,25.1,0,158,2.181,47.603,0.674,0.738,-0.775,273,1.18,1,4.5,open-meteo-era5,26.889,88.503
0,same_place_other_date,glc-2261,2020-09-14,9,26.944,88.445,10,West Bengal,53.7,26.3,93.6,168.5,309.3,413.8,169.138,13.2,7,23.27,61.89,146.98,467.93,0.426,0.43,0.419,26.6,24.1,0,158,2.181,47.603,0.674,0.738,-0.775,273,3.031,1,4.4,open-meteo-era5,26.889,88.503
0,same_place_other_date,glc-2261,2025-07-26,7,26.944,88.445,10,West Bengal,12.2,24.9,37.7,77.6,200.7,389,124.689,14.8,5,10.35,30.95,81.98,336.09,0.306,0.341,0.405,31,25.2,0,158,2.181,47.603,0.674,0.738,-0.775,273,1,0,,open-meteo-era5,26.889,88.503
0,nearby_place_same_date,glc-2261,2010-08-17,8,26.819,88.647,10,West Bengal,31.6,20.9,81.7,153.4,208.3,575.4,157.597,3,7,72.15,96.73,133.18,365.38,0.423,0.42,0.435,28.7,24.6,0,134,0.7,,0,0,0.096,16,1.275,1,4.5,open-meteo-era5,26.819,88.605
1,event,glc-2263,2010-08-17,8,26.275,94.665,25,Nagaland,5,28.8,78.1,117.9,236.2,505.8,171.838,4.8,7,17.35,49.71,103.86,284.05,0.478,0.48,0.512,24.9,21.1,0,1145,28.752,299.178,0.488,-0.873,0.18,421,1.608,4,4.6,open-meteo-era5,26.257,94.643
0,same_place_other_date,glc-2263,2013-09-24,9,26.275,94.665,25,Nagaland,5.1,1.8,9.1,43.5,101.8,254.4,69.87,1.8,7,0.15,0.24,9.66,230.07,0.486,0.487,0.474,25.9,20.5,0,1145,28.752,299.178,0.488,-0.873,0.18,421,2.466,3,4.5,open-meteo-era5,26.257,94.643
0,same_place_other_date,glc-2263,2021-07-28,7,26.275,94.665,25,Nagaland,20.1,20.7,46.2,74.8,142.8,317.1,94.709,9.6,6,0.19,4.6,40.77,252.29,0.499,0.506,0.508,28.1,20.4,0,1145,28.752,299.178,0.488,-0.873,0.18,421,2.289,3,4.9,open-meteo-era5,26.257,94.643
0,nearby_place_same_date,glc-2263,2010-08-17,8,26.472,94.347,25,Nagaland,2.7,20.1,36.2,88.1,159.1,363.2,112.728,3,7,17.35,49.71,103.86,284.05,0.474,0.496,0.503,29.4,24.5,0,318,20.878,294.928,0.421,-0.907,-0.237,307,1.414,4,4.6,open-meteo-era5,26.467,94.361
1,event,glc-2282,2010-08-19,8,26.198,94.816,1,Nagaland,31,15.5,51.5,147.7,245.7,504.6,157.244,4.4,7,13.74,29.82,94.99,276.17,0.487,0.494,0.469,21.4,17.3,0,1892,23.603,344.186,0.962,-0.273,-0.435,501,1.704,4,4.6,open-meteo-era5,26.186,94.836
0,same_place_other_date,glc-2282,2011-09-07,9,26.198,94.816,1,Nagaland,33.2,23.3,83.7,122.7,232.3,483.8,143.483,8.4,7,39.88,65.39,75.43,285.12,0.472,0.495,0.49,21.1,16.3,0,1892,23.603,344.186,0.962,-0.273,-0.435,501,1.48,1,4.5,open-meteo-era5,26.186,94.836
0,same_place_other_date,glc-2282,2009-08-10,8,26.198,94.816,1,Nagaland,5.8,11.6,25.7,73,247.6,415.2,126.592,2.7,7,5.39,26.94,78.01,249.73,0.485,0.489,0.495,23.5,17.6,0,1892,23.603,344.186,0.962,-0.273,-0.435,501,1.156,0,,open-meteo-era5,26.186,94.836
0,nearby_place_same_date,glc-2282,2010-08-19,8,26.125,95.127,1,Nagaland,58.2,36.1,105.3,273.8,349.8,657.8,231.28,7.6,7,13.74,29.82,94.99,276.17,0.458,0.472,0.488,20.1,14.7,0,2411,29.104,117.403,-0.46,0.888,-0.368,461,1.926,4,4.6,open-meteo-era5,26.116,95.126
1,event,glc-2283,2010-08-19,8,24.896,93.496,5,Manipur,4.4,4.6,13.1,121.2,169.1,309.7,116.721,0.6,7,8.39,19.28,50.65,195.66,0.416,0.416,0.424,22.1,19.3,0,1079,25.547,97.804,-0.136,0.991,1.96,786,1.278,3,4.1,open-meteo-era5,24.921,93.484
0,same_place_other_date,glc-2283,2025-07-13,7,24.896,93.496,5,Manipur,0,1.3,1.5,71,249.8,624.9,166.59,0.3,5,2.31,10.22,45.69,266.33,0.386,0.398,0.415,28.9,18.4,0,1079,25.547,97.804,-0.136,0.991,1.96,786,1.812,5,4.6,open-meteo-era5,24.921,93.484
0,same_place_other_date,glc-2283,2014-09-18,9,24.896,93.496,5,Manipur,12.3,4.5,18.9,31.3,81.5,165.9,42.941,2.5,6,12.26,13.26,23.54,175.62,0.393,0.391,0.4,26,19.4,0,1079,25.547,97.804,-0.136,0.991,1.96,786,2.424,4,4.7,open-meteo-era5,24.921,93.484
0,nearby_place_same_date,glc-2283,2010-08-19,8,24.916,93.364,5,Manipur,9.2,2.8,16.2,131.2,180,318,119.035,1.2,7,10.39,25.98,63.54,246.04,0.415,0.416,0.424,26.5,22.5,0,522,23.193,224.091,-0.718,-0.696,-0.444,372,1.161,3,4.1,open-meteo-era5,24.921,93.387
1,event,glc-2281,2010-08-19,8,25.616,94.116,5,Nagaland,12.2,8.1,23.4,67.7,164.9,417.7,116.704,3,7,10.84,27.29,62.5,191.49,0.466,0.492,0.485,23.1,19.3,0,1620,22.55,103.47,-0.233,0.972,0.037,461,1.6,4,4.6,open-meteo-era5,25.624,94.109
0,same_place_other_date,glc-2281,2010-07-06,7,25.616,94.116,5,Nagaland,8.4,6.1,36.9,144.8,300.4,711.8,209.159,1.4,7,4.5,20.02,66.91,302.38,0.487,0.474,0.498,23.9,18.7,0,1620,22.55,103.47,-0.233,0.972,0.037,461,1.718,4,4.4,open-meteo-era5,25.624,94.109
0,same_place_other_date,glc-2281,2007-07-23,7,25.616,94.116,5,Nagaland,12.8,23.1,43.7,90.7,220.7,463.2,148.039,4.2,7,2,11.27,29.61,103.53,0.491,0.496,0.499,22.6,18,0,1620,22.55,103.47,-0.233,0.972,0.037,461,4.529,3,5.2,open-meteo-era5,25.624,94.109
0,nearby_place_same_date,glc-2281,2010-08-19,8,25.385,94.105,5,Nagaland,12.2,8.1,23.4,67.7,164.9,417.7,116.704,3,7,10.84,27.29,62.5,191.49,0.488,0.497,0.499,25.7,21.6,0,1073,1.177,,0,0,0.009,171,1.762,4,4.1,open-meteo-era5,25.343,94.091
1,event,glc-2279,2010-08-19,8,26.972,88.448,10,West Bengal,87.1,35.2,166.5,326,389.3,694.6,247.554,9.2,7,13.28,123.86,174.28,351.64,0.427,0.429,0.421,26.2,23.2,0,444,32.273,328.465,0.852,-0.523,-0.22,565,1.184,1,4.5,open-meteo-era5,26.96,88.502
0,same_place_other_date,glc-2279,2008-08-10,8,26.972,88.448,10,West Bengal,21,4.1,25.2,79.6,155.9,1139.8,162.819,4,6,10.29,18.96,79.92,337.43,0.394,0.395,0.396,27.6,22.4,0,444,32.273,328.465,0.852,-0.523,-0.22,565,1.428,0,,open-meteo-era5,26.96,88.502
0,same_place_other_date,glc-2279,2012-08-09,8,26.972,88.448,10,West Bengal,1.4,12.1,22.7,50.4,162,612.6,137.738,2.3,7,4.95,16.25,40.24,342.33,0.422,0.426,0.399,30.5,21.8,0,444,32.273,328.465,0.852,-0.523,-0.22,565,1.683,1,4.7,open-meteo-era5,26.96,88.502
0,nearby_place_same_date,glc-2279,2010-08-19,8,26.878,88.517,10,West Bengal,35.2,24.4,94.5,180.2,233.4,495.2,165.184,3.5,7,13.28,123.86,174.28,351.64,0.427,0.429,0.421,27.9,24.9,0,154,0.443,,0,0,0.134,93,1.212,1,4.5,open-meteo-era5,26.889,88.503
1,event,glc-2296,2010-08-20,8,27.167,88.365,10,Sikkim,34.6,30.4,93.1,291.1,374.2,802.1,274.672,5,7,5.94,55.21,177.09,330.36,0.428,0.431,0.43,20,16.8,0,1476,22.382,178.977,-1,0.018,0.048,396,1,0,,open-meteo-era5,27.241,88.395
0,same_place_other_date,glc-2296,2018-07-21,7,27.167,88.365,10,Sikkim,69,7.4,78.7,235.2,484.5,1287.7,297.673,6.8,7,8.39,12.63,22.65,274.74,0.413,0.415,0.402,21.7,18.5,0,1476,22.382,178.977,-1,0.018,0.048,396,1.261,0,,open-meteo-era5,27.241,88.395
0,same_place_other_date,glc-2296,2019-09-15,9,27.167,88.365,10,Sikkim,18.2,35.8,121.4,246.1,349.2,559.8,257.955,5.8,7,6.02,41.53,74.34,231.39,0.43,0.432,0.427,21,17.1,0,1476,22.382,178.977,-1,0.018,0.048,396,1.242,1,4.5,open-meteo-era5,27.241,88.395
0,nearby_place_same_date,glc-2296,2010-08-20,8,27.138,88.22,10,Sikkim,34.7,20.6,74.2,248.2,315.9,565.7,220.518,5.6,7,5.94,55.21,177.09,330.36,0.43,0.43,0.426,26.6,22.6,0,624,20.758,286.912,0.291,-0.957,0.134,399,1,0,,open-meteo-era5,27.17,88.296
1,event,glc-2304,2010-08-21,8,25.572,94.121,10,Nagaland,4.8,14.4,31.4,67.5,160.3,418.4,118.309,2.6,7,5.7,25.64,59.56,196.8,0.506,0.501,0.489,21.9,18.8,0,1622,6.127,54.162,0.585,0.811,-0.795,606,1.639,5,4.6,open-meteo-era5,25.624,94.109
0,same_place_other_date,glc-2304,2007-07-21,7,25.572,94.121,10,Nagaland,7.8,5.9,34.5,113,217.1,458.4,146.641,1.9,7,5.18,11.01,38.64,116.84,0.494,0.487,0.505,21.7,18.3,0,1622,6.127,54.162,0.585,0.811,-0.795,606,4.382,3,5.2,open-meteo-era5,25.624,94.109
0,same_place_other_date,glc-2304,2026-07-13,7,25.572,94.121,10,Nagaland,10.1,17.8,50.9,126.8,224.5,613.7,167.687,5.1,7,35.9,51.35,85.67,239.16,0.505,0.51,0.495,24.1,18.3,0,1622,6.127,54.162,0.585,0.811,-0.795,606,2.177,8,4.5,open-meteo-era5,25.624,94.109
0,nearby_place_same_date,glc-2304,2010-08-21,8,25.575,93.922,10,Nagaland,4.8,14.4,31.4,67.5,160.3,418.4,118.309,2.6,7,6.27,26.1,61.96,194.3,0.455,0.469,0.472,21,18.1,0,1684,13.373,198.988,-0.946,-0.325,-0.112,348,1.467,3,4.1,open-meteo-era5,25.554,93.909
1,event,glc-2341,2010-08-26,8,27.232,88.497,10,,9.8,6.9,152.2,340.8,676.2,867.3,418.678,1.8,7,42.05,61.48,134.77,420.96,0.424,0.424,0.4,27.4,25.3,0,362,9.219,184.332,-0.997,-0.076,0.019,365,1,0,,open-meteo-era5,27.241,88.495
0,same_place_other_date,glc-2341,2013-08-29,8,27.232,88.497,10,,17.2,16.8,58.3,124,200.1,578.5,156.254,2.6,7,3.66,31.09,77.09,417.39,0.422,0.419,0.436,27.8,24.3,0,362,9.219,184.332,-0.997,-0.076,0.019,365,1.553,1,4.3,open-meteo-era5,27.241,88.495
0,same_place_other_date,glc-2341,2024-10-05,10,27.232,88.497,10,,2.4,16.5,32.9,60.9,404.8,453,218.382,3,6,5.72,26.7,57.79,660.98,0.42,0.426,0.42,28.6,22,0,362,9.219,184.332,-0.997,-0.076,0.019,365,2.813,1,4.3,open-meteo-era5,27.241,88.495
0,nearby_place_same_date,glc-2341,2010-08-26,8,27.261,88.885,10,,17,4.6,119.5,471,750,1048.6,490.094,3.5,7,24.76,44.37,87.38,279.48,0.422,0.424,0.42,14,10.4,0,3405,47.772,205.025,-0.906,-0.423,0.751,907,1,0,,open-meteo-era5,27.311,88.895
1,event,glc-2344,2010-08-27,8,24.751,93.422,5,Assam,8.1,7.6,27.5,60.4,273.9,483.6,129.246,1.2,7,8.73,15.13,35.38,221.57,0.422,0.423,0.418,25.9,21.1,0,787,6.297,247.62,-0.381,-0.925,0.526,176,1.204,2,4.1,open-meteo-era5,24.78,93.38
0,same_place_other_date,glc-2344,2014-09-24,9,24.751,93.422,5,Assam,1,14.2,18.4,105,143.3,324.8,113.626,2.6,7,5.09,71.99,146.63,256.03,0.422,0.421,0.421,24.9,19.9,0,787,6.297,247.62,-0.381,-0.925,0.526,176,2.511,6,5.4,open-meteo-era5,24.78,93.38
0,same_place_other_date,glc-2344,2020-08-21,8,24.751,93.422,5,Assam,7.2,28.3,59.1,109.4,182.8,346,131.434,7.7,7,12.12,20.45,47.36,244.91,0.426,0.427,0.425,24.5,20.6,0,787,6.297,247.62,-0.381,-0.925,0.526,176,2.455,5,4.8,open-meteo-era5,24.78,93.38
0,nearby_place_same_date,glc-2344,2010-08-27,8,24.625,93.333,5,Assam,8.9,9.1,32.3,73.3,311.8,522.8,149.032,1.7,7,8.57,16.55,35.02,214.71,0.422,0.424,0.428,25.7,20.9,0,746,17.751,250.75,-0.33,-0.944,-0.156,487,1.113,2,4.1,open-meteo-era5,24.64,93.373
1,event,glc-2343,2010-08-27,8,25.479,94.133,5,Nagaland,15.1,6.4,25.2,58.3,149.4,324.7,88.317,3.5,7,14.5,22.07,36.87,186.68,0.473,0.479,0.507,22.6,17.8,0,1759,6.045,45,0.707,0.707,0.317,249,1.722,3,4.1,open-meteo-era5,25.483,94.1
0,same_place_other_date,glc-2343,2011-07-18,7,25.479,94.133,5,Nagaland,24.6,23.8,78.5,159.3,223.5,470.2,163.449,6,7,38.04,56.25,126.24,308.32,0.466,0.481,0.491,22.6,17.7,0,1759,6.045,45,0.707,0.707,0.317,249,1.917,2,4.7,open-meteo-era5,25.483,94.1
0,same_place_other_date,glc-2343,2026-07-30,7,25.479,94.133,5,Nagaland,6,8.6,27.7,42,133.6,263.5,79.766,3.5,7,19.77,29.18,43.45,313.21,0.489,0.484,0.494,23.4,16.2,0,1759,6.045,45,0.707,0.707,0.317,249,2.191,5,4.6,open-meteo-era5,25.483,94.1
0,nearby_place_same_date,glc-2343,2010-08-27,8,25.295,94.099,5,Nagaland,9.7,4.3,16.8,34.5,96.1,243.3,57.841,1.5,7,14.5,22.07,36.87,186.68,0.482,0.486,0.494,25.7,20.1,0,1210,16.629,74.785,0.262,0.965,0.344,298,1.812,3,4.1,open-meteo-era5,25.272,94.086
1,event,glc-2345,2010-08-27,8,27.339,88.619,5,Sikkim,28.9,23.3,72.2,393.1,920.4,1379,526.904,3.2,7,11.94,39.91,93.81,282.22,0.427,0.429,0.414,20.1,15.1,0,1871,10.711,182.231,-0.999,-0.039,0.318,486,1,0,,open-meteo-era5,27.381,88.592
0,same_place_other_date,glc-2345,2023-10-04,10,27.339,88.619,5,Sikkim,27.7,13.7,42.2,48.8,134.3,215.6,57.804,4.3,4,28.89,49.46,60.22,191.42,0.398,0.383,0.389,16.3,13.1,0,1871,10.711,182.231,-0.999,-0.039,0.318,486,1.951,1,4.9,open-meteo-era5,27.381,88.592
0,same_place_other_date,glc-2345,2025-09-24,9,27.339,88.619,5,Sikkim,1.3,0.2,1.5,31.6,95,216.2,63.695,0.4,5,10.72,15.74,36.69,278.43,0.367,0.391,0.389,23.7,13.6,0,1871,10.711,182.231,-0.999,-0.039,0.318,486,2.287,2,5,open-meteo-era5,27.381,88.592
0,nearby_place_same_date,glc-2345,2010-08-27,8,27.343,88.709,5,Sikkim,15.9,16.7,44,299.5,788.4,1244.4,474.3,1.7,7,11.94,39.91,93.81,282.22,0.425,0.426,0.409,16.1,11.5,0,2862,30.478,211.005,-0.857,-0.515,-0.887,639,1,0,,open-meteo-era5,27.381,88.693
1,event,glc-2392,2010-09-04,9,27.37,88.733,10,Sikkim,16.7,15.6,44.9,128.8,391.2,838.8,242.122,1.9,7,2,17.97,46.09,283.13,0.425,0.427,0.412,10.2,7.3,0,3520,8.275,338.199,0.928,-0.371,-0.077,462,1,0,,open-meteo-era5,27.381,88.793
0,same_place_other_date,glc-2392,2025-08-29,8,27.37,88.733,10,Sikkim,12.3,33.7,58.1,117.2,271.5,833.5,214.029,5.2,7,10.5,34.98,50.52,284.46,0.427,0.428,0.426,13,8.9,0,3520,8.275,338.199,0.928,-0.371,-0.077,462,1.642,2,4.1,open-meteo-era5,27.381,88.793
0,same_place_other_date,glc-2392,2009-10-14,10,27.37,88.733,10,Sikkim,0,0,0.2,45,200,326.4,114.691,0,2,0,0,17.52,119.6,0.372,0.381,0.391,9.4,2.3,4.41,3520,8.275,338.199,0.928,-0.371,-0.077,462,3.655,4,6.1,open-meteo-era5,27.381,88.793
0,nearby_place_same_date,glc-2392,2010-09-04,9,27.293,88.748,10,Sikkim,15.5,25.8,60.4,164.7,483.9,1166.5,330.576,2.4,7,2,17.97,46.09,283.13,0.426,0.428,0.416,16.7,13.8,0,2292,30.674,96.89,-0.12,0.993,-0.308,816,1,0,,open-meteo-era5,27.311,88.694
1,event,glc-2415,2010-09-12,9,25.64,94.111,25,Nagaland,16.2,9.6,39.4,76,161.7,314.3,99.704,4.2,7,4.38,6.8,35.08,181.17,0.468,0.498,0.507,25.1,18.7,0,1497,13.075,98.383,-0.146,0.989,0.693,376,2.298,1,4.7,open-meteo-era5,25.694,94.113
0,same_place_other_date,glc-2415,2012-10-01,10,25.64,94.111,25,Nagaland,11.3,6.8,26.6,80,132.4,374.5,102.31,5,7,10.8,18.47,18.98,228.88,0.5,0.495,0.476,22.8,17.8,0,1497,13.075,98.383,-0.146,0.989,0.693,376,2.057,4,4.8,open-meteo-era5,25.694,94.113
0,same_place_other_date,glc-2415,2013-09-24,9,25.64,94.111,25,Nagaland,14.8,4.9,20.9,61.9,176.2,381.1,102.863,2.6,7,0.26,0.41,2.36,236.15,0.48,0.479,0.458,26,18.7,0,1497,13.075,98.383,-0.146,0.989,0.693,376,2.626,2,4.5,open-meteo-era5,25.694,94.113
0,nearby_place_same_date,glc-2415,2010-09-12,9,25.421,94.054,25,Nagaland,21.2,13.8,52,109.9,221.8,379.2,131.996,8.2,7,4.25,6.35,33.08,178.44,0.452,0.484,0.507,27.2,19.7,0,1199,14.955,170.112,-0.985,0.172,0.093,343,2.321,1,4.7,open-meteo-era5,25.413,94.095
1,event,glc-2424,2010-09-13,9,23.591,92.93,25,Mizoram,15.4,6.5,34.2,73.6,112.9,250.5,75.194,3,7,5.92,10.64,23.16,130.81,0.418,0.418,0.412,24.3,20.8,0,806,16.17,228.659,-0.661,-0.751,0.127,389,2.359,2,5.1,open-meteo-era5,23.585,92.94
0,same_place_other_date,glc-2424,2025-09-13,9,23.591,92.93,25,Mizoram,18.5,24,70.4,84.3,146.7,294.7,99.365,6.9,6,36.22,68.79,105.64,244.57,0.414,0.4,0.324,27.2,21,0,806,16.17,228.659,-0.661,-0.751,0.127,389,3.465,4,5.3,open-meteo-era5,23.585,92.94
0,same_place_other_date,glc-2424,2013-10-04,10,23.591,92.93,25,Mizoram,9.9,10.4,22.8,79.9,136.1,249,88.926,2.4,7,6.99,17.18,30.69,177.87,0.413,0.412,0.416,23.8,19.3,0,806,16.17,228.659,-0.661,-0.751,0.127,389,3.382,3,4.6,open-meteo-era5,23.585,92.94
0,nearby_place_same_date,glc-2424,2010-09-13,9,23.896,93.061,25,Mizoram,8.3,5.2,18.5,63.3,129.6,272.3,85.87,1.6,7,7.48,12.94,30.26,156.42,0.418,0.418,0.42,29.1,25.1,0,195,13.391,100.972,-0.19,0.982,-0.309,253,2.246,2,5.1,open-meteo-era5,23.937,93.051
1,event,glc-2421,2010-09-13,9,23.754,92.741,1,Mizoram,14.2,5.3,23.6,51.2,105.8,219.2,62.477,3.8,7,11.41,19.1,46.34,235.41,0.412,0.412,0.413,23,19.1,0,983,19.311,78.232,0.204,0.979,-0.191,434,2.472,2,5.1,open-meteo-era5,23.726,92.756
0,same_place_other_date,glc-2421,2009-08-16,8,23.754,92.741,1,Mizoram,1.7,13.1,23.8,45.2,113.9,395.3,93.391,3.7,7,3.51,45.88,66.14,424.19,0.422,0.423,0.412,23.6,19.6,0,983,19.311,78.232,0.204,0.979,-0.191,434,2.924,2,5.5,open-meteo-era5,23.726,92.756
0,same_place_other_date,glc-2421,2011-09-02,9,23.754,92.741,1,Mizoram,11.5,10.1,26.8,80.1,197.3,377.4,113.499,5.5,7,2.11,16.2,23.29,384.49,0.415,0.417,0.417,24.5,18.8,0,983,19.311,78.232,0.204,0.979,-0.191,434,1.678,5,4.4,open-meteo-era5,23.726,92.756
0,nearby_place_same_date,glc-2421,2010-09-13,9,24.033,92.731,1,Mizoram,11,4.9,21.9,62.3,105.7,198.7,67.799,3.4,7,11.41,19.1,46.34,235.41,0.416,0.418,0.416,28.2,24.2,0,245,27.734,214.267,-0.826,-0.563,0.091,172,2.428,2,5.1,open-meteo-era5,24.077,92.675
1,event,glc-2422,2010-09-13,9,23.742,92.714,1,Mizoram,14.2,5.3,23.6,51.2,105.8,219.2,62.477,3.8,7,9.93,17.18,36.45,218.07,0.413,0.413,0.411,23.1,19.3,0,930,22.807,286.793,0.289,-0.957,-0.209,484,2.493,2,5.1,open-meteo-era5,23.726,92.756
0,same_place_other_date,glc-2422,2011-09-16,9,23.742,92.714,1,Mizoram,4.6,10.2,33.5,69.9,144.4,332.4,104.312,3.3,7,49,85.18,105.54,265.82,0.425,0.426,0.425,22,19.6,0,930,22.807,286.793,0.289,-0.957,-0.209,484,1.122,1,4.2,open-meteo-era5,23.726,92.756
0,same_place_other_date,glc-2422,2019-08-01,8,23.742,92.714,1,Mizoram,2.5,5.4,17.4,31.5,80.7,315.4,66.814,0.9,7,1.56,39.41,85.83,1075.24,0.39,0.372,0.367,27.6,19.5,0,930,22.807,286.793,0.289,-0.957,-0.209,484,1.989,3,4.5,open-meteo-era5,23.726,92.756
0,nearby_place_same_date,glc-2422,2010-09-13,9,23.975,92.565,1,Mizoram,13.7,3.2,23.4,57.8,101.2,187.7,61.023,4,7,11.41,19.1,46.34,235.41,0.416,0.418,0.417,26.5,22.4,0,491,22.508,274.955,0.086,-0.996,0.31,509,2.556,2,5.1,open-meteo-era5,23.937,92.574
1,event,glc-2426,2010-09-13,9,22.718,92.842,25,Mizoram,19.6,10.5,43.4,74.6,126.7,246.9,81.141,6.4,7,5.13,13.96,29.88,201.06,0.423,0.424,0.418,24.7,20,0,734,11.345,43.568,0.725,0.689,-0.554,441,2.336,1,5.1,open-meteo-era5,22.742,92.903
0,same_place_other_date,glc-2426,2014-08-12,8,22.718,92.842,25,Mizoram,8.5,10.7,24.2,51.8,136,304.6,87.72,2.6,7,8.21,19.7,27.79,176.64,0.417,0.418,0.413,24.4,20.7,0,734,11.345,43.568,0.725,0.689,-0.554,441,2.234,5,4.7,open-meteo-era5,22.742,92.903
0,same_place_other_date,glc-2426,2022-10-21,10,22.718,92.842,25,Mizoram,0.2,3.4,11.1,30.4,62.2,174.7,51.256,2.8,6,0.39,6.77,14.52,218.37,0.3,0.29,0.333,29.6,17.7,0,734,11.345,43.568,0.725,0.689,-0.554,441,2.936,2,5.6,open-meteo-era5,22.742,92.903
0,nearby_place_same_date,glc-2426,2010-09-13,9,22.669,92.556,25,Mizoram,12.1,5.4,26.7,52.6,91.7,190.4,62.49,2.5,6,8.26,23.56,43.64,344.39,0.422,0.423,0.413,27.4,22.6,0,254,14.289,242.959,-0.455,-0.891,-0.348,387,2.507,1,5.1,open-meteo-era5,22.671,92.526
1,event,glc-2423,2010-09-13,9,23.735,92.711,1,Mizoram,14.2,5.3,23.6,51.2,105.8,219.2,62.477,3.8,7,9.93,17.18,36.45,218.07,0.413,0.413,0.411,22.8,19,0,951,13.478,106.454,-0.283,0.959,0.127,234,2.496,2,5.1,open-meteo-era5,23.726,92.661
0,same_place_other_date,glc-2423,2021-09-14,9,23.735,92.711,1,Mizoram,16.7,15.6,32.4,48.3,100.8,246.6,64.327,5.9,5,1.48,4.88,47.36,333.5,0.363,0.346,0.361,27.3,19.4,0,951,13.478,106.454,-0.283,0.959,0.127,234,2.197,3,4.9,open-meteo-era5,23.726,92.661
0,same_place_other_date,glc-2423,2023-09-30,9,23.735,92.711,1,Mizoram,8.3,1.1,13.6,26.8,127,274.5,69.568,2.7,7,5.5,28.31,85.55,339.42,0.351,0.347,0.373,25.2,20.3,0,951,13.478,106.454,-0.283,0.959,0.127,234,3.024,5,5,open-meteo-era5,23.726,92.661
0,nearby_place_same_date,glc-2423,2010-09-13,9,23.729,92.441,1,Mizoram,10.6,9,24.1,41.2,95.6,196.1,58.19,3.5,7,9.93,17.18,36.45,218.07,0.412,0.41,0.401,28,24,0,238,2.459,303.69,0.555,-0.832,0.091,73,2.703,1,5.1,open-meteo-era5,23.726,92.376
1,event,glc-2425,2010-09-13,9,23.344,93.075,25,Mizoram,18.8,7.4,38.5,59.9,95.3,212.8,61.556,4.4,7,5.92,10.64,23.16,130.81,0.422,0.422,0.409,20.3,16.9,0,1313,32.085,100.586,-0.184,0.983,0.162,429,2.269,2,5.1,open-meteo-era5,23.374,93.12
0,same_place_other_date,glc-2425,2009-08-20,8,23.344,93.075,25,Mizoram,21.5,4.2,35.6,59.8,120.1,360.1,78.75,3.2,7,18.68,44.14,85.31,297.85,0.417,0.418,0.415,19.4,16.8,0,1313,32.085,100.586,-0.184,0.983,0.162,429,2.994,2,5.5,open-meteo-era5,23.374,93.12
0,same_place_other_date,glc-2425,2021-10-26,10,23.344,93.075,25,Mizoram,1,0.7,1.7,14.6,30.7,83.8,21.834,0.3,3,1.74,1.75,33.04,118.78,0.298,0.308,0.311,23.2,14,0,1313,32.085,100.586,-0.184,0.983,0.162,429,3.174,3,5.5,open-meteo-era5,23.374,93.12
0,nearby_place_same_date,glc-2425,2010-09-13,9,23.378,93.33,25,Mizoram,11.5,14.9,39.7,62.2,97.7,203.6,67.383,3.6,7,5.92,10.64,23.16,130.81,0.422,0.422,0.407,23.4,19.9,0,1010,17.475,7.152,0.992,0.124,-0.578,323,2.119,2,5.1,open-meteo-era5,23.374,93.309
1,event,glc-2420,2010-09-13,9,23.73,92.715,1,Mizoram,14.2,5.3,23.6,51.2,105.8,219.2,62.477,3.8,7,9.93,17.18,36.45,218.07,0.413,0.413,0.411,23,19.2,0,975,20.633,257.766,-0.212,-0.977,0.091,212,2.494,2,5.1,open-meteo-era5,23.726,92.756
0,same_place_other_date,glc-2420,2023-10-21,10,23.73,92.715,1,Mizoram,0,0,0,0.2,17.3,91.2,16.883,0,0,0,0,0,207.13,0.216,0.242,0.3,28.9,12.8,0,975,20.633,257.766,-0.212,-0.977,0.091,212,1.557,0,,open-meteo-era5,23.726,92.756
0,same_place_other_date,glc-2420,2011-09-07,9,23.73,92.715,1,Mizoram,11.6,12.5,36,69.3,166.3,350.1,104.013,2.6,7,25.84,48.53,58.5,300.75,0.421,0.422,0.415,20.4,19.2,0,975,20.633,257.766,-0.212,-0.977,0.091,212,1.674,3,4.4,open-meteo-era5,23.726,92.756
0,nearby_place_same_date,glc-2420,2010-09-13,9,23.773,92.867,1,Mizoram,14.2,5.3,23.6,51.2,105.8,219.2,62.477,3.8,7,7.48,12.94,30.26,156.42,0.419,0.42,0.418,25.7,21.5,0,683,18.88,50.654,0.634,0.773,-0.2,344,2.384,2,5.1,open-meteo-era5,23.796,92.854
1,event,glc-2436,2010-09-16,9,24.307,93.125,5,Mizoram,13.9,15.5,40.5,81.7,152.5,275,97.821,5.1,7,11.4,30.38,48.75,205.38,0.427,0.428,0.428,23.6,20.1,0,748,20.291,358.702,1,-0.023,0.339,487,2.133,2,5.1,open-meteo-era5,24.288,93.163
0,same_place_other_date,glc-2436,2015-10-23,10,24.307,93.125,5,Mizoram,0,0,0,2.2,53.5,145.6,32.239,0,1,1.07,1.81,1.84,121.55,0.355,0.365,0.391,25.7,15.7,0,748,20.291,358.702,1,-0.023,0.339,487,1.808,5,4.6,open-meteo-era5,24.288,93.163
0,same_place_other_date,glc-2436,2016-08-30,8,24.307,93.125,5,Mizoram,7.1,3,27.1,51.7,107.1,336.8,82.383,2.3,7,24.74,31.49,65.74,208.01,0.416,0.417,0.413,26.4,21.6,0,748,20.291,358.702,1,-0.023,0.339,487,4.045,2,5,open-meteo-era5,24.288,93.163
0,nearby_place_same_date,glc-2436,2010-09-16,9,24.352,93.327,5,Mizoram,13.9,15.5,40.5,81.7,152.5,275,97.821,5.1,7,11.4,30.38,48.75,205.38,0.427,0.427,0.429,27.9,22.8,0,284,4.852,291.501,0.367,-0.93,-0.541,89,2.021,2,5.1,open-meteo-era5,24.429,93.266
1,event,glc-2437,2010-09-16,9,23.753,92.694,5,Mizoram,13,14.6,40,71.3,134.7,214,80.698,3,7,7.76,34.33,58.77,250.29,0.426,0.428,0.424,25.8,19.7,0,802,17.684,20.331,0.938,0.347,0.163,416,2.506,2,5.1,open-meteo-era5,23.726,92.661
0,same_place_other_date,glc-2437,2026-09-07,9,23.753,92.694,5,Mizoram,5.6,16.4,28.2,79.6,157.9,304,105.435,9.7,7,16.31,28.31,124.19,407.12,0.399,0.402,0.412,27.9,20.6,0,802,17.684,20.331,0.938,0.347,0.163,416,1.474,1,4.4,open-meteo-era5,23.726,92.661
0,same_place_other_date,glc-2437,2019-09-06,9,23.753,92.694,5,Mizoram,12.2,8.2,25.8,62.2,173.5,323.2,92.619,5.1,7,9.46,46.73,89.56,304.2,0.42,0.421,0.41,27.9,21,0,802,17.684,20.331,0.938,0.347,0.163,416,3.016,2,5,open-meteo-era5,23.726,92.661
0,nearby_place_same_date,glc-2437,2010-09-16,9,23.969,92.715,5,Mizoram,18.1,19.7,50.3,81.3,147.3,229.5,88.476,5.2,7,7.76,34.33,58.77,250.29,0.426,0.428,0.426,25.9,20.9,0,559,20.934,86.424,0.062,0.998,-0.328,387,2.453,2,5.1,open-meteo-era5,23.937,92.765
1,event,glc-2539,2010-10-03,10,28.309,95.415,25,Arunachal Pradesh,4,3.5,10.2,67.2,192.3,866.5,141.78,1.5,7,2.35,13.64,31.43,426.52,0.406,0.405,0.408,20.5,12.6,0,1866,41.789,235.385,-0.568,-0.823,-0.226,901,1,0,,open-meteo-era5,28.366,95.414
0,same_place_other_date,glc-2539,2014-08-25,8,28.309,95.415,25,Arunachal Pradesh,97.3,121.7,387.2,595,1250.2,1446.6,685.837,8.9,7,20.77,74.63,155.38,505.56,0.429,0.429,0.429,17.4,15.4,0,1866,41.789,235.385,-0.568,-0.823,-0.226,901,1.278,1,4.1,open-meteo-era5,28.366,95.414
0,same_place_other_date,glc-2539,2022-08-25,8,28.309,95.415,25,Arunachal Pradesh,15.1,4.9,40,52.3,98.9,302.1,74.66,1.8,7,0.83,10.51,15.67,173.85,0.365,0.363,0.375,21.7,16.7,0,1866,41.789,235.385,-0.568,-0.823,-0.226,901,1,0,,open-meteo-era5,28.366,95.414
0,nearby_place_same_date,glc-2539,2010-10-03,10,28.185,95.44,25,Arunachal Pradesh,0.2,2.3,2.8,39.7,108.5,570.2,88.782,1.2,4,2.38,10.12,29.77,586.53,0.413,0.409,0.433,26.2,16.7,0,968,10.461,183.457,-0.998,-0.06,1.018,215,1,0,,open-meteo-era5,28.225,95.402
1,event,glc-2566,2010-10-08,10,25.477,94.135,5,Nagaland,24.1,23.1,67.8,91.5,202.5,397.6,119.203,2.4,7,52.1,92.98,96.35,238.6,0.487,0.498,0.499,19.5,15.2,0,1668,16.016,133.295,-0.686,0.728,-0.551,298,1.463,0,,open-meteo-era5,25.483,94.1
0,same_place_other_date,glc-2566,2022-10-21,10,25.477,94.135,5,Nagaland,0,0,1.1,13.1,31.7,98.6,25.37,0,5,0,0.09,2.62,134.28,0.47,0.478,0.456,22.3,11.5,0,1668,16.016,133.295,-0.686,0.728,-0.551,298,2.737,3,5.6,open-meteo-era5,25.483,94.1
0,same_place_other_date,glc-2566,2018-08-31,8,25.477,94.135,5,Nagaland,9.6,9.5,20.7,92.4,174.5,367,122.282,3.5,7,12.88,29.65,78.83,312,0.49,0.478,0.507,24.5,14.8,0,1668,16.016,133.295,-0.686,0.728,-0.551,298,2.294,3,4.9,open-meteo-era5,25.483,94.1
0,nearby_place_same_date,glc-2566,2010-10-08,10,25.209,94.098,5,Nagaland,28.1,19.7,64,76.2,152.4,286.2,84.95,3.1,7,72.74,130.58,135.83,259.09,0.489,0.5,0.472,21,17.8,0,1057,24.959,357.923,0.999,-0.036,-0.102,300,1.531,0,,open-meteo-era5,25.202,94.082
1,event,glc-2567,2010-10-08,10,25.663,94.47,5,Manipur,26.2,23.7,65.1,82.5,146.1,260.7,83.347,3.6,7,52.1,92.98,96.35,238.6,0.47,0.493,0.491,20,15.4,0,1450,4.92,4.028,0.998,0.07,0.131,284,1.327,0,,open-meteo-era5,25.694,94.407
0,same_place_other_date,glc-2567,2024-08-27,8,25.663,94.47,5,Manipur,2.7,1.3,5,64,145.9,470,116.788,1,7,2.45,9.38,46.5,353.84,0.473,0.477,0.465,25.9,17.8,0,1450,4.92,4.028,0.998,0.07,0.131,284,3.128,4,4.5,open-meteo-era5,25.694,94.407
0,same_place_other_date,glc-2567,2011-11-08,11,25.663,94.47,5,Manipur,0.7,0.6,1.7,2.2,6.2,45.7,8.659,0.7,0,0,0.05,0.22,17.93,0.402,0.41,0.425,19.3,9.2,0,1450,4.92,4.028,0.998,0.07,0.131,284,2.578,4,4.7,open-meteo-era5,25.694,94.407
0,nearby_place_same_date,glc-2567,2010-10-08,10,25.849,94.507,5,Manipur,26.2,23.7,65.1,82.5,146.1,260.7,83.347,3.6,7,36.49,61.06,62.79,251.45,0.492,0.5,0.488,20,15.7,0,1514,10.712,96.988,-0.122,0.993,0.028,358,1.281,0,,open-meteo-era5,25.835,94.515
1,event,glc-2570,2010-10-08,10,24.837,93.913,5,Manipur,25.3,22.5,66.4,71.5,93.7,161.9,57.805,2,5,76.95,132.5,135.86,272.23,0.49,0.495,0.466,20.9,18.6,0,792,8.575,191.489,-0.98,-0.199,-0.185,110,1.671,0,,open-meteo-era5,24.851,93.867
0,same_place_other_date,glc-2570,2019-09-28,9,24.837,93.913,5,Manipur,0.6,5.2,8.9,81,120.6,216.8,85.901,3.1,6,2.98,14.48,68.76,201.66,0.478,0.477,0.505,25.8,18.3,0,792,8.575,191.489,-0.98,-0.199,-0.185,110,2.649,3,5.4,open-meteo-era5,24.851,93.867
0,same_place_other_date,glc-2570,2018-08-24,8,24.837,93.913,5,Manipur,17.1,5.6,28.9,53,89.2,192.3,55.33,2.3,7,24.91,38.79,55.2,273.73,0.494,0.489,0.441,25.3,21.1,0,792,8.575,191.489,-0.98,-0.199,-0.185,110,2.652,4,4.9,open-meteo-era5,24.851,93.867
0,nearby_place_same_date,glc-2570,2010-10-08,10,24.917,94.157,5,Manipur,22.7,20,59.1,65.9,98.9,192.9,61.952,2.2,7,72.74,130.58,135.83,259.09,0.467,0.469,0.443,20.9,18.7,0,910,14.219,110.842,-0.356,0.935,0.296,92,1.567,0,,open-meteo-era5,24.921,94.161
1,event,glc-2569,2010-10-08,10,25.275,94.021,5,Nagaland,28.1,19.7,64,76.2,152.4,286.2,84.95,3.1,7,53.95,91.32,93.44,235.71,0.434,0.433,0.416,22.2,18.6,0,1076,7.303,131.186,-0.659,0.753,0.409,157,1.543,0,,open-meteo-era5,25.272,94.086
0,same_place_other_date,glc-2569,2017-08-25,8,25.275,94.021,5,Nagaland,5.2,3.5,9.9,25.4,118.5,221.4,60.485,2.5,6,8.79,19.57,26.14,210.45,0.468,0.472,0.446,26.3,19.7,0,1076,7.303,131.186,-0.659,0.753,0.409,157,3.307,4,5.1,open-meteo-era5,25.272,94.086
0,same_place_other_date,glc-2569,2015-10-18,10,25.275,94.021,5,Nagaland,2.8,4.6,13.6,32.8,94.9,182,60.154,2.5,7,0,0.83,9.64,167.97,0.418,0.418,0.418,24.5,16.2,0,1076,7.303,131.186,-0.659,0.753,0.409,157,2.448,7,4.7,open-meteo-era5,25.272,94.086
0,nearby_place_same_date,glc-2569,2010-10-08,10,25.074,94.148,5,Nagaland,22.7,20,59.1,65.9,98.9,192.9,61.952,2.2,7,72.74,130.58,135.83,259.09,0.49,0.5,0.487,20.5,17.6,0,980,19.734,307.639,0.611,-0.792,0.38,272,1.541,0,,open-meteo-era5,25.062,94.17
1,event,glc-2568,2010-10-08,10,24.768,93.411,25,Assam,29.9,17.4,69.9,84.6,165,333.7,94.775,2.5,5,86.18,138.2,141.73,313.55,0.425,0.42,0.399,23,20.6,0,507,18.419,308.853,0.627,-0.779,0.148,431,1.888,0,,open-meteo-era5,24.78,93.38
0,same_place_other_date,glc-2568,2017-10-01,10,24.768,93.411,25,Assam,3.9,16,31.2,63.3,135.1,361.9,98.819,5.4,6,6.29,58.53,112.14,299.51,0.422,0.423,0.415,28.8,22.2,0,507,18.419,308.853,0.627,-0.779,0.148,431,1.768,2,4.4,open-meteo-era5,24.78,93.38
0,same_place_other_date,glc-2568,2013-11-11,11,24.768,93.411,25,Assam,0,0,0,0,3,49.6,7.128,0,0,0,0,0,49.53,0.283,0.301,0.343,27.5,13.5,0,507,18.419,308.853,0.627,-0.779,0.148,431,3.145,5,5.4,open-meteo-era5,24.78,93.38
0,nearby_place_same_date,glc-2568,2010-10-08,10,24.956,93.152,25,Assam,29.1,8.4,44.9,49.4,123.5,260.8,57.404,3.2,5,86.18,138.2,141.73,313.55,0.409,0.378,0.375,25.6,22.6,0,117,0.96,,0,0,0.435,58,1.945,0,,open-meteo-era5,24.921,93.194
1,event,glc-2578,2010-10-09,10,25.318,94.046,5,Nagaland,21.6,28.1,69.4,94.8,159.7,303.8,104.194,3.1,7,26.82,107.81,120.26,258.3,0.434,0.434,0.426,24.2,18.9,0,1015,16.026,277.722,0.134,-0.991,-0.251,231,1.525,0,,open-meteo-era5,25.272,94.086
0,same_place_other_date,glc-2578,2016-11-15,11,25.318,94.046,5,Nagaland,0,0,0,0.9,98.8,158.5,52.699,0,0,0,0,0.2,95.74,0.365,0.377,0.407,23.9,13.3,0,1015,16.026,277.722,0.134,-0.991,-0.251,231,1.914,4,4.9,open-meteo-era5,25.272,94.086
0,same_place_other_date,glc-2578,2011-08-26,8,25.318,94.046,5,Nagaland,10.1,7.3,47.1,86.4,159.7,348.9,116.55,4.3,7,0.03,15.62,74.93,292.01,0.428,0.43,0.435,28.6,20.5,0,1015,16.026,277.722,0.134,-0.991,-0.251,231,1.494,2,4.4,open-meteo-era5,25.272,94.086
0,nearby_place_same_date,glc-2578,2010-10-09,10,25.625,93.99,5,Nagaland,22.4,26.1,70.2,105.5,196.7,451.6,132.733,3.1,7,26.82,107.81,120.26,258.3,0.486,0.501,0.497,17.8,11.9,0,2245,22.668,241.654,-0.475,-0.88,-0.084,410,1.474,0,,open-meteo-era5,25.624,94.011
1,event,glc-2576,2010-10-09,10,25.479,94.14,10,Nagaland,17.9,24.1,65.1,102.9,200.3,410.9,130.823,3.1,7,23.12,99.99,119.47,256.38,0.488,0.492,0.508,21.4,15.1,0,1644,14.65,144.401,-0.813,0.582,0.065,238,1.461,0,,open-meteo-era5,25.483,94.1
0,same_place_other_date,glc-2576,2020-09-16,9,25.479,94.14,10,Nagaland,2.8,2.1,7.3,33.3,56.1,201.2,48.575,0.6,7,22.37,29.39,56.19,144.39,0.491,0.492,0.471,23.1,16.5,0,1644,14.65,144.401,-0.813,0.582,0.065,238,2.466,5,5.3,open-meteo-era5,25.483,94.1
0,same_place_other_date,glc-2576,2011-09-19,9,25.479,94.14,10,Nagaland,7.5,4.3,21.8,65.4,149.1,298.5,85.83,6.6,7,0.08,11.05,33.53,177.32,0.47,0.458,0.509,23.5,16.3,0,1644,14.65,144.401,-0.813,0.582,0.065,238,3.511,3,4.5,open-meteo-era5,25.483,94.1
0,nearby_place_same_date,glc-2576,2010-10-09,10,25.28,93.825,10,Nagaland,27.3,29.4,73.9,95.3,154.8,326.5,102.67,3.9,7,26.82,107.81,120.26,258.3,0.428,0.429,0.423,17.9,12.8,0,1990,13.824,5.906,0.995,0.103,0.047,190,1.607,0,,open-meteo-era5,25.272,93.892
1,event,glc-2579,2010-10-09,10,25.682,94.108,1,Nagaland,18.4,26.8,68.6,99.4,164.2,420.7,122.327,3.9,7,23.12,99.99,119.47,256.38,0.485,0.479,0.511,21.6,15.7,0,1447,9.168,282.995,0.225,-0.974,-0.019,273,1.426,0,,open-meteo-era5,25.694,94.113
0,same_place_other_date,glc-2579,2022-10-01,10,25.682,94.108,1,Nagaland,5,2.9,18.6,93.1,218.6,585.8,162.832,5,7,9.02,12.67,37.25,185.74,0.492,0.501,0.504,25.3,17.9,0,1447,9.168,282.995,0.225,-0.974,-0.019,273,2.569,5,5.6,open-meteo-era5,25.694,94.113
0,same_place_other_date,glc-2579,2018-11-20,11,25.682,94.108,1,Nagaland,0,0,5.5,13.1,20.9,58.2,17.865,0,3,0,0.09,3.12,10.54,0.447,0.419,0.418,17,7.7,0,1447,9.168,282.995,0.225,-0.974,-0.019,273,2.672,4,5.2,open-meteo-era5,25.694,94.113
0,nearby_place_same_date,glc-2579,2010-10-09,10,25.927,93.976,1,Nagaland,16.5,25.6,53.4,58.7,71.1,200.3,57.734,3.4,5,19.75,73.87,80.93,248.2,0.486,0.491,0.467,26,20.3,0,179,2.153,20.772,0.935,0.355,0.075,52,1.406,0,,open-meteo-era5,25.975,93.934
1,event,glc-2573,2010-10-09,10,25.18,93.008,5,Assam,57.9,53.3,129.7,148.5,252.4,432.8,143.164,11.5,6,31.14,154.03,172.87,338.59,0.493,0.504,0.472,23.7,19.4,0,691,7.256,69.507,0.35,0.937,0.093,193,1.93,1,4.5,open-meteo-era5,25.202,93.013
0,same_place_other_date,glc-2573,2017-10-29,10,25.18,93.008,5,Assam,22.4,0.1,22.5,30.6,230.3,306.5,107.513,4.6,4,8.99,8.99,11.43,262.24,0.455,0.465,0.45,23.9,16.6,0,691,7.256,69.507,0.35,0.937,0.093,193,1.767,1,4.5,open-meteo-era5,25.202,93.013
0,same_place_other_date,glc-2573,2018-09-30,9,25.18,93.008,5,Assam,2.6,2.1,5.6,12,27.9,63.2,19.079,0.6,5,0.69,7.6,19.93,187.56,0.428,0.405,0.405,27.4,20.9,0,691,7.256,69.507,0.35,0.937,0.093,193,2.208,5,4.6,open-meteo-era5,25.202,93.013
0,nearby_place_same_date,glc-2573,2010-10-09,10,25.3,93.199,5,Assam,41.9,32.7,90.4,110.2,162.1,358.4,107.761,7.9,6,26.53,110.95,121.17,276.74,0.481,0.501,0.497,25.5,20.7,0,438,8.335,302.905,0.543,-0.84,0.065,117,1.82,0,,open-meteo-era5,25.343,93.214
1,event,glc-2587,2010-10-10,10,25.662,94.107,1,Nagaland,1.8,18.4,47,94.6,157.2,408.9,128.334,3.9,7,0.87,76.09,120.34,255.27,0.474,0.473,0.509,22.3,15.1,0,1382,11.515,47.406,0.677,0.736,-0.272,192,1,0,,open-meteo-era5,25.694,94.113
0,same_place_other_date,glc-2587,2019-09-05,9,25.662,94.107,1,Nagaland,15.9,9.8,33.1,54.4,124.1,420.2,92.303,4.8,7,5.65,13.31,24.93,179.27,0.495,0.491,0.47,23.3,18.8,0,1382,11.515,47.406,0.677,0.736,-0.272,192,2.485,3,5,open-meteo-era5,25.694,94.113
0,same_place_other_date,glc-2587,2007-10-21,10,25.662,94.107,1,Nagaland,2.6,12.4,31,100.2,268.3,391.9,147.794,2.3,7,1,12.85,45.42,91.74,0.472,0.495,0.495,19.7,13.7,0,1382,11.515,47.406,0.677,0.736,-0.272,192,1.615,3,4.5,open-meteo-era5,25.694,94.113
0,nearby_place_same_date,glc-2587,2010-10-10,10,25.435,93.98,1,Nagaland,1.3,22.4,49.8,103.9,185.4,435.9,141.601,3.1,7,0.67,81.44,120.93,257.11,0.425,0.428,0.431,23.1,16.7,0,1302,32.051,228.596,-0.661,-0.75,-0.317,577,1,0,,open-meteo-era5,25.413,93.998
1,event,glc-2743,2010-11-22,11,27.58,91.857,1,Arunachal Pradesh,0,3.4,12.3,28.1,50,66.7,33.934,0.4,5,0,1.5,2.56,3.26,0.411,0.41,0.393,11.1,-2.4,6.93,2759,22.311,243.281,-0.45,-0.893,-0.165,591,2.204,2,4.6,open-meteo-era5,27.592,91.816
0,same_place_other_date,glc-2743,2022-11-21,11,27.58,91.857,1,Arunachal Pradesh,0,0,0,4.2,17.2,113.7,14.823,0,2,0,0,0,57.32,0.323,0.338,0.359,11.1,-2.4,0.07,2759,22.311,243.281,-0.45,-0.893,-0.165,591,2.759,2,5.5,open-meteo-era5,27.592,91.816
0,same_place_other_date,glc-2743,2019-11-09,11,27.58,91.857,1,Arunachal Pradesh,0.2,0.5,3.9,8.1,17.7,57.4,15.71,0.2,2,0.07,0.07,2.3,24.78,0.342,0.341,0.358,13.6,5.1,0,2759,22.311,243.281,-0.45,-0.893,-0.165,591,1,0,,open-meteo-era5,27.592,91.816
0,nearby_place_same_date,glc-2743,2010-11-22,11,27.711,92.209,1,Arunachal Pradesh,0,0.3,0.3,2.4,10.7,20,6.207,0.1,2,0,7,9.37,9.91,0.377,0.377,0.374,5.1,-11.8,3.99,4099,43.341,49.764,0.646,0.763,-0.107,744,2.511,2,4.6,open-meteo-era5,27.663,92.121
1,event,glc-3269,2011-03-22,3,28.079,96.524,10,Arunachal Pradesh,24.9,99.6,192.4,253.3,295.8,333.4,229.182,9.9,5,7.48,55.41,102.32,130.32,0.428,0.428,0.429,19.1,14.1,0.91,550,16.558,166.541,-0.973,0.233,-0.029,253,2.146,0,,open-meteo-era5,28.084,96.508
0,same_place_other_date,glc-3269,2017-02-21,2,28.079,96.524,10,Arunachal Pradesh,78.5,12.2,90.7,90.7,114.5,147.9,24.079,6.8,2,17.38,26.18,26.18,31.4,0.342,0.339,0.37,16.8,14.2,0,550,16.558,166.541,-0.973,0.233,-0.029,253,1.405,1,4.5,open-meteo-era5,28.084,96.508
0,same_place_other_date,glc-3269,2017-03-16,3,28.079,96.524,10,Arunachal Pradesh,1.6,1.9,18.6,132.1,468.2,720.2,227.908,1,7,0,0,27.96,142.74,0.406,0.413,0.413,23.7,14.3,0,550,16.558,166.541,-0.973,0.233,-0.029,253,2.518,1,4.4,open-meteo-era5,28.084,96.508
0,nearby_place_same_date,glc-3269,2011-03-22,3,28.24,96.394,10,Arunachal Pradesh,48.9,126.4,279.8,353.3,547.7,630,356.348,7.1,5,7.48,55.41,102.32,130.32,0.429,0.429,0.429,-0.4,-2.3,209.23,3661,40.866,16.88,0.957,0.29,-0.47,820,2.067,0,,open-meteo-era5,28.295,96.327
1,event,glc-3525,2011-05-22,5,25.067,93.409,25,Assam,35,17.4,76.9,126.7,148,236,94.94,4.5,7,12.35,93.39,115.49,240.83,0.426,0.416,0.28,24.4,20.6,0,459,5.32,243.104,-0.452,-0.892,0.482,301,3.132,4,4.7,open-meteo-era5,25.062,93.394
0,same_place_other_date,glc-3525,2007-06-14,6,25.067,93.409,25,Assam,4.5,2.5,52.9,141.7,162.5,369.1,141.901,0.9,7,17.96,19.57,65.84,269.41,0.412,0.415,0.418,28.5,22.8,0,459,5.32,243.104,-0.452,-0.892,0.482,301,2.1,1,4.3,open-meteo-era5,25.062,93.394
0,same_place_other_date,glc-3525,2012-06-13,6,25.067,93.409,25,Assam,6.7,2.7,11.3,44.1,274.9,322,118.169,0.8,6,20.21,39.18,57.76,258.04,0.403,0.405,0.402,29.3,23,0,459,5.32,243.104,-0.452,-0.892,0.482,301,2.141,3,4.7,open-meteo-era5,25.062,93.394
0,nearby_place_same_date,glc-3525,2011-05-22,5,25.188,93.186,25,Assam,57.8,10.6,73.4,112.5,138.1,234.7,65.068,10.7,7,12.35,93.39,115.49,240.83,0.49,0.497,0.442,24.2,20.4,0,820,11.216,334.058,0.899,-0.437,-0.084,321,3.302,4,4.7,open-meteo-era5,25.202,93.207
1,event,glc-3532,2011-05-24,5,25.089,92.855,10,Assam,17.3,32.5,106.4,216.2,289.6,382.6,203.77,2.8,7,15.2,50.01,141.96,276.17,0.477,0.471,0.502,27.5,22.2,0,271,14.358,343.61,0.959,-0.282,-0.037,289,3.301,4,4.4,open-meteo-era5,24.991,92.906
0,same_place_other_date,glc-3532,2017-05-08,5,25.089,92.855,10,Assam,1,4.2,5.4,14.8,205.5,576.4,138.78,2.6,4,0.01,9.39,17.89,240.3,0.486,0.479,0.435,28.6,20.5,0,271,14.358,343.61,0.959,-0.282,-0.037,289,2.385,3,4.5,open-meteo-era5,24.991,92.906
0,same_place_other_date,glc-3532,2014-06-17,6,25.089,92.855,10,Assam,7.3,11.5,20.6,104.5,126.3,192.6,86.256,2,7,17.59,87.92,176.19,261.92,0.473,0.456,0.48,29.2,25.1,0,271,14.358,343.61,0.959,-0.282,-0.037,289,2.395,8,4.6,open-meteo-era5,24.991,92.906
0,nearby_place_same_date,glc-3532,2011-05-24,5,25.112,93.205,10,Assam,4.4,10.2,50.7,117.3,146.8,216.3,109.986,1.6,7,15.2,50.01,141.96,276.17,0.452,0.463,0.426,23.1,17.7,0,1007,36.6,170.293,-0.986,0.169,-0.223,597,3.317,5,4.7,open-meteo-era5,25.132,93.204
1,event,glc-3556,2011-05-31,5,25.156,93.847,25,Manipur,93.7,54.6,167.7,195.4,369,463.7,168.723,10.2,7,15.72,45.38,50.95,265.15,0.429,0.428,0.411,21.3,18.6,0,1378,28.969,194.49,-0.968,-0.25,-0.26,663,1.415,4,4.7,open-meteo-era5,25.202,93.791
0,same_place_other_date,glc-3556,2024-06-02,6,25.156,93.847,25,Manipur,0.3,2,3.4,210.7,254.4,303.8,162.383,0.7,6,5.27,15.63,164.97,267.54,0.379,0.378,0.311,25.5,18.8,0,1378,28.969,194.49,-0.968,-0.25,-0.26,663,2.89,4,5.4,open-meteo-era5,25.202,93.791
0,same_place_other_date,glc-3556,2021-07-14,7,25.156,93.847,25,Manipur,24.7,6,41.4,94.3,169.2,346.2,97.63,5.2,7,9.07,29.63,52.29,180.85,0.395,0.392,0.399,21.9,16.8,0,1378,28.969,194.49,-0.968,-0.25,-0.26,663,2.066,3,4.6,open-meteo-era5,25.202,93.791
0,nearby_place_same_date,glc-3556,2011-05-31,5,24.81,93.784,25,Manipur,15.5,21.5,52.2,68.6,185.3,243.4,94.11,1.8,6,15.72,45.38,50.95,265.15,0.494,0.492,0.398,23.8,20.4,0,880,4.761,56.768,0.548,0.836,-0.175,151,1.628,4,4.7,open-meteo-era5,24.78,93.766
1,event,glc-3621,2011-06-17,6,26.88,88.28,5,West Bengal,37.1,4.2,50.8,69,223.8,377,101.189,4.6,7,6.37,16.77,28.53,157.85,0.416,0.416,0.413,22.7,18.1,0,1566,21.652,236.555,-0.551,-0.834,-0.029,401,3.673,1,5,open-meteo-era5,26.96,88.202
0,same_place_other_date,glc-3621,2025-05-12,5,26.88,88.28,5,West Bengal,5.5,8.2,18.9,41.6,117.5,194,69.062,2.4,7,21.25,39.29,59.09,163.36,0.374,0.352,0.297,20.6,15.3,0,1566,21.652,236.555,-0.551,-0.834,-0.029,401,2.853,3,5.5,open-meteo-era5,26.96,88.202
0,same_place_other_date,glc-3621,2013-06-19,6,26.88,88.28,5,West Bengal,30.5,32.4,80.6,102.3,181.3,533.8,140.657,4.5,5,9.66,19.44,35.96,271.51,0.428,0.427,0.416,24.2,17.8,0,1566,21.652,236.555,-0.551,-0.834,-0.029,401,1,0,,open-meteo-era5,26.96,88.202
0,nearby_place_same_date,glc-3621,2011-06-17,6,26.967,88.356,5,West Bengal,37.1,4.2,50.8,69,223.8,377,101.189,4.6,7,6.37,16.77,28.53,157.85,0.41,0.411,0.411,22.1,17.6,0,1491,18.295,120.455,-0.507,0.862,0.134,464,3.76,1,5,open-meteo-era5,26.96,88.302
1,event,glc-3617,2011-06-17,6,26.849,88.262,5,West Bengal,27.4,8.9,50.6,81.7,165.2,317.9,93.55,3.4,7,6.37,16.77,28.53,157.85,0.415,0.416,0.412,25.4,20.6,0,964,26.256,41.787,0.746,0.666,-0.583,345,3.633,1,5,open-meteo-era5,26.889,88.304
0,same_place_other_date,glc-3617,2023-05-13,5,26.849,88.262,5,West Bengal,0.1,0,0.1,4,69.6,101.6,28.175,0.1,1,0.24,0.32,16.18,89.11,0.29,0.315,0.332,29,19.9,0,964,26.256,41.787,0.746,0.666,-0.583,345,1,1,4.3,open-meteo-era5,26.889,88.304
0,same_place_other_date,glc-3617,2018-05-21,5,26.849,88.262,5,West Bengal,0.9,5.7,34.1,49.6,158.4,322.4,110.391,1.3,5,0.53,3.99,18.01,136.89,0.417,0.419,0.417,24.8,19.4,0,964,26.256,41.787,0.746,0.666,-0.583,345,1.572,2,4.4,open-meteo-era5,26.889,88.304
0,nearby_place_same_date,glc-3617,2011-06-17,6,26.719,87.901,5,West Bengal,22.5,9.8,42.5,59.7,113.7,227.1,65.021,2.9,7,7.61,19.66,33,200.23,0.393,0.371,0.286,29,24.3,0,230,1.535,,0,0,0.162,64,3.474,1,5,open-meteo-era5,26.749,87.909
1,event,glc-3632,2011-06-20,6,27.064,88.466,5,West Bengal,6.3,31.7,63,109,138.8,245.2,115.919,3,7,3.47,18.74,40.27,140.33,0.421,0.424,0.329,24.5,19.5,0,1170,13.416,305.811,0.585,-0.811,0.201,327,3.803,1,5,open-meteo-era5,27.1,88.498
0,same_place_other_date,glc-3632,2011-05-18,5,27.064,88.466,5,West Bengal,2,2.8,9.1,21.7,46.7,89.3,31.589,1.7,7,6.25,8.28,18.7,84.25,0.348,0.289,0.266,25.8,18.6,0,1170,13.416,305.811,0.585,-0.811,0.201,327,1,1,4,open-meteo-era5,27.1,88.498
0,same_place_other_date,glc-3632,2010-07-29,7,27.064,88.466,5,West Bengal,27,7.9,54.9,138.2,321,1058.5,260.392,3.4,7,22.55,36.85,78.13,514.54,0.4,0.397,0.418,23.7,20,0,1170,13.416,305.811,0.585,-0.811,0.201,327,1.266,2,4.6,open-meteo-era5,27.1,88.498
0,nearby_place_same_date,glc-3632,2011-06-20,6,27.137,88.124,5,West Bengal,11.7,23.2,59.4,147.1,224.5,407.2,163.666,2.1,7,3.98,17.21,36.07,136.87,0.427,0.427,0.429,22.5,17,0,1935,24.762,196.51,-0.959,-0.284,-0.058,582,4.178,1,5,open-meteo-era5,27.1,88.098
1,event,glc-3633,2011-06-20,6,26.319,94.512,5,Nagaland,11.8,6.6,57.6,133.4,303.9,569.4,190.738,3.8,7,3.79,13.89,32.67,285.78,0.478,0.465,0.462,25.2,19.3,0,1256,13.71,196.809,-0.957,-0.289,-0.151,314,1.36,4,4.3,open-meteo-era5,26.257,94.544
0,same_place_other_date,glc-3633,2025-07-24,7,26.319,94.512,5,Nagaland,1.7,2.6,5.8,18.7,62.6,195.9,48.191,0.9,7,14.82,15.37,56.7,280.57,0.46,0.463,0.409,27.5,20.1,0,1256,13.71,196.809,-0.957,-0.289,-0.151,314,1.953,4,4.4,open-meteo-era5,26.257,94.544
0,same_place_other_date,glc-3633,2014-06-02,6,26.319,94.512,5,Nagaland,0.8,3.4,8.8,31.6,70.4,158.3,48.503,1.7,6,1.77,1.96,52.26,343.53,0.482,0.47,0.411,26,18.6,0,1256,13.71,196.809,-0.957,-0.289,-0.151,314,2.882,3,4.6,open-meteo-era5,26.257,94.544
0,nearby_place_same_date,glc-3633,2011-06-20,6,26.499,94.563,5,Nagaland,5.3,3,22.4,102.2,274.2,614.3,177.752,3.3,7,3.79,13.89,32.67,285.78,0.48,0.468,0.484,29.6,25,0,454,26.602,251.124,-0.324,-0.946,0.104,300,1.224,4,4.3,open-meteo-era5,26.538,94.565
1,event,glc-3637,2011-06-21,6,25.516,94.234,1,Nagaland,16.1,20.8,51.8,115.6,419.2,648,225.884,8.8,7,8.32,18.31,51.05,212.23,0.484,0.5,0.503,26.6,17.8,0,1649,19.131,271.796,0.031,-1,-0.121,405,2.107,4,4.3,open-meteo-era5,25.483,94.197
0,same_place_other_date,glc-3637,2017-06-13,6,25.516,94.234,1,Nagaland,37.4,14.9,76.7,84.4,292.9,383.8,116.523,7.9,7,7.05,27.64,53.27,241.97,0.502,0.488,0.439,20,17.7,0,1649,19.131,271.796,0.031,-1,-0.121,405,2.501,3,4.6,open-meteo-era5,25.483,94.197
0,same_place_other_date,glc-3637,2012-05-31,5,25.516,94.234,1,Nagaland,15.1,23.6,70.4,104.1,141.2,211.4,98.975,5,6,7.47,23.96,24.5,92.5,0.485,0.501,0.485,20.3,17.7,0,1649,19.131,271.796,0.031,-1,-0.121,405,3.393,4,5.4,open-meteo-era5,25.483,94.197
0,nearby_place_same_date,glc-3637,2011-06-21,6,25.443,94.176,1,Nagaland,16.1,20.8,51.8,115.6,419.2,648,225.884,8.8,7,8.32,18.31,51.05,212.23,0.463,0.476,0.509,28.7,19.9,0,1250,5.122,152.745,-0.889,0.458,-0.196,218,2.172,4,4.3,open-meteo-era5,25.413,94.193
1,event,glc-3643,2011-06-23,6,27.288,88.258,5,,19.6,17.2,48.5,160.6,272.4,569.8,179.231,1.8,7,19.64,35.42,52.2,106.42,0.426,0.428,0.415,22.1,17.8,0,1506,16.906,153.642,-0.896,0.444,0.559,546,4.328,1,5,open-meteo-era5,27.311,88.292
0,same_place_other_date,glc-3643,2022-06-10,6,27.288,88.258,5,,15.1,19.2,45.3,49,68.3,236.2,59.614,2.9,5,15.66,58.64,87.97,240.65,0.416,0.397,0.376,21.3,16.4,0,1506,16.906,153.642,-0.896,0.444,0.559,546,1.029,1,4.2,open-meteo-era5,27.311,88.292
0,same_place_other_date,glc-3643,2021-07-09,7,27.288,88.258,5,,8.3,98.4,164.4,216.7,511.1,817.5,343.002,15.7,7,6.68,57.37,99.87,365.48,0.435,0.436,0.428,24.1,16.7,0,1506,16.906,153.642,-0.896,0.444,0.559,546,2.526,3,5.3,open-meteo-era5,27.311,88.292
0,nearby_place_same_date,glc-3643,2011-06-23,6,27.452,88.013,5,,4.7,11.2,40,122.8,217.7,328.3,139.774,2.1,7,19.64,35.42,52.2,106.42,0.426,0.427,0.428,16.9,11.3,2.59,3264,31.166,290.202,0.345,-0.938,-0.203,841,4.664,1,5,open-meteo-era5,27.452,87.987
1,event,glc-3662,2011-06-28,6,25.036,94.014,25,Manipur,8.6,8.2,24,45.3,155.2,372,92.061,4,6,12.9,73.66,106.5,275.16,0.497,0.485,0.505,25.9,20.3,0,877,6.279,76.724,0.23,0.973,0.927,192,2.539,6,4.7,open-meteo-era5,24.991,94.069
0,same_place_other_date,glc-3662,2019-05-17,5,25.036,94.014,25,Manipur,3.9,0.7,4.9,7.3,19.4,29.1,7.941,0.5,2,2.19,13.06,43.64,131.14,0.273,0.267,0.275,28.6,18.3,0,877,6.279,76.724,0.23,0.973,0.927,192,2.824,5,5.2,open-meteo-era5,24.991,94.069
0,same_place_other_date,glc-3662,2018-06-20,6,25.036,94.014,25,Manipur,0.2,1,2.1,27.9,233.8,270.7,117.963,0.4,5,2.92,6.74,48.88,266.12,0.456,0.455,0.497,30.2,19.6,0,877,6.279,76.724,0.23,0.973,0.927,192,2.908,9,4.9,open-meteo-era5,24.991,94.069
0,nearby_place_same_date,glc-3662,2011-06-28,6,24.693,93.916,25,Manipur,10.2,9.1,25.8,38.6,160.7,342.4,89.935,4.1,6,12.58,71.2,104.69,276.13,0.451,0.443,0.43,26,21.3,0,773,0.138,,0,0,-0.037,11,2.684,6,4.7,open-meteo-era5,24.71,93.955
1,event,glc-3683,2011-07-01,7,25.878,94.174,10,Nagaland,10,26.6,61.7,131.5,236,391.1,162.077,5.4,7,19.89,41.75,91.78,246.03,0.477,0.478,0.496,23.8,18.8,0,1350,11.883,355.045,0.996,-0.086,-0.094,354,1.645,1,4.7,open-meteo-era5,25.905,94.225
0,same_place_other_date,glc-3683,2025-06-08,6,25.878,94.174,10,Nagaland,0.8,3.5,6.7,29.7,270.9,345.3,132.286,0.9,6,13.08,17.44,73.69,320.83,0.461,0.473,0.496,25.6,16.9,0,1350,11.883,355.045,0.996,-0.086,-0.094,354,2.842,4,5.1,open-meteo-era5,25.905,94.225
0,same_place_other_date,glc-3683,2007-05-25,5,25.878,94.174,10,Nagaland,1.7,2.4,6.2,59.4,185.2,257.7,95.513,1,7,10.66,37.6,56.71,119.78,0.497,0.496,0.503,25.3,16.9,0,1350,11.883,355.045,0.996,-0.086,-0.094,354,2.114,2,4.3,open-meteo-era5,25.905,94.225
0,nearby_place_same_date,glc-3683,2011-07-01,7,25.658,94.135,10,Nagaland,15,32.8,66.3,169.4,273.4,503.6,193.113,6.8,7,12.69,32.55,95.87,242.59,0.498,0.501,0.459,27.1,21.1,0,1159,15.857,355.115,0.996,-0.085,0.056,185,1.789,1,4.7,open-meteo-era5,25.694,94.211
1,event,glc-3741,2011-07-07,7,25.419,94.108,5,Nagaland,6.8,7.7,28.5,81.2,270.8,670.8,177.7,3.8,7,2.6,11.26,55.45,247.4,0.487,0.497,0.483,23.7,18.2,0,1389,9.996,76.535,0.233,0.973,-0.047,239,1.96,2,4.7,open-meteo-era5,25.413,94.095
0,same_place_other_date,glc-3741,2008-06-01,6,25.419,94.108,5,Nagaland,11.6,43.1,66.7,131.8,284.5,618.6,205.58,7.6,7,13.58,23.1,38.9,134.68,0.463,0.495,0.499,24.5,16.8,0,1389,9.996,76.535,0.233,0.973,-0.047,239,1.521,5,4.5,open-meteo-era5,25.413,94.095
0,same_place_other_date,glc-3741,2009-08-16,8,25.419,94.108,5,Nagaland,6.4,82.4,110.1,159.7,296.6,623.4,229.481,13,7,2.84,63.62,104.02,226.78,0.484,0.496,0.494,22.9,18.5,0,1389,9.996,76.535,0.233,0.973,-0.047,239,3.43,1,5.5,open-meteo-era5,25.413,94.095
0,nearby_place_same_date,glc-3741,2011-07-07,7,25.502,94.32,5,Nagaland,4.9,12.9,27.9,59.5,221.3,629.7,150.346,7.4,7,2.6,11.26,55.45,247.4,0.477,0.49,0.484,23.5,17.3,0,1538,22.288,66.003,0.407,0.914,0.924,439,1.902,2,4.7,open-meteo-era5,25.483,94.295
1,event,glc-3760,2011-07-11,7,25.67,94.11,25,Nagaland,12.8,3.7,19.3,46.6,236.6,501.7,122.06,3.4,7,0.1,1.79,14.8,230.9,0.475,0.482,0.493,25,18.1,0,1445,16.197,88.091,0.033,0.999,0.29,157,1.779,1,4.7,open-meteo-era5,25.694,94.113
0,same_place_other_date,glc-3760,2025-07-30,7,25.67,94.11,25,Nagaland,23.5,22.4,73.5,197.7,263,552.3,198.411,9,7,2.9,31.04,79.93,251.39,0.499,0.502,0.515,25.4,19.4,0,1445,16.197,88.091,0.033,0.999,0.29,157,1.893,6,4.6,open-meteo-era5,25.694,94.113
0,same_place_other_date,glc-3760,2012-08-18,8,25.67,94.11,25,Nagaland,8.3,11.4,31.9,76.5,228.4,496.2,145.477,2.3,7,0.07,0.71,4.55,174.82,0.478,0.473,0.491,26.2,18.6,0,1445,16.197,88.091,0.033,0.999,0.29,157,2.811,6,5.1,open-meteo-era5,25.694,94.113
0,nearby_place_same_date,glc-3760,2011-07-11,7,25.686,94.396,25,Nagaland,5.6,2.1,8.6,39.1,195.1,340,89.049,3.4,6,0.1,1.79,14.8,230.9,0.485,0.484,0.468,25,17.4,0,1550,26.067,139.614,-0.762,0.648,0.656,425,1.77,2,4.7,open-meteo-era5,25.694,94.407
1,event,glc-3776,2011-07-15,7,27.125,93.715,5,Arunachal Pradesh,40.2,44.1,94.3,121.2,183.7,427.8,125.862,5.6,7,22.61,108.87,132.86,416.47,0.427,0.427,0.375,25.9,24.2,0,130,1.294,,0,0,-0.096,55,1.151,0,,open-meteo-era5,27.1,93.704
0,same_place_other_date,glc-3776,2015-06-16,6,27.125,93.715,5,Arunachal Pradesh,3.9,8.6,22.9,116.3,445.5,811.6,267.407,1.2,7,20.26,51.15,120.63,644.16,0.426,0.425,0.407,26,23.9,0,130,1.294,,0,0,-0.096,55,1.026,1,4.3,open-meteo-era5,27.1,93.704
0,same_place_other_date,glc-3776,2013-08-10,8,27.125,93.715,5,Arunachal Pradesh,7.6,10.4,36.2,120,208.6,365.6,138.15,1.6,7,10.5,41.09,125.91,425.21,0.421,0.424,0.436,30.3,24.5,0,130,1.294,,0,0,-0.096,55,1.461,0,,open-meteo-era5,27.1,93.704
0,nearby_place_same_date,glc-3776,2011-07-15,7,26.958,94.051,5,Arunachal Pradesh,43.3,19.8,83.8,95.8,173.9,395.6,103.979,5.4,7,22.61,108.87,132.86,416.47,0.483,0.494,0.477,26.5,24.1,0,80,0.496,,0,0,0.019,8,1.133,1,4.4,open-meteo-era5,26.96,94.095
1,event,glc-3789,2011-07-16,7,27.274,92.906,10,Arunachal Pradesh,12.4,70.8,126,185,327.7,605.4,243.623,9.5,7,2.2,79.4,131.24,399.8,0.426,0.426,0.427,23.8,21.5,0,640,12.335,226.818,-0.684,-0.729,-0.732,557,1.114,0,,open-meteo-era5,27.311,92.913
0,same_place_other_date,glc-3789,2025-08-29,8,27.274,92.906,10,Arunachal Pradesh,86.1,26.3,113.5,133.8,198.5,445.7,100.124,9.3,6,21.91,58.07,71.33,424.47,0.402,0.389,0.397,24.6,21.9,0,640,12.335,226.818,-0.684,-0.729,-0.732,557,2.265,2,4.5,open-meteo-era5,27.311,92.913
0,same_place_other_date,glc-3789,2014-07-26,7,27.274,92.906,10,Arunachal Pradesh,8.9,14.6,60.3,174.7,311.2,556.2,208.457,4.2,7,1.97,17.42,95.59,377.74,0.425,0.425,0.424,28.6,22,0,640,12.335,226.818,-0.684,-0.729,-0.732,557,1,1,4.3,open-meteo-era5,27.311,92.913
0,nearby_place_same_date,glc-3789,2011-07-16,7,27.021,92.931,10,Arunachal Pradesh,25.7,57.1,106.4,129.3,237.1,490.2,171.119,8.4,7,5.62,70.88,109.45,386.7,0.423,0.428,0.436,25.4,22.7,0,246,7.023,229.028,-0.656,-0.755,-0.403,300,1.058,0,,open-meteo-era5,27.03,92.9
1,event,glc-3794,2011-07-17,7,26.992,88.423,5,Sikkim,19.8,105.6,166.8,252.7,485.3,1036.3,370.008,12.8,7,6.33,24.99,77.76,467.22,0.427,0.427,0.422,27.8,22.9,0,275,26.392,168.191,-0.979,0.205,-0.316,444,1,0,,open-meteo-era5,26.889,88.503
0,same_place_other_date,glc-3794,2019-06-21,6,26.992,88.423,5,Sikkim,21.2,23.7,54.3,168.9,308.6,415.8,164.009,5.7,7,3.98,12.72,57.84,182.29,0.416,0.413,0.421,30.2,23.6,0,275,26.392,168.191,-0.979,0.205,-0.316,444,1.714,2,4.6,open-meteo-era5,26.889,88.503
0,same_place_other_date,glc-3794,2025-08-16,8,26.992,88.423,5,Sikkim,0.1,0.8,1.3,188.2,371.5,614.9,233.172,0.5,4,6.11,12.09,110.37,462.14,0.387,0.403,0.399,32.2,23.2,0,275,26.392,168.191,-0.979,0.205,-0.316,444,1,0,,open-meteo-era5,26.889,88.503
0,nearby_place_same_date,glc-3794,2011-07-17,7,27.062,88.632,5,Sikkim,21.5,99.1,166.1,278.4,467.8,1133.8,383.788,11.8,7,4.67,26.07,77.64,451.29,0.426,0.433,0.43,19.6,16.1,0,1678,15.588,159.179,-0.935,0.355,0.259,468,1,0,,open-meteo-era5,27.1,88.699
1,event,glc-3806,2011-07-19,7,27.103,93.688,10,Arunachal Pradesh,21.8,38.9,71.5,191.7,228.4,460,177.926,4.1,7,58.61,136.8,253.15,532.64,0.432,0.427,0.432,26.9,24.2,0,148,1.324,,0,0,0.048,75,1.144,0,,open-meteo-era5,27.1,93.704
0,same_place_other_date,glc-3806,2016-07-19,7,27.103,93.688,10,Arunachal Pradesh,15.3,6.8,26,89.3,158.1,296.9,104.234,2.5,7,6.82,18.49,134.75,448.29,0.41,0.4,0.43,27.1,24.5,0,148,1.324,,0,0,0.048,75,1.284,2,4.7,open-meteo-era5,27.1,93.704
0,same_place_other_date,glc-3806,2023-08-27,8,27.103,93.688,10,Arunachal Pradesh,27,42.4,87.2,148,216.5,390.4,144.828,5.8,7,37.81,72.54,152.56,408.74,0.432,0.436,0.422,29.3,24.1,0,148,1.324,,0,0,0.048,75,2.879,2,5.3,open-meteo-era5,27.1,93.704
0,nearby_place_same_date,glc-3806,2011-07-19,7,27.218,93.744,10,Arunachal Pradesh,20.9,32.8,59.6,184.7,244.6,428.6,170.898,3.3,7,58.61,136.8,253.15,532.64,0.49,0.502,0.492,25.1,22.4,0,508,8.347,99.62,-0.167,0.986,-0.789,403,1.177,0,,open-meteo-era5,27.17,93.708
1,event,glc-3805,2011-07-19,7,27.054,88.426,1,Sikkim,140.2,7.4,167.4,377.5,518.2,1127.2,322.638,12.5,7,36.35,54.71,109.87,502.37,0.408,0.416,0.404,27.1,25.6,0,239,21.73,79.38,0.184,0.983,-0.125,324,1,0,,open-meteo-era5,26.96,88.502
0,same_place_other_date,glc-3805,2007-06-12,6,27.054,88.426,1,Sikkim,4.8,4.7,110.9,123.4,133.1,188.8,114.891,1.6,6,1.94,9.49,42.11,111.3,0.412,0.415,0.345,30,25.1,0,239,21.73,79.38,0.184,0.983,-0.125,324,4.439,3,4.9,open-meteo-era5,26.96,88.502
0,same_place_other_date,glc-3805,2026-08-18,8,27.054,88.426,1,Sikkim,17.4,14.7,33.6,60.1,139,410.6,99.309,3,6,15.86,30.21,47.73,346.67,0.397,0.392,0.39,29.5,25,0,239,21.73,79.38,0.184,0.983,-0.125,324,1,0,,open-meteo-era5,26.96,88.502
0,nearby_place_same_date,glc-3805,2011-07-19,7,26.768,88.447,1,Sikkim,193.1,13,233.2,414.5,545.4,1203.7,317.336,16.1,7,36.03,52.96,110.96,484.31,0.413,0.417,0.407,26.3,25,0,146,0.221,,0,0,0.095,26,1,0,,open-meteo-era5,26.749,88.407
1,event,glc-3813,2011-07-20,7,27.114,88.466,25,West Bengal,45.9,140.2,193.5,395.8,544.7,1166.8,429.23,12.5,7,13.06,61.35,107.98,493.9,0.434,0.433,0.423,28.8,25.6,0,268,19.142,174.33,-0.995,0.099,-0.442,312,1,0,,open-meteo-era5,27.1,88.498
0,same_place_other_date,glc-3813,2014-08-01,8,27.114,88.466,25,West Bengal,3.9,0.9,9.5,17.3,108.5,338.3,80.028,1.7,5,0.48,7.59,40.76,221.8,0.372,0.376,0.378,31.5,26.2,0,268,19.142,174.33,-0.995,0.099,-0.442,312,1.599,3,4.3,open-meteo-era5,27.1,88.498
0,same_place_other_date,glc-3813,2018-07-01,7,27.114,88.466,25,West Bengal,87.1,34.4,126.8,308,626.8,839.9,315.116,14.8,7,51.27,82.06,113.88,402.93,0.416,0.417,0.398,30.2,25.7,0,268,19.142,174.33,-0.995,0.099,-0.442,312,3.369,3,4.4,open-meteo-era5,27.1,88.498
0,nearby_place_same_date,glc-3813,2011-07-20,7,26.913,88.264,25,West Bengal,45.1,83,146.7,432.7,550.9,1125,425.116,6.7,7,12.47,60.85,104.82,510.86,0.429,0.429,0.427,22.2,18.6,0,1391,8.056,160.313,-0.942,0.337,0.918,382,1,0,,open-meteo-era5,26.96,88.302
1,event,glc-3830,2011-07-22,7,24.353,94.343,10,Manipur,25.7,14.5,73.6,172.5,243.3,414.4,170.833,4.8,7,5.5,39.36,128.4,348.17,0.447,0.451,0.439,28.5,23.9,0,283,13.083,70.445,0.335,0.942,-0.027,220,2.948,4,4.7,open-meteo-era5,24.359,94.318
0,same_place_other_date,glc-3830,2025-08-09,8,24.353,94.343,10,Manipur,0.3,21.2,47.9,78.6,181.7,339.1,125.354,6.8,4,0.36,15.62,32.88,185.88,0.501,0.505,0.434,32.1,23.2,0,283,13.083,70.445,0.335,0.942,-0.027,220,2.365,10,5.1,open-meteo-era5,24.359,94.318
0,same_place_other_date,glc-3830,2012-07-12,7,24.353,94.343,10,Manipur,1.4,1.4,6.5,60.1,125.6,371.2,98.114,0.7,7,10.07,13.21,26.74,160.17,0.423,0.435,0.457,32.5,24.8,0,283,13.083,70.445,0.335,0.942,-0.027,220,3.747,3,5.6,open-meteo-era5,24.359,94.318
0,nearby_place_same_date,glc-3830,2011-07-22,7,24.492,94.371,10,Manipur,24.9,13.5,71.2,188.3,273.2,462,189.812,7.1,7,5.5,39.36,128.4,348.17,0.427,0.427,0.425,28.1,23,0,348,14.647,99.765,-0.17,0.986,0.147,187,2.802,3,4.7,open-meteo-era5,24.499,94.423
1,event,glc-3860,2011-07-29,7,25.419,94.108,10,Nagaland,14,14.8,31.8,98.8,321.7,524,173.746,5.7,7,4.21,9.26,33.41,300.12,0.489,0.493,0.481,26,18.6,0,1389,9.996,76.535,0.233,0.973,-0.047,239,1,1,4,open-meteo-era5,25.413,94.095
0,same_place_other_date,glc-3860,2017-08-15,8,25.419,94.108,10,Nagaland,9.8,12.8,30.1,103.1,159.9,302.4,110.466,7.1,7,4.67,13.49,40.58,292.92,0.497,0.494,0.504,23.3,18.5,0,1389,9.996,76.535,0.233,0.973,-0.047,239,3.117,5,5.1,open-meteo-era5,25.413,94.095
0,same_place_other_date,glc-3860,2024-06-30,6,25.419,94.108,10,Nagaland,40.7,26.2,128.7,158.4,241.6,287.6,141.241,8.7,7,19.39,57.1,158.25,286.07,0.505,0.512,0.511,24.4,19.5,0,1389,9.996,76.535,0.233,0.973,-0.047,239,2.487,4,4.8,open-meteo-era5,25.413,94.095
0,nearby_place_same_date,glc-3860,2011-07-29,7,25.302,94.131,10,Nagaland,7,8.3,21,57,198,299.3,101.11,2.7,7,4.21,9.26,33.41,300.12,0.48,0.492,0.474,26.4,19.2,0,1304,14.412,240.789,-0.488,-0.873,-0.168,243,1,1,4,open-meteo-era5,25.272,94.086
1,event,glc-3881,2011-08-05,8,27.103,93.689,5,Arunachal Pradesh,19.8,23.8,59.5,64.9,130.4,366.7,97.259,2.8,5,21.34,48.21,57.1,521.8,0.415,0.403,0.358,27.5,24.8,0,148,1.324,,0,0,0.048,75,1,1,4.2,open-meteo-era5,27.1,93.704
0,same_place_other_date,glc-3881,2015-08-24,8,27.103,93.689,5,Arunachal Pradesh,18,51.2,76,158.6,221.2,290.1,144.699,4.9,7,18.15,32.49,111.2,276.89,0.433,0.434,0.435,29.4,24.6,0,148,1.324,,0,0,0.048,75,1.331,2,4.5,open-meteo-era5,27.1,93.704
0,same_place_other_date,glc-3881,2025-06-26,6,27.103,93.689,5,Arunachal Pradesh,0.1,2.9,36.6,112.7,153.8,454.1,129.486,0.9,6,1.02,33.64,105.23,466.3,0.406,0.421,0.409,33,25.3,0,148,1.324,,0,0,0.048,75,1.98,1,5.1,open-meteo-era5,27.1,93.704
0,nearby_place_same_date,glc-3881,2011-08-05,8,27.337,93.547,5,Arunachal Pradesh,32.4,18.4,61.6,116.6,236.8,541,150.648,2.7,7,15.94,50.37,65.22,612.53,0.439,0.439,0.44,21.6,19.4,0,1623,13.138,331.414,0.878,-0.478,-0.472,361,1,0,,open-meteo-era5,27.311,93.516
1,event,glc-3916,2011-08-13,8,25.771,93.807,10,Assam,26.6,22.7,70.6,193.9,350.5,620,219.897,5.5,7,9.88,16.2,56.43,318.92,0.471,0.483,0.463,26.6,23.9,0,238,1.181,,0,0,-0.216,153,1.19,2,4.2,open-meteo-era5,25.764,93.824
0,same_place_other_date,glc-3916,2013-07-21,7,25.771,93.807,10,Assam,10.3,9.1,22.4,96.7,147.5,451.3,114.941,2.8,6,16.56,53.34,80.27,355.95,0.498,0.475,0.482,29.5,24.8,0,238,1.181,,0,0,-0.216,153,2.793,2,4.3,open-meteo-era5,25.764,93.824
0,same_place_other_date,glc-3916,2010-09-07,9,25.771,93.807,10,Assam,7.4,3.6,12.8,51.2,138.5,268.4,82.52,4.1,7,4.34,21.27,49.92,230.73,0.485,0.485,0.492,29.3,24,0,238,1.181,,0,0,-0.216,153,2.073,1,4.7,open-meteo-era5,25.764,93.824
0,nearby_place_same_date,glc-3916,2011-08-13,8,25.767,94.001,10,Assam,33.8,26.5,90.9,245.8,445.1,776.8,279.094,7.3,7,9.88,16.2,56.43,318.92,0.471,0.487,0.491,23.2,20.1,0,1050,11.728,256.855,-0.227,-0.974,-0.009,247,1.284,2,4.2,open-meteo-era5,25.764,94.02
1,event,glc-3932,2011-08-18,8,25.83,94.13,0.5,Nagaland,3.8,4.2,23.7,74.6,343.8,545.2,173.802,1,7,4.67,37.16,91.83,306.79,0.48,0.476,0.478,24.1,18.7,0,1018,7.818,4.554,0.997,0.079,-0.31,196,1.311,2,4.2,open-meteo-era5,25.835,94.122
0,same_place_other_date,glc-3932,2022-09-05,9,25.83,94.13,0.5,Nagaland,2.6,7.2,12.5,22.1,62.5,88.2,34.297,3.2,6,3.69,11.94,46.31,141.23,0.48,0.452,0.419,24.8,19.4,0,1018,7.818,4.554,0.997,0.079,-0.31,196,2.092,2,5,open-meteo-era5,25.835,94.122
0,same_place_other_date,glc-3932,2013-08-23,8,25.83,94.13,0.5,Nagaland,12.8,9.4,34.4,51.6,152.4,362.4,98.694,4.2,7,5.91,19.56,33.87,279.61,0.491,0.497,0.478,26.7,20.8,0,1018,7.818,4.554,0.997,0.079,-0.31,196,2.162,5,5,open-meteo-era5,25.835,94.122
0,nearby_place_same_date,glc-3932,2011-08-18,8,25.893,94.383,0.5,Nagaland,10.5,1.5,22.3,57.6,248.2,384.7,116.494,1.8,6,4.67,37.16,91.83,306.79,0.489,0.485,0.49,24.3,19.4,0,1019,17.69,114.228,-0.41,0.912,-0.038,248,1.375,2,4.2,open-meteo-era5,25.905,94.421
1,event,glc-3943,2011-08-23,8,27.139,88.226,10,,32.8,31.7,72.3,437.8,571.2,802.7,343.621,8,7,18.66,46.72,104.73,499.37,0.429,0.428,0.396,23.7,21.1,0,883,27.625,276.992,0.122,-0.993,0.192,535,1,1,4,open-meteo-era5,27.17,88.296
0,same_place_other_date,glc-3943,2017-09-28,9,27.139,88.226,10,,12.1,14.8,35.8,103.5,222.6,919,212.669,3.9,7,2.78,3.84,33.76,230.72,0.409,0.413,0.397,27.2,22.1,0,883,27.625,276.992,0.122,-0.993,0.192,535,1,1,4.1,open-meteo-era5,27.17,88.296
0,same_place_other_date,glc-3943,2023-09-03,9,27.139,88.226,10,,0.2,1,1.5,60.9,634.9,972.1,303.154,0.4,5,10.53,14.64,39.2,511.19,0.368,0.384,0.373,30.2,20.5,0,883,27.625,276.992,0.122,-0.993,0.192,535,1.599,1,4.3,open-meteo-era5,27.17,88.296
0,nearby_place_same_date,glc-3943,2011-08-23,8,27.253,88.315,10,,21.4,23.4,62.9,409.8,575,954.1,363.793,4.4,6,15.81,32.19,66.97,305.4,0.429,0.428,0.396,23.9,21.4,0,782,26.039,220.929,-0.756,-0.655,0.395,478,1,1,4,open-meteo-era5,27.241,88.294
1,event,glc-3944,2011-08-25,8,27.734,88.633,10,,8.7,9.2,27.1,49.4,237,477.2,140.578,2.3,7,4.66,42.6,65.15,300.86,0.424,0.424,0.427,11,6.1,1.19,3497,23.031,136.174,-0.721,0.692,0.068,605,1,1,4,open-meteo-era5,27.663,88.687
0,same_place_other_date,glc-3944,2011-07-17,7,27.734,88.633,10,,11.1,32.5,65.8,135.9,249.6,421.8,171.819,3.1,7,1.92,17.62,57.18,271.88,0.428,0.428,0.427,9.6,7.3,7.35,3497,23.031,136.174,-0.721,0.692,0.068,605,1,0,,open-meteo-era5,27.663,88.687
0,same_place_other_date,glc-3944,2008-09-09,9,27.734,88.633,10,,2.1,2.5,5.2,24,143,372.7,82.247,0.5,6,0.62,0.95,10.1,163.01,0.424,0.427,0.42,8.8,6.4,0.7,3497,23.031,136.174,-0.721,0.692,0.068,605,3.306,0,,open-meteo-era5,27.663,88.687
0,nearby_place_same_date,glc-3944,2011-08-25,8,27.59,88.942,10,,9.1,7.2,38.8,85.7,337.7,662.7,206.495,2.6,7,4.66,42.6,65.15,300.86,0.424,0.425,0.427,11.8,1.4,0,4490,34.628,150.787,-0.873,0.488,0.097,468,1,1,4,open-meteo-era5,27.663,88.99
1,event,glc-3965,2011-09-06,9,24.808,93.117,1,Assam,8.9,20.2,45.4,68.2,173,551.1,140.942,3.2,7,22.29,30.58,45.24,305.33,0.421,0.417,0.368,27.8,23.7,0,42,1.889,,0,0,0.037,20,1.188,2,4.4,open-meteo-era5,24.78,93.09
0,same_place_other_date,glc-3965,2023-10-10,10,24.808,93.117,1,Assam,0.2,1.2,24.7,57.1,133.2,379.9,104.344,0.5,5,1.16,14.67,82.9,204.31,0.394,0.407,0.407,32.3,23,0,42,1.889,,0,0,0.037,20,2.351,4,5,open-meteo-era5,24.78,93.09
0,same_place_other_date,glc-3965,2008-08-20,8,24.808,93.117,1,Assam,7.2,21.7,57.5,135.4,245.1,437.7,176.7,4.7,7,3.69,52.22,121.13,326.01,0.42,0.417,0.433,31.3,23,0,42,1.889,,0,0,0.037,20,2.554,4,5.2,open-meteo-era5,24.78,93.09
0,nearby_place_same_date,glc-3965,2011-09-06,9,24.856,92.966,1,Assam,8.9,20.2,45.4,68.2,173,551.1,140.942,3.2,7,22.29,30.58,45.24,305.33,0.427,0.414,0.362,28.9,25,0,31,2.461,26.565,0.894,0.447,0.074,17,1.122,2,4.4,open-meteo-era5,24.851,92.997
1,event,glc-3986,2011-09-25,9,27.061,88.255,1,West Bengal,61.8,26.7,98.2,140.4,259.1,387.6,130.432,9,7,13.16,31.52,59.16,243.66,0.428,0.427,0.428,18.9,14.6,0,1975,29.862,69.401,0.352,0.936,-0.24,438,6.506,3,6.9,open-meteo-era5,27.03,88.2
0,same_place_other_date,glc-3986,2011-10-31,10,27.061,88.255,1,West Bengal,11.9,10.8,28,61.1,125.2,283.9,88.68,1.8,7,0,0,1.22,17.66,0.403,0.402,0.407,13.8,7,0,1975,29.862,69.401,0.352,0.936,-0.24,438,1.076,1,4.5,open-meteo-era5,27.03,88.2
0,same_place_other_date,glc-3986,2025-10-09,10,27.061,88.255,1,West Bengal,0.7,1.4,2.6,128,164,427.1,134.159,0.5,4,1.18,4.99,104.88,341.32,0.379,0.389,0.393,19.7,12.5,0,1975,29.862,69.401,0.352,0.936,-0.24,438,2.161,3,5,open-meteo-era5,27.03,88.2
0,nearby_place_same_date,glc-3986,2011-09-25,9,27.074,88.346,1,West Bengal,68.3,34.5,117,157.7,281.6,358,143.74,9.3,7,13.16,31.52,59.16,243.66,0.428,0.429,0.426,22.7,18.7,0,1149,33.292,18.367,0.949,0.315,0.125,728,6.503,3,6.9,open-meteo-era5,27.1,88.298
1,event,glc-6782,2011-09-28,9,26.855,88.337,0.5,West Bengal,1.1,54.1,78.6,195.7,417.2,556.7,259.684,10.8,7,0.81,43.97,77.12,287.18,0.425,0.427,0.427,26,19.5,0,795,23.818,160.261,-0.941,0.338,0.516,432,6.193,3,6.9,open-meteo-era5,26.889,88.304
0,same_place_other_date,glc-6782,2011-08-27,8,26.855,88.337,0.5,West Bengal,0.6,1,20.8,97.4,373.2,708.2,207.698,0.3,6,0.33,15.02,114.51,449.67,0.405,0.41,0.423,27.8,20.8,0,795,23.818,160.261,-0.941,0.338,0.516,432,1,1,4,open-meteo-era5,26.889,88.304
0,same_place_other_date,glc-6782,2012-09-27,9,26.855,88.337,0.5,West Bengal,0.3,0.3,3,25.6,522,677.4,196.512,0.3,5,0.01,0.35,20.18,272.64,0.395,0.402,0.407,27.7,20.3,0,795,23.818,160.261,-0.941,0.338,0.516,432,3.356,1,4.6,open-meteo-era5,26.889,88.304
0,nearby_place_same_date,glc-6782,2011-09-28,9,26.69,88.389,0.5,West Bengal,0.3,35.4,59.5,153.8,349.5,430.5,208.122,5,6,1.07,61.26,100.21,344.14,0.417,0.426,0.427,29.4,22,0,118,0.699,,0,0,-0.019,13,5.973,4,6.9,open-meteo-era5,26.678,88.409
1,event,glc-3997,2011-09-30,9,27.516,88.558,10,,0.4,4.7,6.6,66.4,196.7,393.8,114.692,0.8,6,0.02,0.22,42.89,169.03,0.414,0.411,0.414,24.1,19.1,0,1341,21.311,349.469,0.983,-0.183,-0.513,430,6.934,3,6.9,open-meteo-era5,27.452,88.49
0,same_place_other_date,glc-3997,2008-08-23,8,27.516,88.558,10,,58.2,27,101.1,410.3,626.2,996.5,395.654,5.7,7,7.65,16.3,54.25,227.84,0.427,0.429,0.427,24.3,18.9,0,1341,21.311,349.469,0.983,-0.183,-0.513,430,1.575,0,,open-meteo-era5,27.452,88.49
0,same_place_other_date,glc-3997,2018-10-30,10,27.516,88.558,10,,0,0,0,11.8,331.7,823.1,170.382,0,2,0.01,0.28,0.28,22.53,0.366,0.377,0.395,23,9.8,0,1341,21.311,349.469,0.983,-0.183,-0.513,430,1.353,0,,open-meteo-era5,27.452,88.49
0,nearby_place_same_date,glc-3997,2011-09-30,9,27.651,88.732,10,,4.6,11.3,18.9,86.6,231.3,474.7,138.622,1.5,7,0.02,0.22,42.89,169.03,0.405,0.398,0.422,15.2,11,0,2491,31.483,236.31,-0.555,-0.832,-0.068,741,6.763,3,6.9,open-meteo-era5,27.592,88.587
1,event,glc-4241,2012-03-04,3,25.16,93.68,25,Manipur,1.1,0.7,10,24.4,24.4,26.2,18.892,0.3,4,0.04,8.26,13.66,14.4,0.314,0.216,0.252,20.1,9.9,0,1094,15.355,303.551,0.553,-0.833,-0.028,351,2.751,3,4.8,open-meteo-era5,25.132,93.689
0,same_place_other_date,glc-4241,2024-03-22,3,25.16,93.68,25,Manipur,0.6,12.7,25,25.2,27.7,54.9,26.432,4.9,2,4.88,18.45,18.86,62.39,0.329,0.241,0.278,19.6,9.9,0,1094,15.355,303.551,0.553,-0.833,-0.028,351,1.482,2,4.2,open-meteo-era5,25.132,93.689
0,same_place_other_date,glc-4241,2021-02-21,2,25.16,93.68,25,Manipur,0,0,0,0,0,0,0,0,0,0,0,0.19,0.38,0.149,0.167,0.243,24.6,8,0,1094,15.355,303.551,0.553,-0.833,-0.028,351,2.213,6,4.6,open-meteo-era5,25.132,93.689
0,nearby_place_same_date,glc-4241,2012-03-04,3,25,93.716,25,Manipur,0.8,2.1,14.5,35.7,35.7,38,28.456,0.4,4,0.04,8.26,13.66,14.4,0.356,0.258,0.271,19.5,10.1,0,1034,22.562,202.109,-0.926,-0.376,0.093,458,2.605,3,4.8,open-meteo-era5,24.991,93.681
1,event,glc-4377,2012-06-02,6,26.148,91.736,5,Assam,19.2,12.2,60.8,95,141.6,174.2,85.257,4.1,7,12.72,43.71,113.79,184.34,0.465,0.48,0.375,30.1,24.9,0,53,0.696,,0,0,0.066,9,3.785,2,5.4,open-meteo-era5,26.116,91.774
0,same_place_other_date,glc-4377,2009-05-29,5,26.148,91.736,5,Assam,1.4,4.3,6.6,120.7,168.5,280,118.668,1.3,5,2.35,3.56,53.2,187.37,0.483,0.476,0.405,32,23.5,0,53,0.696,,0,0,0.066,9,1.186,0,,open-meteo-era5,26.116,91.774
0,same_place_other_date,glc-4377,2016-04-23,4,26.148,91.736,5,Assam,12.9,7.5,82.6,165.5,192.2,275.6,145.94,3.7,7,17.29,46.99,172.31,419.14,0.484,0.491,0.374,28.5,20.9,0,53,0.696,,0,0,0.066,9,3.955,2,5,open-meteo-era5,26.116,91.774
0,nearby_place_same_date,glc-4377,2012-06-02,6,26.219,92.017,5,Assam,14.1,10.2,72,121.1,152.7,192.6,104.742,2.6,7,12.72,43.71,113.79,184.34,0.478,0.492,0.417,30,24.7,0,53,0.22,,0,0,0.076,36,4.142,2,5.4,open-meteo-era5,26.186,91.974
1,event,glc-4382,2012-06-03,6,25.118,92.857,5,Assam,154.4,20.9,293,335.8,369.8,462.9,183.448,13.2,7,27.34,76.45,112.95,189.89,0.456,0.457,0.504,28.2,23.9,0,152,6.147,206.565,-0.894,-0.447,-0.195,145,3.757,3,5.4,open-meteo-era5,25.062,92.813
0,same_place_other_date,glc-4382,2018-05-20,5,25.118,92.857,5,Assam,14.8,6.6,81.8,93.9,512.3,727.9,221.641,3.9,7,4.95,12.9,28.54,279.71,0.418,0.419,0.379,27.4,22.8,0,152,6.147,206.565,-0.894,-0.447,-0.195,145,1.896,2,5.1,open-meteo-era5,25.062,92.813
0,same_place_other_date,glc-4382,2010-05-04,5,25.118,92.857,5,Assam,9.5,1.6,14.5,35.9,252.3,357,102.187,2.1,6,2.34,13.61,23.49,250.48,0.468,0.467,0.435,29.2,22.6,0,152,6.147,206.565,-0.894,-0.447,-0.195,145,1.702,1,4.5,open-meteo-era5,25.062,92.813
0,nearby_place_same_date,glc-4382,2012-06-03,6,25.056,92.506,5,Assam,147.4,30,278.2,326.6,363.8,465.4,184.635,11.6,7,58.45,129.86,178.93,358.93,0.44,0.439,0.461,25.5,21.8,0,580,35.113,316.526,0.726,-0.688,-0.621,457,3.619,3,5.4,open-meteo-era5,25.132,92.524
1,event,glc-4385,2012-06-03,6,27.717,88.558,5,,12.1,13,39.1,102.2,185.9,338.7,123.366,3,7,0.37,5.51,34.32,71.45,0.425,0.426,0.417,12.4,8.9,0,2668,21.289,92.899,-0.051,0.999,-0.369,518,2.785,2,4.3,open-meteo-era5,27.663,88.586
0,same_place_other_date,glc-4385,2024-05-29,5,27.717,88.558,5,,3.9,27.9,33.1,37.4,59,100.1,43.886,5.6,4,20.53,29.53,36.51,124.58,0.328,0.332,0.344,17.3,12.6,0,2668,21.289,92.899,-0.051,0.999,-0.369,518,1,0,,open-meteo-era5,27.663,88.586
0,same_place_other_date,glc-4385,2023-05-15,5,27.717,88.558,5,,16.2,4.6,21.6,29.2,93.2,200.4,47.906,2.1,5,4.8,5.97,11.67,117.06,0.361,0.37,0.401,13.3,8.5,0,2668,21.289,92.899,-0.051,0.999,-0.369,518,1.154,1,4.3,open-meteo-era5,27.663,88.586
0,nearby_place_same_date,glc-4385,2012-06-03,6,27.717,88.445,5,,10.5,10.8,27.8,56.3,108,264.6,77.037,0.9,7,0.37,5.51,34.32,71.45,0.433,0.422,0.412,5.6,3.7,0.77,4081,14.344,172.807,-0.992,0.125,-0.592,430,2.935,2,4.3,open-meteo-era5,27.733,88.483
1,event,glc-4384,2012-06-03,6,25.178,93.012,5,Assam,183.9,9,276.3,330.8,375.6,449.1,152.577,16.5,7,27.34,76.45,112.95,189.89,0.487,0.491,0.513,25.2,22.2,0,653,9.496,11.634,0.979,0.202,-0.353,231,3.827,3,5.4,open-meteo-era5,25.202,93.013
0,same_place_other_date,glc-4384,2022-05-02,5,25.178,93.012,5,Assam,10.9,2.8,14.7,21.9,30.7,92.3,21.042,6.5,6,22.4,47.35,57.94,302.22,0.428,0.34,0.339,27.6,17.6,0,653,9.496,11.634,0.979,0.202,-0.353,231,1.739,2,4.1,open-meteo-era5,25.202,93.013
0,same_place_other_date,glc-4384,2025-05-07,5,25.178,93.012,5,Assam,2.5,0.4,4.1,28.7,50,85.4,30.031,1.6,4,4.58,13.86,46.33,168.5,0.398,0.393,0.267,27.8,20.1,0,653,9.496,11.634,0.979,0.202,-0.353,231,1.386,1,4.1,open-meteo-era5,25.202,93.013
0,nearby_place_same_date,glc-4384,2012-06-03,6,25.086,92.988,5,Assam,118.7,15.7,258.1,300,333.7,406.8,181.257,11.3,7,27.34,76.45,112.95,189.89,0.437,0.441,0.477,25.4,21.5,0,767,32.772,316.667,0.727,-0.686,-1.382,494,3.713,3,5.4,open-meteo-era5,25.062,93.006
1,event,glc-4383,2012-06-03,6,25.306,93.127,5,Assam,148.6,10.4,237.7,282.4,322.3,373,137.377,16,6,26.59,84.45,114.11,192.91,0.489,0.488,0.511,27.4,23.9,0,318,10.853,279.048,0.157,-0.988,0.391,209,3.975,3,5.4,open-meteo-era5,25.343,93.117
0,same_place_other_date,glc-4383,2020-06-11,6,25.306,93.127,5,Assam,2,30.2,50.9,73.7,150.1,386.2,132.249,7.4,6,10.23,19.48,61.25,349.16,0.504,0.509,0.469,31.2,23.5,0,318,10.853,279.048,0.157,-0.988,0.391,209,3.115,2,5.1,open-meteo-era5,25.343,93.117
0,same_place_other_date,glc-4383,2008-06-16,6,25.306,93.127,5,Assam,9,4.3,19.6,34.5,80.8,238.3,61.531,3.3,7,4.95,21.01,52.9,192.86,0.479,0.477,0.506,32.1,25.3,0,318,10.853,279.048,0.157,-0.988,0.391,209,1.857,4,4.5,open-meteo-era5,25.343,93.117
0,nearby_place_same_date,glc-4383,2012-06-03,6,25.401,93.162,5,Assam,141.7,9.3,230.9,284.2,303.1,333.5,133.096,13.8,7,26.59,84.45,114.11,192.91,0.471,0.486,0.506,27.9,23.7,0,232,3.55,217.093,-0.798,-0.603,-0.131,120,4.097,3,5.4,open-meteo-era5,25.413,93.12
1,event,glc-4394,2012-06-07,6,27.175,88.646,25,Sikkim,3.5,1.6,6.8,64.4,131.8,151.8,75.474,0.9,6,0.08,19.22,36.78,137.94,0.373,0.379,0.356,25.9,20.7,0,942,18.324,258.69,-0.196,-0.981,-0.211,469,2.844,2,4.3,open-meteo-era5,27.17,88.597
0,same_place_other_date,glc-4394,2025-05-02,5,27.175,88.646,25,Sikkim,0.9,4.7,7.2,12,50.7,94.9,27.841,2.8,4,2.03,7.24,53.89,180.42,0.336,0.31,0.261,27,14.1,0,942,18.324,258.69,-0.196,-0.981,-0.211,469,1.757,6,4.4,open-meteo-era5,27.17,88.597
0,same_place_other_date,glc-4394,2010-06-27,6,27.175,88.646,25,Sikkim,232.5,28.4,293.9,471.2,615.6,699.6,249.479,17.8,7,28.85,44.39,95.06,273.96,0.422,0.425,0.426,24.7,20.8,0,942,18.324,258.69,-0.196,-0.981,-0.211,469,1,0,,open-meteo-era5,27.17,88.597
0,nearby_place_same_date,glc-4394,2012-06-07,6,26.956,88.909,25,Sikkim,11.2,8.8,24.2,75.4,123.6,207.7,79.227,1,7,0.08,19.22,36.78,137.94,0.341,0.333,0.285,27.8,22.9,0,357,1.551,,0,0,0.029,49,2.342,2,4.3,open-meteo-era5,26.96,88.901
1,event,glc-4393,2012-06-07,6,27.757,88.632,25,,1.5,0.6,7.1,26.3,46.5,101.1,33.283,0.3,6,0.05,2.27,4.79,20.7,0.428,0.428,0.389,7.7,4.4,1.89,3885,15.055,65.078,0.421,0.907,-0.262,559,2.645,2,4.3,open-meteo-era5,27.733,88.685
0,same_place_other_date,glc-4393,2026-05-04,5,27.757,88.632,25,,8.4,8.4,23.7,73.5,89.6,198.8,67.785,1.4,7,1.77,10.62,46.25,102.64,0.427,0.426,0.419,6.3,0.6,25.97,3885,15.055,65.078,0.421,0.907,-0.262,559,1,0,,open-meteo-era5,27.733,88.685
0,same_place_other_date,glc-4393,2009-06-16,6,27.757,88.632,25,,2.3,2.9,8.3,22.7,58.7,213,50.886,0.6,7,0.18,0.36,0.92,122.64,0.428,0.425,0.43,9.3,5.5,0.49,3885,15.055,65.078,0.421,0.907,-0.262,559,1.152,0,,open-meteo-era5,27.733,88.685
0,nearby_place_same_date,glc-4393,2012-06-07,6,27.585,88.541,25,,7.7,5.1,23.1,80.7,196.3,371.1,118.65,0.6,7,0.06,8.66,14.26,63.06,0.427,0.426,0.424,12.9,9.7,0,2784,39.048,203.883,-0.914,-0.405,-0.542,1267,2.948,2,4.3,open-meteo-era5,27.592,88.587
1,event,glc-4411,2012-06-14,6,27.339,88.607,5,Sikkim,20.3,11.7,43.6,87.7,166.6,258.4,91.506,2.4,7,0.38,1.05,3.53,51.06,0.423,0.424,0.418,23.2,17.9,0,1510,18.024,253.342,-0.287,-0.958,0.01,473,3.295,3,4.5,open-meteo-era5,27.311,88.594
0,same_place_other_date,glc-4411,2016-07-24,7,27.339,88.607,5,Sikkim,55.7,63.3,165.2,544.1,1017.8,1552.2,650.107,8.5,7,14.94,46.41,95.76,375.23,0.426,0.433,0.429,19.6,16.8,0,1510,18.024,253.342,-0.287,-0.958,0.01,473,2.043,1,4.7,open-meteo-era5,27.311,88.594
0,same_place_other_date,glc-4411,2025-07-26,7,27.339,88.607,5,Sikkim,25.9,43.4,77.3,161.6,242.3,442.4,158.065,12.4,7,5.93,24.99,63.36,247.72,0.398,0.391,0.407,20.9,17.9,0,1510,18.024,253.342,-0.287,-0.958,0.01,473,1,0,,open-meteo-era5,27.311,88.594
0,nearby_place_same_date,glc-4411,2012-06-14,6,27.261,88.662,5,Sikkim,15.3,5.5,25.6,48,110.4,182.8,54.924,1.9,7,0.38,1.05,3.53,51.06,0.411,0.406,0.398,22.5,17.1,0,1872,27.076,160.956,-0.945,0.326,-0.221,485,3.213,3,4.5,open-meteo-era5,27.241,88.696
1,event,glc-4424,2012-06-20,6,26.149,91.735,1,Assam,46.1,30.8,90.4,151.5,217.4,382,129.566,5.9,7,32.69,36.57,116.35,463.87,0.471,0.485,0.486,31.4,25.6,0,53,0.53,,0,0,0.066,22,2.759,1,4.3,open-meteo-era5,26.116,91.774
0,same_place_other_date,glc-4424,2025-07-10,7,26.149,91.735,1,Assam,6.3,14.8,22,109.3,266.3,475.1,168.163,5.9,5,2.35,18.46,62.03,254.67,0.465,0.48,0.48,31.4,24.8,0,53,0.53,,0,0,0.066,22,1.563,1,4.2,open-meteo-era5,26.116,91.774
0,same_place_other_date,glc-4424,2015-07-23,7,26.149,91.735,1,Assam,40.8,62.8,181.4,236.1,351.2,521.3,240.927,6.5,7,4.63,22.64,75.34,289.68,0.489,0.501,0.5,29.4,25.3,0,53,0.53,,0,0,0.066,22,3.084,5,5.1,open-meteo-era5,26.116,91.774
0,nearby_place_same_date,glc-4424,2012-06-20,6,26.18,92.094,1,Assam,41.5,36.4,94.5,140.9,201.1,364.9,126.073,5.7,7,32.69,36.57,116.35,463.87,0.462,0.491,0.499,31.4,26.1,0,55,0.22,,0,0,-0.094,13,2.298,1,4.3,open-meteo-era5,26.186,92.072
1,event,glc-4426,2012-06-22,6,26.123,91.716,5,Assam,53.8,88.7,185.9,242.1,258.3,381.4,192.004,9.8,7,43.46,79.73,89.48,503.09,0.484,0.486,0.515,28,25,0,74,16.94,142.125,-0.789,0.614,-0.406,148,2.76,1,4.3,open-meteo-era5,26.116,91.676
0,same_place_other_date,glc-4426,2010-08-01,8,26.123,91.716,5,Assam,19,42.7,87.2,129.3,246,527.5,177.286,6.3,7,2.93,24.45,68.66,288.59,0.454,0.48,0.494,31.1,25.6,0,74,16.94,142.125,-0.789,0.614,-0.406,148,2.168,2,4.5,open-meteo-era5,26.116,91.676
0,same_place_other_date,glc-4426,2011-07-26,7,26.123,91.716,5,Assam,14.2,16,161.6,273.9,690.5,1106.8,443.613,5.3,7,8.94,35.59,61.64,490.24,0.497,0.498,0.466,30.1,24.8,0,74,16.94,142.125,-0.789,0.614,-0.406,148,1.059,1,4,open-meteo-era5,26.116,91.676
0,nearby_place_same_date,glc-4426,2012-06-22,6,26.07,91.85,5,Assam,53.8,88.7,185.9,242.1,258.3,381.4,192.004,9.8,7,43.46,79.73,89.48,503.09,0.483,0.487,0.515,27.4,24,0,244,17.664,176.941,-0.999,0.053,-0.085,274,2.532,1,4.3,open-meteo-era5,26.046,91.871
1,event,glc-4435,2012-06-25,6,27.174,95.801,10,Arunachal Pradesh,46.1,41.1,108.3,238,356.2,605.6,228.469,6.3,7,36.02,76.5,135.79,403.09,0.488,0.494,0.477,26.7,24.4,0,296,0.628,,0,0,-0.019,133,1.817,1,4.5,open-meteo-era5,27.241,95.819
0,same_place_other_date,glc-4435,2007-06-02,6,27.174,95.801,10,Arunachal Pradesh,4.4,8.3,16.6,35.5,137.3,309.4,82.299,4.3,6,9.3,24.96,34.55,106.56,0.48,0.489,0.475,29.1,23.3,0,296,0.628,,0,0,-0.019,133,2.118,1,4.3,open-meteo-era5,27.241,95.819
0,same_place_other_date,glc-4435,2019-07-27,7,27.174,95.801,10,Arunachal Pradesh,10.8,28.9,46.2,121.7,204.4,503.9,163.224,3.1,7,16.64,34.31,100.45,504.74,0.504,0.505,0.506,28.9,24.4,0,296,0.628,,0,0,-0.019,133,2.581,6,5.5,open-meteo-era5,27.241,95.819
0,nearby_place_same_date,glc-4435,2012-06-25,6,27.402,95.803,10,Arunachal Pradesh,48.3,54,124,235.4,359,545.8,223.951,7.3,7,47.51,107.66,159.31,463.08,0.482,0.489,0.51,27.5,24,0,151,0.536,,0,0,-0.029,19,1.827,1,4.5,open-meteo-era5,27.381,95.832
1,event,glc-4434,2012-06-25,6,26.105,91.737,1,Assam,36.9,81.6,168.4,380.6,425.5,545.2,309.893,7.8,7,100.21,151.86,234,647.02,0.484,0.494,0.517,27,24,0,151,13.368,175.018,-0.996,0.087,-0.236,158,2.713,1,4.3,open-meteo-era5,26.116,91.774
0,same_place_other_date,glc-4434,2022-06-01,6,26.105,91.737,1,Assam,16.6,17,46.1,51.9,153.9,400.3,112.831,7.5,6,6.46,13.66,24.11,451.13,0.485,0.464,0.467,30.5,23.7,0,151,13.368,175.018,-0.996,0.087,-0.236,158,2.713,1,4.1,open-meteo-era5,26.116,91.774
0,same_place_other_date,glc-4434,2010-08-07,8,26.105,91.737,1,Assam,4,29.2,52,125.2,290.7,543.9,187.395,4.8,7,1.16,28.44,37.91,269.26,0.469,0.494,0.499,30.9,24.9,0,151,13.368,175.018,-0.996,0.087,-0.236,158,2.143,1,4.5,open-meteo-era5,26.116,91.774
0,nearby_place_same_date,glc-4434,2012-06-25,6,26.118,91.871,1,Assam,36.9,81.6,168.4,380.6,425.5,545.2,309.893,7.8,7,100.21,151.86,234,647.02,0.482,0.49,0.517,26.7,24.1,0,132,14.629,167.645,-0.977,0.214,0.057,186,2.545,1,4.3,open-meteo-era5,26.116,91.873
1,event,glc-4446,2012-07-05,7,28.999,94.889,5,Arunachal Pradesh,69.1,37.3,156.5,222.3,665,1060.9,341.626,4.5,7,4.3,30.75,65.95,289.14,0.428,0.428,0.428,24.8,22.7,0,592,4.722,95.194,-0.091,0.996,-0.378,115,2.356,2,4.7,open-meteo-era5,28.998,94.954
0,same_place_other_date,glc-4446,2025-07-11,7,28.999,94.889,5,Arunachal Pradesh,0.9,1.1,6.4,42.4,174.3,440.5,113.258,0.4,5,0,0.61,25.78,241.24,0.373,0.382,0.406,34.1,24.6,0,592,4.722,95.194,-0.091,0.996,-0.378,115,1.357,1,4.5,open-meteo-era5,28.998,94.954
0,same_place_other_date,glc-4446,2020-05-24,5,28.999,94.889,5,Arunachal Pradesh,67.3,5.9,84.2,118,139.1,266.5,68.697,7.9,7,44.06,74.45,102.52,209.06,0.412,0.409,0.388,26.3,20.9,0,592,4.722,95.194,-0.091,0.996,-0.378,115,2.828,1,4.6,open-meteo-era5,28.998,94.954
0,nearby_place_same_date,glc-4446,2012-07-05,7,28.956,94.72,5,Arunachal Pradesh,70.3,40.9,176,225.9,687.6,1254.7,373.496,4.6,7,4.3,30.75,65.95,289.14,0.428,0.428,0.429,15.7,14.1,0,2353,44.62,105.001,-0.259,0.966,1.411,783,2.377,2,4.7,open-meteo-era5,28.998,94.748
1,event,glc-6783,2012-07-19,7,26.855,88.337,0.5,West Bengal,54.9,62.3,131.3,266.1,601.4,979.9,326.362,9.1,7,22.99,44.26,150.11,403.7,0.427,0.427,0.427,24.3,22.3,0,795,22.993,160.835,-0.945,0.328,0.755,449,1.755,1,4.7,open-meteo-era5,26.889,88.304
0,same_place_other_date,glc-6783,2020-07-25,7,26.855,88.337,0.5,West Bengal,8.1,36.6,73.4,284.2,717.5,1483.2,441.495,4.7,7,4.64,40.01,155.58,817.97,0.426,0.427,0.428,26.8,21.3,0,795,22.993,160.835,-0.945,0.328,0.755,449,1,0,,open-meteo-era5,26.889,88.304
0,same_place_other_date,glc-6783,2011-07-16,7,26.855,88.337,0.5,West Bengal,109.5,66.7,195.2,250.2,514.6,1159.3,314.401,14.8,7,6.41,37.64,111.28,467.26,0.428,0.429,0.429,23.4,21.8,0,795,22.993,160.835,-0.945,0.328,0.755,449,1,0,,open-meteo-era5,26.889,88.304
0,nearby_place_same_date,glc-6783,2012-07-19,7,27.03,88.627,0.5,West Bengal,75.5,53.8,151.2,302.9,661.8,1051.9,346.507,10.9,7,21.46,41.57,135.33,403.73,0.418,0.429,0.416,20.9,17.9,0,1580,16.111,180,-1,0,0.383,442,1.961,1,4.7,open-meteo-era5,27.1,88.699
1,event,glc-4552,2012-09-14,9,27.038,88.36,5,Sikkim,109.7,78.7,206.2,235.5,290.1,573.3,166.647,11.7,6,19.11,59.31,73.96,273.78,0.429,0.429,0.419,19.5,17,0,1468,16.832,145.217,-0.821,0.57,-0.163,442,1.006,0,,open-meteo-era5,27.03,88.3
0,same_place_other_date,glc-4552,2015-10-07,10,27.038,88.36,5,Sikkim,0.7,0.2,0.9,11.4,64.7,306.6,62.695,0.4,2,0,0,10.87,182.76,0.346,0.361,0.383,23.7,14.1,0,1468,16.832,145.217,-0.821,0.57,-0.163,442,1.422,7,4.5,open-meteo-era5,27.03,88.3
0,same_place_other_date,glc-4552,2016-10-19,10,27.038,88.36,5,Sikkim,0,0,0,137.3,340.3,657.6,200.836,0,2,0,0,17.25,236.48,0.365,0.379,0.403,21.9,11.4,0,1468,16.832,145.217,-0.821,0.57,-0.163,442,1.502,1,4,open-meteo-era5,27.03,88.3
0,nearby_place_same_date,glc-4552,2012-09-14,9,27.033,88.251,5,Sikkim,109.7,78.7,206.2,235.5,290.1,573.3,166.647,11.7,6,19.11,59.31,73.96,273.78,0.429,0.429,0.424,17.7,16,0,1797,30.137,259.922,-0.175,-0.985,-0.796,527,1,0,,open-meteo-era5,27.03,88.2
1,event,glc-4556,2012-09-16,9,27.168,88.365,5,Sikkim,70.3,72.6,228.7,355,451.2,878.2,322.037,9.3,7,36.17,98.58,150.96,343.09,0.43,0.43,0.437,19.4,15.5,0,1507,22.98,175.525,-0.997,0.078,0.202,401,1.002,0,,open-meteo-era5,27.241,88.395
0,same_place_other_date,glc-4556,2020-10-06,10,27.168,88.365,5,Sikkim,29.1,17.8,57.8,104.5,505.9,1063.4,250.233,4.7,7,4.89,10.91,18.31,568.19,0.423,0.422,0.403,20.7,16.9,0,1507,22.98,175.525,-0.997,0.078,0.202,401,3.372,2,5.3,open-meteo-era5,27.241,88.395
0,same_place_other_date,glc-4556,2009-10-03,10,27.168,88.365,5,Sikkim,0.5,0.1,0.6,6.1,81.6,254.1,53.277,0.2,2,3.05,3.05,3.49,84.57,0.335,0.354,0.369,21.6,15.7,0,1507,22.98,175.525,-0.997,0.078,0.202,401,3.457,0,,open-meteo-era5,27.241,88.395
0,nearby_place_same_date,glc-4556,2012-09-16,9,27.258,88.443,5,Sikkim,65.3,46.4,172,315.6,442,988.3,307.362,8.9,7,17.13,43.63,86.13,222.42,0.43,0.43,0.437,26.6,22.6,0,462,22.47,41.394,0.75,0.661,0.327,493,1.024,0,,open-meteo-era5,27.17,88.396
1,event,glc-4569,2012-09-19,9,27.839,88.556,10,,21.5,11.9,73.7,191.3,215,436.6,166.631,2,7,1.38,6.43,37.52,112.6,0.428,0.428,0.422,8.6,6.6,15.05,3827,19.629,229.205,-0.653,-0.757,-0.088,520,3.419,1,4.6,open-meteo-era5,27.803,88.583
0,same_place_other_date,glc-4569,2012-08-09,8,27.839,88.556,10,,3.9,8.1,12.8,34.2,123.1,406.7,85.659,0.9,5,4.34,11.78,22.1,143.01,0.428,0.425,0.429,11.7,7.2,0,3827,19.629,229.205,-0.653,-0.757,-0.088,520,2.007,3,4.9,open-meteo-era5,27.803,88.583
0,same_place_other_date,glc-4569,2025-08-30,8,27.839,88.556,10,,5,31.4,56.8,73.3,101.5,196.7,84.487,4.2,6,2.72,16.99,31.45,150.92,0.422,0.409,0.285,13.7,7.7,0,3827,19.629,229.205,-0.653,-0.757,-0.088,520,2.134,2,4.1,open-meteo-era5,27.803,88.583
0,nearby_place_same_date,glc-4569,2012-09-19,9,27.54,88.504,10,,20.1,7.2,67.3,296.1,403.5,928,316.617,2.1,7,5.16,19.03,89.34,220.17,0.422,0.423,0.42,22.4,19.6,0,1200,50.775,191.874,-0.979,-0.206,-0.648,884,3.95,1,4.6,open-meteo-era5,27.522,88.488
1,event,glc-4571,2012-09-19,9,27.656,88.605,10,,28.5,12.6,87.3,262.2,395.7,967.8,309.304,2.4,7,5.16,19.03,89.34,220.17,0.414,0.409,0.431,20.3,15.6,0,1935,2.756,212.471,-0.844,-0.537,-0.475,536,3.789,1,4.6,open-meteo-era5,27.592,88.587
0,same_place_other_date,glc-4571,2022-09-06,9,27.656,88.605,10,,20,15.2,63.2,183.3,204.2,324,151.915,3.7,7,12.52,28.07,94.59,330.65,0.419,0.425,0.426,22.4,16.9,0,1935,2.756,212.471,-0.844,-0.537,-0.475,536,1,0,,open-meteo-era5,27.592,88.587
0,same_place_other_date,glc-4571,2011-09-17,9,27.656,88.605,10,,30.7,10.2,54.5,100.7,255.5,581.1,154.706,2.8,7,17.74,26.39,40.74,142.85,0.412,0.41,0.399,18.3,16.2,0,1935,2.756,212.471,-0.844,-0.537,-0.475,536,1,0,,open-meteo-era5,27.592,88.587
0,nearby_place_same_date,glc-4571,2012-09-19,9,27.735,88.47,10,,21.5,11.9,73.7,191.3,215,436.6,166.631,2,7,5.16,19.03,89.34,220.17,0.377,0.373,0.271,4.2,2.6,15.05,4722,26.965,226.177,-0.692,-0.721,0.049,423,3.579,1,4.6,open-meteo-era5,27.803,88.38
1,event,glc-4570,2012-09-19,9,27.846,95.225,1,Arunachal Pradesh,55.6,22.9,107.4,203.2,295.9,482.1,183.577,5.9,7,62.91,108.4,203.85,632.71,0.483,0.48,0.457,26.8,23.5,0,133,0.283,,0,0,-0.049,9,1.031,0,,open-meteo-era5,27.873,95.27
0,same_place_other_date,glc-4570,2015-10-20,10,27.846,95.225,1,Arunachal Pradesh,0.2,0,0.2,1.8,64.8,140.7,32.609,0.2,0,0,0,22.78,175.53,0.417,0.431,0.448,28.4,22,0,133,0.283,,0,0,-0.049,9,1,0,,open-meteo-era5,27.873,95.27
0,same_place_other_date,glc-4570,2018-08-14,8,27.846,95.225,1,Arunachal Pradesh,11.9,9.3,42,119.9,228.6,491.4,155.173,6.2,7,4.96,14.94,38.3,312.4,0.507,0.509,0.508,32.1,25.2,0,133,0.283,,0,0,-0.049,9,1,0,,open-meteo-era5,27.873,95.27
0,nearby_place_same_date,glc-4570,2012-09-19,9,27.76,95.337,1,Arunachal Pradesh,55.6,22.9,107.4,203.2,295.9,482.1,183.577,5.9,7,56.69,96.48,202.14,606.4,0.495,0.486,0.456,26.9,23.6,0,121,0.499,,0,0,0.01,12,1.092,0,,open-meteo-era5,27.733,95.36
1,event,glc-4610,2012-11-11,11,23.771,92.522,5,Mizoram,0,0,0,32.3,45.2,64.2,30.339,0,4,0,0.09,28.72,36.8,0.375,0.38,0.361,27.3,17.3,0,76,4.011,350.218,0.985,-0.17,-0.245,195,4.279,4,4.6,open-meteo-era5,23.796,92.474
0,same_place_other_date,glc-4610,2015-11-11,11,23.771,92.522,5,Mizoram,0,0,0,0,13.7,42.7,7.188,0,0,0.01,0.02,0.02,20.5,0.298,0.313,0.349,28.9,20.5,0,76,4.011,350.218,0.985,-0.17,-0.245,195,3.189,5,4.8,open-meteo-era5,23.796,92.474
0,same_place_other_date,glc-4610,2012-12-25,12,23.771,92.522,5,Mizoram,0,0,0,0,3.7,3.7,1.045,0,0,0,0,0,0.27,0.22,0.242,0.302,25,12,0,76,4.011,350.218,0.985,-0.17,-0.245,195,2.553,4,5.5,open-meteo-era5,23.796,92.474
0,nearby_place_same_date,glc-4610,2012-11-11,11,23.89,92.396,5,Mizoram,0,0,0,28.3,41.3,69.3,27.633,0,4,0,0.09,28.72,36.8,0.375,0.38,0.36,26.3,16.1,0,164,16.048,101.962,-0.207,0.978,-0.218,164,4.213,4,4.6,open-meteo-era5,23.866,92.381
1,event,glc-4757,2013-02-18,2,28.119,95.165,5,Arunachal Pradesh,10.4,11.2,21.7,21.7,21.8,26.2,11.56,1.9,2,2.93,5.34,5.34,5.34,0.261,0.235,0.284,16.3,10.4,0,785,33.9,213.749,-0.831,-0.556,-0.352,495,1.247,0,,open-meteo-era5,28.084,95.186
0,same_place_other_date,glc-4757,2026-03-14,3,28.119,95.165,5,Arunachal Pradesh,47.2,52.9,113.3,118.9,123.5,152.6,74.285,6.3,6,63.49,98.24,105.61,113.77,0.396,0.332,0.319,15.5,14.2,0,785,33.9,213.749,-0.831,-0.556,-0.352,495,1,0,,open-meteo-era5,28.084,95.186
0,same_place_other_date,glc-4757,2020-01-22,1,28.119,95.165,5,Arunachal Pradesh,0.2,4.3,21.6,76.5,82.3,139.7,74.173,1.1,4,0,7.32,14.44,41.41,0.414,0.415,0.398,14.3,9.4,0,785,33.9,213.749,-0.831,-0.556,-0.352,495,1,0,,open-meteo-era5,28.084,95.186
0,nearby_place_same_date,glc-4757,2013-02-18,2,27.897,95.025,5,Arunachal Pradesh,12.8,17.9,31.5,31.8,32.2,41.4,19.475,3.2,2,2.93,5.34,5.34,5.34,0.228,0.215,0.269,20.3,14.5,0,255,1.93,,0,0,-0.37,159,1.181,0,,open-meteo-era5,27.873,95.068
1,event,glc-4848,2013-05-08,5,24.09,91.466,5,Tripura,57.9,45,174.7,356.8,407.4,489.7,274.622,9.2,6,45.59,126.29,207.05,294.94,0.428,0.428,0.406,24,21.6,0,112,0.832,,0,0,0.064,51,1.338,2,4.6,open-meteo-era5,24.077,91.433
0,same_place_other_date,glc-4848,2008-04-18,4,24.09,91.466,5,Tripura,2.7,9.3,12,39.9,66.1,174.9,50.78,6.5,5,2.17,5.39,18.43,74.97,0.334,0.335,0.283,32.5,24.1,0,112,0.832,,0,0,0.064,51,1.583,4,4.6,open-meteo-era5,24.077,91.433
0,same_place_other_date,glc-4848,2015-05-09,5,24.09,91.466,5,Tripura,0.1,0.7,0.8,1.7,56.8,279.4,66.108,0.3,0,0.27,22.62,30.02,235.19,0.353,0.366,0.393,31.5,22.9,0,112,0.832,,0,0,0.064,51,4.512,0,,open-meteo-era5,24.077,91.433
0,nearby_place_same_date,glc-4848,2013-05-08,5,23.828,91.356,5,Tripura,30.2,78.1,202.2,378.1,436.9,513,325.68,12.5,6,45.59,126.29,207.05,294.94,0.482,0.49,0.514,26.6,22.2,0,30,1.406,,0,0,0.064,29,1.352,2,4.6,open-meteo-era5,23.796,91.332
1,event,glc-4859,2013-05-11,5,26.177,91.76,5,Assam,21.7,19.4,51.6,75.6,196.9,297.6,99.221,5,7,38.98,109.25,235.03,409.56,0.467,0.486,0.419,27.9,22.5,0,84,2.113,342.759,0.955,-0.296,0.501,38,3.634,3,4.4,open-meteo-era5,26.186,91.776
0,same_place_other_date,glc-4859,2025-04-04,4,26.177,91.76,5,Assam,0,0,0.1,0.2,3.6,51.6,6.379,0,0,0,4.07,6.46,22.81,0.145,0.339,0.273,33.6,21.3,0,84,2.113,342.759,0.955,-0.296,0.501,38,4.757,2,4.2,open-meteo-era5,26.186,91.776
0,same_place_other_date,glc-4859,2022-04-25,4,26.177,91.76,5,Assam,0.7,0,6.3,38.3,98.4,240.1,63.074,0.6,4,0.69,6.1,40.06,283.03,0.432,0.411,0.326,31.1,20.8,0,84,2.113,342.759,0.955,-0.296,0.501,38,1,0,,open-meteo-era5,26.186,91.776
0,nearby_place_same_date,glc-4859,2013-05-11,5,26.315,91.523,5,Assam,21.7,18.4,44,71.7,214,315.5,104.99,4.2,7,45.18,113.26,239.94,411.39,0.482,0.494,0.456,28,22.7,0,51,0.099,,0,0,0.095,9,3.16,3,4.4,open-meteo-era5,26.327,91.484
1,event,glc-4857,2013-05-11,5,23.728,92.718,25,Mizoram,6.4,6.2,21.6,79.4,106.4,173.9,71.634,4.1,7,21.06,76.18,247.9,434.86,0.401,0.391,0.266,25.2,18.9,0,1077,18.059,259.265,-0.186,-0.982,0.517,240,2.065,4,4.6,open-meteo-era5,23.726,92.756
0,same_place_other_date,glc-4857,2016-06-20,6,23.728,92.718,25,Mizoram,1.2,1.6,5.5,67.8,218.1,316,123.194,0.4,7,3.26,6.64,54.8,291.95,0.408,0.412,0.416,25.2,18.8,0,1077,18.059,259.265,-0.186,-0.982,0.517,240,1.686,2,4.3,open-meteo-era5,23.726,92.756
0,same_place_other_date,glc-4857,2025-05-07,5,23.728,92.718,25,Mizoram,0.3,1.3,3.4,19,21.2,71.2,20.657,0.7,5,1.33,5.71,28.45,195.16,0.197,0.158,0.224,27.7,16.1,0,1077,18.059,259.265,-0.186,-0.982,0.517,240,1.683,1,4.1,open-meteo-era5,23.726,92.756
0,nearby_place_same_date,glc-4857,2013-05-11,5,23.706,93.003,25,Mizoram,3.5,8.9,22.2,77.4,111.1,171.1,74.811,4,7,13.72,42.92,137.81,261.75,0.403,0.392,0.257,28,21.2,0,743,24.66,356.878,0.999,-0.054,-0.49,511,2.279,4,4.6,open-meteo-era5,23.726,92.946
1,event,glc-4860,2013-05-11,5,26.102,91.691,5,Assam,29,7.4,39.2,73.1,108.2,138.3,47.905,10.1,7,38.98,109.25,235.03,409.56,0.454,0.482,0.378,27.8,22.3,0,114,23.491,19.245,0.944,0.33,0.302,123,3.576,3,4.4,open-meteo-era5,26.116,91.676
0,same_place_other_date,glc-4860,2024-04-09,4,26.102,91.691,5,Assam,0,0,0,4.7,27.1,60.3,16.15,0,1,0,5.38,16.53,130.05,0.352,0.379,0.305,32.1,19.5,0,114,23.491,19.245,0.944,0.33,0.302,123,2.024,1,4.4,open-meteo-era5,26.116,91.676
0,same_place_other_date,glc-4860,2021-04-15,4,26.102,91.691,5,Assam,1.1,0,1.2,2.5,5.6,29.5,7.487,0.8,2,1.65,11.52,17.58,71.68,0.294,0.26,0.331,32.4,21.8,0,114,23.491,19.245,0.944,0.33,0.302,123,2.463,3,5.2,open-meteo-era5,26.116,91.676
0,nearby_place_same_date,glc-4860,2013-05-11,5,25.924,91.6,5,Assam,22.2,12.4,38.5,94.1,162.6,200.6,81.21,6.7,7,38.98,109.25,235.03,409.56,0.498,0.495,0.406,25.5,19.4,0,432,11.231,108.877,-0.324,0.946,-0.207,321,3.379,3,4.4,open-meteo-era5,25.905,91.67
1,event,glc-4861,2013-05-12,5,24.993,93.495,25,Assam,4.4,70,166.1,546.5,619.1,694.1,457.112,12,7,10.44,45.62,108.43,298.18,0.428,0.429,0.426,22.4,15.6,0,1138,6.664,272.951,0.051,-0.999,0.074,238,1.569,5,4.6,open-meteo-era5,24.991,93.585
0,same_place_other_date,glc-4861,2018-04-09,4,24.993,93.495,25,Assam,1.9,5.3,7.4,18.5,43.3,107,26.973,1.6,5,5.33,15.6,19.09,78.65,0.316,0.283,0.268,22,14.7,0,1138,6.664,272.951,0.051,-0.999,0.074,238,3.006,3,4.6,open-meteo-era5,24.991,93.585
0,same_place_other_date,glc-4861,2013-06-15,6,24.993,93.495,25,Assam,4.6,1.1,5.7,23.3,83.6,195.9,54.584,1.3,4,1.03,5.84,15.63,110.62,0.372,0.375,0.402,28,19.5,0,1138,6.664,272.951,0.051,-0.999,0.074,238,1,0,,open-meteo-era5,24.991,93.585
0,nearby_place_same_date,glc-4861,2013-05-12,5,24.934,93.353,25,Assam,4.2,86.5,192.1,586.7,650.9,702.2,486.759,19.8,7,14.25,66.1,147.77,378.46,0.428,0.428,0.426,24.3,17.7,0,820,16.478,304.401,0.565,-0.825,0.509,457,1.613,5,4.6,open-meteo-era5,24.921,93.387
1,event,glc-4906,2013-06-07,6,26.098,94.75,10,Nagaland,15.3,6.1,24.4,30.8,66.3,189.4,40.554,3.5,6,9.11,20.54,30.52,191.56,0.496,0.497,0.492,23.3,18.5,0,1554,7.167,40.301,0.763,0.647,0.179,337,1,0,,open-meteo-era5,26.046,94.726
0,same_place_other_date,glc-4906,2016-05-01,5,26.098,94.75,10,Nagaland,1.4,0.5,2.3,5.4,168.5,221.1,73.506,0.7,2,10.09,22.64,43.32,222.41,0.474,0.469,0.478,22.7,16.1,0,1554,7.167,40.301,0.763,0.647,0.179,337,4.4,3,4.6,open-meteo-era5,26.046,94.726
0,same_place_other_date,glc-4906,2022-07-15,7,26.098,94.75,10,Nagaland,0,0.6,0.8,5,53.9,273.2,43.492,0.3,2,2.45,2.67,21.9,305.08,0.441,0.445,0.433,28.3,19.2,0,1554,7.167,40.301,0.763,0.647,0.179,337,1.334,1,4.3,open-meteo-era5,26.046,94.726
0,nearby_place_same_date,glc-4906,2013-06-07,6,26.042,95.021,10,Nagaland,16.5,9.7,37.2,55.1,128.5,264.8,81.377,2.9,6,9.11,20.54,30.52,191.56,0.419,0.416,0.381,25.7,21.3,0,1153,33.361,217.06,-0.798,-0.603,0.707,489,1,0,,open-meteo-era5,26.046,94.923
1,event,glc-4905,2013-06-07,6,26.098,94.703,25,Nagaland,15.3,6.1,24.4,30.8,66.3,189.4,40.554,3.5,6,9.11,20.54,30.52,191.56,0.496,0.497,0.492,22.3,17.5,0,1714,30.241,329.323,0.86,-0.51,-0.736,679,1,0,,open-meteo-era5,26.116,94.732
0,same_place_other_date,glc-4905,2019-07-04,7,26.098,94.703,25,Nagaland,51,109.4,187.7,226.3,290.6,535.2,215.83,26,7,4.84,32.81,68.1,330.3,0.507,0.509,0.512,22.7,18.2,0,1714,30.241,329.323,0.86,-0.51,-0.736,679,1.916,3,4.5,open-meteo-era5,26.116,94.732
0,same_place_other_date,glc-4905,2022-06-14,6,26.098,94.703,25,Nagaland,6.9,9,25.8,73.9,149.4,235.7,89.849,3.3,7,15.48,38.93,73.94,248.55,0.492,0.483,0.499,20.8,15.8,0,1714,30.241,329.323,0.86,-0.51,-0.736,679,1.998,2,4.3,open-meteo-era5,26.116,94.732
0,nearby_place_same_date,glc-4905,2013-06-07,6,25.742,94.645,25,Nagaland,15.1,5.2,22.5,27.5,69.5,194.5,40.543,2.9,6,5.28,14.76,17.93,159.46,0.478,0.489,0.474,23.4,18.2,0,1382,48.968,192.47,-0.976,-0.216,0.103,718,1,0,,open-meteo-era5,25.764,94.608
1,event,glc-4908,2013-06-08,6,27.372,88.708,25,Sikkim,16.4,13.6,49.2,93.3,275.6,361.2,151.845,1.9,7,10.3,15.09,35.18,164.71,0.429,0.428,0.418,14.1,9.4,0,3172,27.211,211.527,-0.852,-0.523,1.254,867,1.344,0,,open-meteo-era5,27.452,88.691
0,same_place_other_date,glc-4908,2016-06-23,6,27.372,88.708,25,Sikkim,47.9,23,173.4,276.8,401.1,501.5,259.666,3.8,7,11.78,38.65,84.77,239.45,0.422,0.428,0.422,13.2,10.2,0,3172,27.211,211.527,-0.852,-0.523,1.254,867,1.188,1,4,open-meteo-era5,27.452,88.691
0,same_place_other_date,glc-4908,2012-06-10,6,27.372,88.708,25,Sikkim,3.9,5,16,26,81.9,151.1,47.959,0.7,7,0.46,1.8,10.55,53.14,0.414,0.407,0.405,15.1,9.6,0.42,3172,27.211,211.527,-0.852,-0.523,1.254,867,2.774,2,4.3,open-meteo-era5,27.452,88.691
0,nearby_place_same_date,glc-4908,2013-06-08,6,27.53,88.378,25,Sikkim,23.6,27.3,77.6,148.8,332,605.1,212.368,3.1,7,12.73,20.19,43.88,168.82,0.427,0.428,0.427,10,6.2,0,3722,19.47,26.654,0.894,0.449,-0.6,456,1.432,0,,open-meteo-era5,27.522,88.287
1,event,glc-4990,2013-06-27,6,27.377,88.763,1,Sikkim,24.4,32.7,83.6,192.5,275.4,598.6,195.813,3.7,7,10.5,37.88,89.33,220.11,0.427,0.428,0.427,13.1,8.9,0,3761,19.891,194.744,-0.967,-0.254,-0.492,334,1,0,,open-meteo-era5,27.381,88.793
0,same_place_other_date,glc-4990,2011-07-01,7,27.377,88.763,1,Sikkim,18.9,47.1,135.6,230.9,456.4,565.2,279.218,3.7,7,18.17,48.26,77.65,180.37,0.428,0.429,0.427,10.9,8.3,0,3761,19.891,194.744,-0.967,-0.254,-0.492,334,3.692,1,5,open-meteo-era5,27.381,88.793
0,same_place_other_date,glc-4990,2014-05-18,5,27.377,88.763,1,Sikkim,2.2,1.9,8,18.2,112.9,162,57.342,0.5,7,0,0,5.17,62.31,0.379,0.382,0.395,11.8,3.6,3.01,3761,19.891,194.744,-0.967,-0.254,-0.492,334,1.135,0,,open-meteo-era5,27.381,88.793
0,nearby_place_same_date,glc-4990,2013-06-27,6,27.26,88.517,1,Sikkim,27.3,31.3,77.7,242.8,323,788.2,247.25,5.7,7,10.5,37.88,89.33,220.11,0.421,0.423,0.434,25.2,20.3,0,1146,9.59,117.681,-0.465,0.886,-0.27,355,1,0,,open-meteo-era5,27.241,88.495
1,event,glc-5006,2013-07-01,7,26.115,94.386,1,Nagaland,15.5,29.7,60.5,101.5,207.3,273.1,124.925,4.1,7,9.11,27.57,97.88,195.91,0.498,0.477,0.51,30.2,26,0,353,1.601,,0,0,-0.491,206,1,0,,open-meteo-era5,26.116,94.337
0,same_place_other_date,glc-5006,2021-05-18,5,26.115,94.386,1,Nagaland,15.8,0.5,17.1,76.5,143.9,197.6,75.051,4,5,9.6,15.5,42.82,106.48,0.468,0.47,0.397,29.2,21.3,0,353,1.601,,0,0,-0.491,206,3.882,13,6,open-meteo-era5,26.116,94.337
0,same_place_other_date,glc-5006,2007-06-20,6,26.115,94.386,1,Nagaland,9.7,4,68.9,170.9,232,251.7,155.666,4.6,7,10.78,18.28,74.68,242.16,0.475,0.459,0.477,31.3,25.2,0,353,1.601,,0,0,-0.491,206,2.075,1,4.2,open-meteo-era5,26.116,94.337
0,nearby_place_same_date,glc-5006,2013-07-01,7,26.356,94.108,1,Nagaland,7.9,17.2,31.3,79.3,149.2,221.9,96.188,3,7,13.21,32.24,124.01,252.73,0.497,0.494,0.508,30,25.6,0,112,0.909,,0,0,-0.038,13,1,0,,open-meteo-era5,26.397,94.059
1,event,glc-5005,2013-07-01,7,26.72,95.029,5,Nagaland,28.8,33.4,72.6,139,247.6,387.8,149.232,4,7,14.44,33.33,111.85,271.64,0.484,0.491,0.513,26.2,22.4,0,689,10.006,165.579,-0.968,0.249,-0.153,195,1,0,,open-meteo-era5,26.749,95.077
0,same_place_other_date,glc-5005,2023-05-24,5,26.72,95.029,5,Nagaland,12,2.3,35.6,82.3,131.6,220.4,83.663,6.4,7,11.94,17.34,62.42,155.7,0.487,0.494,0.469,27,20.2,0,689,10.006,165.579,-0.968,0.249,-0.153,195,2.455,3,5,open-meteo-era5,26.749,95.077
0,same_place_other_date,glc-5005,2009-05-20,5,26.72,95.029,5,Nagaland,0.8,0.6,16.3,52.2,86.6,147.2,61.498,0.2,4,0.48,1.17,8.49,165,0.458,0.475,0.461,28.1,19.3,0,689,10.006,165.579,-0.968,0.249,-0.153,195,1.633,2,4.7,open-meteo-era5,26.749,95.077
0,nearby_place_same_date,glc-5005,2013-07-01,7,26.567,94.897,5,Nagaland,20,37.2,66.7,125.5,217,336.4,138.906,5.9,7,14.44,33.33,111.85,271.64,0.479,0.49,0.508,28.7,24.8,0,415,17.742,324.615,0.815,-0.579,0.409,148,1,0,,open-meteo-era5,26.608,94.868
1,event,glc-5084,2013-07-12,7,25.616,94.117,10,Nagaland,27.7,14.6,44.4,91,257.2,480.3,136.836,2.8,7,18.68,107.07,129.82,306.22,0.498,0.492,0.479,24.1,18.2,0,1588,23.109,104.942,-0.258,0.966,-0.384,438,2.261,2,4.3,open-meteo-era5,25.624,94.109
0,same_place_other_date,glc-5084,2010-06-25,6,25.616,94.117,10,Nagaland,38.5,30.8,91.4,194.2,361,736,233.722,5.6,7,8.49,15.76,60.83,329.03,0.494,0.496,0.477,24.6,19.1,0,1588,23.109,104.942,-0.258,0.966,-0.384,438,1.718,3,4.6,open-meteo-era5,25.624,94.109
0,same_place_other_date,glc-5084,2023-07-27,7,25.616,94.117,10,Nagaland,18.7,29.3,75.3,134.1,234.1,582.6,170.642,15.7,6,4.52,42.9,80.32,269.19,0.497,0.505,0.489,23.5,17.2,0,1588,23.109,104.942,-0.258,0.966,-0.384,438,1.881,7,4.6,open-meteo-era5,25.624,94.109
0,nearby_place_same_date,glc-5084,2013-07-12,7,25.782,94.221,10,Nagaland,48.1,19.6,72.5,140.1,293,461,152.489,4.6,7,16.83,75.85,100.3,313.13,0.496,0.495,0.478,24.3,20.9,0,879,6.99,80.91,0.158,0.987,0.619,379,2.21,2,4.3,open-meteo-era5,25.764,94.216
1,event,glc-5087,2013-07-12,7,25.627,94.114,10,Nagaland,27.1,9.6,39.1,83,298.3,530,148.122,5,7,18.68,107.07,129.82,306.22,0.498,0.492,0.479,24.4,18.5,0,1572,11.838,33.232,0.836,0.548,-0.178,335,2.272,2,4.3,open-meteo-era5,25.624,94.109
0,same_place_other_date,glc-5087,2014-08-20,8,25.627,94.114,10,Nagaland,19.7,2.5,30.8,181.3,272.7,635.3,200.817,6.5,7,2.39,6.81,65.05,184.7,0.49,0.492,0.5,23.9,19.3,0,1572,11.838,33.232,0.836,0.548,-0.178,335,2.846,4,5,open-meteo-era5,25.624,94.109
0,same_place_other_date,glc-5087,2017-08-12,8,25.627,94.114,10,Nagaland,13.5,18,33.4,159.5,275.2,510,175.089,2.6,7,10.63,25.32,70.68,290.44,0.506,0.498,0.475,21,18.4,0,1572,11.838,33.232,0.836,0.548,-0.178,335,2.913,5,5.1,open-meteo-era5,25.624,94.109
0,nearby_place_same_date,glc-5087,2013-07-12,7,25.682,94.29,10,Nagaland,48.1,19.6,72.5,140.1,293,461,152.489,4.6,7,18.68,107.07,129.82,306.22,0.46,0.488,0.455,20.5,17.2,0,1604,24.858,351.743,0.99,-0.144,-0.178,464,2.083,2,4.3,open-meteo-era5,25.624,94.304
1,event,glc-5107,2013-07-15,7,25.627,94.114,10,Nagaland,12,14.4,37,80.8,215.1,538.8,153.418,3.9,7,14.57,35.52,150.03,338.29,0.506,0.504,0.498,24.5,19.4,0,1572,11.838,33.232,0.836,0.548,-0.178,335,2.272,2,4.3,open-meteo-era5,25.624,94.109
0,same_place_other_date,glc-5107,2022-08-19,8,25.627,94.114,10,Nagaland,2.9,2.5,7.6,24.5,52.3,331.2,57.894,1,7,0.46,2.81,12.11,176.6,0.454,0.445,0.44,25.7,18.5,0,1572,11.838,33.232,0.836,0.548,-0.178,335,1.747,1,4.6,open-meteo-era5,25.624,94.109
0,same_place_other_date,glc-5107,2016-07-04,7,25.627,94.114,10,Nagaland,13.6,79.3,131.8,198.5,301.4,620,246.064,9.2,7,11.75,51.19,82.72,303,0.476,0.477,0.492,24.9,19.3,0,1572,11.838,33.232,0.836,0.548,-0.178,335,2.238,2,4.7,open-meteo-era5,25.624,94.109
0,nearby_place_same_date,glc-5107,2013-07-15,7,25.503,93.815,10,Nagaland,19,13.7,41.9,75.1,179,476.2,125.394,3.5,6,20.44,35.24,142.27,334.56,0.437,0.439,0.442,29.2,23.4,0,748,21.331,261.82,-0.142,-0.99,0.215,349,2.495,2,4.3,open-meteo-era5,25.554,93.713
1,event,glc-5250,2013-08-01,8,27.884,93.052,10,Arunachal Pradesh,17.7,7.2,31.9,114.3,499.2,1190.9,290.912,5.3,7,9.91,35.1,51.34,309.29,0.413,0.414,0.412,23.7,17.4,0,1590,37.2,152.935,-0.89,0.455,-0.798,425,1,3,4.2,open-meteo-era5,27.803,93.037
0,same_place_other_date,glc-5250,2023-06-30,6,27.884,93.052,10,Arunachal Pradesh,36,12.9,56.3,78.6,241.2,673.9,169.116,4.9,7,4.1,18.96,44.84,325.56,0.418,0.418,0.403,21.2,17.4,0,1590,37.2,152.935,-0.89,0.455,-0.798,425,1.532,2,4.3,open-meteo-era5,27.803,93.037
0,same_place_other_date,glc-5250,2012-07-28,7,27.884,93.052,10,Arunachal Pradesh,63.3,26.3,100.8,288.7,778.9,1625.7,454.749,4.2,7,22.89,47.54,73.48,324.51,0.428,0.427,0.422,20.8,18.2,0,1590,37.2,152.935,-0.89,0.455,-0.798,425,2.689,1,4.7,open-meteo-era5,27.803,93.037
0,nearby_place_same_date,glc-5250,2013-08-01,8,27.916,93.196,10,Arunachal Pradesh,7.5,6.2,21.5,66.3,351.7,734,189.909,2.8,7,9.91,35.1,51.34,309.29,0.413,0.414,0.412,23.2,16.6,0,1832,22.381,315,0.707,-0.707,0.263,525,1,3,4.2,open-meteo-era5,28.014,93.251
1,event,glc-5271,2013-08-04,8,26.284,94.581,5,Nagaland,9.3,3.8,30,66.4,227.9,364.2,125.277,2.9,7,5.53,15.66,54.81,307.87,0.494,0.5,0.489,29.4,22.7,0,718,20.804,19.247,0.944,0.33,-0.464,270,1.934,3,5,open-meteo-era5,26.327,94.549
0,same_place_other_date,glc-5271,2015-07-24,7,26.284,94.581,5,Nagaland,39.4,51.3,116.1,239.1,370.8,629,247.478,9.3,7,15.43,57.1,109.45,321.41,0.48,0.497,0.511,25.7,22.5,0,718,20.804,19.247,0.944,0.33,-0.464,270,1.688,5,4.5,open-meteo-era5,26.327,94.549
0,same_place_other_date,glc-5271,2010-09-02,9,26.284,94.581,5,Nagaland,14.1,1.4,20.7,65.6,156.6,339.5,91.319,7.4,7,3.01,17.72,93.23,326.95,0.472,0.479,0.488,28,22.5,0,718,20.804,19.247,0.944,0.33,-0.464,270,2.167,5,4.7,open-meteo-era5,26.327,94.549
0,nearby_place_same_date,glc-5271,2013-08-04,8,26.49,94.581,5,Nagaland,10.1,2,29.9,92,295.1,398.6,150.246,1.4,7,5.53,15.66,54.81,307.87,0.467,0.465,0.499,31.4,24.8,0,322,8.833,279.019,0.157,-0.988,0.57,144,1.822,3,5,open-meteo-era5,26.538,94.565
1,event,glc-5268,2013-08-04,8,26.014,94.516,25,Nagaland,4.9,1.3,17.4,35.6,134.9,339.1,89.834,1.1,6,5.78,14.93,47.43,290.88,0.448,0.463,0.5,24,17.3,0,1725,10.809,220.878,-0.756,-0.654,0.292,324,2.09,3,5,open-meteo-era5,26.046,94.628
0,same_place_other_date,glc-5268,2007-07-07,7,26.014,94.516,25,Nagaland,11.2,18.6,31.7,43.3,142,485.9,107.11,4.9,6,9.36,15.03,31.22,198.78,0.485,0.483,0.469,23.3,18,0,1725,10.809,220.878,-0.756,-0.654,0.292,324,4.908,4,5.2,open-meteo-era5,26.046,94.628
0,same_place_other_date,glc-5268,2010-08-07,8,26.014,94.516,25,Nagaland,1.9,7.8,10,57.9,149.2,348.8,101.907,2.1,6,1.69,2.12,23.33,241.25,0.484,0.492,0.482,23.8,17.4,0,1725,10.809,220.878,-0.756,-0.654,0.292,324,1.498,3,4.6,open-meteo-era5,26.046,94.628
0,nearby_place_same_date,glc-5268,2013-08-04,8,25.812,94.403,25,Nagaland,5.8,1.2,16.6,28.3,93.1,341.1,75.052,2.3,5,5.78,14.93,47.43,290.88,0.471,0.486,0.466,23,16.3,0,1899,26.57,315.196,0.71,-0.705,0.235,510,2.208,3,5,open-meteo-era5,25.764,94.412
1,event,glc-5273,2013-08-04,8,26.181,94.55,5,Nagaland,9.3,3.8,30,66.4,227.9,364.2,125.277,2.9,7,5.78,14.93,47.43,290.88,0.488,0.491,0.467,24.4,17.9,0,1637,20.827,178.353,-1,0.029,-0.463,651,1.992,3,5,open-meteo-era5,26.116,94.633
0,same_place_other_date,glc-5273,2021-09-05,9,26.181,94.55,5,Nagaland,21.3,1.8,25.4,77.6,189.8,381.4,108.792,5.5,7,1.34,7.52,56.21,237.92,0.484,0.488,0.473,22.5,17.6,0,1637,20.827,178.353,-1,0.029,-0.463,651,2.442,3,4.9,open-meteo-era5,26.116,94.633
0,same_place_other_date,glc-5273,2012-07-24,7,26.181,94.55,5,Nagaland,48.5,54.6,108,168.9,296.7,496.2,176.599,8.3,7,5.65,18.41,38.7,240.91,0.49,0.494,0.503,19.4,16.8,0,1637,20.827,178.353,-1,0.029,-0.463,651,4.583,7,5.6,open-meteo-era5,26.116,94.633
0,nearby_place_same_date,glc-5273,2013-08-04,8,26.079,94.277,5,Nagaland,7.4,2.8,23.7,69.1,258,417.1,135.967,1.8,7,5.78,14.93,47.43,290.88,0.452,0.475,0.483,22.3,16.3,0,1679,32.656,94.998,-0.087,0.996,0.349,468,2.142,3,5,open-meteo-era5,26.046,94.234
1,event,glc-5272,2013-08-04,8,26.208,94.544,1,Nagaland,9.3,3.8,30,66.4,227.9,364.2,125.277,2.9,7,5.78,14.93,47.43,290.88,0.479,0.484,0.481,25.3,18.8,0,1482,11.342,287.996,0.309,-0.951,0.68,397,1.976,3,5,open-meteo-era5,26.186,94.539
0,same_place_other_date,glc-5272,2017-07-27,7,26.208,94.544,1,Nagaland,9.4,7,30.7,100,206.2,617.4,163.7,5.2,7,11.53,35.53,73.32,498.33,0.502,0.512,0.51,22.7,18.4,0,1482,11.342,287.996,0.309,-0.951,0.68,397,2.134,5,4.9,open-meteo-era5,26.186,94.539
0,same_place_other_date,glc-5272,2014-09-14,9,26.208,94.544,1,Nagaland,17.4,14.2,35.6,67.7,174.6,392.7,106.513,5.1,7,4.56,21.78,55.44,201.27,0.483,0.473,0.481,22.8,17.6,0,1482,11.342,287.996,0.309,-0.951,0.68,397,2.435,5,5,open-meteo-era5,26.186,94.539
0,nearby_place_same_date,glc-5272,2013-08-04,8,26.496,94.485,1,Nagaland,10.1,2,29.9,92,295.1,398.6,150.246,1.4,7,5.53,15.66,54.81,307.87,0.44,0.47,0.493,27.8,21.1,0,895,20.705,100.586,-0.184,0.983,0.731,427,1.816,3,5,open-meteo-era5,26.467,94.46
1,event,glc-5274,2013-08-04,8,26.084,94.564,25,Nagaland,4.9,1.3,17.4,35.6,134.9,339.1,89.834,1.1,6,5.78,14.93,47.43,290.88,0.488,0.491,0.467,23.2,16.7,0,1835,16.434,98.997,-0.156,0.988,0.198,336,2.05,3,5,open-meteo-era5,26.046,94.628
0,same_place_other_date,glc-5274,2018-08-13,8,26.084,94.564,25,Nagaland,36,26,66.8,180.1,421.6,771.6,240.268,11.5,6,11.37,53.9,94.18,402.46,0.506,0.51,0.506,20.5,16.7,0,1835,16.434,98.997,-0.156,0.988,0.198,336,1.017,2,4.4,open-meteo-era5,26.046,94.628
0,same_place_other_date,glc-5274,2007-07-07,7,26.084,94.564,25,Nagaland,11.2,18.6,31.7,43.3,142,485.9,107.11,4.9,6,9.36,15.03,31.22,198.78,0.494,0.495,0.479,22.4,17.4,0,1835,16.434,98.997,-0.156,0.988,0.198,336,4.632,4,5.2,open-meteo-era5,26.046,94.628
0,nearby_place_same_date,glc-5274,2013-08-04,8,26.102,94.954,25,Nagaland,17.9,7.8,46.8,108.2,242.2,594.8,164.051,6.1,7,20.58,23.57,59.87,325.91,0.437,0.442,0.448,29.7,23,0,875,30.564,36.304,0.806,0.592,-0.094,354,2.036,3,5,open-meteo-era5,26.046,94.923
1,event,glc-5275,2013-08-04,8,26.15,94.606,10,Nagaland,9.3,3.8,30,66.4,227.9,364.2,125.277,2.9,7,5.78,14.93,47.43,290.88,0.488,0.491,0.467,24,17.5,0,1700,26.873,174.084,-0.995,0.103,-0.453,497,2.012,3,5,open-meteo-era5,26.116,94.633
0,same_place_other_date,glc-5275,2014-07-21,7,26.15,94.606,10,Nagaland,28.8,5.7,51.8,154.6,238.5,498.6,159.665,5.3,7,5.35,14.45,37.56,187.71,0.49,0.48,0.477,23.5,17.9,0,1700,26.873,174.084,-0.995,0.103,-0.453,497,1.822,2,4.3,open-meteo-era5,26.116,94.633
0,same_place_other_date,glc-5275,2012-06-22,6,26.15,94.606,10,Nagaland,38.2,38.8,118.5,192.4,249,500.7,187.231,10,7,21.11,50.91,56.82,266.4,0.482,0.481,0.511,22.3,17.8,0,1700,26.873,174.084,-0.995,0.103,-0.453,497,1.572,3,4.7,open-meteo-era5,26.116,94.633
0,nearby_place_same_date,glc-5275,2013-08-04,8,26.379,94.909,10,Nagaland,16.8,8.8,38.8,97.2,246.4,457.8,146.471,3.4,7,12.56,15.5,52.24,311.57,0.464,0.46,0.439,31.5,25.1,0,489,4.523,270.881,0.015,-1,0.019,176,1.88,3,5,open-meteo-era5,26.467,94.857
1,event,glc-5312,2013-08-11,8,26.71,94.693,10,Assam,26.4,17.6,50.8,105.7,200.9,396.9,127.257,5.6,7,6.1,12.29,114,349.21,0.483,0.48,0.491,25.4,20.8,0,685,11.853,256.206,-0.238,-0.971,-0.381,318,1.711,0,,open-meteo-era5,26.678,94.773
0,same_place_other_date,glc-5312,2025-07-09,7,26.71,94.693,10,Assam,10.5,9.2,21.7,91.8,219.3,499.9,150.566,5.1,7,4,25.15,110.31,324.21,0.487,0.494,0.462,29.4,21.1,0,685,11.853,256.206,-0.238,-0.971,-0.381,318,1.781,4,4.4,open-meteo-era5,26.678,94.773
0,same_place_other_date,glc-5312,2018-07-03,7,26.71,94.693,10,Assam,11.5,13,32.6,118.5,205.1,476.9,146.146,4.6,7,11.33,27.4,77.98,318.72,0.499,0.508,0.483,26.6,23.2,0,685,11.853,256.206,-0.238,-0.971,-0.381,318,2.213,4,4.9,open-meteo-era5,26.678,94.773
0,nearby_place_same_date,glc-5312,2013-08-11,8,26.865,94.546,10,Assam,24.3,10.2,45.4,109.4,200.3,418.6,131.301,3.1,7,13.04,22.83,138.7,413.73,0.486,0.488,0.499,29.7,24.4,0,96,0.754,,0,0,0,14,1.634,0,,open-meteo-era5,26.889,94.59
1,event,glc-5427,2013-08-15,8,25.383,94.188,5,Nagaland,8.1,19.8,41.8,133.6,283.9,415.8,177.442,3.1,7,4.08,74.99,91.33,275.76,0.492,0.494,0.483,23,16.5,0,1689,17.132,229.764,-0.646,-0.763,0.466,273,2.465,2,5,open-meteo-era5,25.413,94.193
0,same_place_other_date,glc-5427,2012-08-07,8,25.383,94.188,5,Nagaland,17.2,17.6,55.7,158.2,262.7,427.5,164.139,7,7,4.54,21.54,50.54,220.92,0.478,0.494,0.487,22,17.2,0,1689,17.132,229.764,-0.646,-0.763,0.466,273,4.578,11,5.7,open-meteo-era5,25.413,94.193
0,same_place_other_date,glc-5427,2010-07-13,7,25.383,94.188,5,Nagaland,1.6,25,47,60.4,206.5,524.8,142.221,8.1,7,9.41,25.93,34.71,232.82,0.475,0.492,0.493,24.3,16.9,0,1689,17.132,229.764,-0.646,-0.763,0.466,273,1.577,3,4.4,open-meteo-era5,25.413,94.193
0,nearby_place_same_date,glc-5427,2013-08-15,8,25.357,94.394,5,Nagaland,6.5,62,80.8,183.2,350.4,519.3,231.238,9.7,7,4.08,74.99,91.33,275.76,0.471,0.493,0.493,26.1,19.7,0,1166,12.568,189.972,-0.985,-0.173,0.317,470,2.521,2,5,open-meteo-era5,25.343,94.383
1,event,glc-5338,2013-08-16,8,26.873,94.928,25,Assam,16.4,27.6,56.2,127.8,254.8,542.7,171.256,5.2,7,36.7,45.85,83.15,404.03,0.491,0.491,0.499,30.1,24.5,0,133,2.081,289.654,0.336,-0.942,-0.019,70,2.228,1,4.3,open-meteo-era5,26.889,94.889
0,same_place_other_date,glc-5338,2025-07-14,7,26.873,94.928,25,Assam,13.4,0,13.7,24.6,101.1,325.6,60.826,6.5,3,10.27,10.33,19.83,311.57,0.349,0.436,0.447,35.2,26.2,0,133,2.081,289.654,0.336,-0.942,-0.019,70,1.527,5,4.5,open-meteo-era5,26.889,94.889
0,same_place_other_date,glc-5338,2021-08-27,8,26.873,94.928,25,Assam,13.7,10.8,28.3,60.8,143.7,302.8,84.894,1.8,6,9.03,49.75,91.69,426.82,0.503,0.507,0.507,26.9,24,0,133,2.081,289.654,0.336,-0.942,-0.019,70,1.935,3,4.9,open-meteo-era5,26.889,94.889
0,nearby_place_same_date,glc-5338,2013-08-16,8,26.822,94.691,25,Assam,10.4,14.3,37.6,112.1,202.4,427,140.554,3.7,7,36.7,45.85,83.15,404.03,0.466,0.47,0.5,30.5,25,0,98,0.594,,0,0,-0.019,10,2.165,1,4.3,open-meteo-era5,26.819,94.684
1,event,glc-5337,2013-08-16,8,26.421,94.973,5,Nagaland,19.2,12.8,41.1,95.1,217.7,447.4,134.131,2.6,7,39.28,53.14,98.45,387.63,0.457,0.456,0.473,27,23,0,699,15.853,177.297,-0.999,0.047,0.171,326,2.11,2,5,open-meteo-era5,26.467,94.857
0,same_place_other_date,glc-5337,2016-08-09,8,26.421,94.973,5,Nagaland,18.8,12.2,68.3,167.8,237.8,513.8,179.999,3.5,7,11.82,33.02,74.53,371.5,0.429,0.446,0.449,28.3,23,0,699,15.853,177.297,-0.999,0.047,0.171,326,1,2,4.1,open-meteo-era5,26.467,94.857
0,same_place_other_date,glc-5337,2011-07-05,7,26.421,94.973,5,Nagaland,16.8,19.3,53.2,171.6,294,587.1,200.119,3.1,7,7.89,54.82,140.4,308.44,0.454,0.468,0.47,26.7,22.4,0,699,15.853,177.297,-0.999,0.047,0.171,326,1.37,0,,open-meteo-era5,26.467,94.857
0,nearby_place_same_date,glc-5337,2013-08-16,8,26.582,95.289,5,Nagaland,19.2,3.9,27,53.7,165.6,348.1,91.071,1.9,7,39.28,53.14,98.45,387.63,0.495,0.495,0.487,27.8,23.4,0,774,27.164,328.009,0.848,-0.53,0.076,419,2.213,2,5,open-meteo-era5,26.608,95.265
1,event,glc-5336,2013-08-16,8,26.39,94.944,10,Nagaland,19.2,12.8,41.1,95.1,217.7,447.4,134.131,2.6,7,39.28,53.14,98.45,387.63,0.448,0.459,0.446,28.9,24.7,0,522,7.081,318.972,0.754,-0.656,-0.825,416,2.096,2,5,open-meteo-era5,26.467,94.857
0,same_place_other_date,glc-5336,2009-07-26,7,26.39,94.944,10,Nagaland,17.9,8.7,32.6,76.4,176.2,437.6,110.21,3.4,7,8.53,36.8,74.33,343.47,0.451,0.455,0.457,30.2,26.1,0,522,7.081,318.972,0.754,-0.656,-0.825,416,1.776,1,4.1,open-meteo-era5,26.467,94.857
0,same_place_other_date,glc-5336,2009-08-22,8,26.39,94.944,10,Nagaland,17.7,19,56.5,165.9,421.8,707.4,231.715,3.6,7,30.53,93.34,129.2,507.43,0.452,0.459,0.468,29.9,24.1,0,522,7.081,318.972,0.754,-0.656,-0.825,416,2.853,2,5.5,open-meteo-era5,26.467,94.857
0,nearby_place_same_date,glc-5336,2013-08-16,8,26.259,95.283,10,Nagaland,21,4.1,28.3,79.9,223.4,456.4,123.267,4.5,7,39.28,53.14,98.45,387.63,0.488,0.487,0.469,21.9,17.3,0,1667,16.06,52.549,0.608,0.794,-0.246,450,2.116,2,5,open-meteo-era5,26.257,95.236
1,event,glc-5343,2013-08-17,8,24.763,93.434,10,Assam,12.5,7.9,35.6,78.9,188.8,416.9,119.449,2.3,7,8.13,26.33,125.91,339.01,0.42,0.421,0.417,25.9,21.8,0,669,24.81,137.526,-0.738,0.675,0.969,425,2.529,2,5,open-meteo-era5,24.78,93.476
0,same_place_other_date,glc-5343,2018-09-02,9,24.763,93.434,10,Assam,8.7,51.7,69.5,114.2,257.1,410.6,167.601,13.7,7,3.33,36.98,66.69,280.93,0.427,0.426,0.425,27.5,21.3,0,669,24.81,137.526,-0.738,0.675,0.969,425,2.417,4,4.9,open-meteo-era5,24.78,93.476
0,same_place_other_date,glc-5343,2015-09-13,9,24.763,93.434,10,Assam,5.4,9.4,23.6,34.6,183.1,460.3,107.337,2.2,7,6.19,15.95,39.43,334.83,0.406,0.402,0.395,29.9,21.6,0,669,24.81,137.526,-0.738,0.675,0.969,425,2.153,4,4.5,open-meteo-era5,24.78,93.476
0,nearby_place_same_date,glc-5343,2013-08-17,8,25.066,93.38,10,Assam,6,4.4,20.1,81.2,175.5,282.2,102.489,2.1,7,8.13,26.33,125.91,339.01,0.416,0.418,0.423,28.5,23.6,0,256,6.532,123.857,-0.557,0.83,-0.315,253,2.363,2,5,open-meteo-era5,25.062,93.394
1,event,glc-5421,2013-08-30,8,26.421,94.973,5,Nagaland,9.3,5.3,29.6,101.1,189.2,402.6,126.674,2.3,7,7.63,44.85,79.68,350.44,0.448,0.443,0.445,27.9,23.3,0,699,15.853,177.297,-0.999,0.047,0.171,326,2.11,5,5,open-meteo-era5,26.467,94.857
0,same_place_other_date,glc-5421,2019-09-13,9,26.421,94.973,5,Nagaland,7.4,74.2,126.3,158.6,199.8,355.2,169.343,22.4,7,8.3,51.04,128.79,253.02,0.509,0.512,0.49,26.2,22.8,0,699,15.853,177.297,-0.999,0.047,0.171,326,2.387,3,5,open-meteo-era5,26.467,94.857
0,same_place_other_date,glc-5421,2007-09-04,9,26.421,94.973,5,Nagaland,16.5,18.1,58.9,125.6,248.5,507.9,165.53,2.5,7,26.35,49.34,66.55,242.78,0.458,0.467,0.471,26,23,0,699,15.853,177.297,-0.999,0.047,0.171,326,1.407,3,4.4,open-meteo-era5,26.467,94.857
0,nearby_place_same_date,glc-5421,2013-08-30,8,26.166,94.916,5,Nagaland,6,3.3,21.4,117.1,188.6,421.4,130.773,1.4,7,5.46,28.5,71.13,331.06,0.441,0.445,0.452,23.1,17.4,0,1690,13.518,238.639,-0.52,-0.854,-0.208,336,2.031,5,5,open-meteo-era5,26.186,94.934
1,event,glc-5431,2013-09-01,9,24.983,93.506,5,Assam,3.7,1.2,6.7,82.4,134,309.5,88.784,1.8,7,5.42,8.29,54.14,293.88,0.403,0.405,0.415,23.1,17.8,0,1322,20.8,6.18,0.994,0.108,0.037,375,1.563,4,4.3,open-meteo-era5,24.991,93.585
0,same_place_other_date,glc-5431,2021-08-15,8,24.983,93.506,5,Assam,7.3,16.5,45.2,106.4,201.5,319.8,129.72,2.1,7,2.24,10.03,25.15,213.57,0.427,0.427,0.429,20.8,18.2,0,1322,20.8,6.18,0.994,0.108,0.037,375,3.023,4,4.9,open-meteo-era5,24.991,93.585
0,same_place_other_date,glc-5431,2023-09-12,9,24.983,93.506,5,Assam,15.3,17.9,47.5,94.5,125.7,242.8,90.982,11.7,6,10.49,14.71,23.89,167.3,0.415,0.407,0.379,26,18.8,0,1322,20.8,6.18,0.994,0.108,0.037,375,3.528,5,5.3,open-meteo-era5,24.991,93.585
0,nearby_place_same_date,glc-5431,2013-09-01,9,24.806,93.592,5,Assam,5.8,2.3,12.2,117.7,205.6,394.4,125.063,1,7,5.42,8.29,54.14,293.88,0.428,0.43,0.436,26.3,20.7,0,881,28.341,297.592,0.463,-0.886,-0.314,499,1.668,4,4.3,open-meteo-era5,24.78,93.573
1,event,glc-5430,2013-09-01,9,24.904,93.487,25,Manipur,3.7,1.2,6.7,82.4,134,309.5,88.784,1.8,7,5.42,8.29,54.14,293.88,0.403,0.407,0.417,23,17.9,0,1253,27.395,244.148,-0.436,-0.9,-0.943,484,1.567,4,4.3,open-meteo-era5,24.921,93.484
0,same_place_other_date,glc-5430,2025-08-10,8,24.904,93.487,25,Manipur,7.7,8.1,40.5,102.2,252.8,380.7,142.824,1.3,7,1.35,13.8,40.58,205.04,0.421,0.423,0.427,23.2,17.9,0,1253,27.395,244.148,-0.436,-0.9,-0.943,484,1.749,3,4.6,open-meteo-era5,24.921,93.484
0,same_place_other_date,glc-5430,2020-08-27,8,24.904,93.487,25,Manipur,5.9,4.4,10.5,40.2,126.5,261.6,78.785,1.6,6,1.31,10.59,23.36,172.51,0.395,0.397,0.412,24,16,0,1253,27.395,244.148,-0.436,-0.9,-0.943,484,2.939,7,5.3,open-meteo-era5,24.921,93.484
0,nearby_place_same_date,glc-5430,2013-09-01,9,24.974,93.624,25,Manipur,3.7,1.2,6.7,82.4,134,309.5,88.784,1.8,7,5.42,8.29,54.14,293.88,0.413,0.413,0.429,24,18.3,0,1391,26.222,272.939,0.051,-0.999,0.176,420,1.648,4,4.3,open-meteo-era5,24.991,93.681
1,event,glc-5441,2013-09-02,9,28.611,94.983,5,Arunachal Pradesh,43.9,30.2,85.1,151.1,198.4,416.7,127.911,3.4,7,24.66,57.5,122.63,401.7,0.428,0.428,0.429,18.7,16.6,0,1672,34.578,354.002,0.995,-0.104,0.503,752,3.448,1,4.5,open-meteo-era5,28.576,94.92
0,same_place_other_date,glc-5441,2015-07-24,7,28.611,94.983,5,Arunachal Pradesh,8.8,3.8,22.2,45.6,208,415.6,117.951,2.5,5,10.36,67.63,96.94,289.16,0.423,0.423,0.408,23,15.4,0,1672,34.578,354.002,0.995,-0.104,0.503,752,2.6,8,5.1,open-meteo-era5,28.576,94.92
0,same_place_other_date,glc-5441,2007-08-14,8,28.611,94.983,5,Arunachal Pradesh,23.1,25.8,64.3,87.1,185.3,703.6,155.537,4.3,6,23.19,40.45,58.15,423.27,0.428,0.428,0.429,19.3,16.9,0,1672,34.578,354.002,0.995,-0.104,0.503,752,1,0,,open-meteo-era5,28.576,94.92
0,nearby_place_same_date,glc-5441,2013-09-02,9,28.442,94.804,5,Arunachal Pradesh,109,63.1,213.7,312.6,355.1,558.8,210.028,6.4,7,24.66,57.5,122.63,401.7,0.428,0.428,0.429,20.6,19.1,0,1053,29.171,227.701,-0.673,-0.74,-0.02,438,3.542,1,4.5,open-meteo-era5,28.436,94.807
1,event,glc-5476,2013-09-07,9,27.374,88.732,25,Sikkim,1.4,13.4,35.9,153.1,300.9,564.2,196.749,1.4,7,5.47,27.37,61.64,224.6,0.424,0.425,0.432,10.6,6.8,0,3442,26.69,191.694,-0.979,-0.203,0.019,375,1.693,1,4.9,open-meteo-era5,27.311,88.795
0,same_place_other_date,glc-5476,2012-09-08,9,27.374,88.732,25,Sikkim,8.7,4.4,28.1,98.4,263.1,563.6,172.177,1.5,7,1.04,5.22,18.12,176.35,0.408,0.415,0.41,13.8,5.1,0,3442,26.69,191.694,-0.979,-0.203,0.019,375,1.12,0,,open-meteo-era5,27.311,88.795
0,same_place_other_date,glc-5476,2020-07-31,7,27.374,88.732,25,Sikkim,51.5,37.1,108.3,176.3,490.1,1216.5,295.604,10.9,7,20.84,45.26,108.29,556.91,0.429,0.429,0.429,11.9,9.5,0,3442,26.69,191.694,-0.979,-0.203,0.019,375,1.842,1,4.1,open-meteo-era5,27.311,88.795
0,nearby_place_same_date,glc-5476,2013-09-07,9,27.534,88.58,25,Sikkim,3.7,26.9,65.3,232,445.3,816.5,292.276,2.6,7,5.47,27.37,61.64,224.6,0.424,0.424,0.434,21.8,17.4,0,1362,32.167,83.264,0.117,0.993,0.193,692,1.794,2,4.9,open-meteo-era5,27.522,88.589
1,event,glc-5533,2013-09-16,9,27.06,88.467,5,West Bengal,0,1.4,1.7,11,150.9,359.3,80.763,1.4,4,2.88,5.66,21.29,279.54,0.344,0.358,0.342,24.4,17.3,0,1246,8.549,77.775,0.212,0.977,0.47,293,1.749,2,4.9,open-meteo-era5,27.1,88.498
0,same_place_other_date,glc-5533,2021-10-11,10,27.06,88.467,5,West Bengal,0.3,3.7,11.5,21.5,46.1,131.6,33.601,1.2,5,0,2.6,28.91,188.2,0.363,0.35,0.326,25.2,16.2,0,1246,8.549,77.775,0.212,0.977,0.47,293,1.398,2,4.5,open-meteo-era5,27.1,88.498
0,same_place_other_date,glc-5533,2010-10-19,10,27.06,88.467,5,West Bengal,0,0,13.6,18.6,34.6,90.2,26.567,0,2,0.54,11.95,25.44,160.78,0.367,0.353,0.308,23.7,15.5,0,1246,8.549,77.775,0.212,0.977,0.47,293,1.583,0,,open-meteo-era5,27.1,88.498
0,nearby_place_same_date,glc-5533,2013-09-16,9,27.321,88.682,5,West Bengal,2.1,3.1,10.8,43.3,193.8,546.9,119.698,0.6,7,2.64,4.31,18.64,163.28,0.393,0.4,0.381,15.3,10.3,0,2812,26.082,121.259,-0.519,0.855,0.202,473,1.707,1,4.9,open-meteo-era5,27.381,88.693
1,event,glc-5552,2013-09-24,9,25.099,94.362,5,Manipur,5.7,1.5,7.3,15.6,60.6,173.2,35.99,1.5,6,0.3,0.56,1.4,257.66,0.386,0.389,0.404,22.9,15.6,0,1900,2.964,358.668,1,-0.023,0.167,183,2.93,4,5.7,open-meteo-era5,25.132,94.369
0,same_place_other_date,glc-5552,2018-08-22,8,25.099,94.362,5,Manipur,17.8,13.3,33.8,65.4,162.7,364.4,98.521,4,6,4.06,26.38,39.78,313.26,0.413,0.41,0.413,20.8,16.4,0,1900,2.964,358.668,1,-0.023,0.167,183,2.667,4,4.9,open-meteo-era5,25.132,94.369
0,same_place_other_date,glc-5552,2007-10-07,10,25.099,94.362,5,Manipur,16.1,6.2,25.6,43.9,58.9,127.2,35.415,3.6,5,9.28,10.66,13.9,57.92,0.408,0.402,0.376,20.1,15.2,0,1900,2.964,358.668,1,-0.023,0.167,183,2.152,5,4.6,open-meteo-era5,25.132,94.369
0,nearby_place_same_date,glc-5552,2013-09-24,9,25.411,94.551,5,Manipur,11.8,0.5,13.3,31.5,91.8,209.7,49.959,2,5,0.26,0.41,2.36,236.15,0.446,0.455,0.467,28.5,20.9,0,1016,8.456,240.313,-0.495,-0.869,-0.466,240,2.829,2,4.5,open-meteo-era5,25.413,94.485
1,event,glc-5575,2013-10-05,10,25.827,94.15,5,Nagaland,26.4,11.2,42.4,61.6,152.5,286.4,78.052,4.1,6,16.72,36.68,39.65,165.52,0.482,0.495,0.494,18.9,16.1,0,1400,17.999,14.243,0.969,0.246,-0.103,240,2.56,4,4.6,open-meteo-era5,25.835,94.122
0,same_place_other_date,glc-5575,2009-11-02,11,25.827,94.15,5,Nagaland,0.1,0,0.1,6.6,18.4,136,21.506,0.1,2,0,0,0,117.67,0.415,0.43,0.443,23,12.1,0,1400,17.999,14.243,0.969,0.246,-0.103,240,1.9,1,4.8,open-meteo-era5,25.835,94.122
0,same_place_other_date,glc-5575,2016-10-19,10,25.827,94.15,5,Nagaland,2.2,1.3,13.4,29.7,126.3,251,72.898,0.8,6,0,0,1.03,166.26,0.471,0.478,0.476,22.5,12.4,0,1400,17.999,14.243,0.969,0.246,-0.103,240,2.506,5,4.7,open-meteo-era5,25.835,94.122
0,nearby_place_same_date,glc-5575,2013-10-05,10,26.102,94.319,5,Nagaland,23.5,3.9,29.8,39.8,99.9,201.9,50.406,4.3,5,16.72,36.68,39.65,165.52,0.495,0.479,0.481,21.8,19.2,0,996,13.045,174.588,-0.996,0.094,0.604,268,2.483,4,4.6,open-meteo-era5,26.116,94.337
1,event,glc-5582,2013-10-06,10,26.131,91.838,5,Assam,24.5,13.6,47.5,65.6,134.7,289.1,87.486,3.3,5,62.76,151.09,174.79,276.04,0.487,0.493,0.509,25.1,22.7,0,107,10.804,29.338,0.872,0.49,-0.047,145,2.419,2,4.6,open-meteo-era5,26.116,91.873
0,same_place_other_date,glc-5582,2014-11-02,11,26.131,91.838,5,Assam,0,0,0,4.1,5.7,51.2,8.386,0,2,0,0,0.04,59.4,0.347,0.375,0.394,28.7,21.9,0,107,10.804,29.338,0.872,0.49,-0.047,145,1.771,2,4.3,open-meteo-era5,26.116,91.873
0,same_place_other_date,glc-5582,2015-09-26,9,26.131,91.838,5,Assam,0.2,0.6,7.6,168.5,247.6,605.1,181.381,0.2,5,0,17.59,133,403.61,0.471,0.488,0.48,29.8,22.4,0,107,10.804,29.338,0.872,0.49,-0.047,145,3.195,4,4.4,open-meteo-era5,26.116,91.873
0,nearby_place_same_date,glc-5582,2013-10-06,10,26.142,91.517,5,Assam,20,11,37.5,51.4,116.4,238.9,72.931,2.3,5,63.61,153.3,182.5,288.6,0.491,0.495,0.498,24.9,22.9,0,44,0.001,,0,0,0,0.75,2.242,1,4.5,open-meteo-era5,26.116,91.479
1,event,glc-5584,2013-10-06,10,26.167,91.705,5,Assam,24.5,13.6,47.5,65.6,134.7,289.1,87.486,3.3,5,62.76,151.09,174.79,276.04,0.483,0.493,0.492,24.1,22,0,231,10.549,195.124,-0.965,-0.261,0.057,233,2.386,1,4.5,open-meteo-era5,26.186,91.678
0,same_place_other_date,glc-5584,2022-11-10,11,26.167,91.705,5,Assam,0.1,0.1,0.3,1.2,3.6,75.1,14.085,0.1,0,0,0,0.27,119.48,0.375,0.388,0.439,26.8,18.8,0,231,10.549,195.124,-0.965,-0.261,0.057,233,2.286,1,4.2,open-meteo-era5,26.186,91.678
0,same_place_other_date,glc-5584,2008-09-13,9,26.167,91.705,5,Assam,9.5,3.7,16.9,68.3,108.3,424.1,87.933,3.6,7,1.7,2.16,3.95,200.03,0.469,0.472,0.503,31.3,24.3,0,231,10.549,195.124,-0.965,-0.261,0.057,233,2.617,1,4.2,open-meteo-era5,26.186,91.678
0,nearby_place_same_date,glc-5584,2013-10-06,10,25.882,91.683,5,Assam,33.4,15.4,68.6,86.9,149.4,271.2,89.863,4,5,62.76,151.09,174.79,276.04,0.485,0.482,0.511,23.3,21,0,370,11.604,128.29,-0.62,0.785,-0.122,170,2.075,2,4.6,open-meteo-era5,25.905,91.67
1,event,glc-5603,2013-10-13,10,25.426,94.602,5,Manipur,0,0.1,0.1,27.2,100.8,190.3,63.14,0.1,2,0.02,0.04,17.24,140.18,0.376,0.385,0.407,24.7,16.7,0,1336,13.635,335.603,0.911,-0.413,0.075,263,2.833,4,4.6,open-meteo-era5,25.413,94.583
0,same_place_other_date,glc-5603,2022-09-25,9,25.426,94.602,5,Manipur,15.4,17,35,39.2,72.2,158.9,42.041,12.4,5,3.66,24.86,32.95,189.31,0.394,0.378,0.326,24,17.2,0,1336,13.635,335.603,0.911,-0.413,0.075,263,1.524,3,4.4,open-meteo-era5,25.413,94.583
0,same_place_other_date,glc-5603,2009-11-03,11,25.426,94.602,5,Manipur,6.2,0.1,6.3,6.3,6.4,49.9,4.578,4.2,1,0,0,0,105.87,0.298,0.315,0.354,23.6,15.5,0,1336,13.635,335.603,0.911,-0.413,0.075,263,1.77,1,4.8,open-meteo-era5,25.413,94.583
0,nearby_place_same_date,glc-5603,2013-10-13,10,25.542,94.769,5,Manipur,0.1,0.3,0.4,42.7,151.4,239,89.929,0.2,2,0,0,15.6,134.94,0.417,0.43,0.466,23.7,15.9,0,1329,17.024,259.311,-0.185,-0.983,-0.206,321,2.81,4,4.6,open-meteo-era5,25.624,94.696
1,event,glc-6015,2014-05-08,5,27.903,96.174,1,Arunachal Pradesh,51.3,27.8,80,89,91.2,110.5,37.876,4.6,6,33.77,55.08,62.54,98.57,0.447,0.336,0.337,22.2,17.7,0,208,0.728,,0,0,0.039,21,1.675,0,,open-meteo-era5,27.873,96.182
0,same_place_other_date,glc-6015,2012-04-05,4,27.903,96.174,1,Arunachal Pradesh,1.9,1.3,3.2,22.6,78.2,93.7,39.065,1.3,3,2.76,3.74,15.67,68.9,0.381,0.414,0.373,26.3,17.8,0,208,0.728,,0,0,0.039,21,1.885,3,4.7,open-meteo-era5,27.873,96.182
0,same_place_other_date,glc-6015,2017-06-09,6,27.903,96.174,1,Arunachal Pradesh,1.5,2.7,4.2,60.9,256.3,376.7,147.915,1.7,5,1.47,6.3,104.77,413.55,0.478,0.474,0.466,31.6,23.6,0,208,0.728,,0,0,0.039,21,1.189,1,4.5,open-meteo-era5,27.873,96.182
0,nearby_place_same_date,glc-6015,2014-05-08,5,27.917,96.377,1,Arunachal Pradesh,67.5,31.1,101,120.4,130.3,149.7,52.677,5.5,7,33.77,55.08,62.54,98.57,0.475,0.37,0.368,18.5,15.1,0,1045,28.007,34.796,0.821,0.571,0.74,623,1.684,0,,open-meteo-era5,27.873,96.385
1,event,glc-6016,2014-05-09,5,24.867,92.358,1,Assam,53.9,65.9,160.1,224.1,274.3,279.8,165.313,6,7,43.71,124.37,171.03,220.83,0.482,0.496,0.325,25.3,22.1,0,22,0.832,,0,0,-0.092,13,1.729,1,4.3,open-meteo-era5,24.851,92.32
0,same_place_other_date,glc-6016,2016-06-16,6,24.867,92.358,1,Assam,7.2,4.9,42,287.8,374.7,724.9,287.599,1.2,7,5.22,37.57,86.44,569.74,0.472,0.481,0.476,29.2,24.8,0,22,0.832,,0,0,-0.092,13,1.605,3,4.8,open-meteo-era5,24.851,92.32
0,same_place_other_date,glc-6016,2016-05-27,5,24.867,92.358,1,Assam,8,17.3,87.2,216.6,476.3,546.7,256.373,3.6,7,14.84,36.14,147,673.87,0.469,0.476,0.489,30,22.6,0,22,0.832,,0,0,-0.092,13,2.299,6,4.8,open-meteo-era5,24.851,92.32
0,nearby_place_same_date,glc-6016,2014-05-09,5,24.706,92.046,1,Assam,64.6,74.2,197.6,302.2,378.4,387.4,228.311,8.7,7,37.77,124.6,152.6,217.97,0.431,0.432,0.364,28.7,22.6,0,11,0.292,,0,0,-0.028,10,1.704,1,4.3,open-meteo-era5,24.71,92.026
1,event,glc-6106,2014-06-26,6,26.141,91.765,5,Assam,27.8,3.7,36.6,216,285.6,436.3,183.358,4.8,7,14.23,20.69,180.1,367.99,0.483,0.463,0.502,31.5,26,0,61,2.892,152.819,-0.89,0.457,0.009,43,2.289,3,4.3,open-meteo-era5,26.116,91.774
0,same_place_other_date,glc-6106,2026-08-01,8,26.141,91.765,5,Assam,17.9,30.6,86.6,159.1,314,664.9,221.934,7.2,7,4.9,23.15,46.35,417.26,0.491,0.491,0.482,30.2,25,0,61,2.892,152.819,-0.89,0.457,0.009,43,2.072,2,4.3,open-meteo-era5,26.116,91.774
0,same_place_other_date,glc-6106,2013-06-12,6,26.141,91.765,5,Assam,0,0.7,7.2,39.7,129.2,340,89.839,0.4,5,0.14,1.06,19,191.12,0.469,0.468,0.503,36.3,24.9,0,61,2.892,152.819,-0.89,0.457,0.009,43,1,0,,open-meteo-era5,26.116,91.774
0,nearby_place_same_date,glc-6106,2014-06-26,6,26.187,91.501,5,Assam,16,1.6,22.7,202.8,264.6,459,180.555,6.9,7,14.76,21.75,199.42,398.22,0.486,0.476,0.505,32.2,25.6,0,49,0.794,,0,0,-0.057,13,2.085,3,4.3,open-meteo-era5,26.186,91.48
1,event,glc-6107,2014-06-26,6,26.184,91.79,5,Assam,27.8,3.7,36.6,216,285.6,436.3,183.358,4.8,7,14.23,20.69,180.1,367.99,0.484,0.462,0.503,31.8,26,0,61,1.004,,0,0,-0.057,56,2.362,3,4.3,open-meteo-era5,26.186,91.776
0,same_place_other_date,glc-6107,2022-07-16,7,26.184,91.79,5,Assam,15.5,0,15.5,85.8,141.4,390.3,95.163,5.3,5,2.47,4.4,34,260.59,0.454,0.473,0.503,34.6,25.9,0,61,1.004,,0,0,-0.057,56,1,3,4.3,open-meteo-era5,26.186,91.776
0,same_place_other_date,glc-6107,2015-05-21,5,26.184,91.79,5,Assam,23.5,0.4,28.9,65.5,120.1,238,63.71,6,5,6.06,6.18,40.52,237.68,0.472,0.476,0.446,30.2,25.1,0,61,1.004,,0,0,-0.057,56,4.67,0,,open-meteo-era5,26.186,91.776
0,nearby_place_same_date,glc-6107,2014-06-26,6,26.26,91.523,5,Assam,16,1.6,22.7,202.8,264.6,459,180.555,6.9,7,13.35,24.06,202.21,390.95,0.493,0.493,0.497,32.4,25.6,0,50,0.934,,0,0,-0.104,13,2.165,3,4.3,open-meteo-era5,26.257,91.482
1,event,glc-6110,2014-06-27,6,26.162,91.77,0.5,Assam,7.1,27.8,38.6,168.4,284.5,433.5,192.433,4.8,7,6.85,21.91,150.58,349.14,0.477,0.485,0.502,29.8,25.8,0,55,0.311,,0,0,-0.019,70,2.317,3,4.3,open-meteo-era5,26.186,91.776
0,same_place_other_date,glc-6110,2009-05-20,5,26.162,91.77,0.5,Assam,1.7,0.2,8.3,47.3,68.5,163.7,56.078,0.8,5,0.22,9.79,31.87,153.91,0.474,0.47,0.335,32.4,24.5,0,55,0.311,,0,0,-0.019,70,3.652,1,4.4,open-meteo-era5,26.186,91.776
0,same_place_other_date,glc-6110,2007-05-14,5,26.162,91.77,0.5,Assam,0.2,7.2,12.9,100.4,111.8,240.1,93.871,2.2,6,8.13,8.67,39.92,207.72,0.492,0.477,0.469,28.8,23.8,0,55,0.311,,0,0,-0.019,70,1.241,0,,open-meteo-era5,26.186,91.776
0,nearby_place_same_date,glc-6110,2014-06-27,6,26.25,91.995,0.5,Assam,13.3,30.3,48,184.6,308.6,433.5,200.099,5.8,7,9.89,24.82,151.79,329.68,0.472,0.496,0.506,28.4,24.4,0,315,15.647,298.233,0.473,-0.881,-0.322,262,2.657,3,4.3,open-meteo-era5,26.257,91.976
1,event,glc-6112,2014-06-28,6,26.196,91.765,0.5,Assam,4.5,7.1,39.4,114.6,287.3,435.6,179.87,1.4,7,10.84,31.92,109.1,354.92,0.489,0.493,0.511,28.9,25.6,0,85,4.74,100.981,-0.19,0.982,0.217,144,2.352,3,4.3,open-meteo-era5,26.186,91.776
0,same_place_other_date,glc-6112,2010-07-09,7,26.196,91.765,0.5,Assam,1.5,0,1.9,84.6,263,478.9,162.892,0.4,5,2.21,5.82,56.52,324.22,0.455,0.465,0.477,30.3,26.2,0,85,4.74,100.981,-0.19,0.982,0.217,144,1.391,1,4.3,open-meteo-era5,26.186,91.776
0,same_place_other_date,glc-6112,2025-08-01,8,26.196,91.765,0.5,Assam,20.9,26.1,72,204.9,253.9,496.6,187.001,9.2,7,6.67,25.45,143.02,305.15,0.445,0.452,0.412,32,26.4,0,85,4.74,100.981,-0.19,0.982,0.217,144,1.605,1,4.2,open-meteo-era5,26.186,91.776
0,nearby_place_same_date,glc-6112,2014-06-28,6,26.205,91.632,0.5,Assam,4.5,7.1,39.4,114.6,287.3,435.6,179.87,1.4,7,10.84,31.92,109.1,354.92,0.498,0.495,0.513,29.1,25.7,0,48,0.71,,0,0,-0.104,12,2.228,3,4.3,open-meteo-era5,26.186,91.678
1,event,glc-6143,2014-07-14,7,23.733,92.746,5,Mizoram,19.1,47,92.1,132.7,169.4,365.8,134.646,7.1,5,4.46,14.06,35.85,446.56,0.425,0.426,0.406,25.6,21.1,0,837,26.751,227.49,-0.676,-0.737,0.781,296,1.296,4,4.3,open-meteo-era5,23.726,92.756
0,same_place_other_date,glc-6143,2007-07-28,7,23.733,92.746,5,Mizoram,0.3,9.8,15,65.4,192.7,369.4,118.892,1.5,6,10.56,87.72,179.93,576.67,0.425,0.424,0.42,24.4,18.7,0,837,26.751,227.49,-0.676,-0.737,0.781,296,2.869,3,4.8,open-meteo-era5,23.726,92.756
0,same_place_other_date,glc-6143,2010-05-30,5,23.733,92.746,5,Mizoram,9,31.6,64.8,132,184,220.7,127.066,3.8,7,37.06,93.62,181.91,369.48,0.425,0.422,0.35,24.9,19.6,0,837,26.751,227.49,-0.676,-0.737,0.781,296,1,0,,open-meteo-era5,23.726,92.756
0,nearby_place_same_date,glc-6143,2014-07-14,7,23.809,92.459,5,Mizoram,21.7,32.9,66,86.8,122.2,336.4,93.131,7.5,5,10.53,28.69,46.67,426.43,0.425,0.424,0.394,28.9,24.3,0,340,12.774,183.013,-0.999,-0.053,-0.018,373,1.19,4,4.3,open-meteo-era5,23.796,92.474
1,event,glc-6146,2014-07-15,7,27.059,88.469,1,West Bengal,19.4,15.5,43,90.2,164.2,482.9,133.611,2.9,7,7.31,24.75,51.36,322,0.419,0.428,0.418,23,19.8,0,1184,16.586,103.065,-0.226,0.974,0.163,312,1,0,,open-meteo-era5,27.1,88.498
0,same_place_other_date,glc-6146,2024-08-11,8,27.059,88.469,1,West Bengal,12.7,27.8,56.3,176.9,411.7,672.4,244.008,6.1,7,12.98,36.6,143.28,455.96,0.428,0.428,0.42,24.2,18.9,0,1184,16.586,103.065,-0.226,0.974,0.163,312,3.939,1,4.5,open-meteo-era5,27.1,88.498
0,same_place_other_date,glc-6146,2009-07-05,7,27.059,88.469,1,West Bengal,33.1,46.5,106.9,401.5,724.6,808.8,436.399,4.7,7,0.81,15.08,103.75,184.73,0.42,0.426,0.437,23,20,0,1184,16.586,103.065,-0.226,0.974,0.163,312,1,0,,open-meteo-era5,27.1,88.498
0,nearby_place_same_date,glc-6146,2014-07-15,7,26.964,88.834,1,West Bengal,29.1,25.6,65.9,112.2,244.9,527.3,153.3,3.7,7,7.31,24.75,51.36,322,0.387,0.389,0.379,29.6,24.2,0,324,2.386,139.764,-0.763,0.646,0,55,1,0,,open-meteo-era5,26.96,88.801
1,event,glc-6513,2014-08-14,8,23.014,91.717,5,Tripura,11.2,14.3,37.8,83.3,159.5,311.7,103.6,2.7,7,85.53,181.53,205.82,431.86,0.476,0.481,0.51,27.3,24.8,0,31,2.728,304.875,0.572,-0.82,-0.054,27,1.408,2,4.5,open-meteo-era5,23.023,91.693
0,same_place_other_date,glc-6513,2008-08-04,8,23.014,91.717,5,Tripura,5.7,0.5,10.9,26.3,82.2,369,67.87,4,6,9.54,11.45,15.1,335.96,0.48,0.476,0.46,30.6,25.4,0,31,2.728,304.875,0.572,-0.82,-0.054,27,2.035,4,4.8,open-meteo-era5,23.023,91.693
0,same_place_other_date,glc-6513,2025-08-29,8,23.014,91.717,5,Tripura,18.4,1.9,24.8,54.2,132.8,299.6,77.965,9.4,5,10.11,27.46,112,596.91,0.458,0.456,0.493,29.8,24.6,0,31,2.728,304.875,0.572,-0.82,-0.054,27,2.477,3,5.3,open-meteo-era5,23.023,91.693
0,nearby_place_same_date,glc-6513,2014-08-14,8,23.113,91.946,5,Tripura,9,11.2,26.1,59.8,135.9,272.4,84.281,2,7,85.53,181.53,205.82,431.86,0.479,0.474,0.488,26,23.5,0,191,13.099,171.209,-0.988,0.153,0.135,122,1.48,3,4.6,open-meteo-era5,23.093,91.977
1,event,glc-6200,2014-08-17,8,27.087,93.609,10,Arunachal Pradesh,3.2,20,91.6,356.5,394.3,498.4,309.629,2.1,7,4.65,43.69,146.25,447.42,0.48,0.494,0.484,28.6,24.1,0,316,6.407,295.168,0.425,-0.905,0.029,127,1.793,1,5,open-meteo-era5,27.03,93.6
0,same_place_other_date,glc-6200,2017-08-29,8,27.087,93.609,10,Arunachal Pradesh,4.7,4.6,16.8,22,88.1,465.4,97.076,1.1,5,5.38,27.6,42.81,356.39,0.394,0.391,0.354,29,24,0,316,6.407,295.168,0.425,-0.905,0.029,127,2.024,1,4.6,open-meteo-era5,27.03,93.6
0,same_place_other_date,glc-6200,2015-07-16,7,27.087,93.609,10,Arunachal Pradesh,1.7,51,66.2,77.9,105.2,249,97.967,5.4,7,5.96,83.38,91.78,431.59,0.479,0.484,0.505,29.2,24.3,0,316,6.407,295.168,0.425,-0.905,0.029,127,2.758,3,4.5,open-meteo-era5,27.03,93.6
0,nearby_place_same_date,glc-6200,2014-08-17,8,26.999,93.756,10,Arunachal Pradesh,3.6,23.2,107.1,380.4,467.2,680.2,361.259,2.9,7,4.65,43.69,146.25,447.42,0.455,0.46,0.449,29.2,24.3,0,105,0.887,,0,0,0.23,14,1.86,1,5,open-meteo-era5,27.03,93.8
1,event,glc-6331,2014-09-08,9,25.947,94.628,25,Nagaland,5.4,9,14.9,27.3,61.3,252,52.037,3.8,6,3.11,20.52,21.92,230.72,0.485,0.473,0.443,24.1,18.2,0,1385,27.204,243.677,-0.443,-0.896,-0.273,496,2.64,4,5,open-meteo-era5,25.905,94.716
0,same_place_other_date,glc-6331,2011-08-05,8,25.947,94.628,25,Nagaland,23.2,17.5,44.7,71.1,178,398.2,102.881,7.2,6,25.52,46.09,52.22,335.27,0.47,0.49,0.462,23.9,19.5,0,1385,27.204,243.677,-0.443,-0.896,-0.273,496,1.415,2,4.4,open-meteo-era5,25.905,94.716
0,same_place_other_date,glc-6331,2008-08-02,8,25.947,94.628,25,Nagaland,12.2,13.3,42.3,95.4,152,277,106.658,7.1,7,2.94,17.05,44.62,259.06,0.468,0.478,0.503,25.4,19.1,0,1385,27.204,243.677,-0.443,-0.896,-0.273,496,3.341,3,5.2,open-meteo-era5,25.905,94.716
0,nearby_place_same_date,glc-6331,2014-09-08,9,25.812,94.632,25,Nagaland,3.5,9.9,14,23.6,54.2,235.3,47.831,3.6,5,3.11,20.52,21.92,230.72,0.468,0.451,0.445,24.2,17.8,0,1367,21.38,87.695,0.04,0.999,-0.141,420,2.753,4,5,open-meteo-era5,25.764,94.608
1,event,glc-6291,2014-09-21,9,25.735,90.385,25,Meghalaya,10.1,10.3,54.7,84.8,131.1,298.1,97.046,1.8,6,58.74,149.12,181.87,412.63,0.477,0.486,0.493,25.7,23.2,0,338,1.608,,0,0,0.309,80,3.436,1,4.1,open-meteo-era5,25.764,90.392
0,same_place_other_date,glc-6291,2022-08-20,8,25.735,90.385,25,Meghalaya,1,1.6,7.8,26.3,61.4,271.8,55.039,0.7,7,3.45,11.78,32.15,311.01,0.456,0.429,0.448,32.7,26.1,0,338,1.608,,0,0,0.309,80,1.891,1,4,open-meteo-era5,25.764,90.392
0,same_place_other_date,glc-6291,2015-10-14,10,25.735,90.385,25,Meghalaya,10.9,18.9,38.8,52.4,86.8,272.7,72.355,7.4,7,5.87,12.67,30.42,223.88,0.484,0.493,0.432,26.6,20.5,0,338,1.608,,0,0,0.309,80,1.838,2,4.4,open-meteo-era5,25.764,90.392
0,nearby_place_same_date,glc-6291,2014-09-21,9,25.772,90.511,25,Meghalaya,10.1,10.3,54.7,84.8,131.1,298.1,97.046,1.8,6,57.61,119.01,137.88,341.79,0.484,0.494,0.494,26.4,24.1,0,130,4.212,46.332,0.69,0.723,-0.375,112,3.047,1,4.1,open-meteo-era5,25.764,90.49
1,event,glc-6288,2014-09-22,9,26.199,91.8,5,Assam,55.8,27.7,142.1,178.3,248.3,503,166.051,7.2,6,126.76,191.59,231.7,354.68,0.481,0.484,0.506,26.9,23.5,0,77,4.876,190.67,-0.983,-0.185,-0.435,121,1.753,2,4.1,open-meteo-era5,26.186,91.776
0,same_place_other_date,glc-6288,2025-10-15,10,26.199,91.8,5,Assam,0.3,0,1.2,35.9,85.3,158.5,46.252,0.3,3,0,0.16,20.28,183.01,0.278,0.276,0.393,33,23.7,0,77,4.876,190.67,-0.983,-0.185,-0.435,121,2.023,1,4.2,open-meteo-era5,26.186,91.776
0,same_place_other_date,glc-6288,2019-10-26,10,26.199,91.8,5,Assam,49.2,43.9,100,102.3,107.8,209.5,63.876,12.6,4,72.81,110.01,110.33,235.3,0.495,0.43,0.405,23.4,19.3,0,77,4.876,190.67,-0.983,-0.185,-0.435,121,2.636,2,4.8,open-meteo-era5,26.186,91.776
0,nearby_place_same_date,glc-6288,2014-09-22,9,26.352,91.67,5,Assam,55.8,27.7,142.1,178.3,248.3,503,166.051,7.2,6,139.52,211.1,252.22,363.12,0.49,0.5,0.514,26.8,23.6,0,51,0.751,,0,0,0.028,11,1.688,2,4.1,open-meteo-era5,26.327,91.681
1,event,glc-6283,2014-09-22,9,26.131,91.755,1,Assam,55.8,27.7,142.1,178.3,248.3,503,166.051,7.2,6,126.76,191.59,231.7,354.68,0.479,0.481,0.505,27.4,23.7,0,77,2.128,11.31,0.981,0.196,-0.057,53,1.771,2,4.1,open-meteo-era5,26.116,91.774
0,same_place_other_date,glc-6283,2025-10-21,10,26.131,91.755,1,Assam,0,0,0,0.2,57.7,113.8,27.439,0,0,0,0,0,107.13,0.183,0.329,0.411,33.9,20.7,0,77,2.128,11.31,0.981,0.196,-0.057,53,1.433,0,,open-meteo-era5,26.116,91.774
0,same_place_other_date,glc-6283,2017-10-08,10,26.131,91.755,1,Assam,20.7,29.4,53.2,76.6,140.2,284.8,88.878,6.1,5,7.52,9.03,20.12,222.78,0.503,0.494,0.489,29.8,23.5,0,77,2.128,11.31,0.981,0.196,-0.057,53,1,0,,open-meteo-era5,26.116,91.774
0,nearby_place_same_date,glc-6283,2014-09-22,9,26.28,92.096,1,Assam,49.3,41.4,159.8,210.2,302.3,545.7,208.087,7.5,6,139.52,211.1,252.22,363.12,0.456,0.481,0.479,27.3,23.6,0,55,0.574,,0,0,-0.009,12,1.752,2,4.1,open-meteo-era5,26.257,92.075
1,event,glc-6286,2014-09-22,9,26.104,91.708,5,Assam,37.1,29.6,140.8,171.8,265.1,542.7,188.307,8,6,126.76,191.59,231.7,354.68,0.458,0.474,0.504,27.4,23.9,0,54,1.773,,0,0,-0.009,57,1.775,2,4.1,open-meteo-era5,26.116,91.676
0,same_place_other_date,glc-6286,2022-11-02,11,26.104,91.708,5,Assam,0.5,0,0.5,1,60.6,127.6,34.175,0.3,0,0.02,0.02,0.03,181.66,0.443,0.452,0.479,28.3,19.2,0,54,1.773,,0,0,-0.009,57,2.016,1,4.2,open-meteo-era5,26.116,91.676
0,same_place_other_date,glc-6286,2012-11-06,11,26.104,91.708,5,Assam,0,0.4,0.4,0.4,0.9,25.3,2.15,0.2,0,4.9,9.84,9.89,78.7,0.314,0.355,0.397,26.7,20.5,0,54,1.773,,0,0,-0.009,57,3.09,3,4.6,open-meteo-era5,26.116,91.676
0,nearby_place_same_date,glc-6286,2014-09-22,9,26.125,91.44,5,Assam,41.5,15.3,113.2,136,224,515,151.854,5,5,155.05,222.55,260.93,398.38,0.46,0.48,0.513,26.7,23.9,0,49,0.716,,0,0,0.066,8.59,1.737,2,4.1,open-meteo-era5,26.116,91.479
1,event,glc-6284,2014-09-22,9,26.132,91.834,5,Assam,55.8,27.7,142.1,178.3,248.3,503,166.051,7.2,6,126.76,191.59,231.7,354.68,0.479,0.481,0.505,27.4,23.8,0,71,6.887,344.846,0.965,-0.261,-0.132,133,1.779,2,4.1,open-meteo-era5,26.116,91.873
0,same_place_other_date,glc-6284,2009-08-14,8,26.132,91.834,5,Assam,18.6,45.4,92.9,177.1,375.6,686.4,266.397,6.9,7,13.01,36,71.28,425.6,0.496,0.483,0.49,30.6,25.3,0,71,6.887,344.846,0.965,-0.261,-0.132,133,2.251,0,,open-meteo-era5,26.116,91.873
0,same_place_other_date,glc-6284,2021-10-14,10,26.132,91.834,5,Assam,0.3,0,0.3,10.2,29.1,137.4,23.979,0.3,3,0.66,0.89,4.73,102.28,0.41,0.425,0.423,34.8,25.7,0,71,6.887,344.846,0.965,-0.261,-0.132,133,1.715,0,,open-meteo-era5,26.116,91.873
0,nearby_place_same_date,glc-6284,2014-09-22,9,26.25,91.977,5,Assam,49.3,41.4,159.8,210.2,302.3,545.7,208.087,7.5,6,126.76,191.59,231.7,354.68,0.467,0.484,0.504,27.3,23.5,0,75,6.674,42.474,0.738,0.675,0.208,160,1.753,2,4.1,open-meteo-era5,26.257,91.976
1,event,glc-6287,2014-09-22,9,26.13,91.706,5,Assam,55.8,27.7,142.1,178.3,248.3,503,166.051,7.2,6,126.76,191.59,231.7,354.68,0.458,0.474,0.504,26.9,23.4,0,146,2.047,99.782,-0.17,0.985,0.349,86,1.767,2,4.1,open-meteo-era5,26.116,91.676
0,same_place_other_date,glc-6287,2009-09-25,9,26.13,91.706,5,Assam,17.9,10.1,39.5,71.3,124.1,357.8,95.134,4.4,7,0.63,19.79,109.55,219.93,0.476,0.49,0.499,29.9,23.4,0,146,2.047,99.782,-0.17,0.985,0.349,86,4.671,4,6.1,open-meteo-era5,26.116,91.676
0,same_place_other_date,glc-6287,2013-08-27,8,26.13,91.706,5,Assam,64.1,23.7,90,116.9,219.4,517.9,120.172,9,6,14.3,46.95,54.83,183.89,0.486,0.488,0.461,29.3,25.1,0,146,2.047,99.782,-0.17,0.985,0.349,86,2.121,2,4.2,open-meteo-era5,26.116,91.676
0,nearby_place_same_date,glc-6287,2014-09-22,9,26.029,91.784,5,Assam,37.1,29.6,140.8,171.8,265.1,542.7,188.307,8,6,126.76,191.59,231.7,354.68,0.452,0.48,0.487,26.4,22.6,0,376,13.224,334.626,0.904,-0.429,0.075,145,1.81,2,4.1,open-meteo-era5,26.046,91.772
1,event,glc-6285,2014-09-22,9,26.159,91.818,5,Assam,55.8,27.7,142.1,178.3,248.3,503,166.051,7.2,6,126.76,191.59,231.7,354.68,0.481,0.484,0.506,27,23.6,0,63,6.486,139.332,-0.759,0.652,-0.066,128,1.769,2,4.1,open-meteo-era5,26.186,91.776
0,same_place_other_date,glc-6285,2013-11-02,11,26.159,91.818,5,Assam,0.4,0.3,0.9,12.9,28.2,82.2,19.534,0.3,4,0,0,1.73,191.88,0.438,0.429,0.406,25.3,18.4,0,63,6.486,139.332,-0.759,0.652,-0.066,128,2.141,2,4.3,open-meteo-era5,26.186,91.776
0,same_place_other_date,glc-6285,2016-08-09,8,26.159,91.818,5,Assam,22.7,27.9,88.2,242,445.4,749.6,283.735,7.8,7,5.13,11.6,47.7,468.7,0.491,0.488,0.468,31,25.2,0,63,6.486,139.332,-0.759,0.652,-0.066,128,1,0,,open-meteo-era5,26.186,91.776
0,nearby_place_same_date,glc-6285,2014-09-22,9,26.037,91.636,5,Assam,37.1,29.6,140.8,171.8,265.1,542.7,188.307,8,6,126.76,191.59,231.7,354.68,0.462,0.473,0.493,26.1,22.8,0,294,7.436,42.739,0.734,0.679,0,87,1.79,2,4.1,open-meteo-era5,26.046,91.674
1,event,glc-6282,2014-09-22,9,26.11,91.775,5,Assam,37.1,29.6,140.8,171.8,265.1,542.7,188.307,8,6,126.76,191.59,231.7,354.68,0.479,0.481,0.505,27.5,23.9,0,59,1.184,,0,0,-0.057,74,1.781,2,4.1,open-meteo-era5,26.116,91.774
0,same_place_other_date,glc-6282,2012-09-22,9,26.11,91.775,5,Assam,2.6,1.9,10.3,91.1,351.5,470.7,181.454,0.6,7,7.15,15.89,28.04,166.88,0.475,0.487,0.442,29.3,24.3,0,59,1.184,,0,0,-0.057,74,2.709,2,4.5,open-meteo-era5,26.116,91.774
0,same_place_other_date,glc-6282,2016-10-13,10,26.11,91.775,5,Assam,3.8,59,209.3,245.1,303.4,541.6,268.186,6.7,7,7.48,52.73,96.37,192.74,0.488,0.488,0.503,28.4,23,0,59,1.184,,0,0,-0.057,74,2.167,2,4.3,open-meteo-era5,26.116,91.774
0,nearby_place_same_date,glc-6282,2014-09-22,9,26.034,91.478,5,Assam,41.5,15.3,113.2,136,224,515,151.854,5,5,155.05,222.55,260.93,398.38,0.46,0.47,0.503,27.1,24.1,0,53,1.366,,0,0,-0.028,11,1.772,2,4.1,open-meteo-era5,26.046,91.477
1,event,glc-6289,2014-09-22,9,26.1,91.685,5,Assam,37.1,29.6,140.8,171.8,265.1,542.7,188.307,8,6,126.76,191.59,231.7,354.68,0.458,0.474,0.504,27.2,23.7,0,88,17.988,27.14,0.89,0.456,-0.396,202,1.774,2,4.1,open-meteo-era5,26.116,91.676
0,same_place_other_date,glc-6289,2017-10-07,10,26.1,91.685,5,Assam,21.4,0,21.4,36,104.1,244.7,56.55,4.1,5,1.38,3.43,27.99,223.37,0.471,0.471,0.496,31,24.8,0,88,17.988,27.14,0.89,0.456,-0.396,202,1,0,,open-meteo-era5,26.116,91.676
0,same_place_other_date,glc-6289,2010-09-01,9,26.1,91.685,5,Assam,39.2,32,80.9,254.4,408.7,572.6,245.431,5.5,7,78.96,83.46,100.94,324.71,0.483,0.492,0.511,29.4,25.4,0,88,17.988,27.14,0.89,0.456,-0.396,202,1.012,0,,open-meteo-era5,26.116,91.676
0,nearby_place_same_date,glc-6289,2014-09-22,9,26.292,91.613,5,Assam,66.3,18.8,125.7,142.4,195.3,441.6,121.393,7.5,6,139.52,211.1,252.22,363.12,0.469,0.484,0.498,26.8,23.8,0,55,1.084,,0,0,0.085,14,1.702,2,4.1,open-meteo-era5,26.327,91.582
1,event,glc-6292,2014-09-23,9,25.724,89.903,5,Assam,7.1,43.8,64.5,105.6,143.1,309.9,119.568,6,6,13.14,178.28,279.82,480.66,0.419,0.422,0.4,27.1,23.9,0,30,5.274,235.685,-0.564,-0.826,-0.225,43,4.651,1,4.1,open-meteo-era5,25.694,89.902
0,same_place_other_date,glc-6292,2020-10-17,10,25.724,89.903,5,Assam,0,0,0,0.6,60.3,279,45.903,0,0,0,0.18,1.29,454.15,0.317,0.332,0.338,33.2,24.9,0,30,5.274,235.685,-0.564,-0.826,-0.225,43,2.204,2,4.4,open-meteo-era5,25.694,89.902
0,same_place_other_date,glc-6292,2007-10-03,10,25.724,89.903,5,Assam,0.4,4.5,6.1,36.2,53.2,252.4,51.641,2.4,6,0.1,8.05,15.57,271.77,0.367,0.367,0.327,31.8,25.2,0,30,5.274,235.685,-0.564,-0.826,-0.225,43,1.937,1,4.3,open-meteo-era5,25.694,89.902
0,nearby_place_same_date,glc-6292,2014-09-23,9,25.763,89.584,5,Assam,6.8,48.9,94.3,150,231.9,368.2,169.473,7.4,6,4.21,155.62,216.26,486.57,0.43,0.425,0.437,27.7,24,0,30,0.597,,0,0,0.047,11,3.348,1,4.1,open-meteo-era5,25.764,89.608
1,event,glc-6290,2014-09-23,9,25.577,91.867,5,Meghalaya,125.6,103.8,276.1,365.2,425.7,609.8,256.951,13.9,7,73.98,252.28,349.11,530.74,0.483,0.499,0.479,21,18.6,0,1477,4.6,327.265,0.841,-0.541,-0.037,136,1.989,3,4.4,open-meteo-era5,25.554,91.857
0,same_place_other_date,glc-6290,2009-09-28,9,25.577,91.867,5,Meghalaya,8.8,0.9,16.4,71.6,185.7,366.7,114.139,4,6,0.08,0.08,41.62,244.73,0.463,0.464,0.48,26.2,18.7,0,1477,4.6,327.265,0.841,-0.541,-0.037,136,4.095,4,6.1,open-meteo-era5,25.554,91.857
0,same_place_other_date,glc-6290,2015-08-10,8,25.577,91.867,5,Meghalaya,7.9,11.6,34.5,101.5,295.8,934.4,223.248,3,7,10.26,37.82,81.9,456.12,0.496,0.487,0.491,24.3,18.7,0,1477,4.6,327.265,0.841,-0.541,-0.037,136,1.462,2,4.4,open-meteo-era5,25.554,91.857
0,nearby_place_same_date,glc-6290,2014-09-23,9,25.822,92.046,5,Meghalaya,133.3,19.9,167.8,236.1,351.6,549.6,153.476,13.4,6,78.67,255.46,308.23,411.93,0.492,0.492,0.462,23,19.7,0,976,23.41,330.136,0.867,-0.498,0.056,336,1.915,2,4.1,open-meteo-era5,25.835,92.061
1,event,glc-6222,2014-10-01,10,27.125,93.771,5,Arunachal Pradesh,0,0,1,58.9,357.4,436.3,169.065,0,5,0,0.01,81.07,424.95,0.37,0.39,0.419,30.3,21.3,0,166,15.587,352.937,0.992,-0.123,0.615,144,1.892,2,4.7,open-meteo-era5,27.1,93.804
0,same_place_other_date,glc-6222,2023-11-14,11,27.125,93.771,5,Arunachal Pradesh,0,0,0,0,2,3.8,1.111,0,0,0,0,0,2.8,0.195,0.234,0.293,28.7,14.5,0,166,15.587,352.937,0.992,-0.123,0.615,144,2.045,2,4.8,open-meteo-era5,27.1,93.804
0,same_place_other_date,glc-6222,2026-09-18,9,27.125,93.771,5,Arunachal Pradesh,5.5,17.5,50.7,92.4,157.7,252.1,104.715,2.2,7,10.36,50.06,94.75,312.61,0.427,0.431,0.405,30,24,0,166,15.587,352.937,0.992,-0.123,0.615,144,1,1,4.1,open-meteo-era5,27.1,93.804
0,nearby_place_same_date,glc-6222,2014-10-01,10,26.867,93.946,5,Arunachal Pradesh,0.1,0,0.1,54.4,444.9,562.2,204.995,0.1,3,0,0.01,81.07,424.95,0.451,0.462,0.476,31.7,22.8,0,79,0.752,,0,0,0.044,15,1.582,3,4.7,open-meteo-era5,26.889,93.991
1,event,glc-6214,2014-10-05,10,25.97,91.859,5,Meghalaya,0,0,0.6,2.3,130,371,76.1,0,1,0,0,0.02,387.35,0.452,0.454,0.438,30.9,19.9,0,283,8.696,152.622,-0.888,0.46,-0.216,139,1.84,2,4.1,open-meteo-era5,25.975,91.869
0,same_place_other_date,glc-6214,2025-09-03,9,25.97,91.859,5,Meghalaya,9.5,4.4,14.2,99.2,247.6,457.9,143.557,4.4,6,0.64,2.85,22.44,282.48,0.451,0.467,0.446,33.1,24.7,0,283,8.696,152.622,-0.888,0.46,-0.216,139,2.346,1,4.3,open-meteo-era5,25.975,91.869
0,same_place_other_date,glc-6214,2011-08-24,8,25.97,91.859,5,Meghalaya,60.6,31.3,107.1,165.3,388.2,740.1,214.047,8.2,6,8.83,26.9,58.72,459.15,0.463,0.489,0.508,26.9,23.5,0,283,8.696,152.622,-0.888,0.46,-0.216,139,1,0,,open-meteo-era5,25.975,91.869
0,nearby_place_same_date,glc-6214,2014-10-05,10,26.236,91.773,5,Meghalaya,0,0,1.5,6.9,132.9,353.9,75.715,0,2,0,0,0.02,387.35,0.445,0.451,0.442,31.9,22.2,0,52,0.492,,0,0,0.095,9,1.738,2,4.1,open-meteo-era5,26.257,91.778
1,event,glc-6775,2015-02-14,2,26.147,91.647,5,Assam,0.3,0.4,0.7,0.8,1.2,1.3,0.638,0.2,0,0.26,0.26,0.26,2.05,0.247,0.285,0.328,23.1,13,0,63,12.929,305.961,0.587,-0.809,-0.415,88,1.417,1,4.2,open-meteo-era5,26.116,91.676
0,same_place_other_date,glc-6775,2022-03-24,3,26.147,91.647,5,Assam,0,0,0,0,0,10.6,0.711,0,0,0.17,1.33,1.33,11.15,0.259,0.286,0.242,35,23.3,0,63,12.929,305.961,0.587,-0.809,-0.415,88,1.21,1,4.4,open-meteo-era5,26.116,91.676
0,same_place_other_date,glc-6775,2010-01-20,1,26.147,91.647,5,Assam,0,0,0,0,0,0,0,0,0,0,0,0,6.37,0.25,0.285,0.338,25.3,12.9,0,63,12.929,305.961,0.587,-0.809,-0.415,88,3.835,1,5.5,open-meteo-era5,26.116,91.676
0,nearby_place_same_date,glc-6775,2015-02-14,2,26.177,91.32,5,Assam,0,0.1,0.1,0.1,0.3,0.3,0.186,0.1,0,0.28,0.28,0.28,2.27,0.107,0.296,0.369,23.1,14.3,0,47,1.083,,0,0,-0.047,8,1.241,1,4.2,open-meteo-era5,26.186,91.283
1,event,glc-6786,2015-02-19,2,24.611,92.562,5,Assam,0.7,0,0.7,2.6,2.6,2.6,1.387,0.3,1,9.38,10.96,11.17,11.21,0.131,0.154,0.202,25.5,16.7,0,34,1.866,,0,0,-0.046,21,2.418,5,4.8,open-meteo-era5,24.64,92.602
0,same_place_other_date,glc-6786,2026-04-03,4,24.611,92.562,5,Assam,1.4,24.7,38.8,96.4,125.4,259.8,103.872,13.7,7,8.05,28.61,94.31,293.63,0.41,0.419,0.372,32.4,21,0,34,1.866,,0,0,-0.046,21,1.552,6,4.4,open-meteo-era5,24.64,92.602
0,same_place_other_date,glc-6786,2022-02-19,2,24.611,92.562,5,Assam,0,0,0,0,22.8,51.4,9.145,0,0,0,0,0,47.52,0.195,0.226,0.257,25.6,10.4,0,34,1.866,,0,0,-0.046,21,2.9,2,5.4,open-meteo-era5,24.64,92.602
0,nearby_place_same_date,glc-6786,2015-02-19,2,24.369,92.774,5,Assam,0.4,0,0.4,1.6,1.6,1.6,0.875,0.2,1,9.38,10.96,11.17,11.21,0.154,0.176,0.233,25.7,14.6,0,107,4.203,217.057,-0.798,-0.603,0.156,106,2.688,5,4.8,open-meteo-era5,24.359,92.783
1,event,glc-7591,2015-03-19,3,25.032,92.458,5,Assam,0,0,0,0.1,0.1,12.3,1.923,0,0,0.01,0.01,0.01,31.16,0.257,0.279,0.3,31.5,20.8,0,86,15.416,200.966,-0.934,-0.358,0.028,250,1.01,2,4.4,open-meteo-era5,25.062,92.425
0,same_place_other_date,glc-7591,2017-04-04,4,25.032,92.458,5,Assam,110.3,78.9,210.9,620.2,665.1,765.1,417.325,18.2,7,23.48,166.83,452.01,563.47,0.509,0.513,0.488,23.2,18.6,0,86,15.416,200.966,-0.934,-0.358,0.028,250,3.565,4,4.7,open-meteo-era5,25.062,92.425
0,same_place_other_date,glc-7591,2007-02-28,2,25.032,92.458,5,Assam,0,0,0,0,35,85.6,14.066,0,0,0,2.17,2.17,79.66,0.332,0.368,0.329,26.4,13.7,0,86,15.416,200.966,-0.934,-0.358,0.028,250,1.086,1,4.4,open-meteo-era5,25.062,92.425
0,nearby_place_same_date,glc-7591,2015-03-19,3,25.155,92.358,5,Assam,0,0,0.2,1.6,1.6,16.9,3.389,0,1,0.01,0.01,0.01,31.16,0.268,0.278,0.311,29.5,20.6,0,338,5.784,267.274,-0.048,-0.999,0.186,252,1,2,4.4,open-meteo-era5,25.132,92.33
1,event,glc-7031,2015-05-24,5,27.616,88.659,1,Sikkim,15.1,21.3,81.1,184.9,349.7,622.8,239.325,4.6,7,0.21,9.49,26.27,83.83,0.423,0.424,0.426,18.9,10.4,1.05,1852,37.712,132.678,-0.678,0.735,0.194,838,5.624,158,7.3,open-meteo-era5,27.522,88.589
0,same_place_other_date,glc-7031,2022-05-24,5,27.616,88.659,1,Sikkim,5.2,1.8,38,93.2,252.7,328.4,147.131,2,7,0.16,4.71,51.25,196.28,0.411,0.423,0.421,22.3,10.6,0,1852,37.712,132.678,-0.678,0.735,0.194,838,1,1,4.2,open-meteo-era5,27.522,88.589
0,same_place_other_date,glc-7031,2022-07-03,7,27.616,88.659,1,Sikkim,1.8,25,47.8,140.4,304.7,639.7,214.533,7.9,7,2.44,14.53,117.48,450.3,0.427,0.432,0.427,22.5,18,0,1852,37.712,132.678,-0.678,0.735,0.194,838,2.759,2,4.2,open-meteo-era5,27.522,88.589
0,nearby_place_same_date,glc-7031,2015-05-24,5,27.693,88.544,1,Sikkim,21.8,25.8,85.8,150.6,275.5,496.2,188.809,2.4,6,0.21,9.49,26.27,83.83,0.432,0.433,0.422,6.2,3,7.49,3594,23.15,68.015,0.374,0.927,-0.553,588,5.674,173,7.3,open-meteo-era5,27.733,88.584
1,event,glc-6971,2015-06-09,6,27.099,93.816,5,Arunachal Pradesh,62.9,44,133,189.5,339.6,586,202.114,5.6,7,44.35,137.97,228.36,593.82,0.429,0.426,0.437,25,22.3,0,222,10.903,41.392,0.75,0.661,0.144,110,3.85,1,4.3,open-meteo-era5,27.1,93.804
0,same_place_other_date,glc-6971,2024-07-18,7,27.099,93.816,5,Arunachal Pradesh,0,0.5,22.2,56.7,159.3,459.3,121.98,0.1,4,1.39,17.47,51.36,431.78,0.386,0.387,0.355,32.2,25.5,0,222,10.903,41.392,0.75,0.661,0.144,110,1.199,1,4.4,open-meteo-era5,27.1,93.804
0,same_place_other_date,glc-6971,2010-05-05,5,27.099,93.816,5,Arunachal Pradesh,3,15.1,27.6,50.5,394,752,207.878,1.9,6,0.74,10.15,16.62,284.25,0.418,0.408,0.344,28.4,21.2,0,222,10.903,41.392,0.75,0.661,0.144,110,1.2,0,,open-meteo-era5,27.1,93.804
0,nearby_place_same_date,glc-6971,2015-06-09,6,27.159,94.12,5,Arunachal Pradesh,72.8,37.3,150.7,230.6,381.3,634.1,230.053,5,7,48.98,131.5,210.18,544.98,0.427,0.429,0.435,25.8,23,0,87,0.8,,0,0,0.01,10,3.793,1,4.3,open-meteo-era5,27.17,94.109
1,event,glc-6968,2015-06-13,6,25.463,92.212,5,Meghalaya,40.2,165.8,310.6,420.5,504.1,656,395.537,11.8,7,32.26,105.13,265.65,590.6,0.495,0.508,0.493,22,18.8,0,1384,1.968,,0,0,0.261,97,1.396,1,4.3,open-meteo-era5,25.483,92.245
0,same_place_other_date,glc-6968,2026-05-21,5,25.463,92.212,5,Meghalaya,0.2,5.6,12.1,30.1,64.8,166.4,50.5,1.8,6,2.27,16.07,59.65,238.85,0.487,0.487,0.491,26,18.5,0,1384,1.968,,0,0,0.261,97,1.26,1,4.4,open-meteo-era5,25.483,92.245
0,same_place_other_date,glc-6968,2020-05-24,5,25.463,92.212,5,Meghalaya,6.2,1.1,17.4,111.1,162.2,255.4,115.333,0.8,6,65.68,144.5,231.81,404.15,0.494,0.505,0.511,22.6,18.6,0,1384,1.968,,0,0,0.261,97,1.742,1,4.6,open-meteo-era5,25.483,92.245
0,nearby_place_same_date,glc-6968,2015-06-13,6,25.396,91.895,5,Meghalaya,53.9,210.4,382.8,560.6,683,894.9,523.659,16,7,35.98,146.91,295.7,639.32,0.492,0.508,0.495,23.8,21.6,0,695,16.432,172.003,-0.99,0.139,-0.298,524,1.459,1,4.3,open-meteo-era5,25.343,91.948
1,event,glc-6967,2015-06-13,6,27.017,88.248,1,West Bengal,33.4,43.4,109,224.4,462.7,872.2,288.657,3.9,7,8.35,48.05,74.48,241.78,0.427,0.427,0.426,16.5,13.4,0,2191,13.195,274.49,0.078,-0.997,0.173,486,3.029,15,5.5,open-meteo-era5,27.03,88.1
0,same_place_other_date,glc-6967,2008-07-02,7,27.017,88.248,1,West Bengal,44.5,43.3,98.5,160.4,320.6,676.9,195.313,8.2,7,4.08,19.99,50.16,298.28,0.426,0.426,0.428,17.2,14.5,0,2191,13.195,274.49,0.078,-0.997,0.173,486,1,1,4.1,open-meteo-era5,27.03,88.1
0,same_place_other_date,glc-6967,2010-07-20,7,27.017,88.248,1,West Bengal,23.7,31,100.3,191.6,702.9,1153.5,397.251,3.8,7,44.08,119.47,169.27,553.01,0.426,0.426,0.426,17.8,14.9,0,2191,13.195,274.49,0.078,-0.997,0.173,486,1.294,1,4.6,open-meteo-era5,27.03,88.1
0,nearby_place_same_date,glc-6967,2015-06-13,6,26.94,88.285,1,West Bengal,16.7,30.6,59.5,125.3,235,447.4,152.361,3.3,7,8.35,48.05,74.48,241.78,0.427,0.427,0.426,20.1,17,0,1669,23.53,270.966,0.017,-1,0.038,471,2.988,15,5.5,open-meteo-era5,26.96,88.202
1,event,glc-6969,2015-06-16,6,25.511,90.215,1,Meghalaya,24.4,21.7,57.2,299.3,373.4,720.3,270.035,4.9,7,27.16,62.64,230.34,409.65,0.47,0.491,0.497,27.5,23.3,0,309,11.542,295.959,0.438,-0.899,-0.159,124,1,0,,open-meteo-era5,25.483,90.195
0,same_place_other_date,glc-6969,2026-05-25,5,25.511,90.215,1,Meghalaya,122.3,4.2,136.1,157.3,323.5,512,110.111,46.6,5,29.93,48.55,103.75,518.31,0.487,0.493,0.48,28.1,22,0,309,11.542,295.959,0.438,-0.899,-0.159,124,3.149,1,4.4,open-meteo-era5,25.483,90.195
0,same_place_other_date,glc-6969,2023-07-07,7,25.511,90.215,1,Meghalaya,3.6,2.3,10.6,73.8,110,465.6,111.581,0.7,7,4.89,19.76,177,757.86,0.488,0.487,0.501,28.8,24.4,0,309,11.542,295.959,0.438,-0.899,-0.159,124,2.434,1,5,open-meteo-era5,25.483,90.195
0,nearby_place_same_date,glc-6969,2015-06-16,6,25.428,90.227,1,Meghalaya,24.4,21.7,57.2,299.3,373.4,720.3,270.035,4.9,7,27.16,62.64,230.34,409.65,0.499,0.498,0.5,27.8,23.6,0,148,8.748,221.82,-0.745,-0.667,0.065,108,1,0,,open-meteo-era5,25.413,90.195
1,event,glc-6970,2015-06-16,6,25.508,90.219,1,Meghalaya,24.4,21.7,57.2,299.3,373.4,720.3,270.035,4.9,7,27.16,62.64,230.34,409.65,0.47,0.491,0.497,27.5,23.4,0,319,10.534,291.732,0.37,-0.929,-0.093,232,1,0,,open-meteo-era5,25.483,90.195
0,same_place_other_date,glc-6970,2011-07-14,7,25.508,90.219,1,Meghalaya,10.8,6.3,22.7,72.8,164,343.8,99.626,3.6,7,6.88,9.62,36.72,358.16,0.448,0.472,0.471,28.9,24.8,0,319,10.534,291.732,0.37,-0.929,-0.093,232,1.376,1,4.4,open-meteo-era5,25.483,90.195
0,same_place_other_date,glc-6970,2013-06-29,6,25.508,90.219,1,Meghalaya,6.8,7.9,32.2,58.8,128.9,237.9,86.017,3.6,7,18.67,89.62,142.8,294.79,0.493,0.491,0.509,29.1,24.4,0,319,10.534,291.732,0.37,-0.929,-0.093,232,1,0,,open-meteo-era5,25.483,90.195
0,nearby_place_same_date,glc-6970,2015-06-16,6,25.601,90.488,1,Meghalaya,22.1,20.5,51.9,331.3,418,777.1,298.194,5.9,7,21.68,50.21,257.7,495.27,0.493,0.501,0.502,27.3,22.8,0,476,3.156,307.875,0.614,-0.789,0.655,78,1,0,,open-meteo-era5,25.624,90.489
1,event,glc-6945,2015-06-19,6,25.16,93.686,1,Manipur,1.8,5.5,12.5,37.6,125.4,222.5,80.309,3,7,1.74,5.62,28.44,182.72,0.407,0.408,0.408,26.5,20,0,1040,34.636,149.276,-0.86,0.511,0.065,485,2.128,3,4.3,open-meteo-era5,25.132,93.689
0,same_place_other_date,glc-6945,2007-07-09,7,25.16,93.686,1,Manipur,1.8,3.9,14.6,33.6,112.5,380.2,81.149,1,7,2.24,10.59,32.83,213.4,0.41,0.405,0.404,25.5,20.3,0,1040,34.636,149.276,-0.86,0.511,0.065,485,3.13,3,5.2,open-meteo-era5,25.132,93.689
0,same_place_other_date,glc-6945,2013-05-23,5,25.16,93.686,1,Manipur,21.8,13,37.7,63,342.4,609.7,166.307,5.9,7,10.85,15.58,44.99,322.54,0.406,0.403,0.408,26,19.6,0,1040,34.636,149.276,-0.86,0.511,0.065,485,1.019,3,4.4,open-meteo-era5,25.132,93.689
0,nearby_place_same_date,glc-6945,2015-06-19,6,25.019,93.52,1,Manipur,0.5,0.8,5.4,30.1,107.5,191.7,67.802,0.4,5,1.74,5.62,28.44,182.72,0.402,0.406,0.406,27.3,20.4,0,964,17.673,233.909,-0.589,-0.808,-0.056,282,2.216,3,4.3,open-meteo-era5,25.062,93.588
1,event,glc-6990,2015-06-24,6,26.032,94.547,5,Nagaland,15.6,33,82.8,109.8,269.2,414.2,161.385,3.3,7,13.93,42.27,87.83,382.43,0.489,0.488,0.502,22.8,18.7,0,1549,36.591,203.297,-0.918,-0.395,0.094,526,1.628,2,4.3,open-meteo-era5,26.046,94.53
0,same_place_other_date,glc-6990,2011-07-30,7,26.032,94.547,5,Nagaland,2.3,2.4,10.9,40.8,222.7,407.3,124.625,0.7,7,4.45,23.11,52.65,364.31,0.499,0.493,0.488,23.9,17.9,0,1549,36.591,203.297,-0.918,-0.395,0.094,526,1.034,2,4.4,open-meteo-era5,26.046,94.53
0,same_place_other_date,glc-6990,2012-06-18,6,26.032,94.547,5,Nagaland,6.1,8.7,22.6,57.5,84.6,288.5,88.883,2.5,7,1.02,4.44,65.67,244.67,0.476,0.488,0.499,24.1,17.7,0,1549,36.591,203.297,-0.918,-0.395,0.094,526,1.639,3,4.7,open-meteo-era5,26.046,94.53
0,nearby_place_same_date,glc-6990,2015-06-24,6,26.032,94.905,5,Nagaland,9.8,26.6,58.2,100.8,204.8,286.1,123.483,2.3,7,8.82,36.95,80.62,388.41,0.432,0.437,0.394,27.2,22.9,0,753,25.326,95.886,-0.103,0.995,-0.113,397,1.857,2,4.3,open-meteo-era5,26.046,94.923
1,event,glc-7021,2015-06-27,6,27.008,88.251,1,West Bengal,22.2,11.6,51.7,120.9,343.3,818,214.628,2.6,7,19.15,44.71,67.98,269.64,0.412,0.415,0.424,18.1,13.7,0,2258,11.428,167.057,-0.975,0.224,0.297,340,1.957,11,4.8,open-meteo-era5,27.03,88.2
0,same_place_other_date,glc-7021,2018-08-07,8,27.008,88.251,1,West Bengal,7.4,11.7,26.3,142.2,274,484.7,172.701,4.7,7,13.06,53.09,93.22,323.48,0.421,0.422,0.42,20.2,13.4,0,2258,11.428,167.057,-0.975,0.224,0.297,340,1.783,0,,open-meteo-era5,27.03,88.2
0,same_place_other_date,glc-7021,2019-05-28,5,27.008,88.251,1,West Bengal,47.7,4.3,56.2,112.8,181.3,284.8,82.755,19,7,4.62,17.88,42.03,131.43,0.416,0.417,0.416,17.2,10.5,0,2258,11.428,167.057,-0.975,0.224,0.297,340,1.683,1,4.5,open-meteo-era5,27.03,88.2
0,nearby_place_same_date,glc-7021,2015-06-27,6,26.748,88.079,1,West Bengal,8.7,6.3,33.4,128,168.9,266.7,118.367,2,7,22.18,45.47,76.71,278.97,0.406,0.404,0.427,28.1,24.2,0,293,7.504,235.574,-0.565,-0.825,0.143,66,1.989,12,4.8,open-meteo-era5,26.749,88.108
1,event,glc-7033,2015-06-29,6,27.016,88.248,1,West Bengal,19.8,49.6,91.6,160.3,325.2,799.5,240.619,3.6,7,13.67,43.7,87.71,271.72,0.428,0.428,0.427,18.5,14.1,0,2198,15.489,252.525,-0.3,-0.954,0.211,474,2.45,14,5.1,open-meteo-era5,27.03,88.1
0,same_place_other_date,glc-7033,2024-06-14,6,27.016,88.248,1,West Bengal,17.4,14.7,71.6,109.3,184.1,241.7,118.96,4.9,7,20.35,71.2,134.69,350.01,0.42,0.419,0.389,19.2,14.8,0,2198,15.489,252.525,-0.3,-0.954,0.211,474,1.02,0,,open-meteo-era5,27.03,88.1
0,same_place_other_date,glc-7033,2024-06-14,6,27.016,88.248,1,West Bengal,17.4,14.7,71.6,109.3,184.1,241.7,118.96,4.9,7,20.35,71.2,134.69,350.01,0.42,0.419,0.389,19.2,14.8,0,2198,15.489,252.525,-0.3,-0.954,0.211,474,1.02,0,,open-meteo-era5,27.03,88.1
0,nearby_place_same_date,glc-7033,2015-06-29,6,26.939,88.11,1,West Bengal,9.5,23.2,47.3,109.3,197.5,387.5,139.729,1.9,7,13.67,43.7,87.71,271.72,0.428,0.429,0.426,21.2,16.8,0,1938,10.157,165.774,-0.969,0.246,0.249,232,2.369,15,5.1,open-meteo-era5,26.96,88.102
1,event,glc-7035,2015-06-30,6,25.424,88.275,1,West Bengal,5,4.6,35.1,81.8,109,236.9,94.272,3.9,7,3.86,8.25,90.3,213.39,0.409,0.415,0.428,32.1,25.1,0,28,0.745,,0,0,-0.14,8,2.234,2,5.1,open-meteo-era5,25.413,88.245
0,same_place_other_date,glc-7035,2010-06-30,6,25.424,88.275,1,West Bengal,19.2,15.1,49.7,162.6,283.6,405.3,174.951,2.7,7,2.03,20.41,88.2,327.3,0.41,0.412,0.434,30.8,25.2,0,28,0.745,,0,0,-0.14,8,1,0,,open-meteo-era5,25.413,88.245
0,same_place_other_date,glc-7035,2010-07-24,7,25.424,88.275,1,West Bengal,1.6,6.1,19.6,99,185.2,413.8,116.179,1.1,7,12.35,27.64,83.6,354.37,0.407,0.405,0.424,32,27,0,28,0.745,,0,0,-0.14,8,1,0,,open-meteo-era5,25.413,88.245
0,nearby_place_same_date,glc-7035,2015-06-30,6,25.324,88.195,1,West Bengal,4,5.7,41.1,81,111.3,220.2,97.1,3.2,7,3.86,8.25,90.3,213.39,0.412,0.416,0.402,31.9,25.4,0,28,0.586,,0,0,-0.037,11,2.16,2,5.1,open-meteo-era5,25.343,88.149
1,event,glc-7034,2015-06-30,6,27.088,88.656,1,West Bengal,18.7,31.5,107.6,207,344.8,485.2,233.756,3.2,7,17.87,48.48,107.9,300.31,0.426,0.425,0.432,20.6,15.6,0,2178,15.818,98.2,-0.143,0.99,0.816,438,2.732,10,5.1,open-meteo-era5,27.17,88.797
0,same_place_other_date,glc-7034,2021-07-08,7,27.088,88.656,1,West Bengal,58.4,10.6,80.1,164,553.2,916.4,295.553,9.7,7,28.36,59.92,156.05,589.21,0.423,0.425,0.406,17.2,15,0,2178,15.818,98.2,-0.143,0.99,0.816,438,2.82,2,5.3,open-meteo-era5,27.17,88.797
0,same_place_other_date,glc-7034,2011-08-04,8,27.088,88.656,1,West Bengal,28.4,24.6,82.9,304.5,664.6,1233.9,419.451,4,7,10.15,23.14,54.21,421.67,0.426,0.426,0.41,22,16.3,0,2178,15.818,98.2,-0.143,0.99,0.816,438,1,0,,open-meteo-era5,27.17,88.797
0,nearby_place_same_date,glc-7034,2015-06-30,6,27.015,88.98,1,West Bengal,25.1,19.4,73.6,132.4,334.5,562,192.338,2.7,7,17.87,48.48,107.9,300.31,0.426,0.421,0.43,23.7,19,0,1032,25.174,192.48,-0.976,-0.216,-0.613,473,3.032,3,5.1,open-meteo-era5,27.03,89
1,event,glc-7363,2015-06-30,6,26.884,88.184,25,West Bengal,15.6,7.3,54,94.8,260.6,511.1,164.471,3.6,7,18.26,42.81,94.73,284.12,0.424,0.425,0.425,21.6,16.9,0,1652,3.275,340.017,0.94,-0.342,0.105,107,2.422,16,5.1,open-meteo-era5,26.96,88.202
0,same_place_other_date,glc-7363,2018-07-07,7,26.884,88.184,25,West Bengal,16.8,9.6,110.6,291.3,500.3,794.7,321.063,3,7,3.36,12.59,131.61,342.5,0.424,0.426,0.426,22,18,0,1652,3.275,340.017,0.94,-0.342,0.105,107,3.123,3,4.4,open-meteo-era5,26.96,88.202
0,same_place_other_date,glc-7363,2011-07-09,7,26.884,88.184,25,West Bengal,15.2,20.4,65.3,194.9,601.5,823.1,323.241,2.1,7,4.43,18.87,83.35,378.14,0.426,0.427,0.427,22.1,17.4,0,1652,3.275,340.017,0.94,-0.342,0.105,107,1,0,,open-meteo-era5,26.96,88.202
0,nearby_place_same_date,glc-7363,2015-06-30,6,26.854,88.075,25,West Bengal,16.3,9.5,49,100.5,206.8,386.1,134.773,2.4,7,18.26,42.81,94.73,284.12,0.425,0.426,0.424,22.4,18.2,0,1464,28.212,180.131,-1,-0.002,-0.182,566,2.354,17,5.1,open-meteo-era5,26.889,88.104
1,event,glc-7040,2015-07-01,7,26.998,88.167,1,West Bengal,26.5,15.6,49.4,112.7,253.1,518.8,162.594,4,7,29.1,61.03,116.62,300.16,0.423,0.424,0.423,20.8,16.7,0,2170,1.586,,0,0,0.508,329,2.4,17,5.1,open-meteo-era5,27.03,88.1
0,same_place_other_date,glc-7040,2008-07-10,7,26.998,88.167,1,West Bengal,15.8,5.4,22.9,108.8,343.2,654.9,190.909,2.2,6,1.13,19.99,36.02,301.82,0.405,0.403,0.409,21.3,15.7,0,2170,1.586,,0,0,0.508,329,1.31,3,4.2,open-meteo-era5,27.03,88.1
0,same_place_other_date,glc-7040,2019-05-22,5,26.998,88.167,1,West Bengal,9.5,2.7,14.8,30.1,63.6,187.5,42.458,2,6,6.84,23.47,36.61,115.2,0.385,0.383,0.39,18.4,10.4,0,2170,1.586,,0,0,0.508,329,2.008,0,,open-meteo-era5,27.03,88.1
0,nearby_place_same_date,glc-7040,2015-07-01,7,27.065,88.025,1,West Bengal,24.3,19.7,66.5,150.5,271.4,507.6,182.914,3.5,7,29.1,61.03,116.62,300.16,0.426,0.426,0.424,16.4,11.9,0,2949,18.725,147.688,-0.845,0.535,0.345,332,2.302,17,5.1,open-meteo-era5,27.1,87.998
1,event,glc-7037,2015-07-01,7,26.881,88.278,5,West Bengal,26.5,15.6,49.4,112.7,253.1,518.8,162.594,4,7,29.1,61.03,116.62,300.16,0.427,0.427,0.427,21.5,18,0,1525,17.482,261.744,-0.144,-0.99,0.258,395,2.487,16,5.1,open-meteo-era5,26.96,88.202
0,same_place_other_date,glc-7037,2023-07-10,7,26.881,88.278,5,West Bengal,5.5,3.7,18.4,75,176.1,437.1,125.327,1.2,7,16.77,39.08,106.38,576.74,0.414,0.417,0.415,22.6,18,0,1525,17.482,261.744,-0.144,-0.99,0.258,395,1.232,0,,open-meteo-era5,26.96,88.202
0,same_place_other_date,glc-7037,2022-06-19,6,26.881,88.278,5,West Bengal,15.2,12.9,48,142.5,235.6,323.4,147.48,3.1,7,28.12,111.46,217.42,482.22,0.427,0.428,0.427,19.8,17.5,0,1525,17.482,261.744,-0.144,-0.99,0.258,395,1,1,4.2,open-meteo-era5,26.96,88.202
0,nearby_place_same_date,glc-7037,2015-07-01,7,27.034,88.54,5,West Bengal,19.9,27.5,55.8,104.8,201.9,344,128.692,4.1,7,18.11,51.09,114.57,306.34,0.424,0.428,0.431,25.4,21.4,0,903,19.79,345.018,0.966,-0.259,0.096,570,2.655,12,5.1,open-meteo-era5,27.03,88.5
1,event,glc-7038,2015-07-01,7,26.878,88.281,10,West Bengal,26.5,15.6,49.4,112.7,253.1,518.8,162.594,4,7,29.1,61.03,116.62,300.16,0.427,0.427,0.427,21.5,18,0,1508,29.959,204.826,-0.908,-0.42,0.01,459,2.489,16,5.1,open-meteo-era5,26.96,88.202
0,same_place_other_date,glc-7038,2015-05-31,5,26.878,88.281,10,West Bengal,24.3,17.8,60.1,110.1,220.7,341.4,129.547,2,7,5.86,28.33,48.71,164.54,0.42,0.418,0.408,20.4,16.7,0,1508,29.959,204.826,-0.908,-0.42,0.01,459,5.604,95,7.3,open-meteo-era5,26.96,88.202
0,same_place_other_date,glc-7038,2010-07-31,7,26.878,88.281,10,West Bengal,14.5,30.5,96.6,173.4,337.9,1019.1,272.516,3.5,7,7.08,48.7,68.38,528.04,0.427,0.427,0.429,21.8,17.1,0,1508,29.959,204.826,-0.908,-0.42,0.01,459,1.216,2,4.6,open-meteo-era5,26.96,88.202
0,nearby_place_same_date,glc-7038,2015-07-01,7,26.772,88.5,10,West Bengal,11.5,26.1,46.4,94.9,266.4,452.2,160.833,6.3,7,18.11,51.09,114.57,306.34,0.429,0.43,0.428,28.9,24.4,0,158,0.754,,0,0,0.029,22,2.658,11,5.1,open-meteo-era5,26.749,88.507
1,event,glc-7039,2015-07-01,7,27.068,88.456,1,West Bengal,19.9,27.5,55.8,104.8,201.9,344,128.692,4.1,7,18.11,51.09,114.57,306.34,0.426,0.431,0.435,25.1,20.8,0,1092,19.689,70.201,0.339,0.941,0.086,424,2.586,15,5.1,open-meteo-era5,27.1,88.498
0,same_place_other_date,glc-7039,2021-07-28,7,27.068,88.456,1,West Bengal,12.4,19,35.7,128,415.4,910.4,240.407,3.9,7,14.8,48.08,86.94,565.45,0.427,0.428,0.403,27,20.3,0,1092,19.689,70.201,0.339,0.941,0.086,424,4.333,3,5.3,open-meteo-era5,27.1,88.498
0,same_place_other_date,glc-7039,2009-08-01,8,27.068,88.456,1,West Bengal,14.6,62.7,93.6,285,372.7,643,273.525,6.6,7,18.02,33.61,137.42,269.06,0.43,0.43,0.425,26.2,21,0,1092,19.689,70.201,0.339,0.941,0.086,424,2.199,0,,open-meteo-era5,27.1,88.498
0,nearby_place_same_date,glc-7039,2015-07-01,7,27.25,88.517,1,West Bengal,46,39.2,118.1,263.9,387.1,608.7,253.564,5.7,7,18.11,51.09,114.57,306.34,0.426,0.426,0.43,25.6,21.3,0,892,36.739,125.91,-0.587,0.81,0.087,690,2.587,15,5.1,open-meteo-era5,27.241,88.495
1,event,glc-7036,2015-07-01,7,26.835,88.188,5,West Bengal,21.4,20.1,52.6,120.6,295.3,470,174.302,3.4,7,29.1,61.03,116.62,300.16,0.426,0.426,0.429,23.9,20.2,0,1006,20.171,356.186,0.998,-0.067,0.22,424,2.429,16,5.1,open-meteo-era5,26.819,88.206
0,same_place_other_date,glc-7036,2014-08-03,8,26.835,88.188,5,West Bengal,18.3,10.3,44.9,85.2,212.3,506.1,133.695,3.1,6,5.04,6.29,21.94,203.97,0.421,0.422,0.402,24.4,20.4,0,1006,20.171,356.186,0.998,-0.067,0.22,424,1.776,3,4.3,open-meteo-era5,26.819,88.206
0,same_place_other_date,glc-7036,2012-07-06,7,26.835,88.188,5,West Bengal,100.6,99.8,248.7,296.8,525.1,859.5,300.128,9.8,7,19.85,84.31,111.56,277.44,0.429,0.43,0.43,21.7,19.7,0,1006,20.171,356.186,0.998,-0.067,0.22,424,3.215,1,4.5,open-meteo-era5,26.819,88.206
0,nearby_place_same_date,glc-7036,2015-07-01,7,26.658,88.118,5,West Bengal,18.2,19.3,43.1,95.6,210.7,308.9,122.989,3.5,7,24.93,53.59,107.26,300.66,0.427,0.427,0.427,29.2,24.9,0,125,0.356,,0,0,0.01,9,2.389,16,5.1,open-meteo-era5,26.678,88.111
1,event,glc-7076,2015-07-04,7,26.928,88.455,1,West Bengal,20.2,89.6,122.9,205.4,287.9,452,210.916,10.2,7,18.37,38.08,104.67,330.89,0.429,0.428,0.434,28.3,25,0,156,1.913,,0,0,-0.115,190,2.609,11,5.1,open-meteo-era5,26.889,88.503
0,same_place_other_date,glc-7076,2008-07-14,7,26.928,88.455,1,West Bengal,58.6,199.6,379.7,421.9,675,908,464.044,23.4,7,10.75,41.89,63.62,286.32,0.418,0.422,0.437,27.3,24.5,0,156,1.913,,0,0,-0.115,190,1.608,3,4.2,open-meteo-era5,26.889,88.503
0,same_place_other_date,glc-7076,2013-07-23,7,26.928,88.455,1,West Bengal,0.7,15.9,26.7,126.6,299.3,958.5,249.115,2.7,6,6.56,23.32,70.63,451.09,0.418,0.426,0.426,30.9,24.8,0,156,1.913,,0,0,-0.115,190,2.076,2,4.7,open-meteo-era5,26.889,88.503
0,nearby_place_same_date,glc-7076,2015-07-04,7,27.255,88.622,1,West Bengal,51.7,92.5,179.2,366.4,521.1,768.7,345.018,7.2,7,13.14,24.46,69.13,201.4,0.428,0.432,0.424,26.3,17.5,0,1481,24.484,203.32,-0.918,-0.396,-0.26,588,2.66,11,5.1,open-meteo-era5,27.311,88.594
1,event,glc-7138,2015-07-07,7,27.082,88.44,5,Sikkim,2.6,16.8,60.4,203.2,315,494.8,223.088,2,7,9.06,26.94,83.13,342.54,0.423,0.43,0.424,31.6,25.7,0,262,24.345,339.898,0.939,-0.344,-0.403,419,2.572,15,5.1,open-meteo-era5,27.1,88.398
0,same_place_other_date,glc-7138,2025-08-07,8,27.082,88.44,5,Sikkim,3.5,9.7,36.5,105.1,222,481,155.609,4.7,7,22.99,36.71,134.51,467.93,0.404,0.41,0.429,32.4,25.2,0,262,24.345,339.898,0.939,-0.344,-0.403,419,1,0,,open-meteo-era5,27.1,88.398
0,same_place_other_date,glc-7138,2025-06-28,6,27.082,88.44,5,Sikkim,5.8,3,15.4,76.6,224.9,431,121.547,4,7,4.12,13.63,109.24,345.58,0.395,0.396,0.349,33.1,24.8,0,262,24.345,339.898,0.939,-0.344,-0.403,419,1,1,4.2,open-meteo-era5,27.1,88.398
0,nearby_place_same_date,glc-7138,2015-07-07,7,27.012,88.825,5,Sikkim,31.9,24.7,84.1,289.2,460.3,685.1,292.189,3.7,7,9.06,26.94,83.13,342.54,0.389,0.386,0.396,27.2,20.2,0,867,21.447,134.748,-0.704,0.71,0.01,228,2.891,8,5.1,open-meteo-era5,27.03,88.8
1,event,glc-7139,2015-07-07,7,26.883,88.281,5,West Bengal,2,19.3,66,138,265.9,565.1,192.518,3.4,7,8.92,33.58,105.54,344.28,0.423,0.425,0.428,23.8,19,0,1614,20.13,265.601,-0.077,-0.997,0.038,384,2.488,16,5.1,open-meteo-era5,26.96,88.202
0,same_place_other_date,glc-7139,2022-07-01,7,26.883,88.281,5,West Bengal,26.4,2.6,39.9,235.1,350.9,554.3,239.374,6,7,17.94,80.01,208.79,685.11,0.414,0.417,0.42,21.4,16.8,0,1614,20.13,265.601,-0.077,-0.997,0.038,384,2.237,1,4.2,open-meteo-era5,26.96,88.202
0,same_place_other_date,glc-7139,2016-08-03,8,26.883,88.281,5,West Bengal,0.4,3.1,3.6,60.5,598.3,1147.3,329.753,0.7,5,2.56,17,50.31,480.31,0.406,0.405,0.413,24.2,18.4,0,1614,20.13,265.601,-0.077,-0.997,0.038,384,1,0,,open-meteo-era5,26.96,88.202
0,nearby_place_same_date,glc-7139,2015-07-07,7,26.627,88.241,5,West Bengal,5.1,13.2,45.4,141.5,292.6,547.7,196.503,2.6,7,8.94,41,98.97,342.99,0.422,0.427,0.432,31.5,25.7,0,118,0.559,,0,0,0.019,10,2.471,12,5.1,open-meteo-era5,26.608,88.212
1,event,glc-7214,2015-07-15,7,27.36,93.039,5,Arunachal Pradesh,88.3,39.2,149.8,212.6,407.4,827.4,240.364,7.7,7,40.53,70.31,77.28,381.05,0.428,0.428,0.429,27.6,24.3,0,406,6.449,267.51,-0.043,-0.999,0.135,182,2.119,5,5.1,open-meteo-era5,27.381,93.017
0,same_place_other_date,glc-7214,2016-06-03,6,27.36,93.039,5,Arunachal Pradesh,0.3,0,7.5,42.9,122.2,283.8,89.786,0.2,5,0.07,0.51,26.32,198.31,0.404,0.411,0.423,31.9,21.8,0,406,6.449,267.51,-0.043,-0.999,0.135,182,1.496,2,4.1,open-meteo-era5,27.381,93.017
0,same_place_other_date,glc-7214,2025-07-20,7,27.36,93.039,5,Arunachal Pradesh,2.1,1.7,5.3,10.2,38.6,182.6,35.024,0.5,6,13.89,22.05,70.4,336.53,0.321,0.324,0.362,32.1,25.7,0,406,6.449,267.51,-0.043,-0.999,0.135,182,2.45,1,4.2,open-meteo-era5,27.381,93.017
0,nearby_place_same_date,glc-7214,2015-07-15,7,27.575,93.113,5,Arunachal Pradesh,98.8,78.8,233.5,307.5,550,1104.5,345.828,11.4,7,40.53,70.31,77.28,381.05,0.429,0.429,0.428,24.9,21.3,0,1034,29.319,142.653,-0.795,0.607,-0.542,427,2.09,5,5.1,open-meteo-era5,27.592,93.027
1,event,glc-7263,2015-07-22,7,25.448,94.049,1,Manipur,21.8,31.1,88.6,178.9,298.9,511.7,193.328,5.9,7,10.3,41.39,117.9,325.49,0.426,0.427,0.431,22.5,19.7,0,1336,25.869,303.215,0.548,-0.837,-0.504,529,1.59,5,4.5,open-meteo-era5,25.413,94.095
0,same_place_other_date,glc-7263,2019-08-13,8,25.448,94.049,1,Manipur,4.2,3.3,8.5,45.8,120.1,176.5,62.996,1.1,7,21.51,27.15,74.23,261.05,0.481,0.481,0.473,25.5,18.6,0,1336,25.869,303.215,0.548,-0.837,-0.504,529,2.682,8,5.5,open-meteo-era5,25.413,94.095
0,same_place_other_date,glc-7263,2025-08-14,8,25.448,94.049,1,Manipur,3.8,2,16.7,20.2,64.4,149.6,43.701,0.7,5,7.43,26.91,49.38,220.02,0.482,0.48,0.476,26.1,17.9,0,1336,25.869,303.215,0.548,-0.837,-0.504,529,1.683,3,4.6,open-meteo-era5,25.413,94.095
0,nearby_place_same_date,glc-7263,2015-07-22,7,25.271,93.928,1,Manipur,19.3,14.9,56,142.9,215.7,367.4,135.112,3.1,7,10.3,41.39,117.9,325.49,0.426,0.427,0.429,22.2,20.2,0,1270,11.983,219.931,-0.767,-0.642,-0.716,344,1.656,5,4.5,open-meteo-era5,25.272,93.989
1,event,glc-7264,2015-07-22,7,25.454,93.983,5,Manipur,21.8,31.1,88.6,178.9,298.9,511.7,193.328,5.9,7,10.3,41.39,117.9,325.49,0.439,0.442,0.442,21.7,17.2,0,1774,26.959,287.833,0.306,-0.952,-0.392,546,1.615,5,4.5,open-meteo-era5,25.483,94.002
0,same_place_other_date,glc-7264,2013-09-05,9,25.454,93.983,5,Manipur,11.2,13,32.4,82.6,196.7,443.1,130.878,3.3,7,12.37,28.55,50.61,243.51,0.432,0.435,0.441,20.7,17,0,1774,26.959,287.833,0.306,-0.952,-0.392,546,1.721,4,4.3,open-meteo-era5,25.483,94.002
0,same_place_other_date,glc-7264,2022-07-06,7,25.454,93.983,5,Manipur,3.3,6.6,25.1,60.5,117.7,328.4,95.908,1.6,7,4.93,26.84,55.98,278.77,0.418,0.419,0.419,24.1,15.4,0,1774,26.959,287.833,0.306,-0.952,-0.392,546,1.389,2,4.6,open-meteo-era5,25.483,94.002
0,nearby_place_same_date,glc-7264,2015-07-22,7,25.148,94.128,5,Manipur,18.2,15.8,56.9,161.6,260.3,431.8,158.197,2.3,7,14.27,45.06,139.8,345.03,0.497,0.493,0.51,22.2,19.6,0,1101,22.028,284.657,0.253,-0.967,-0.26,340,1.733,5,4.5,open-meteo-era5,25.132,94.078
1,event,glc-7253,2015-07-22,7,24.798,92.997,5,Assam,37.5,48.3,140.6,366.7,461.1,747.4,312.498,5.5,7,18.11,52.6,152.6,429.08,0.469,0.488,0.472,27.2,24.6,0,28,0.195,,0,0,0.018,11,1.946,4,4.4,open-meteo-era5,24.78,92.994
0,same_place_other_date,glc-7253,2023-07-21,7,24.798,92.997,5,Assam,32.5,14.1,46.6,91.5,297.8,556.6,152.098,14.7,6,2.78,12.43,45.72,285.31,0.475,0.476,0.475,33.2,25.1,0,28,0.195,,0,0,0.018,11,1.57,4,4.3,open-meteo-era5,24.78,92.994
0,same_place_other_date,glc-7253,2013-07-31,7,24.798,92.997,5,Assam,52.8,21.7,75.1,202,332.1,483.8,182.601,6.9,6,7.88,22.45,56.72,373.32,0.445,0.445,0.452,29.1,24.8,0,28,0.195,,0,0,0.018,11,1.617,4,4.3,open-meteo-era5,24.78,92.994
0,nearby_place_same_date,glc-7253,2015-07-22,7,24.905,93.195,5,Assam,48.7,25.7,109.1,231.7,285.3,475.9,179.948,6.1,7,18.11,52.6,152.6,429.08,0.424,0.419,0.434,27.6,23.9,0,84,3.62,321.17,0.779,-0.627,-0.129,73,1.958,5,4.4,open-meteo-era5,24.921,93.194
1,event,glc-7265,2015-07-22,7,25.501,93.985,5,Manipur,21.8,31.1,88.6,178.9,298.9,511.7,193.328,5.9,7,10.3,41.39,117.9,325.49,0.439,0.442,0.442,23.9,19.4,0,1435,21.444,163.014,-0.956,0.292,-0.42,526,1.622,5,4.5,open-meteo-era5,25.413,93.998
0,same_place_other_date,glc-7265,2007-07-04,7,25.501,93.985,5,Manipur,9.3,13.8,33.8,140.5,225.7,595.1,174.225,7.4,7,2.27,10.69,28.47,205.03,0.429,0.436,0.437,26.8,20.1,0,1435,21.444,163.014,-0.956,0.292,-0.42,526,4.034,4,5.2,open-meteo-era5,25.413,93.998
0,same_place_other_date,glc-7265,2010-08-20,8,25.501,93.985,5,Manipur,14.4,12.2,34.7,70.9,171.1,424.1,115.831,3,7,7.85,31.02,61.89,191.37,0.437,0.438,0.434,23.5,20.3,0,1435,21.444,163.014,-0.956,0.292,-0.42,526,1.569,3,4.1,open-meteo-era5,25.413,93.998
0,nearby_place_same_date,glc-7265,2015-07-22,7,25.796,94.156,5,Manipur,32.2,29,105.4,205.2,315.2,524.4,205.59,10.3,7,15.83,50.33,108.31,338.32,0.475,0.495,0.506,23.1,19.3,0,1160,16.863,345.187,0.967,-0.256,0.084,186,1.596,5,4.5,open-meteo-era5,25.764,94.118
1,event,glc-7266,2015-07-22,7,25.51,93.879,10,Manipur,21.8,31.1,88.6,178.9,298.9,511.7,193.328,5.9,7,10.3,41.39,117.9,325.49,0.43,0.432,0.429,20.1,17.4,0,1644,12.521,278.13,0.141,-0.99,-0.196,194,1.664,5,4.5,open-meteo-era5,25.483,93.905
0,same_place_other_date,glc-7266,2013-08-02,8,25.51,93.879,10,Manipur,16.7,14.8,59.9,119.8,236.9,492.5,162.872,4.2,7,6.39,21.89,50.45,291.03,0.427,0.429,0.429,22.7,17.6,0,1644,12.521,278.13,0.141,-0.99,-0.196,194,2.439,3,5,open-meteo-era5,25.483,93.905
0,same_place_other_date,glc-7266,2014-08-21,8,25.51,93.879,10,Manipur,14.2,19.5,37.9,145.6,231.5,459.4,157.573,4.6,7,23,29.37,76.06,199.69,0.421,0.419,0.416,22.3,18,0,1644,12.521,278.13,0.141,-0.99,-0.196,194,2.849,4,5,open-meteo-era5,25.483,93.905
0,nearby_place_same_date,glc-7266,2015-07-22,7,25.661,94,10,Manipur,27.2,50.5,123.6,195,321.4,534.1,211.623,13.7,7,10.3,41.39,117.9,325.49,0.472,0.483,0.482,18.2,15.1,0,2116,27.225,117.589,-0.463,0.886,0.627,634,1.639,5,4.5,open-meteo-era5,25.624,94.011
1,event,glc-7267,2015-07-22,7,25.391,94.093,10,Manipur,21.8,31.1,88.6,178.9,298.9,511.7,193.328,5.9,7,16.94,48.02,130.7,347.16,0.485,0.497,0.494,22.2,19.2,0,1310,9.051,130.083,-0.644,0.765,0.382,196,1.598,5,4.5,open-meteo-era5,25.343,94.091
0,same_place_other_date,glc-7267,2022-07-27,7,25.391,94.093,10,Manipur,5.4,1.8,21.9,45.8,76.9,143.4,53.162,4.4,7,2.57,23.13,80.35,221.38,0.494,0.491,0.475,25.9,16.2,0,1310,9.051,130.083,-0.644,0.765,0.382,196,2.053,6,4.6,open-meteo-era5,25.343,94.091
0,same_place_other_date,glc-7267,2007-07-14,7,25.391,94.093,10,Manipur,11.9,25.9,54.4,80.5,211.7,504,143.574,7.5,7,1.26,5.83,18.52,133.22,0.463,0.489,0.495,26,20.5,0,1310,9.051,130.083,-0.644,0.765,0.382,196,3.847,3,5.2,open-meteo-era5,25.343,94.091
0,nearby_place_same_date,glc-7267,2015-07-22,7,25.669,93.847,10,Manipur,21.3,74.4,129.4,189.8,296.3,485.7,206.48,14.3,7,10.3,41.39,117.9,325.49,0.474,0.494,0.488,25.7,22.5,0,554,18.703,300.964,0.514,-0.857,0.009,211,1.701,5,4.5,open-meteo-era5,25.694,93.819
1,event,glc-7276,2015-07-25,7,26.106,91.872,5,Assam,1.3,19,94,302.6,396,679.3,312.319,3.7,7,11.76,44.78,112.45,316.39,0.474,0.492,0.49,31.4,23.4,0,248,11.701,236.962,-0.545,-0.838,0.245,248,2.942,6,5.1,open-meteo-era5,26.116,91.873
0,same_place_other_date,glc-7276,2018-08-22,8,26.106,91.872,5,Assam,14.6,19.5,63,89.7,186.7,444.2,124.475,6,5,4.58,13.17,29.26,258.37,0.498,0.508,0.501,29.8,24.1,0,248,11.701,236.962,-0.545,-0.838,0.245,248,1.301,0,,open-meteo-era5,26.116,91.873
0,same_place_other_date,glc-7276,2011-08-20,8,26.106,91.872,5,Assam,0,14.6,45.1,144.9,383.1,847.7,255.91,3.2,6,1.21,4.79,94.43,453.19,0.463,0.488,0.498,31.5,24.1,0,248,11.701,236.962,-0.545,-0.838,0.245,248,1.094,1,4,open-meteo-era5,26.116,91.873
0,nearby_place_same_date,glc-7276,2015-07-25,7,26.15,92.26,5,Assam,1.7,20.7,85.2,217.1,295.3,491.1,227.984,4,7,7.89,41.53,92.45,290.62,0.464,0.496,0.493,32.4,24.7,0,60,1.433,,0,0,0.028,11,2.644,6,5.1,open-meteo-era5,26.186,92.27
1,event,glc-7364,2015-07-31,7,24.819,94.355,10,Manipur,63.1,64,160,289.9,433.1,578.9,264.228,6.3,7,79.86,103.04,118.66,352.73,0.429,0.429,0.429,15.8,14.1,0,1619,26.883,249.762,-0.346,-0.938,0.111,448,1.95,5,4.5,open-meteo-era5,24.851,94.35
0,same_place_other_date,glc-7364,2011-08-18,8,24.819,94.355,10,Manipur,1.1,8.5,18.4,60.3,220.1,346.3,119.054,1.9,7,0.98,17.09,47.01,291.65,0.423,0.423,0.425,20.1,15,0,1619,26.883,249.762,-0.346,-0.938,0.111,448,1.786,4,4.4,open-meteo-era5,24.851,94.35
0,same_place_other_date,glc-7364,2009-06-25,6,24.819,94.355,10,Manipur,3.6,3.6,11.2,29.2,48.6,229.2,55.558,1,7,17.27,20.89,25.14,117.15,0.389,0.379,0.351,22.4,17,0,1619,26.883,249.762,-0.346,-0.938,0.111,448,1.859,3,4.5,open-meteo-era5,24.851,94.35
0,nearby_place_same_date,glc-7364,2015-07-31,7,24.808,94.743,10,Manipur,83.9,70.4,215,380.3,601.6,1039.7,388.569,6.1,7,59.82,88.34,102.85,312.18,0.468,0.474,0.467,23.1,21.2,0,289,10.921,234.628,-0.579,-0.815,0.102,182,2.04,5,4.5,open-meteo-era5,24.78,94.732
1,event,glc-7372,2015-07-31,7,25.063,94.342,10,Manipur,52,40.5,119.9,183.5,312.9,448,179.271,4.4,7,79.86,103.04,118.66,352.73,0.462,0.465,0.475,16.9,14.8,0,1778,21.292,274.073,0.071,-0.997,-0.065,264,1.81,5,4.5,open-meteo-era5,25.062,94.364
0,same_place_other_date,glc-7372,2024-08-21,8,25.063,94.342,10,Manipur,3.6,18.4,61.9,116.9,201.2,390.1,155.144,3.9,7,3.25,55.32,89.56,346.63,0.427,0.428,0.429,23.2,15.4,0,1778,21.292,274.073,0.071,-0.997,-0.065,264,3.849,5,4.5,open-meteo-era5,25.062,94.364
0,same_place_other_date,glc-7372,2014-06-17,6,25.063,94.342,10,Manipur,35,15.4,67.9,78.8,88.5,115,45.755,5,6,12.34,78.94,167.52,220.82,0.436,0.38,0.272,18,16.9,0,1778,21.292,274.073,0.071,-0.997,-0.065,264,2.932,7,4.6,open-meteo-era5,25.062,94.364
0,nearby_place_same_date,glc-7372,2015-07-31,7,25.208,94.602,10,Manipur,44.3,31.7,101.1,145.9,338.7,629.2,202.807,4.6,7,79.86,103.04,118.66,352.73,0.429,0.429,0.428,18.3,15.7,0,1857,6.339,12.529,0.976,0.217,-1.004,316,1.906,5,4.5,open-meteo-era5,25.202,94.568
1,event,glc-7370,2015-08-01,8,24.142,94.108,5,Manipur,17.3,163.3,304.9,443.5,653,851.7,489.957,12.2,7,2.09,71.58,85.55,237.74,0.486,0.491,0.483,22.8,17.9,0,1180,24.15,230.839,-0.631,-0.775,0.238,220,2.754,3,4.4,open-meteo-era5,24.148,94.113
0,same_place_other_date,glc-7370,2019-09-06,9,24.142,94.108,5,Manipur,39.2,8,51.9,118.7,227.6,361.8,110.664,12.6,7,3.57,8.08,12.89,67.32,0.416,0.418,0.417,23.3,19.3,0,1180,24.15,230.839,-0.631,-0.775,0.238,220,4.051,3,5.4,open-meteo-era5,24.148,94.113
0,same_place_other_date,glc-7370,2013-08-01,8,24.142,94.108,5,Manipur,18.6,11.6,37.1,74.7,166.6,320.9,95.675,5.2,7,3.27,18.62,37.98,226.69,0.478,0.48,0.481,24.5,17.8,0,1180,24.15,230.839,-0.631,-0.775,0.238,220,1.549,4,4.4,open-meteo-era5,24.148,94.113
0,nearby_place_same_date,glc-7370,2015-08-01,8,24.307,94.41,5,Manipur,14.9,124.6,286.1,613,757.2,1091.4,587.994,8.9,7,3.7,100.7,118.29,329.07,0.44,0.442,0.44,27.4,22.6,0,170,3.509,249.444,-0.351,-0.936,0,26,2.313,3,4.4,open-meteo-era5,24.288,94.409
1,event,glc-7385,2015-08-01,8,24.004,93.982,10,Manipur,16.4,212.5,431.4,598,839.9,1157.4,657.333,16.8,7,5.31,82.66,101.37,310.51,0.434,0.436,0.434,22.3,16.9,0,1473,23.022,103.646,-0.236,0.972,0.41,529,2.92,3,4.4,open-meteo-era5,24.007,93.913
0,same_place_other_date,glc-7385,2026-07-09,7,24.004,93.982,10,Manipur,8.9,5.1,32.2,104.1,159.2,298,109.568,3.8,7,4.88,31.56,48.85,181.4,0.505,0.508,0.459,23.8,17.5,0,1473,23.022,103.646,-0.236,0.972,0.41,529,3.412,5,4.5,open-meteo-era5,24.007,93.913
0,same_place_other_date,glc-7385,2020-07-05,7,24.004,93.982,10,Manipur,21.6,39.8,68,86.9,143.6,305.2,99.23,9.6,7,5.81,14.66,30.75,131.61,0.509,0.508,0.488,24.5,17.5,0,1473,23.022,103.646,-0.236,0.972,0.41,529,4.13,11,5.6,open-meteo-era5,24.007,93.913
0,nearby_place_same_date,glc-7385,2015-08-01,8,23.854,93.651,10,Manipur,10.3,130,299.6,440.4,617.1,846.4,484.136,11.2,7,5.31,82.66,101.37,310.51,0.429,0.429,0.429,21.3,14.4,0,1951,21.693,111.259,-0.363,0.932,0.336,505,3.007,3,4.4,open-meteo-era5,23.866,93.619
1,event,glc-7369,2015-08-01,8,24.199,94.102,10,Manipur,17.3,163.3,304.9,443.5,653,851.7,489.957,12.2,7,2.09,71.58,85.55,237.74,0.44,0.442,0.439,22.1,17.1,0,1390,22.458,298.121,0.471,-0.882,0.878,300,2.734,3,4.4,open-meteo-era5,24.218,94.117
0,same_place_other_date,glc-7369,2015-06-30,6,24.199,94.102,10,Manipur,1.3,0.2,19.2,202.1,310.8,398.2,209.753,1,6,0.42,4,78.61,142.7,0.429,0.428,0.437,25.4,18.1,0,1390,22.458,298.121,0.471,-0.882,0.878,300,1.33,3,4.3,open-meteo-era5,24.218,94.117
0,same_place_other_date,glc-7369,2025-07-19,7,24.199,94.102,10,Manipur,19.5,3.3,24.9,61.2,199.5,559,115.366,9.6,7,9.33,11.06,22.54,141.44,0.381,0.392,0.409,23.7,19,0,1390,22.458,298.121,0.471,-0.882,0.878,300,2.465,9,5.1,open-meteo-era5,24.218,94.117
0,nearby_place_same_date,glc-7369,2015-08-01,8,24.279,93.964,10,Manipur,17.3,163.3,304.9,443.5,653,851.7,489.957,12.2,7,8.7,110.35,129.77,387.65,0.493,0.507,0.493,24.7,19.1,0,1011,9.68,112.249,-0.379,0.926,-0.192,246,2.81,3,4.4,open-meteo-era5,24.288,93.93
1,event,glc-7383,2015-08-01,8,23.899,94.143,5,Manipur,15,198.8,448.2,696.1,970.6,1395,755.756,13.7,7,2.09,71.58,85.55,237.74,0.496,0.508,0.499,28.1,23.2,0,258,8.038,123.288,-0.549,0.836,-0.209,190,2.708,3,4.4,open-meteo-era5,23.866,94.19
0,same_place_other_date,glc-7383,2020-07-02,7,23.899,94.143,5,Manipur,4.7,6.3,11.1,18.5,64.8,229.5,50.33,3.7,4,0.89,7.51,15.22,104.73,0.385,0.398,0.4,30.8,24.5,0,258,8.038,123.288,-0.549,0.836,-0.209,190,4.102,9,5.6,open-meteo-era5,23.866,94.19
0,same_place_other_date,glc-7383,2012-06-28,6,23.899,94.143,5,Manipur,1.5,10.1,18.5,147.1,289.6,583.8,186.79,3.4,7,0,16.18,46.5,174.54,0.477,0.483,0.508,31.2,23.3,0,258,8.038,123.288,-0.549,0.836,-0.209,190,4.027,3,4.7,open-meteo-era5,23.866,94.19
0,nearby_place_same_date,glc-7383,2015-08-01,8,23.853,94.36,5,Manipur,11.3,152.1,426.5,682.9,939.9,1459.5,751.704,12.7,7,2.09,71.58,85.55,237.74,0.439,0.441,0.439,25.7,21.4,0,466,4.028,56.041,0.559,0.829,0.045,181,2.422,3,4.4,open-meteo-era5,23.866,94.381
1,event,glc-7373,2015-08-01,8,24.911,94.476,10,Manipur,10.6,61.1,120.9,247,372.3,636.4,279.219,5.2,7,4.9,104.34,121.77,353.87,0.428,0.429,0.428,18.2,13.9,0,1826,27.563,20.772,0.935,0.355,0.046,393,1.903,5,4.5,open-meteo-era5,24.991,94.456
0,same_place_other_date,glc-7373,2007-08-02,8,24.911,94.476,10,Manipur,15.4,18.1,35.6,45.2,146.9,277.2,77.224,3.5,5,0.21,3.9,17.08,100.53,0.422,0.416,0.408,19.7,15,0,1826,27.563,20.772,0.935,0.355,0.046,393,2.076,1,4.3,open-meteo-era5,24.991,94.456
0,same_place_other_date,glc-7373,2024-08-09,8,24.911,94.476,10,Manipur,0.9,2.8,13.2,76.7,223.3,330.3,131.902,0.4,6,1.1,20.66,110.88,312.37,0.419,0.422,0.422,22.6,15.1,0,1826,27.563,20.772,0.935,0.355,0.046,393,2.323,3,4.4,open-meteo-era5,24.991,94.456
0,nearby_place_same_date,glc-7373,2015-08-01,8,25.035,94.505,10,Manipur,10.6,61.1,120.9,247,372.3,636.4,279.219,5.2,7,4.9,104.34,121.77,353.87,0.429,0.429,0.429,23.3,18.8,0,1244,20.239,25.311,0.904,0.428,0.797,393,1.902,5,4.5,open-meteo-era5,24.991,94.553
1,event,glc-7389,2015-08-01,8,24.407,94.064,5,Manipur,33.3,132.7,252.8,381.6,551.4,712.8,393.472,12.9,7,3.7,100.7,118.29,329.07,0.448,0.451,0.446,23.6,18.5,0,1164,25.117,3.074,0.999,0.054,0.239,340,2.595,3,4.4,open-meteo-era5,24.359,94.03
0,same_place_other_date,glc-7389,2022-08-18,8,24.407,94.064,5,Manipur,1.7,1.7,3.6,49.1,101.5,216.7,61.795,0.6,6,2.28,2.74,11.57,139.08,0.46,0.47,0.484,26.2,20.3,0,1164,25.117,3.074,0.999,0.054,0.239,340,2.497,2,4.6,open-meteo-era5,24.359,94.03
0,same_place_other_date,glc-7389,2026-08-25,8,24.407,94.064,5,Manipur,10.2,1,11.8,19.9,94.1,234.7,59.99,1.9,6,2.28,9.31,15.21,139.35,0.435,0.452,0.495,23.6,20.4,0,1164,25.117,3.074,0.999,0.054,0.239,340,1.694,4,4.8,open-meteo-era5,24.359,94.03
0,nearby_place_same_date,glc-7389,2015-08-01,8,24.729,94.204,5,Manipur,16.5,63.1,143.6,299.6,425.7,593.3,300.791,4.3,7,3.7,100.7,118.29,329.07,0.453,0.461,0.462,23.3,18.3,0,1135,17.991,111.919,-0.373,0.928,-0.461,350,2.139,3,4.4,open-meteo-era5,24.71,94.244
1,event,glc-7388,2015-08-01,8,24.416,94.098,5,Manipur,33.3,132.7,252.8,381.6,551.4,712.8,393.472,12.9,7,3.7,100.7,118.29,329.07,0.448,0.451,0.446,22.3,17.2,0,1382,19.69,281.385,0.197,-0.98,0.495,336,2.556,3,4.4,open-meteo-era5,24.429,94.13
0,same_place_other_date,glc-7388,2025-06-24,6,24.416,94.098,5,Manipur,20.3,50.1,101.1,151.5,198,511.2,163.844,14.8,7,13.39,39.3,65.33,368.9,0.423,0.419,0.311,23.6,18.5,0,1382,19.69,281.385,0.197,-0.98,0.495,336,4.52,7,5.1,open-meteo-era5,24.429,94.13
0,same_place_other_date,glc-7388,2021-08-02,8,24.416,94.098,5,Manipur,14.4,14.2,30.6,94.1,203.5,343.6,118.802,6.7,7,23.7,83.62,102.48,208.8,0.414,0.414,0.407,22.9,18.3,0,1382,19.69,281.385,0.197,-0.98,0.495,336,3.736,6,5.5,open-meteo-era5,24.429,94.13
0,nearby_place_same_date,glc-7388,2015-08-01,8,24.172,94.345,5,Manipur,14.1,144.8,314.4,540.1,722.2,972.9,553.06,10,7,2.09,71.58,85.55,237.74,0.494,0.508,0.499,27.3,22.4,0,161,0.968,,0,0,-0.055,14,2.451,3,4.4,open-meteo-era5,24.148,94.304
1,event,glc-7374,2015-08-01,8,25.112,94.359,10,Manipur,15.8,52,108.3,196.1,305.6,462.6,213.293,3.7,7,4.9,104.34,121.77,353.87,0.428,0.428,0.429,20.2,15.3,0,1848,12.469,285.474,0.267,-0.964,0.427,244,1.81,5,4.5,open-meteo-era5,25.132,94.369
0,same_place_other_date,glc-7374,2009-06-25,6,25.112,94.359,10,Manipur,3.7,2.8,9.4,23.5,41.2,172.3,42.971,1,6,17.27,20.89,25.14,117.15,0.396,0.388,0.365,22.4,17.1,0,1848,12.469,285.474,0.267,-0.964,0.427,244,2.059,3,4.5,open-meteo-era5,25.132,94.369
0,same_place_other_date,glc-7374,2014-08-29,8,25.112,94.359,10,Manipur,0.6,9.9,19.8,36.9,109.2,204.2,68.121,1.6,5,13.19,20.39,39,230.9,0.425,0.427,0.423,23.2,15.2,0,1848,12.469,285.474,0.267,-0.964,0.427,244,3.355,2,5,open-meteo-era5,25.132,94.369
0,nearby_place_same_date,glc-7374,2015-08-01,8,25.139,94.265,10,Manipur,18.9,49.8,96,152.9,293.6,499.1,196.767,4.6,6,4.9,104.34,121.77,353.87,0.453,0.46,0.459,21.6,16.4,0,1571,12.1,120.743,-0.511,0.859,-0.102,282,1.754,5,4.5,open-meteo-era5,25.132,94.272
1,event,glc-7390,2015-08-01,8,24.427,94.191,25,Manipur,16.6,97,220.1,438.4,601.3,828.5,440.796,6.7,7,3.7,100.7,118.29,329.07,0.429,0.429,0.428,21.8,17,0,1313,8.2,25.074,0.906,0.424,0.239,324,2.46,3,4.4,open-meteo-era5,24.429,94.13
0,same_place_other_date,glc-7390,2011-09-05,9,24.427,94.191,25,Manipur,1.6,1.8,4.3,17.3,166.2,381.8,80.259,0.6,6,0.96,2.9,11.93,215.34,0.384,0.387,0.396,23.9,18.1,0,1313,8.2,25.074,0.906,0.424,0.239,324,1.622,3,4.4,open-meteo-era5,24.429,94.13
0,same_place_other_date,glc-7390,2023-09-02,9,24.427,94.191,25,Manipur,27.4,2,38.4,45.4,130.5,249,63.1,13.7,5,0.52,10.24,15.94,193.14,0.403,0.399,0.391,25.5,19.1,0,1313,8.2,25.074,0.906,0.424,0.239,324,2.83,4,5.3,open-meteo-era5,24.429,94.13
0,nearby_place_same_date,glc-7390,2015-08-01,8,24.272,94.068,25,Manipur,17.3,163.3,304.9,443.5,653,851.7,489.957,12.2,7,3.7,100.7,118.29,329.07,0.444,0.447,0.442,23.3,18.3,0,1216,19.05,282.4,0.215,-0.977,0.366,353,2.719,3,4.4,open-meteo-era5,24.288,94.026
1,event,glc-7384,2015-08-01,8,23.928,94.091,5,Manipur,16.4,212.5,431.4,598,839.9,1157.4,657.333,16.8,7,2.09,71.58,85.55,237.74,0.496,0.508,0.499,24,19,0,941,8.706,341.847,0.95,-0.312,0.519,252,2.782,3,4.4,open-meteo-era5,23.937,94.1
0,same_place_other_date,glc-7384,2012-07-26,7,23.928,94.091,5,Manipur,11.9,13.7,49.8,110.9,224.9,390.3,147.505,6.4,7,1.42,3.89,15.37,70.54,0.465,0.491,0.46,26.5,19.1,0,941,8.706,341.847,0.95,-0.312,0.519,252,3.321,8,5.6,open-meteo-era5,23.937,94.1
0,same_place_other_date,glc-7384,2020-08-18,8,23.928,94.091,5,Manipur,24.3,13.2,47.8,97.6,284.2,460.2,144.14,7.6,7,2.67,9.59,24.07,108.5,0.495,0.489,0.506,23.1,19.2,0,941,8.706,341.847,0.95,-0.312,0.519,252,3.095,5,4.8,open-meteo-era5,23.937,94.1
0,nearby_place_same_date,glc-7384,2015-08-01,8,23.756,94.403,5,Manipur,3.2,37.7,181.5,369.2,557.4,915.1,426.687,4.8,7,2.09,71.58,85.55,237.74,0.442,0.443,0.444,27.8,23.5,0,132,1.1,,0,0,-0.145,54,2.326,3,4.4,open-meteo-era5,23.726,94.467
1,event,glc-7375,2015-08-01,8,25.194,94.448,25,Manipur,8.4,44.3,84.4,151.4,304.4,636.2,226.755,4.6,7,4.9,104.34,121.77,353.87,0.457,0.478,0.462,21.3,16,0,1731,11.774,306.539,0.595,-0.803,0.074,237,1.836,5,4.5,open-meteo-era5,25.202,94.471
0,same_place_other_date,glc-7375,2015-06-29,6,25.194,94.448,25,Manipur,1,12.6,31.6,161.7,209.2,290.1,145.966,3.7,7,1.93,49.68,111.28,225.68,0.47,0.45,0.479,22,17.7,0,1731,11.774,306.539,0.595,-0.803,0.074,237,1.414,2,4.3,open-meteo-era5,25.202,94.471
0,same_place_other_date,glc-7375,2010-08-30,8,25.194,94.448,25,Manipur,1.5,3.6,33.5,76.4,166.8,421.7,122.305,1.1,7,0.41,10.61,32.05,117.77,0.428,0.464,0.465,23.6,16.7,0,1731,11.774,306.539,0.595,-0.803,0.074,237,2.61,6,4.7,open-meteo-era5,25.202,94.471
0,nearby_place_same_date,glc-7375,2015-08-01,8,25.023,94.248,25,Manipur,15.8,52,108.3,196.1,305.6,462.6,213.293,3.7,7,4.9,104.34,121.77,353.87,0.46,0.474,0.462,22.2,17,0,1313,26.656,134.223,-0.697,0.717,-0.547,457,1.812,5,4.5,open-meteo-era5,24.991,94.263
1,event,glc-7910,2015-08-01,8,24.348,94.115,10,Manipur,17.3,163.3,304.9,443.5,653,851.7,489.957,12.2,7,3.7,100.7,118.29,329.07,0.444,0.447,0.442,24.5,19.5,0,1004,5.348,265.601,-0.077,-0.997,0.165,146,2.607,3,4.4,open-meteo-era5,24.359,94.126
0,same_place_other_date,glc-7910,2023-07-13,7,24.348,94.115,10,Manipur,11,4.5,20.6,42.3,113.6,215.6,73.583,2.2,7,5.12,10.91,20.58,173.38,0.395,0.391,0.326,26.5,21,0,1004,5.348,265.601,-0.077,-0.997,0.165,146,2.328,4,5,open-meteo-era5,24.359,94.126
0,same_place_other_date,glc-7910,2010-08-30,8,24.348,94.115,10,Manipur,1.4,1.4,23.8,48.1,118.9,240.5,75.407,0.4,7,0.34,11.24,30.31,106.16,0.432,0.435,0.44,27.2,20.7,0,1004,5.348,265.601,-0.077,-0.997,0.165,146,2.169,3,4.7,open-meteo-era5,24.359,94.126
0,nearby_place_same_date,glc-7910,2015-08-01,8,24.39,93.941,10,Manipur,33.3,132.7,252.8,381.6,551.4,712.8,393.472,12.9,7,8.7,110.35,129.77,387.65,0.47,0.478,0.468,24.9,18.7,0,910,11.088,154.687,-0.904,0.428,-0.257,180,2.709,3,4.4,open-meteo-era5,24.359,93.934
1,event,glc-7409,2015-08-02,8,25.72,94.622,10,Nagaland,4.4,9.3,48.6,66.2,326.6,607.5,181.723,1.3,5,0.7,71.33,99.02,332.89,0.493,0.495,0.481,22.7,15.8,0,1714,40.13,209.214,-0.873,-0.488,0.562,674,1.69,4,4.5,open-meteo-era5,25.764,94.608
0,same_place_other_date,glc-7409,2023-09-04,9,25.72,94.622,10,Nagaland,0,0,15.4,29,93.6,250.5,63.054,0,4,0,0.19,13.42,230.97,0.473,0.483,0.493,24.9,15.1,0,1714,40.13,209.214,-0.873,-0.488,0.562,674,2.527,4,5.3,open-meteo-era5,25.764,94.608
0,same_place_other_date,glc-7409,2017-06-28,6,25.72,94.622,10,Nagaland,5.9,7,57.3,133.8,203.2,451.3,156.134,2.7,7,16.43,21.72,96.4,317.22,0.495,0.484,0.51,22.2,15.7,0,1714,40.13,209.214,-0.873,-0.488,0.562,674,2.685,5,4.6,open-meteo-era5,25.764,94.608
0,nearby_place_same_date,glc-7409,2015-08-02,8,25.507,94.68,10,Nagaland,4.8,19.6,99.8,180.9,367.8,862.4,285.621,2.6,7,0.7,71.33,99.02,332.89,0.423,0.425,0.426,23.4,16.4,0,1838,29.736,61.863,0.472,0.882,0.504,650,1.817,4,4.5,open-meteo-era5,25.483,94.685
1,event,glc-7666,2015-08-11,8,25.102,93.373,5,Manipur,3.6,23.8,34.9,63.5,181,501.3,129.928,3.6,7,5.63,34.46,86.02,484.2,0.495,0.501,0.492,27.5,20.2,0,1144,4.592,167.005,-0.974,0.225,0.603,346,1.814,1,4.2,open-meteo-era5,25.202,93.402
0,same_place_other_date,glc-7666,2015-09-24,9,25.102,93.373,5,Manipur,26.9,4.6,36.5,53.8,103.5,284.7,57.795,2.5,7,10.1,47.77,111.22,366.59,0.474,0.472,0.436,21.1,19.7,0,1144,4.592,167.005,-0.974,0.225,0.603,346,2.306,8,4.7,open-meteo-era5,25.202,93.402
0,same_place_other_date,glc-7666,2009-07-07,7,25.102,93.373,5,Manipur,7.5,5.8,17.5,123.6,173.5,312.5,114.052,1.6,7,14.5,23.13,75.9,212.22,0.48,0.468,0.497,26.7,20.3,0,1144,4.592,167.005,-0.974,0.225,0.603,346,2.957,2,4.3,open-meteo-era5,25.202,93.402
0,nearby_place_same_date,glc-7666,2015-08-11,8,24.758,93.309,5,Manipur,5.5,13.8,25.3,87.8,216.9,723.1,168.326,2.2,7,5.63,34.46,86.02,484.2,0.423,0.424,0.424,31.6,23.3,0,412,28.838,70.38,0.336,0.942,-0.498,438,2.179,1,4.2,open-meteo-era5,24.78,93.283
1,event,glc-7664,2015-08-11,8,24.746,93.425,10,Manipur,4.7,11.6,25,92.6,260.4,721,182.966,1.3,7,5.97,40.38,84.21,510.18,0.425,0.425,0.426,29.5,21.3,0,768,7.375,61.771,0.473,0.881,-0.065,352,2.246,1,4.2,open-meteo-era5,24.71,93.473
0,same_place_other_date,glc-7664,2011-09-01,9,24.746,93.425,10,Manipur,11.8,9,27.4,42.3,205.1,503.5,125.23,1.4,7,4.62,8.14,10.87,365.45,0.417,0.413,0.398,27.8,21.2,0,768,7.375,61.771,0.473,0.881,-0.065,352,1.296,3,4.4,open-meteo-era5,24.71,93.473
0,same_place_other_date,glc-7664,2023-07-31,7,24.746,93.425,10,Manipur,0,5,7.3,94.7,143.3,413.8,118.992,3.1,6,7.51,17.75,38.77,216.65,0.403,0.401,0.383,31.4,21.6,0,768,7.375,61.771,0.473,0.881,-0.065,352,1.784,7,4.4,open-meteo-era5,24.71,93.473
0,nearby_place_same_date,glc-7664,2015-08-11,8,24.601,93.578,10,Manipur,4.2,14.2,31.3,122.9,294.2,828.7,217.589,1.7,7,1.62,29.54,76.66,411.71,0.456,0.454,0.448,26.5,19.4,0,1235,35.931,34.347,0.826,0.564,0,597,2.488,1,4.2,open-meteo-era5,24.569,93.561
1,event,glc-7665,2015-08-11,8,24.702,93.529,5,Manipur,4.7,11.6,25,92.6,260.4,721,182.966,1.3,7,1.62,29.54,76.66,411.71,0.425,0.426,0.427,30.1,22.2,0,667,16.784,2.965,0.999,0.052,-0.23,549,2.338,1,4.2,open-meteo-era5,24.71,93.473
0,same_place_other_date,glc-7665,2011-09-15,9,24.702,93.529,5,Manipur,25.5,32.4,60.9,93.7,183.6,380.9,114.179,3.6,7,4.07,13.9,17.87,165.65,0.424,0.419,0.417,25.7,21.7,0,667,16.784,2.965,0.999,0.052,-0.23,549,1,0,,open-meteo-era5,24.71,93.473
0,same_place_other_date,glc-7665,2017-07-25,7,24.702,93.529,5,Manipur,13,16.8,40.2,114,257.8,578.9,151.811,5.9,6,3.35,18.24,65.78,343.59,0.423,0.424,0.421,27.7,21.4,0,667,16.784,2.965,0.999,0.052,-0.23,549,2.735,7,4.9,open-meteo-era5,24.71,93.473
0,nearby_place_same_date,glc-7665,2015-08-11,8,24.889,93.603,5,Manipur,3.6,24,38,74.9,230,528.6,151.697,3.8,7,2.87,29.11,78.68,412.99,0.425,0.426,0.427,26.8,19.2,0,1121,14.528,22.64,0.923,0.385,-0.259,345,2.107,1,4.2,open-meteo-era5,24.921,93.677
1,event,glc-7660,2015-08-12,8,25.624,94.114,5,Nagaland,13.2,11.4,48.5,166.8,379.4,722.5,236.007,4.2,7,3.35,14.73,69.02,370.93,0.494,0.483,0.489,24.8,17.7,0,1599,25.173,67.46,0.383,0.924,-0.318,439,2.24,2,4.5,open-meteo-era5,25.624,94.109
0,same_place_other_date,glc-7660,2012-08-09,8,25.624,94.114,5,Nagaland,4.7,17.9,36.6,113.1,260.6,440.9,171.538,2,7,1.48,17.75,45.23,226.12,0.471,0.49,0.496,25.5,17.8,0,1599,25.173,67.46,0.383,0.924,-0.318,439,4.397,9,5.7,open-meteo-era5,25.624,94.109
0,same_place_other_date,glc-7660,2024-08-26,8,25.624,94.114,5,Nagaland,4.5,1.9,9.3,79.6,171.2,598.6,156.395,2,7,3.95,20.4,58.13,358.1,0.479,0.484,0.483,24.3,16.7,0,1599,25.173,67.46,0.383,0.924,-0.318,439,2.745,4,4.5,open-meteo-era5,25.624,94.109
0,nearby_place_same_date,glc-7660,2015-08-12,8,25.628,93.813,5,Nagaland,17.9,12.1,41.6,119.8,297.9,605.7,174.87,3.3,7,7.08,22.6,72.42,356.66,0.471,0.481,0.461,27.9,22.3,0,716,11.638,344.332,0.963,-0.27,-0.225,268,2.05,2,4.5,open-meteo-era5,25.624,93.815
1,event,glc-7335,2015-08-18,8,25.515,90.202,1,Meghalaya,50.3,28.2,87.1,132.1,188,464.8,123.407,9.5,7,15.22,43.75,59.02,270.29,0.491,0.5,0.485,28.7,24.5,0,314,5.005,294.444,0.414,-0.91,0.542,147,1.341,1,4.4,open-meteo-era5,25.483,90.195
0,same_place_other_date,glc-7335,2016-09-27,9,25.515,90.202,1,Meghalaya,8,27.3,51.3,110.5,222,365.4,138.406,2.9,7,5.26,67.77,119.94,423.93,0.483,0.476,0.512,29.5,23.8,0,314,5.005,294.444,0.414,-0.91,0.542,147,1,0,,open-meteo-era5,25.483,90.195
0,same_place_other_date,glc-7335,2020-07-26,7,25.515,90.202,1,Meghalaya,2.1,1.9,6.6,201.9,338.6,680.6,241.178,0.7,7,11.27,23.75,127.93,601.54,0.473,0.479,0.463,30.4,25.1,0,314,5.005,294.444,0.414,-0.91,0.542,147,1.495,2,4.4,open-meteo-era5,25.483,90.195
0,nearby_place_same_date,glc-7335,2015-08-18,8,25.603,90.224,1,Meghalaya,50.3,28.2,87.1,132.1,188,464.8,123.407,9.5,7,15.22,43.75,59.02,270.29,0.486,0.492,0.461,28.2,23.9,0,412,7.364,252.582,-0.299,-0.954,0.037,146,1.407,1,4.4,open-meteo-era5,25.624,90.196
1,event,glc-7701,2015-08-19,8,25.628,94.105,5,Nagaland,22.4,3.7,32.3,57.7,231.3,566.4,128.386,4.9,7,8.1,17.36,37.6,284.48,0.463,0.483,0.476,24.3,19.6,0,1527,20.001,52.559,0.608,0.794,0.159,421,2.231,2,4.5,open-meteo-era5,25.624,94.109
0,same_place_other_date,glc-7701,2012-08-28,8,25.628,94.105,5,Nagaland,12.3,15.5,43.9,103.6,252.8,522.8,165.32,4.1,7,2.43,19.74,30.32,129.17,0.492,0.493,0.494,25.6,19.3,0,1527,20.001,52.559,0.608,0.794,0.159,421,2.352,6,5.1,open-meteo-era5,25.624,94.109
0,same_place_other_date,glc-7701,2007-09-08,9,25.628,94.105,5,Nagaland,52.7,16.4,101.9,208.9,422.8,663.4,221.455,6.6,7,14.45,50.34,95.16,198.37,0.5,0.493,0.503,22,18.3,0,1527,20.001,52.559,0.608,0.794,0.159,421,1.348,4,4.6,open-meteo-era5,25.624,94.109
0,nearby_place_same_date,glc-7701,2015-08-19,8,25.561,93.809,5,Nagaland,18.7,2.7,28.5,52.6,243.1,589.8,141.264,6.1,7,6.7,19.38,37.36,275.54,0.431,0.433,0.424,24.5,20.5,0,1177,30.175,91.31,-0.023,1,-0.262,401,2.096,2,4.5,open-meteo-era5,25.554,93.811
1,event,glc-7589,2015-08-19,8,25.257,92.383,25,Meghalaya,51.9,56.7,144.6,229.8,283.6,597.1,210.683,4.2,7,35.06,81.02,115.26,359.49,0.479,0.493,0.49,23.2,22.3,0,801,9.106,173.089,-0.993,0.12,0.121,181,1.282,3,4.5,open-meteo-era5,25.272,92.335
0,same_place_other_date,glc-7589,2009-08-02,8,25.257,92.383,25,Meghalaya,10.9,97.5,135.7,361.3,404.4,556.5,312.532,14.6,7,8.46,28.1,136.52,314.58,0.483,0.492,0.494,28.6,22.6,0,801,9.106,173.089,-0.993,0.12,0.121,181,1.339,1,4.1,open-meteo-era5,25.272,92.335
0,same_place_other_date,glc-7589,2010-07-16,7,25.257,92.383,25,Meghalaya,8,5.6,19.2,96.9,183.8,629.3,161.04,0.9,7,4.49,20.32,65.58,333.7,0.498,0.496,0.498,27.6,22.7,0,801,9.106,173.089,-0.993,0.12,0.121,181,1,2,4.3,open-meteo-era5,25.272,92.335
0,nearby_place_same_date,glc-7589,2015-08-19,8,25.345,92.589,25,Meghalaya,51.9,56.7,144.6,229.8,283.6,597.1,210.683,4.2,7,35.06,81.02,115.26,359.49,0.485,0.486,0.51,22.1,21.1,0,1145,7.559,306.87,0.6,-0.8,0.009,158,1.383,3,4.5,open-meteo-era5,25.343,92.63
1,event,glc-7590,2015-08-19,8,25.142,92.381,5,Meghalaya,51.9,56.7,144.6,229.8,283.6,597.1,210.683,4.2,7,41.24,100.47,149.45,490.85,0.467,0.481,0.478,24.9,24,0,163,11.878,66.371,0.401,0.916,0.074,234,1.314,3,4.5,open-meteo-era5,25.132,92.33
0,same_place_other_date,glc-7590,2023-08-08,8,25.142,92.381,5,Meghalaya,26.3,51.5,128.8,235,331.2,547.7,230.744,6.3,7,42.89,123.63,188.92,557.79,0.511,0.516,0.488,27.3,24.5,0,163,11.878,66.371,0.401,0.916,0.074,234,2.149,4,4.3,open-meteo-era5,25.132,92.33
0,same_place_other_date,glc-7590,2026-07-09,7,25.142,92.381,5,Meghalaya,26.3,72.5,125.3,209.1,330.1,602.6,238.82,11.5,7,36.17,171.81,213.42,707.63,0.512,0.514,0.49,28.4,24.3,0,163,11.878,66.371,0.401,0.916,0.074,234,2.826,8,4.5,open-meteo-era5,25.132,92.33
0,nearby_place_same_date,glc-7590,2015-08-19,8,24.927,92.181,5,Meghalaya,66.6,65.3,180.4,312.7,366.6,716.9,266.241,5.2,7,45.15,113.54,159.83,506.49,0.463,0.472,0.485,26,24.6,0,24,0.568,,0,0,0.092,13,1.304,3,4.5,open-meteo-era5,24.921,92.226
1,event,glc-7706,2015-08-19,8,25.073,92.364,5,Meghalaya,66.6,65.3,180.4,312.7,366.6,716.9,266.241,5.2,7,41.24,100.47,149.45,490.85,0.467,0.481,0.478,25.2,24.3,0,129,10.471,184.857,-0.996,-0.085,0.547,252,1.343,3,4.5,open-meteo-era5,25.062,92.328
0,same_place_other_date,glc-7706,2014-08-04,8,25.073,92.364,5,Meghalaya,1.4,2.2,7.2,34,107.3,309.2,77.954,0.4,7,4.99,31.27,62.43,245.67,0.461,0.463,0.457,31.5,25.9,0,129,10.471,184.857,-0.996,-0.085,0.547,252,1.581,4,4.7,open-meteo-era5,25.062,92.328
0,same_place_other_date,glc-7706,2021-09-01,9,25.073,92.364,5,Meghalaya,10.3,1,16.4,112.7,270.4,639.3,190.728,2.9,7,7.35,30.97,109.26,727.87,0.483,0.492,0.49,30.2,24.6,0,129,10.471,184.857,-0.996,-0.085,0.547,252,2.118,3,4.9,open-meteo-era5,25.062,92.328
0,nearby_place_same_date,glc-7706,2015-08-19,8,25.168,92.628,5,Meghalaya,37.6,40.9,100.5,156.4,197,468.9,149.192,3.7,7,41.24,100.47,149.45,490.85,0.486,0.486,0.484,19.1,18.1,0,1511,15.523,119.344,-0.49,0.872,0.149,162,1.441,3,4.5,open-meteo-era5,25.202,92.624
1,event,glc-7336,2015-08-19,8,25.219,90.555,10,Meghalaya,58,42,140.8,198.2,267.3,492.6,171.056,8.7,7,26.68,58.96,87.68,354.46,0.482,0.496,0.472,27.9,23.4,0,269,7.273,349.114,0.982,-0.189,0.093,123,1.222,1,4.4,open-meteo-era5,25.202,90.583
0,same_place_other_date,glc-7336,2022-08-19,8,25.219,90.555,10,Meghalaya,14.7,9.1,30.9,47.5,94.4,455.5,87.092,14.3,7,9.88,15.02,48.23,352.41,0.45,0.452,0.439,32.7,24.7,0,269,7.273,349.114,0.982,-0.189,0.093,123,1.949,1,4,open-meteo-era5,25.202,90.583
0,same_place_other_date,glc-7336,2024-08-05,8,25.219,90.555,10,Meghalaya,6.8,3.4,37.3,117.4,137.1,359.7,116.226,1.4,7,30.72,93.93,220.77,547.68,0.489,0.485,0.514,29,23.8,0,269,7.273,349.114,0.982,-0.189,0.093,123,1,0,,open-meteo-era5,25.202,90.583
0,nearby_place_same_date,glc-7336,2015-08-19,8,25.379,90.384,10,Meghalaya,47.2,30.4,107.7,141.9,201.1,473.1,134.544,6.7,7,31.61,64.92,91.67,307.75,0.478,0.483,0.512,29.7,25,0,179,5.95,137.816,-0.741,0.672,-0.252,228,1.296,1,4.4,open-meteo-era5,25.343,90.39
1,event,glc-7727,2015-08-20,8,25.626,94.106,5,Nagaland,39.7,22.4,65.8,91.5,246.5,555.6,136.001,8.1,7,8.68,20.24,33.33,280.13,0.478,0.489,0.475,26.1,18.7,0,1517,13.49,41.322,0.751,0.66,-0.842,385,2.233,1,4.5,open-meteo-era5,25.624,94.109
0,same_place_other_date,glc-7727,2008-08-06,8,25.626,94.106,5,Nagaland,33.8,9.8,64,155.9,278.8,468.5,158.193,5.2,7,2.17,25.58,41.15,210.73,0.492,0.503,0.497,25.1,18.8,0,1517,13.49,41.322,0.751,0.66,-0.842,385,2.392,4,5.2,open-meteo-era5,25.624,94.109
0,same_place_other_date,glc-7727,2020-08-25,8,25.626,94.106,5,Nagaland,2.7,9.2,23.9,108,311,766.6,215.623,3.4,7,8.92,14.53,33.72,219.86,0.506,0.508,0.506,25.6,18.3,0,1517,13.49,41.322,0.751,0.66,-0.842,385,2.012,5,4.8,open-meteo-era5,25.624,94.109
0,nearby_place_same_date,glc-7727,2015-08-20,8,25.445,94.127,5,Nagaland,18,14.4,34.9,75.8,207.2,476.4,123.741,6.7,7,8.68,20.24,33.33,280.13,0.486,0.496,0.468,22.7,18.6,0,1415,20.623,74.938,0.26,0.966,-0.047,415,2.422,1,4.5,open-meteo-era5,25.413,94.095
1,event,glc-7728,2015-08-22,8,26.103,91.881,5,Assam,28.2,21.6,134.9,290.2,409.6,624.8,291.967,6.2,7,4.42,70.45,153.53,285.17,0.485,0.494,0.509,29.9,23.7,0,137,12.563,168.69,-0.981,0.196,-0.047,165,1.898,1,4.4,open-meteo-era5,26.116,91.873
0,same_place_other_date,glc-7728,2016-08-23,8,26.103,91.881,5,Assam,0.4,13.7,20.3,41,175.4,612.9,135.059,6.1,5,0.35,3.01,5.27,169.01,0.471,0.481,0.463,30.6,24.4,0,137,12.563,168.69,-0.981,0.196,-0.047,165,1.436,0,,open-meteo-era5,26.116,91.873
0,same_place_other_date,glc-7728,2025-07-27,7,26.103,91.881,5,Assam,36.4,9.4,57.4,82.4,135.3,363.3,77.852,7.3,6,39.1,97.79,117.03,291.34,0.401,0.429,0.404,30.4,25.8,0,137,12.563,168.69,-0.981,0.196,-0.047,165,1.68,1,4.2,open-meteo-era5,26.116,91.873
0,nearby_place_same_date,glc-7728,2015-08-22,8,25.888,91.817,5,Assam,24.3,13.9,112.3,209.9,321.6,500.2,221.172,6.3,7,4.42,70.45,153.53,285.17,0.461,0.491,0.482,28.9,22.9,0,363,4.609,312.563,0.676,-0.737,-0.564,233,1.727,1,4.4,open-meteo-era5,25.905,91.769
1,event,glc-7780,2015-08-26,8,23.357,92.788,5,Mizoram,7.6,5.2,21.8,81.5,180.9,459.9,122.294,2.6,7,2.74,4.43,57.97,414.94,0.414,0.416,0.415,23.8,17.6,0,1374,6.406,190.359,-0.984,-0.18,0.596,453,1.313,1,4.5,open-meteo-era5,23.374,92.836
0,same_place_other_date,glc-7780,2012-09-29,9,23.357,92.788,5,Mizoram,10.5,4.6,21.8,50.4,82.7,274.4,64.49,2.8,7,0.04,0.68,36.83,177.57,0.408,0.409,0.394,22.6,17.2,0,1374,6.406,190.359,-0.984,-0.18,0.596,453,2.33,4,4.8,open-meteo-era5,23.374,92.836
0,same_place_other_date,glc-7780,2012-08-21,8,23.357,92.788,5,Mizoram,6.6,27.7,39.6,81.7,185.2,349.8,118.052,4.2,7,16.64,49.03,67.06,267.76,0.426,0.427,0.426,20.9,16.6,0,1374,6.406,190.359,-0.984,-0.18,0.596,453,3.672,3,5.7,open-meteo-era5,23.374,92.836
0,nearby_place_same_date,glc-7780,2015-08-26,8,23.391,92.987,5,Mizoram,8.9,8.9,25.4,80.9,167.9,446.3,118.493,6.8,7,2.27,5.33,41.57,309.76,0.417,0.419,0.415,25.7,19.1,0,1165,28.059,79.341,0.185,0.983,0.343,490,1.426,1,4.5,open-meteo-era5,23.374,93.025
1,event,glc-7778,2015-08-26,8,23.845,93.051,10,Mizoram,15.3,7.2,32.7,88.7,173.8,427.3,117.043,9.9,7,3.95,11.51,44.23,330.03,0.418,0.419,0.425,26.6,19.9,0,1083,30.382,261.936,-0.14,-0.99,-0.155,384,1.639,1,4.5,open-meteo-era5,23.866,93.048
0,same_place_other_date,glc-7778,2013-09-26,9,23.845,93.051,10,Mizoram,12.6,11.9,29.6,40,122.5,211.7,68.245,2.8,7,5.47,13.37,18.15,214.99,0.413,0.405,0.404,24,19.2,0,1083,30.382,261.936,-0.14,-0.99,-0.155,384,3.662,2,4.6,open-meteo-era5,23.866,93.048
0,same_place_other_date,glc-7778,2008-08-09,8,23.845,93.051,10,Mizoram,16.5,2.6,35.3,99.5,199,304.3,114.302,6.1,7,5.79,14.78,52.26,183.48,0.413,0.418,0.422,27.4,20.4,0,1083,30.382,261.936,-0.14,-0.99,-0.155,384,2.827,6,5.2,open-meteo-era5,23.866,93.048
0,nearby_place_same_date,glc-7778,2015-08-26,8,23.987,93.207,10,Mizoram,20,13.1,46.7,128.3,194.3,495.8,141.675,8,7,3.95,11.51,44.23,330.03,0.42,0.421,0.424,26,20,0,1112,31.023,22.393,0.925,0.381,0.41,350,1.798,1,4.5,open-meteo-era5,23.937,93.242
1,event,glc-7836,2015-08-27,8,24.042,92.672,10,Mizoram,6.8,10.2,24.1,49.9,114.8,304,81.981,3.2,7,5.48,9.52,37.7,394.23,0.419,0.421,0.42,26.1,20.4,0,815,6.174,100.814,-0.188,0.982,-0.009,279,1.451,1,4.5,open-meteo-era5,24.007,92.672
0,same_place_other_date,glc-7836,2011-08-14,8,24.042,92.672,10,Mizoram,10.4,28.4,51.6,134.8,249,534.6,174.78,7,7,6.94,22.78,114.74,383.35,0.424,0.425,0.427,24.5,19.9,0,815,6.174,100.814,-0.188,0.982,-0.009,279,2.116,4,4.4,open-meteo-era5,24.007,92.672
0,same_place_other_date,glc-7836,2009-09-21,9,24.042,92.672,10,Mizoram,16.3,5.1,32.1,68.9,145.2,402.4,96.877,3,7,9.64,17.76,52.64,204.1,0.416,0.418,0.418,24.8,19.6,0,815,6.174,100.814,-0.188,0.982,-0.009,279,3.611,2,5.9,open-meteo-era5,24.007,92.672
0,nearby_place_same_date,glc-7836,2015-08-27,8,23.991,92.598,10,Mizoram,3.3,10.2,19.9,54.3,117.5,294.8,85.949,4.3,7,5.48,9.52,37.7,394.23,0.419,0.421,0.421,29.4,23.4,0,337,4.032,272.911,0.051,-0.999,-0.046,165,1.396,1,4.5,open-meteo-era5,24.007,92.577
1,event,glc-7837,2015-08-27,8,23.727,92.727,5,Mizoram,4.1,7.3,21.9,47.7,124.8,344.8,91.161,2,7,3.73,7.18,36.98,404.17,0.419,0.421,0.419,26.5,20,0,876,21.84,109.619,-0.336,0.942,0.372,269,1.404,1,4.5,open-meteo-era5,23.726,92.756
0,same_place_other_date,glc-7837,2011-07-27,7,23.727,92.727,5,Mizoram,3.4,13.8,27.3,74.9,267.3,383.7,151.073,3.3,7,4.3,14.32,54.04,326.78,0.426,0.425,0.419,25.4,19.1,0,876,21.84,109.619,-0.336,0.942,0.372,269,1.726,1,4,open-meteo-era5,23.726,92.756
0,same_place_other_date,glc-7837,2010-07-14,7,23.727,92.727,5,Mizoram,3.8,3.9,49.8,73.4,122.1,275,95.087,2.5,6,3.29,22.29,67.47,390.63,0.416,0.419,0.42,27.7,20.3,0,876,21.84,109.619,-0.336,0.942,0.372,269,1,0,,open-meteo-era5,23.726,92.756
0,nearby_place_same_date,glc-7837,2015-08-27,8,23.6,93.017,5,Mizoram,4.7,8.9,22.5,54.4,166.2,442.2,113.822,2.1,7,5,8.31,32.13,308.36,0.419,0.42,0.417,28.8,22.6,0,603,20.884,154.314,-0.901,0.433,-0.091,327,1.527,1,4.5,open-meteo-era5,23.585,93.035
1,event,glc-7972,2015-08-28,8,23.45,92.811,25,Mizoram,1.3,7,16.5,45.3,161.1,388,104.992,3.8,7,10.53,17,32.21,412.8,0.414,0.416,0.41,26,20.4,0,852,26.849,82.174,0.136,0.991,0.687,359,1.358,1,4.5,open-meteo-era5,23.445,92.839
0,same_place_other_date,glc-7972,2024-09-15,9,23.45,92.811,25,Mizoram,3,6.3,19.7,66.4,140.6,432.4,101.079,1.2,7,4.22,43.45,66.28,663.83,0.416,0.416,0.413,27.2,19.8,0,852,26.849,82.174,0.136,0.991,0.687,359,1,1,4.1,open-meteo-era5,23.445,92.839
0,same_place_other_date,glc-7972,2019-08-10,8,23.45,92.811,25,Mizoram,2.6,11,30.9,86,143.4,330.2,108.414,5.1,7,2.45,63.87,106.1,724.09,0.417,0.42,0.419,27.9,21.1,0,852,26.849,82.174,0.136,0.991,0.687,359,1.882,4,4.6,open-meteo-era5,23.445,92.839
0,nearby_place_same_date,glc-7972,2015-08-28,8,23.265,93.049,25,Mizoram,1.2,8,16.6,47.6,143,429.5,102.601,3.5,7,7.5,14.77,31.28,314.22,0.42,0.421,0.414,26.5,20.2,0,817,27.336,86.973,0.053,0.999,-0.243,367,1.403,1,4.5,open-meteo-era5,23.234,93.019
1,event,glc-7933,2015-09-01,9,26.187,91.674,1,Assam,35.3,86.9,132,241,437.9,709.5,278.094,11.9,7,8.4,82.12,160.64,398.09,0.491,0.502,0.495,26.6,24.7,0,51,0.769,,0,0,0.009,12,1.02,1,4.2,open-meteo-era5,26.186,91.678
0,same_place_other_date,glc-7933,2016-08-11,8,26.187,91.674,1,Assam,6.1,14.1,42.9,230.3,359.8,733,262.405,4.8,7,1.75,7.25,37.53,456.36,0.472,0.485,0.47,33.1,27,0,51,0.769,,0,0,0.009,12,1,0,,open-meteo-era5,26.186,91.678
0,same_place_other_date,glc-7933,2008-08-18,8,26.187,91.674,1,Assam,26.2,8.8,56.9,130.4,425,770.7,253.237,4.9,7,20.95,31.67,78.14,247.78,0.478,0.492,0.491,30.5,25.1,0,51,0.769,,0,0,0.009,12,2.195,1,4.8,open-meteo-era5,26.186,91.678
0,nearby_place_same_date,glc-7933,2015-09-01,9,26.191,91.802,1,Assam,35.3,86.9,132,241,437.9,709.5,278.094,11.9,7,8.4,82.12,160.64,398.09,0.493,0.506,0.49,26.4,24.6,0,70,0.835,,0,0,-0.538,114,1,1,4.2,open-meteo-era5,26.186,91.776
1,event,glc-7923,2015-09-01,9,26.493,91.721,10,Assam,12.3,51.3,88.7,160.9,480.8,607.8,264.531,10.9,7,10.67,74.71,148.2,392.25,0.473,0.487,0.502,27.3,24.6,0,62,0.312,,0,0,0.047,13,1,1,4.2,open-meteo-era5,26.467,91.685
0,same_place_other_date,glc-7923,2013-09-09,9,26.493,91.721,10,Assam,7.4,8.7,18.3,55.5,158.4,240.8,81.483,2.3,7,0.63,2.72,47.36,167.11,0.49,0.479,0.473,30,23.8,0,62,0.312,,0,0,0.047,13,2.802,3,4.5,open-meteo-era5,26.467,91.685
0,same_place_other_date,glc-7923,2025-07-31,7,26.493,91.721,10,Assam,23.8,24.4,56.8,242.8,299.9,546.6,205.045,8.4,7,2.28,8.17,86.99,227.15,0.504,0.506,0.446,33.9,26.5,0,62,0.312,,0,0,0.047,13,1.619,1,4.2,open-meteo-era5,26.467,91.685
0,nearby_place_same_date,glc-7923,2015-09-01,9,26.769,91.85,10,Assam,6.1,45.9,153.5,261.9,565.6,718,349.437,5.3,7,10.79,68.33,139.66,390.95,0.389,0.395,0.41,25.8,23.2,0,139,0.577,,0,0,-0.029,14,1,1,4.2,open-meteo-era5,26.819,91.894
1,event,glc-7956,2015-09-05,9,26.048,91.87,1,Meghalaya,3.5,42.4,100.2,465.3,688,1016.8,488.05,7.2,7,3.69,63.5,156.6,459.65,0.489,0.489,0.475,30.2,24,0,70,5.617,128.991,-0.629,0.777,-0.151,77,2.187,2,4.2,open-meteo-era5,26.046,91.871
0,same_place_other_date,glc-7956,2014-10-20,10,26.048,91.87,1,Meghalaya,0,2,2.2,10.2,40,170,32.056,0.6,3,0,0.63,12.88,335.12,0.444,0.444,0.414,28.6,22,0,70,5.617,128.991,-0.629,0.777,-0.151,77,1.781,0,,open-meteo-era5,26.046,91.871
0,same_place_other_date,glc-7956,2013-08-24,8,26.048,91.87,1,Meghalaya,0.5,5.3,8.3,71.4,214.6,603.4,149.356,2.1,6,0.25,4.55,11.68,188.61,0.492,0.483,0.494,31.9,26.4,0,70,5.617,128.991,-0.629,0.777,-0.151,77,2.202,2,4.2,open-meteo-era5,26.046,91.871
0,nearby_place_same_date,glc-7956,2015-09-05,9,26.217,91.92,1,Meghalaya,3.6,29.4,50.8,238,468.3,831,308.903,4.2,7,3.69,63.5,156.6,459.65,0.468,0.48,0.481,30,24,0,118,9.26,10.305,0.984,0.179,0.113,181,2.269,2,4.2,open-meteo-era5,26.186,91.875
1,event,glc-8012,2015-09-06,9,25.97,91.858,1,Meghalaya,7.7,3.5,53.6,463.9,671.4,993,442.249,4.7,7,0.87,29.57,121.4,451.49,0.482,0.487,0.493,28.5,23.7,0,286,10.915,140.102,-0.767,0.641,-0.16,133,2.15,2,4.2,open-meteo-era5,25.975,91.869
0,same_place_other_date,glc-8012,2022-08-18,8,25.97,91.858,1,Meghalaya,6.1,0.3,8.3,55.9,129.7,405.7,95.192,5.3,6,0.79,3.65,19.28,270.37,0.476,0.478,0.446,33.6,25.3,0,286,10.915,140.102,-0.767,0.641,-0.16,133,1.385,1,4,open-meteo-era5,25.975,91.869
0,same_place_other_date,glc-8012,2023-08-15,8,25.97,91.858,1,Meghalaya,8.2,6.4,75.6,153.5,350.4,607,230.45,3.4,7,2.02,23.43,54.29,234.36,0.499,0.502,0.507,31.8,25.1,0,286,10.915,140.102,-0.767,0.641,-0.16,133,3.641,1,5.3,open-meteo-era5,25.975,91.869
0,nearby_place_same_date,glc-8012,2015-09-06,9,25.952,92.042,1,Meghalaya,11.7,7.4,57.8,427.5,692.5,1102.1,448.262,3.6,7,0.87,29.57,121.4,451.49,0.482,0.493,0.487,26.4,21.7,0,659,6.944,313.386,0.687,-0.727,-0.517,138,2.373,2,4.2,open-meteo-era5,25.975,92.066
1,event,glc-8224,2015-09-14,9,23.731,92.719,5,Mizoram,10.7,14.9,31.2,53.7,171.7,281.2,86.64,7.7,6,13.58,44.56,78.75,440.49,0.415,0.412,0.4,24.1,18.9,0,1036,20.71,80.389,0.167,0.986,-0.136,267,1.436,4,4.5,open-meteo-era5,23.726,92.756
0,same_place_other_date,glc-8224,2013-08-24,8,23.731,92.719,5,Mizoram,3.6,2.9,9.1,126.5,250.1,409.4,147.11,0.7,7,3.88,22.46,48.36,316.18,0.404,0.407,0.416,24.4,19.2,0,1036,20.71,80.389,0.167,0.986,-0.136,267,2.238,2,5,open-meteo-era5,23.726,92.756
0,same_place_other_date,glc-8224,2016-10-27,10,23.731,92.719,5,Mizoram,10.9,10.9,24.3,24.9,54.3,209.7,42.622,3.4,3,5.2,6.51,6.51,266.88,0.387,0.36,0.378,23.6,16.4,0,1036,20.71,80.389,0.167,0.986,-0.136,267,3.289,6,4.9,open-meteo-era5,23.726,92.756
0,nearby_place_same_date,glc-8224,2015-09-14,9,23.87,92.974,5,Mizoram,16.2,5.1,36.7,68.9,186.1,343.4,99.73,7.1,6,19.8,30.07,52.61,298.27,0.417,0.419,0.412,28,21.2,0,732,16.314,351.804,0.99,-0.143,-0.282,343,1.637,4,4.5,open-meteo-era5,23.866,92.952
1,event,glc-8223,2015-09-14,9,23.735,92.719,5,Mizoram,10.7,14.9,31.2,53.7,171.7,281.2,86.64,7.7,6,13.58,44.56,78.75,440.49,0.415,0.412,0.4,24.1,18.9,0,1045,14.226,63.194,0.451,0.893,-0.281,281,1.437,4,4.5,open-meteo-era5,23.726,92.756
0,same_place_other_date,glc-8223,2008-08-10,8,23.735,92.719,5,Mizoram,22.2,19.5,44.3,97.8,176.6,262.7,104.147,4.9,7,13.19,29.49,69.1,252.05,0.422,0.421,0.419,23.4,19.2,0,1045,14.226,63.194,0.451,0.893,-0.281,281,2.615,6,5.2,open-meteo-era5,23.726,92.756
0,same_place_other_date,glc-8223,2024-08-11,8,23.735,92.719,5,Mizoram,2.7,2.6,6.6,41,172.5,284.2,91.609,0.6,7,26.18,55.28,109.41,426.92,0.392,0.395,0.382,25.8,19.3,0,1045,14.226,63.194,0.451,0.893,-0.281,281,1.519,4,4.8,open-meteo-era5,23.726,92.756
0,nearby_place_same_date,glc-8223,2015-09-14,9,23.805,92.772,5,Mizoram,10.7,14.9,31.2,53.7,171.7,281.2,86.64,7.7,6,19.43,40.44,67.2,393.73,0.417,0.417,0.404,27.9,22.3,0,484,18.257,154.083,-0.899,0.437,0.473,515,1.488,4,4.5,open-meteo-era5,23.796,92.759
1,event,glc-8339,2015-09-23,9,26.167,91.704,1,Assam,30.3,22.6,76.6,180.1,307.9,662.7,208.853,3.9,6,61.13,106.92,116.73,431.33,0.488,0.489,0.468,25.4,24,0,236,10.689,211.849,-0.849,-0.528,0.208,214,2.003,3,4.2,open-meteo-era5,26.186,91.678
0,same_place_other_date,glc-8339,2025-09-25,9,26.167,91.704,1,Assam,0,6.5,13.2,24,135.6,267,77.67,3.3,5,0.17,1.83,29.67,196.55,0.391,0.427,0.483,33.1,25.1,0,236,10.689,211.849,-0.849,-0.528,0.208,214,4.518,3,5.5,open-meteo-era5,26.186,91.678
0,same_place_other_date,glc-8339,2009-08-23,8,26.167,91.704,1,Assam,22.7,10.3,39.3,100.8,312.5,713.2,187.136,4.5,7,1.3,9.67,91.43,515.85,0.487,0.493,0.499,27.4,23.6,0,236,10.689,211.849,-0.849,-0.528,0.208,214,3.689,1,5,open-meteo-era5,26.186,91.678
0,nearby_place_same_date,glc-8339,2015-09-23,9,25.926,91.55,1,Assam,26,29.4,70.8,298.1,375.7,996.9,318.025,3.7,6,61.29,110.08,120.62,439.11,0.481,0.486,0.49,24.8,22.7,0,300,10.549,203.394,-0.918,-0.397,-0.038,146,1.798,3,4.2,open-meteo-era5,25.905,91.572
1,event,glc-8366,2015-09-23,9,25.583,91.893,5,Meghalaya,50.4,56.4,157.3,217.7,257.5,794.8,218.095,5.3,7,48.8,118.09,140.11,587.3,0.483,0.493,0.485,21.4,19.5,0,1447,5.589,205.615,-0.902,-0.432,-0.056,55,1.965,4,4.2,open-meteo-era5,25.554,91.954
0,same_place_other_date,glc-8366,2007-11-02,11,25.583,91.893,5,Meghalaya,4.8,0.2,5,5,20,337.5,51.743,1,1,1.1,1.12,1.12,149.36,0.402,0.417,0.417,20.2,13.9,0,1447,5.589,205.615,-0.902,-0.432,-0.056,55,1,0,,open-meteo-era5,25.554,91.954
0,same_place_other_date,glc-8366,2013-10-27,10,25.583,91.893,5,Meghalaya,4.2,9,18.2,24.2,37,311.3,47.422,1.1,5,0.77,17.89,38.34,331.85,0.506,0.481,0.414,20,14.1,0,1447,5.589,205.615,-0.902,-0.432,-0.056,55,1.927,2,4.2,open-meteo-era5,25.554,91.954
0,nearby_place_same_date,glc-8366,2015-09-23,9,25.864,91.942,5,Meghalaya,26.1,40.3,86.5,155.7,243.8,799.3,206.28,5.6,7,61.13,106.92,116.73,431.33,0.489,0.489,0.466,24.4,22,0,666,11.031,304.875,0.572,-0.82,-0.376,225,2.202,3,4.2,open-meteo-era5,25.905,91.965
1,event,glc-9215,2016-01-14,1,27.176,88.529,1,West Bengal,0,0,0.5,11.4,12.4,13.6,8.295,0,3,0.02,0.28,1,1.73,0.404,0.401,0.378,18.8,14.2,0,302,14.759,225.377,-0.702,-0.712,-0.606,212,3.382,2,4.4,open-meteo-era5,27.17,88.497
0,same_place_other_date,glc-9215,2018-12-06,12,27.176,88.529,1,West Bengal,0,0,0.1,0.6,0.6,9.2,1.799,0,0,0,0,0.03,1.31,0.171,0.212,0.254,23.5,12.5,0,302,14.759,225.377,-0.702,-0.712,-0.606,212,1.061,0,,open-meteo-era5,27.17,88.497
0,same_place_other_date,glc-9215,2020-02-13,2,27.176,88.529,1,West Bengal,0,0,0,0.1,7.9,30.5,4.42,0,0,0,0,0,5.15,0.25,0.279,0.273,24.4,8.9,0,302,14.759,225.377,-0.702,-0.712,-0.606,212,2.152,1,5,open-meteo-era5,27.17,88.497
0,nearby_place_same_date,glc-9215,2016-01-14,1,27.104,88.485,1,West Bengal,0,0,0.5,11.4,12.4,13.6,8.295,0,3,0.02,0.28,1,1.73,0.349,0.34,0.326,14.1,8.2,0,1112,20.057,290.624,0.352,-0.936,0.307,386,3.381,2,4.4,open-meteo-era5,27.1,88.498
1,event,glc-9405,2016-04-19,4,26.722,95.024,1,Nagaland,36.6,22.9,62.3,109.3,170.7,238.5,91.858,6.3,6,10.83,37.9,68.11,182.12,0.473,0.482,0.51,21.3,17.5,0,701,6.354,26.003,0.899,0.438,0.229,178,4.147,1,4.5,open-meteo-era5,26.749,95.077
0,same_place_other_date,glc-9405,2019-05-23,5,26.722,95.024,1,Nagaland,7.3,10,27.7,72.8,133.2,255.7,81.875,3,7,4.77,40.59,67.1,328.34,0.497,0.499,0.501,23.7,18.7,0,701,6.354,26.003,0.899,0.438,0.229,178,3.848,4,5.9,open-meteo-era5,26.749,95.077
0,same_place_other_date,glc-9405,2009-05-14,5,26.722,95.024,1,Nagaland,16.6,21,38,39.2,83.9,129.7,43.303,6.4,2,5.16,13.5,58.23,187.86,0.48,0.479,0.418,23.9,17.9,0,701,6.354,26.003,0.899,0.438,0.229,178,1.943,1,4.6,open-meteo-era5,26.749,95.077
0,nearby_place_same_date,glc-9405,2016-04-19,4,26.439,95.067,1,Nagaland,45.3,32.5,80.7,128.7,202.1,287.8,112.447,4.5,7,10.83,37.9,68.11,182.12,0.457,0.465,0.465,17.3,11.4,0,1960,22.221,154.962,-0.906,0.423,0.342,440,4.256,1,4.5,open-meteo-era5,26.397,95.05
1,event,glc-7655,2016-04-22,4,27.58,91.857,5,Arunachal Pradesh,29.8,27.9,80,107,197.1,293.9,113.109,2.8,7,11.02,58.47,118.9,207.29,0.427,0.428,0.426,12.9,3.5,0.77,2759,22.311,243.281,-0.45,-0.893,-0.165,591,3.629,2,5,open-meteo-era5,27.592,91.816
0,same_place_other_date,glc-7655,2024-05-25,5,27.58,91.857,5,Arunachal Pradesh,0.4,0.4,2.3,8.7,44.8,139.3,30.872,0.1,3,0.77,0.94,14.65,48.87,0.37,0.376,0.388,20.7,4.7,0,2759,22.311,243.281,-0.45,-0.893,-0.165,591,2.048,1,4,open-meteo-era5,27.592,91.816
0,same_place_other_date,glc-7655,2026-05-27,5,27.58,91.857,5,Arunachal Pradesh,5.3,3.9,10,26.2,71.2,139.9,40.589,1.2,6,0.31,5.44,16.45,118.41,0.393,0.39,0.387,16.7,7.3,0,2759,22.311,243.281,-0.45,-0.893,-0.165,591,1.161,1,4.4,open-meteo-era5,27.592,91.816
0,nearby_place_same_date,glc-7655,2016-04-22,4,27.54,91.674,5,Arunachal Pradesh,29.8,27.9,80,107,197.1,293.9,113.109,2.8,7,11.02,58.47,118.9,207.29,0.428,0.428,0.423,21,14.2,0.77,1415,27.832,202.743,-0.922,-0.387,0.29,546,3.615,2,5,open-meteo-era5,27.452,91.611
1,event,glc-9404,2016-05-01,5,28.082,96.532,1,Arunachal Pradesh,7,5.2,20.9,61.2,330.4,582.2,194.031,1.1,7,6.31,22.57,39.76,407.75,0.418,0.418,0.423,24.2,18.4,0,587,17.45,266.845,-0.055,-0.998,0.655,392,3.639,0,,open-meteo-era5,28.084,96.508
0,same_place_other_date,glc-9404,2018-05-12,5,28.082,96.532,1,Arunachal Pradesh,2.6,0.4,7.5,78.7,129.4,320.3,101.286,1,5,1.05,7.95,24.38,174.26,0.393,0.404,0.408,26.1,20.6,0,587,17.45,266.845,-0.055,-0.998,0.655,392,1,0,,open-meteo-era5,28.084,96.508
0,same_place_other_date,glc-9404,2026-06-09,6,28.082,96.532,1,Arunachal Pradesh,21.2,3.9,25.9,62.4,74.1,326.6,72.799,6.4,4,8.08,39.16,150.54,310.79,0.377,0.382,0.398,30.8,24.3,0,587,17.45,266.845,-0.055,-0.998,0.655,392,1.508,0,,open-meteo-era5,28.084,96.508
0,nearby_place_same_date,glc-9404,2016-05-01,5,27.973,96.376,1,Arunachal Pradesh,7,5.2,20.9,61.2,330.4,582.2,194.031,1.1,7,6.31,22.57,39.76,407.75,0.424,0.426,0.426,20.4,14.1,0,1199,38.589,100.788,-0.187,0.982,0.566,681,3.68,0,,open-meteo-era5,27.944,96.392
1,event,glc-9335,2016-05-18,5,24.52,92.724,1,Assam,28,23,56.5,109.5,132.5,391.9,99.844,4.9,7,75.63,179.71,267.55,559.2,0.414,0.418,0.402,28.6,23.2,0,43,0.895,,0,0,-0.018,14,2.322,5,4.8,open-meteo-era5,24.499,92.692
0,same_place_other_date,glc-9335,2025-06-17,6,24.52,92.724,1,Assam,24.9,19.5,77.8,115.3,181.3,493.9,151.222,8.9,6,15.3,50.64,68.67,918.56,0.423,0.428,0.427,32.6,25.1,0,43,0.895,,0,0,-0.018,14,3.323,6,5.1,open-meteo-era5,24.499,92.692
0,same_place_other_date,glc-9335,2007-05-28,5,24.52,92.724,1,Assam,10.4,4.5,16.9,55.6,195.5,294.4,93.107,3.2,7,25.42,34.93,102.65,358.94,0.4,0.399,0.41,32.6,25.1,0,43,0.895,,0,0,-0.018,14,2.094,1,5,open-meteo-era5,24.499,92.692
0,nearby_place_same_date,glc-9335,2016-05-18,5,24.438,92.74,1,Assam,28,23,56.5,109.5,132.5,391.9,99.844,4.9,7,75.63,179.71,267.55,559.2,0.408,0.406,0.382,28.6,23,0,136,4.193,128.367,-0.621,0.784,-0.624,185,2.345,4,4.8,open-meteo-era5,24.429,92.785
1,event,glc-9338,2016-05-18,5,24.464,92.494,10,Assam,31.7,30.7,70.4,125.2,141.4,455.1,113.071,4.4,7,75.63,179.71,267.55,559.2,0.42,0.423,0.405,27.7,22.8,0,100,7.833,305.074,0.575,-0.818,0.514,106,2.156,4,4.8,open-meteo-era5,24.429,92.497
0,same_place_other_date,glc-9338,2026-06-09,6,24.464,92.494,10,Assam,5.2,24.4,52.4,82.6,163,361.7,119.794,5.2,6,19.72,101.19,150.57,501.04,0.422,0.422,0.416,28.7,23.9,0,100,7.833,305.074,0.575,-0.818,0.514,106,2.144,6,4.4,open-meteo-era5,24.429,92.497
0,same_place_other_date,glc-9338,2022-06-29,6,24.464,92.494,10,Assam,24.7,11.3,43.2,61.7,243.5,438.3,115.244,5.9,6,28.67,45.13,73.09,792.16,0.406,0.391,0.406,29.4,23.9,0,100,7.833,305.074,0.575,-0.818,0.514,106,1.425,2,4.6,open-meteo-era5,24.429,92.497
0,nearby_place_same_date,glc-9338,2016-05-18,5,24.766,92.291,10,Assam,71.3,60.6,144.7,235.6,250.7,798.2,190.452,8.2,7,95.25,271.6,358.76,710.69,0.471,0.475,0.497,28,22.6,0,49,0.496,,0,0,-0.203,35,2.234,4,4.8,open-meteo-era5,24.78,92.318
1,event,glc-9334,2016-05-18,5,24.52,92.726,1,Assam,28,23,56.5,109.5,132.5,391.9,99.844,4.9,7,75.63,179.71,267.55,559.2,0.414,0.418,0.402,28.6,23.2,0,47,0.35,,0,0,0.046,21,2.324,5,4.8,open-meteo-era5,24.499,92.692
0,same_place_other_date,glc-9334,2024-04-26,4,24.52,92.726,1,Assam,0.2,0,0.2,46.2,109.3,171.4,68.32,0.2,2,4.37,12.12,78.73,231.31,0.356,0.362,0.316,35.8,22.5,0,47,0.35,,0,0,0.046,21,2.169,1,4.1,open-meteo-era5,24.499,92.692
0,same_place_other_date,glc-9334,2015-04-21,4,24.52,92.726,1,Assam,39.3,6.7,61.6,81.7,99.2,277.3,69.912,3.8,5,35.04,77.45,112.4,345.94,0.402,0.395,0.315,29.3,21.6,0,47,0.35,,0,0,0.046,21,1.777,2,4.8,open-meteo-era5,24.499,92.692
0,nearby_place_same_date,glc-9334,2016-05-18,5,24.653,92.431,1,Assam,55.8,56.7,119.8,190.5,204.9,655.6,157.599,6.5,7,75.63,179.71,267.55,559.2,0.474,0.494,0.479,28.3,22.9,0,14,0.275,,0,0,0,4,2.088,4,4.8,open-meteo-era5,24.64,92.409
1,event,glc-9336,2016-05-18,5,24.531,92.512,1,Assam,31.7,30.7,70.4,125.2,141.4,455.1,113.071,4.4,7,75.63,179.71,267.55,559.2,0.42,0.423,0.405,27.9,23,0,62,9.027,11.31,0.981,0.196,-0.542,92,2.162,4,4.8,open-meteo-era5,24.499,92.5
0,same_place_other_date,glc-9336,2013-06-10,6,24.531,92.512,1,Assam,0.4,8.4,47.8,103.3,179.8,434.3,141.857,2.9,6,4.84,22.48,67.09,322.08,0.412,0.402,0.432,31,25,0,62,9.027,11.31,0.981,0.196,-0.542,92,1,0,,open-meteo-era5,24.499,92.5
0,same_place_other_date,glc-9336,2009-04-21,4,24.531,92.512,1,Assam,5.8,14.6,38,57,63.3,129.3,54.732,2.1,5,35.45,90.14,103.58,198.96,0.392,0.324,0.191,31.2,22.4,0,62,9.027,11.31,0.981,0.196,-0.542,92,1.258,1,4.6,open-meteo-era5,24.499,92.5
0,nearby_place_same_date,glc-9336,2016-05-18,5,24.326,92.657,1,Assam,23.8,9.8,37.4,61,76.2,249.9,53.75,6.9,7,75.63,179.71,267.55,559.2,0.387,0.375,0.349,30.3,23.8,0,57,7.573,267.421,-0.045,-0.999,-0.22,79,2.286,4,4.8,open-meteo-era5,24.359,92.687
1,event,glc-9168,2016-06-12,6,27.644,93.871,10,Arunachal Pradesh,11.6,12.7,37.9,139.7,259.3,536.1,170.961,5.8,7,23.76,42.42,87.79,316.08,0.423,0.425,0.424,23.8,16.9,0,1705,26.725,274.205,0.073,-0.997,0.339,524,1.306,3,4.6,open-meteo-era5,27.663,93.838
0,same_place_other_date,glc-9168,2015-07-21,7,27.644,93.871,10,Arunachal Pradesh,19.5,9.1,31.4,190.5,338.9,674.8,203.324,1.3,6,25.63,72.97,131.97,417.14,0.416,0.407,0.406,20.3,17.4,0,1705,26.725,274.205,0.073,-0.997,0.339,524,3.592,3,4.5,open-meteo-era5,27.663,93.838
0,same_place_other_date,glc-9168,2007-06-20,6,27.644,93.871,10,Arunachal Pradesh,21.9,28.4,75.9,337.3,461.6,960.2,332.891,3.8,7,6.95,20.28,155.11,614.65,0.428,0.429,0.428,23.1,17.5,0,1705,26.725,274.205,0.073,-0.997,0.339,524,1.835,0,,open-meteo-era5,27.663,93.838
0,nearby_place_same_date,glc-9168,2016-06-12,6,27.536,93.656,10,Arunachal Pradesh,18.7,15.9,52.3,172.2,281.4,586.9,186.139,5.8,7,23.76,42.42,87.79,316.08,0.426,0.427,0.427,25.7,19.3,0,1295,36.044,290.885,0.356,-0.934,-0.193,500,1.352,2,4.5,open-meteo-era5,27.522,93.628
1,event,glc-9142,2016-06-14,6,26.319,94.525,1,Nagaland,10.3,31.5,65.6,199.7,268.5,495.7,201.575,5.7,7,6.05,35.82,62.33,256.62,0.488,0.497,0.468,24.3,19.4,0,1168,13.037,99.067,-0.158,0.988,0.331,374,2.427,3,4.6,open-meteo-era5,26.257,94.544
0,same_place_other_date,glc-9142,2018-05-25,5,26.319,94.525,1,Nagaland,18.5,6.7,52.9,89.3,154.7,336.8,106.116,8,7,2.93,40.05,64.05,215.82,0.497,0.505,0.499,24.2,19.1,0,1168,13.037,99.067,-0.158,0.988,0.331,374,3.294,3,4.6,open-meteo-era5,26.257,94.544
0,same_place_other_date,glc-9142,2026-05-15,5,26.319,94.525,1,Nagaland,9.8,2.1,15.6,38.9,138,260.4,73.808,2.1,6,16.74,22.9,51.84,175.49,0.451,0.472,0.478,22.2,16.4,0,1168,13.037,99.067,-0.158,0.988,0.331,374,2.365,4,5,open-meteo-era5,26.257,94.544
0,nearby_place_same_date,glc-9142,2016-06-14,6,26.526,94.492,1,Nagaland,11.2,27.1,60.9,174.4,241.9,482.4,178.474,3.8,7,6.05,35.82,62.33,256.62,0.48,0.493,0.509,27.1,22.6,0,679,29.705,316.212,0.722,-0.692,0.333,576,2.261,3,4.6,open-meteo-era5,26.467,94.46
1,event,glc-8222,2016-06-22,6,26.196,91.783,5,Assam,11.7,3.8,18.7,127.7,243.3,358.7,145.349,2,7,19.78,46.18,154.1,368.1,0.483,0.472,0.466,28.5,25.2,0,122,8.994,102.863,-0.223,0.975,-0.378,143.047,1,0,,open-meteo-era5,26.186,91.776
0,same_place_other_date,glc-8222,2017-07-03,7,26.196,91.783,5,Assam,67.7,30.4,151.7,211.3,351.5,582,211.716,6.3,7,24.58,72.73,109.15,497.79,0.509,0.506,0.503,27.9,25.1,0,122,8.994,102.863,-0.223,0.975,-0.378,143.047,1.373,1,4.6,open-meteo-era5,26.186,91.776
0,same_place_other_date,glc-8222,2008-05-14,5,26.196,91.783,5,Assam,1.9,0.7,6.4,42.5,128.6,178.2,64.933,0.7,6,0.03,0.14,29.04,146.55,0.457,0.458,0.356,32.2,23.7,0,122,8.994,102.863,-0.223,0.975,-0.378,143.047,3.553,2,4.6,open-meteo-era5,26.186,91.776
0,nearby_place_same_date,glc-8222,2016-06-22,6,26.056,91.802,5,Assam,18,12.7,33.6,203,339.3,393.2,196.779,6,7,19.78,46.18,154.1,368.1,0.468,0.476,0.504,27.1,23.6,0,404,12.441,68.374,0.369,0.93,0.292,188,1,0,,open-meteo-era5,26.046,91.772
1,event,glc-8237,2016-07-01,7,27.014,92.635,1,Arunachal Pradesh,25.6,21.1,70.7,104.2,223.2,380.5,131.47,1.7,7,7.67,13.51,20.96,194.5,0.469,0.467,0.479,26.5,24.1,0,225,3.873,167.471,-0.976,0.217,0.201,174,1.063,1,4.5,open-meteo-era5,27.03,92.7
0,same_place_other_date,glc-8237,2008-06-25,6,27.014,92.635,1,Arunachal Pradesh,16.4,19.1,50.5,114.4,306.9,559.6,174.261,4.6,7,4.38,27.57,49.46,319.23,0.445,0.465,0.476,29.9,23.5,0,225,3.873,167.471,-0.976,0.217,0.201,174,2.429,3,4.5,open-meteo-era5,27.03,92.7
0,same_place_other_date,glc-8237,2011-08-05,8,27.014,92.635,1,Arunachal Pradesh,82.7,22.8,116,144.4,267.5,658.9,149.608,10.3,6,25.19,72.94,78.54,325.77,0.455,0.465,0.457,26.4,24.2,0,225,3.873,167.471,-0.976,0.217,0.201,174,1,1,4,open-meteo-era5,27.03,92.7
0,nearby_place_same_date,glc-8237,2016-07-01,7,27.141,92.453,1,Arunachal Pradesh,70.5,59.8,176.6,337.5,574.8,938.1,346.499,5,7,7.67,13.51,20.96,194.5,0.428,0.428,0.423,14.1,11.5,0,2952,34.523,129.218,-0.632,0.775,0.211,603,1,0,,open-meteo-era5,27.17,92.405
1,event,glc-8900,2016-07-07,7,25.012,94.314,25,Manipur,2.8,5.3,24.9,134,203,393.1,145.86,2.3,7,11.95,28.19,92.02,255.75,0.417,0.419,0.422,25.7,19.2,0,1396,3.572,332.447,0.887,-0.463,0.417,290,2.242,6,4.7,open-meteo-era5,24.991,94.36
0,same_place_other_date,glc-8900,2013-06-21,6,25.012,94.314,25,Manipur,5,7,12.9,127.1,165.4,279.6,107.425,3.7,6,16.93,42.5,45.3,110.66,0.408,0.407,0.413,24.6,19.3,0,1396,3.572,332.447,0.887,-0.463,0.417,290,1,0,,open-meteo-era5,24.991,94.36
0,same_place_other_date,glc-8900,2015-06-10,6,25.012,94.314,25,Manipur,5,0.8,7.1,10,27.2,45.7,13.182,1.5,3,14.14,34.08,53.27,124.64,0.254,0.235,0.237,24.2,18.8,0,1396,3.572,332.447,0.887,-0.463,0.417,290,3.647,3,4.3,open-meteo-era5,24.991,94.36
0,nearby_place_same_date,glc-8900,2016-07-07,7,24.885,94.621,25,Manipur,3.9,7.3,48.7,194.2,260.4,457.1,189.947,3.8,7,11.95,28.19,92.02,255.75,0.42,0.422,0.424,28.1,22.6,0,655,18.538,163.124,-0.957,0.29,-0.314,388,2.405,6,4.7,open-meteo-era5,24.851,94.64
1,event,glc-8901,2016-07-10,7,25.79,94.132,25,Nagaland,17.9,3.6,23.3,90.6,273.2,533.3,164.416,5.5,7,14.38,23.03,75.37,349.47,0.479,0.494,0.483,24.1,19.5,0,1286,11.783,82.999,0.122,0.993,-0.019,204,2.267,3,4.7,open-meteo-era5,25.764,94.118
0,same_place_other_date,glc-8901,2010-06-29,6,25.79,94.132,25,Nagaland,23.9,10,39.6,179.4,415.2,716.6,236.242,5.1,7,3.48,23.1,52.23,387.38,0.493,0.492,0.467,22.3,18.8,0,1286,11.783,82.999,0.122,0.993,-0.019,204,1.613,3,4.6,open-meteo-era5,25.764,94.118
0,same_place_other_date,glc-8901,2018-06-07,6,25.79,94.132,25,Nagaland,19.8,11.3,34.4,53.6,112,228,66.649,4.5,7,35.79,67.5,102.28,238.92,0.499,0.492,0.503,23.7,18.1,0,1286,11.783,82.999,0.122,0.993,-0.019,204,2.626,5,4.8,open-meteo-era5,25.764,94.118
0,nearby_place_same_date,glc-8901,2016-07-10,7,25.786,94.247,25,Nagaland,17.9,3.6,23.3,90.6,273.2,533.3,164.416,5.5,7,14.38,23.03,75.37,349.47,0.491,0.496,0.484,28.1,23,0,749,12.792,15.148,0.965,0.261,-0.582,366,2.37,3,4.7,open-meteo-era5,25.764,94.216
1,event,glc-8930,2016-07-11,7,26.17,94.492,1,Nagaland,10.2,13.6,37.1,103.5,295.4,532.2,181.074,2.4,7,8.39,28.43,66.58,355.52,0.494,0.492,0.487,25.8,20.8,0,1185,13.473,276.404,0.112,-0.994,0.859,307,1.939,2,4.7,open-meteo-era5,26.186,94.539
0,same_place_other_date,glc-8930,2012-06-10,6,26.17,94.492,1,Nagaland,2.2,4,10.7,24.9,257.6,307.9,125.621,1.6,6,9.57,12.45,55.41,248.06,0.489,0.479,0.492,26.1,20.5,0,1185,13.473,276.404,0.112,-0.994,0.859,307,1.54,2,4.5,open-meteo-era5,26.186,94.539
0,same_place_other_date,glc-8930,2017-08-17,8,26.17,94.492,1,Nagaland,3.7,29.3,35.5,104.8,301.1,516.4,172.907,3.7,7,5.12,16.82,54.73,377.21,0.505,0.513,0.51,25.8,19.4,0,1185,13.473,276.404,0.112,-0.994,0.859,307,3.399,4,5.1,open-meteo-era5,26.186,94.539
0,nearby_place_same_date,glc-8930,2016-07-11,7,25.987,94.173,1,Nagaland,11.3,24.8,53.4,106.3,240.6,439.9,160.267,3.9,7,8.39,28.43,66.58,355.52,0.496,0.498,0.494,26.5,21.9,0,862,9.049,183.93,-0.998,-0.069,-0.264,309,1.91,2,4.7,open-meteo-era5,25.975,94.131
1,event,glc-8995,2016-07-14,7,26.196,91.807,5,Assam,10,10.3,34.4,134.6,345,600.1,200.288,4.8,7,7.89,16.48,48.2,419.39,0.465,0.495,0.506,28.9,25.6,0,169,12.417,142.624,-0.795,0.607,-0.009,124,1,0,,open-meteo-era5,26.186,91.776
0,same_place_other_date,glc-8995,2015-06-18,6,26.196,91.807,5,Assam,9.7,4.1,40.6,90.1,240.3,428.7,156.379,2.9,7,3.46,36.99,87.42,451.91,0.497,0.485,0.511,30.4,23.9,0,169,12.417,142.624,-0.795,0.607,-0.009,124,1,0,,open-meteo-era5,26.186,91.776
0,same_place_other_date,glc-8995,2023-08-12,8,26.196,91.807,5,Assam,45.5,12,59.9,216,375.8,614.6,214.528,14,7,18.95,25.54,92.37,217.82,0.494,0.494,0.458,30.5,25,0,169,12.417,142.624,-0.795,0.607,-0.009,124,2.989,1,4.3,open-meteo-era5,26.186,91.776
0,nearby_place_same_date,glc-8995,2016-07-14,7,26.056,91.703,5,Assam,18.1,13.7,55.3,170.7,431.8,794.4,255.253,4.3,7,7.89,16.48,48.2,419.39,0.46,0.484,0.479,27.8,24.5,0,375,0.688,,0,0,-0.424,178,1.044,0,,open-meteo-era5,26.046,91.674
1,event,glc-8996,2016-07-14,7,26.177,91.77,1,Assam,10,10.3,34.4,134.6,345,600.1,200.288,4.8,7,7.89,16.48,48.2,419.39,0.465,0.495,0.506,29.4,26.1,0,77,21.151,117.692,-0.465,0.885,-0.434,128,1,0,,open-meteo-era5,26.186,91.776
0,same_place_other_date,glc-8996,2023-07-22,7,26.177,91.77,1,Assam,28.1,23,57.7,98.4,200.9,556.8,139.253,15.1,5,1.73,32.51,38.12,319.65,0.478,0.453,0.466,33,26.2,0,77,21.151,117.692,-0.465,0.885,-0.434,128,3.079,1,4.3,open-meteo-era5,26.186,91.776
0,same_place_other_date,glc-8996,2023-06-01,6,26.177,91.77,1,Assam,0.5,3.4,3.9,48.1,152,227.2,80.908,2.7,3,6.2,6.2,34.67,144.04,0.402,0.422,0.37,34.4,25.4,0,77,21.151,117.692,-0.465,0.885,-0.434,128,3.443,3,4.9,open-meteo-era5,26.186,91.776
0,nearby_place_same_date,glc-8996,2016-07-14,7,25.969,91.858,1,Assam,18.1,13.7,55.3,170.7,431.8,794.4,255.253,4.3,7,7.89,16.48,48.2,419.39,0.472,0.488,0.492,28.5,25.4,0,274,12.785,87.856,0.037,0.999,-0.489,171,1.089,0,,open-meteo-era5,25.975,91.869
1,event,glc-9010,2016-07-16,7,27.303,93.804,5,Arunachal Pradesh,27.1,24.1,68.1,99.7,170,328.7,106.869,3.1,7,39.81,124.73,205.07,556.02,0.481,0.484,0.482,24.9,21.9,0,739,30.452,114.8,-0.419,0.908,0.096,540,1.231,0,,open-meteo-era5,27.311,93.817
0,same_place_other_date,glc-9010,2008-06-16,6,27.303,93.804,5,Arunachal Pradesh,6.3,3.2,47.8,116.2,290.5,479.9,164.503,2.1,7,20.74,80.84,188.24,501.72,0.487,0.483,0.452,28.3,21.1,0,739,30.452,114.8,-0.419,0.908,0.096,540,2.228,3,4.5,open-meteo-era5,27.311,93.817
0,same_place_other_date,glc-9010,2009-07-27,7,27.303,93.804,5,Arunachal Pradesh,5.6,23.8,37.5,57.5,112.7,291.3,84.185,2.2,7,2.91,40.42,98.17,416.19,0.457,0.482,0.478,26.6,22,0,739,30.452,114.8,-0.419,0.908,0.096,540,1.489,0,,open-meteo-era5,27.311,93.817
0,nearby_place_same_date,glc-9010,2016-07-16,7,27.274,93.489,5,Arunachal Pradesh,31.6,15.8,79.8,121.9,250.5,516,151.241,4,7,39.81,124.73,205.07,556.02,0.435,0.437,0.436,23.7,21,0,1345,21.048,252.374,-0.303,-0.953,-0.029,188,1.17,0,,open-meteo-era5,27.241,93.512
1,event,glc-9051,2016-07-19,7,26.097,91.874,25,Meghalaya,34.5,34.3,108.6,208.7,412.7,770.6,279.668,9,7,19.72,128.07,204.59,491.25,0.489,0.489,0.459,28.5,24.6,0,202,16.319,24.759,0.908,0.419,0.839,207,1.031,0,,open-meteo-era5,26.116,91.873
0,same_place_other_date,glc-9051,2015-06-27,6,26.097,91.874,25,Meghalaya,2,1.5,4.7,127.4,307,561.9,200.728,1.1,7,9.33,34.63,62.45,390.7,0.461,0.475,0.453,31.1,26.6,0,202,16.319,24.759,0.908,0.419,0.839,207,1,0,,open-meteo-era5,26.116,91.873
0,same_place_other_date,glc-9051,2024-07-25,7,26.097,91.874,25,Meghalaya,34.1,7.1,46.7,179.9,315.5,669.4,195.736,18.5,7,13.55,32.1,83.1,424.68,0.487,0.498,0.503,32.9,25.9,0,202,16.319,24.759,0.908,0.419,0.839,207,1.46,2,4.6,open-meteo-era5,26.116,91.873
0,nearby_place_same_date,glc-9051,2016-07-19,7,25.843,91.696,25,Meghalaya,27.5,29,91.7,134.9,250.8,587.6,182.314,7,7,19.72,128.07,204.59,491.25,0.459,0.485,0.484,27.7,23.9,0,469,13.097,81.617,0.146,0.989,0.216,191,1.143,0,,open-meteo-era5,25.835,91.668
1,event,glc-9124,2016-07-19,7,25.203,90.557,5,Meghalaya,16.6,39.1,97,168.9,258.2,431.3,185.941,5.3,7,39.27,219.59,326.26,811.92,0.465,0.496,0.487,27.2,23.8,0,155,19,184.214,-0.997,-0.073,1.069,193,1.296,0,,open-meteo-era5,25.202,90.583
0,same_place_other_date,glc-9124,2015-07-11,7,25.203,90.557,5,Meghalaya,2.9,28.6,74.9,144.5,277.8,509.8,190.628,2.3,5,7.26,35.5,88.21,432.39,0.475,0.495,0.497,30.2,23.6,0,155,19,184.214,-0.997,-0.073,1.069,193,2.913,4,5.1,open-meteo-era5,25.202,90.583
0,same_place_other_date,glc-9124,2020-06-17,6,25.203,90.557,5,Meghalaya,36,12.3,58.2,120.8,252.9,644.4,154.035,4.8,7,56.32,82.29,173.27,1048.84,0.505,0.507,0.476,27.7,24.7,0,155,19,184.214,-0.997,-0.073,1.069,193,2.679,1,4.2,open-meteo-era5,25.202,90.583
0,nearby_place_same_date,glc-9124,2016-07-19,7,25.455,90.688,5,Meghalaya,11.9,40.3,73.3,111.2,192.6,408,149.359,5.2,6,35.18,206.33,298,767.62,0.467,0.486,0.499,27.1,23.8,0,320,16.267,294.444,0.414,-0.91,0.392,141,1.207,0,,open-meteo-era5,25.483,90.683
1,event,glc-9074,2016-07-20,7,27.118,88.107,1,West Bengal,96.7,17.4,187.7,507.9,593.8,1050.7,427.173,9.1,7,40.66,74.54,164.04,460.78,0.425,0.426,0.422,20.6,18.5,0,2042,23.289,55.903,0.561,0.828,0.24,576,2.045,1,4.7,open-meteo-era5,27.03,88.1
0,same_place_other_date,glc-9074,2008-06-14,6,27.118,88.107,1,West Bengal,84.1,18.6,114,145.7,272.3,415,113.447,9.7,7,28.99,61.42,81.27,169.86,0.425,0.425,0.417,19.6,17,0,2042,23.289,55.903,0.561,0.828,0.24,576,1.382,1,4.4,open-meteo-era5,27.03,88.1
0,same_place_other_date,glc-9074,2010-08-30,8,27.118,88.107,1,West Bengal,12.9,10.7,29.2,82.8,442.5,582.3,210.495,2.5,7,3.61,17.62,116.88,415.93,0.42,0.42,0.416,21.7,17.3,0,2042,23.289,55.903,0.561,0.828,0.24,576,1,0,,open-meteo-era5,27.03,88.1
0,nearby_place_same_date,glc-9074,2016-07-20,7,27.21,88.045,1,West Bengal,70.9,21.7,150.3,444.4,592.1,1066.3,414.566,8.9,7,40.66,74.54,164.04,460.78,0.427,0.428,0.424,16.3,14.1,0,2742,14.495,42.694,0.735,0.678,-1.241,382,2.139,1,4.7,open-meteo-era5,27.17,87.996
1,event,glc-9122,2016-07-20,7,26.197,91.802,5,Assam,19,13,48.3,153,312.7,607.3,204.548,2.2,7,32.15,108.99,231.77,508.83,0.471,0.489,0.486,28.8,25.3,0,110,11.68,342.204,0.952,-0.306,-0.113,117,1,0,,open-meteo-era5,26.186,91.776
0,same_place_other_date,glc-9122,2020-06-21,6,26.197,91.802,5,Assam,8,14.6,26.4,151.2,265.7,502,176.898,6,7,5.08,37.5,137.39,577.58,0.505,0.506,0.462,32.5,26,0,110,11.68,342.204,0.952,-0.306,-0.113,117,1.987,3,5.1,open-meteo-era5,26.186,91.776
0,same_place_other_date,glc-9122,2026-07-14,7,26.197,91.802,5,Assam,7.8,28.4,90.8,238.8,419.9,580.8,280.046,5.5,7,7.91,51.68,154.33,356.43,0.464,0.455,0.414,33.9,26.3,0,110,11.68,342.204,0.952,-0.306,-0.113,117,1.999,5,4.4,open-meteo-era5,26.186,91.776
0,nearby_place_same_date,glc-9122,2016-07-20,7,26.321,91.976,5,Assam,18.3,16.5,52.2,167.2,316.7,627.6,215.909,3.6,7,14.93,43.93,134.3,321.81,0.484,0.498,0.474,29.6,26.1,0,55,0.139,,0,0,0.009,15.227,1,0,,open-meteo-era5,26.327,91.978
1,event,glc-9138,2016-07-21,7,26.902,88.472,1,West Bengal,116.3,90,236.1,514.2,596.1,1039.7,407.644,10,7,27.8,83.7,204.18,611.16,0.427,0.432,0.417,25.8,24.3,0,188,21.596,113.477,-0.398,0.917,-0.803,482,1.787,1,4.7,open-meteo-era5,26.889,88.503
0,same_place_other_date,glc-9138,2009-07-02,7,26.902,88.472,1,West Bengal,67.3,56,151.8,546.9,629.2,712.3,427.098,11.3,7,29.54,85.34,117.77,173.66,0.427,0.427,0.437,26.6,24.1,0,188,21.596,113.477,-0.398,0.917,-0.803,482,1,0,,open-meteo-era5,26.889,88.503
0,same_place_other_date,glc-9138,2016-09-02,9,26.902,88.472,1,West Bengal,31.3,25.8,76.6,120.7,170.9,288.6,110.219,4.9,7,22.24,54,96.24,233.27,0.425,0.423,0.381,27.9,24.2,0,188,21.596,113.477,-0.398,0.917,-0.803,482,2.84,0,,open-meteo-era5,26.889,88.503
0,nearby_place_same_date,glc-9138,2016-07-21,7,27.044,88.584,1,West Bengal,194.1,91.5,349.5,673.3,908.2,1527,542.28,14,7,27.8,83.7,204.18,611.16,0.43,0.432,0.429,20.1,18,0,1507,16.426,104.671,-0.253,0.967,0.221,304,1.848,1,4.7,open-meteo-era5,27.1,88.598
1,event,glc-9186,2016-07-25,7,25.48,94.138,1,Manipur,16.6,22,44.7,88.8,184,401.3,113.53,2.4,7,18.3,31.65,48.82,284.6,0.497,0.5,0.488,18.1,16.6,0,1705,13.669,124.479,-0.566,0.824,0.215,227,2.073,4,4.7,open-meteo-era5,25.483,94.1
0,same_place_other_date,glc-9186,2019-07-15,7,25.48,94.138,1,Manipur,4.5,25.5,46.1,202.1,315.3,435.5,206.987,6.2,7,5.52,15.59,47.19,255.6,0.508,0.509,0.46,20.4,15.8,0,1705,13.669,124.479,-0.566,0.824,0.215,227,2.289,4,4.5,open-meteo-era5,25.483,94.1
0,same_place_other_date,glc-9186,2021-09-07,9,25.48,94.138,1,Manipur,3.4,1.7,6.5,14.3,97.5,204.9,49.988,0.7,6,3.73,6.09,42.79,192.08,0.469,0.461,0.469,23.8,14.3,0,1705,13.669,124.479,-0.566,0.824,0.215,227,3.121,3,4.9,open-meteo-era5,25.483,94.1
0,nearby_place_same_date,glc-9186,2016-07-25,7,25.444,94.069,1,Manipur,20.1,24.5,50.3,83.9,181.6,472.3,120.395,3.2,7,18.3,31.65,48.82,284.6,0.499,0.503,0.504,17.5,15.9,0,1696,34.275,274.165,0.073,-0.997,-0.382,368,2.044,4,4.7,open-meteo-era5,25.483,94.1
1,event,glc-9220,2016-07-26,7,27.103,88.122,1,West Bengal,172.7,42.2,240.5,621.8,1060.1,1402.6,551.402,14.4,7,27.12,107.75,212.07,521.98,0.428,0.428,0.429,22.3,20.9,0,1133,29.465,335.268,0.908,-0.418,-0.451,560,2.029,1,4.7,open-meteo-era5,27.17,88.196
0,same_place_other_date,glc-9220,2013-08-06,8,27.103,88.122,1,West Bengal,18.2,44.6,74.8,144.6,220.1,688.1,188.693,8,7,13.26,94.1,133.9,437.71,0.419,0.42,0.422,23.9,20.5,0,1133,29.465,335.268,0.908,-0.418,-0.451,560,2.333,3,4.7,open-meteo-era5,27.17,88.196
0,same_place_other_date,glc-9220,2008-08-31,8,27.103,88.122,1,West Bengal,12,10.8,88.8,190.7,394.5,934.8,303.007,3,7,6.5,64.41,87.12,431.56,0.425,0.426,0.424,25.2,19.2,0,1133,29.465,335.268,0.908,-0.418,-0.451,560,3.288,0,,open-meteo-era5,27.17,88.196
0,nearby_place_same_date,glc-9220,2016-07-26,7,27.279,87.911,1,West Bengal,131,65.3,230.3,552.8,970.2,1353.4,538.192,9.8,7,23.49,81.22,147.48,381.96,0.429,0.429,0.428,20.3,18.2,0,1447,23.669,341.565,0.949,-0.316,-0.096,636,2.235,1,4.7,open-meteo-era5,27.311,87.79
1,event,glc-9219,2016-07-26,7,26.01,94.528,5,Nagaland,1.5,31.8,80.4,112.2,200.3,406.3,151.653,3.2,7,1.68,31.23,61.28,319.74,0.481,0.49,0.472,22,15.1,0,1713,19.238,103.263,-0.229,0.973,0.744,387,2.033,3,4.7,open-meteo-era5,25.975,94.623
0,same_place_other_date,glc-9219,2022-07-31,7,26.01,94.528,5,Nagaland,14,2.6,18.9,81.1,161.2,235.8,81.339,10.2,7,12.4,29.75,59.05,243.63,0.488,0.492,0.489,21.6,15.9,0,1713,19.238,103.263,-0.229,0.973,0.744,387,1.752,4,4.6,open-meteo-era5,25.975,94.623
0,same_place_other_date,glc-9219,2008-08-14,8,26.01,94.528,5,Nagaland,28.6,10.6,84.3,143.4,254.5,343.2,154.184,12.1,5,15.14,32.51,72.15,238.5,0.498,0.496,0.495,22.3,17,0,1713,19.238,103.263,-0.229,0.973,0.744,387,2.199,4,5.2,open-meteo-era5,25.975,94.623
0,nearby_place_same_date,glc-9219,2016-07-26,7,26.344,94.588,5,Nagaland,1.9,28.4,90.7,136.2,219,514.4,181.163,2.9,7,3.58,41.37,83.12,363.22,0.478,0.492,0.467,25.5,20.4,0,820,13.323,184.715,-0.997,-0.082,-0.417,362,1.872,3,4.7,open-meteo-era5,26.327,94.549
1,event,glc-9251,2016-07-28,7,25.87,94.784,1,Nagaland,3.6,3.8,13.9,102.2,199,469,144.918,1.6,7,28.36,51.51,114.4,388.34,0.482,0.482,0.459,24.7,19.3,0,1149,5.479,296.241,0.442,-0.897,1.043,361,2.189,3,4.7,open-meteo-era5,25.835,94.809
0,same_place_other_date,glc-9251,2015-07-13,7,25.87,94.784,1,Nagaland,1.6,1.2,6.4,51.2,113.7,230.7,80.598,0.9,7,2.72,10.16,32.81,283.74,0.483,0.484,0.486,26.7,21,0,1149,5.479,296.241,0.442,-0.897,1.043,361,1.653,4,4.5,open-meteo-era5,25.835,94.809
0,same_place_other_date,glc-9251,2014-07-23,7,25.87,94.784,1,Nagaland,34,29.7,66.1,115.2,179,286.9,102.905,5.2,7,12.71,32.01,58.02,202.29,0.493,0.489,0.502,24.6,19.9,0,1149,5.479,296.241,0.442,-0.897,1.043,361,2.009,2,4.3,open-meteo-era5,25.835,94.809
0,nearby_place_same_date,glc-9251,2016-07-28,7,25.645,94.622,1,Nagaland,1.3,2.2,7.4,72.4,141.3,349.1,102.803,0.5,7,16.53,34.49,74.74,304.02,0.48,0.492,0.492,28.6,21.8,0,694,15.489,46.061,0.694,0.72,0,237,2.244,3,4.7,open-meteo-era5,25.624,94.598
1,event,glc-9232,2016-07-28,7,23.54,93.378,1,Mizoram,3.1,16,29.2,58.3,99.3,289.6,84.509,5.8,6,7.01,19.12,53.22,248.85,0.42,0.423,0.423,24.1,16.6,0,1570,18.187,145.62,-0.825,0.565,0.443,492,2.275,6,4.9,open-meteo-era5,23.585,93.414
0,same_place_other_date,glc-9232,2012-08-08,8,23.54,93.378,1,Mizoram,30.9,9.5,45.2,92.7,166.8,267.6,88.948,4.5,7,5.2,13.04,34.91,176.91,0.417,0.418,0.415,20.7,16.7,0,1570,18.187,145.62,-0.825,0.565,0.443,492,4.061,5,5.7,open-meteo-era5,23.585,93.414
0,same_place_other_date,glc-9232,2011-06-15,6,23.54,93.378,1,Mizoram,11.8,4.6,26.3,54.2,96.9,218.3,67.723,1.7,7,7.82,18.85,44.36,219.83,0.412,0.411,0.386,24.2,17.2,0,1570,18.187,145.62,-0.825,0.565,0.443,492,1.626,3,4.3,open-meteo-era5,23.585,93.414
0,nearby_place_same_date,glc-9232,2016-07-28,7,23.553,93.525,1,Mizoram,3.1,16,29.2,58.3,99.3,289.6,84.509,5.8,6,2.89,11.9,31.4,126.4,0.421,0.423,0.426,27.6,19.9,0,1109,26.597,270.136,0.002,-1,0.226,322,2.301,6,4.9,open-meteo-era5,23.515,93.505
1,event,glc-9252,2016-07-28,7,27.575,91.864,5,Arunachal Pradesh,8.4,11.6,42,219.4,457.8,823.2,292.568,1.9,7,14.04,27.35,78.71,240.45,0.425,0.426,0.425,16.8,11.7,0,2686,11.182,73.369,0.286,0.958,-0.019,387,1,0,,open-meteo-era5,27.522,91.814
0,same_place_other_date,glc-9252,2021-08-05,8,27.575,91.864,5,Arunachal Pradesh,3.7,6.9,15.7,90.5,178,435.7,127.881,1.9,7,0.06,1.76,21.91,179.72,0.415,0.414,0.421,18.9,12.1,0,2686,11.182,73.369,0.286,0.958,-0.019,387,2.655,2,5.3,open-meteo-era5,27.522,91.814
0,same_place_other_date,glc-9252,2020-08-24,8,27.575,91.864,5,Arunachal Pradesh,3.5,0.8,4.8,34,98.1,326.3,72.135,0.8,5,1.37,5.27,30.1,151,0.397,0.402,0.409,19.3,10.3,0,2686,11.182,73.369,0.286,0.958,-0.019,387,1.179,0,,open-meteo-era5,27.522,91.814
0,nearby_place_same_date,glc-9252,2016-07-28,7,27.418,92.099,5,Arunachal Pradesh,7.1,8.3,37.5,160,365.2,685.5,225.717,1.6,7,14.04,27.35,78.71,240.45,0.422,0.424,0.424,16.6,9.4,0,3386,34.095,91.352,-0.024,1,0,571,1,0,,open-meteo-era5,27.452,92.114
1,event,glc-9464,2016-08-05,8,27.575,91.975,5,Arunachal Pradesh,6.8,2.6,10.7,49.2,214.7,542.5,126.799,2,7,0.23,10.25,20.27,202.47,0.406,0.407,0.413,21.7,15,0,2402,23.143,348.884,0.981,-0.193,0.145,579,1,0,,open-meteo-era5,27.522,91.915
0,same_place_other_date,glc-9464,2023-07-08,7,27.575,91.975,5,Arunachal Pradesh,3.1,3.5,14.9,51.1,193,367.5,99.994,1,7,3.38,14.03,36,272.12,0.403,0.404,0.411,23.2,15.2,0,2402,23.143,348.884,0.981,-0.193,0.145,579,1.75,0,,open-meteo-era5,27.522,91.915
0,same_place_other_date,glc-9464,2015-07-22,7,27.575,91.975,5,Arunachal Pradesh,12.7,11.2,30.2,57.8,183.6,365.2,115.33,1.8,7,4.23,25.32,45.07,208.33,0.42,0.418,0.412,18.2,14.4,0,2402,23.143,348.884,0.981,-0.193,0.145,579,3.02,5,5.1,open-meteo-era5,27.522,91.915
0,nearby_place_same_date,glc-9464,2016-08-05,8,27.528,91.787,5,Arunachal Pradesh,15.7,6.4,25,69.4,294.6,696.2,166.207,2.1,7,0.23,10.25,20.27,202.47,0.415,0.413,0.413,24.6,19.6,0,1517,29.721,132.382,-0.674,0.739,0.116,618,1,0,,open-meteo-era5,27.452,91.711
1,event,glc-9603,2016-10-12,10,26.886,88.17,10,West Bengal,63.1,40,131.9,201.5,230.1,580.2,180.536,6.7,6,20.4,41.55,76.21,288.34,0.426,0.427,0.429,18.7,17.2,0,1459,9.369,279.811,0.17,-0.985,0.794,286,1,2,4.2,open-meteo-era5,26.889,88.204
0,same_place_other_date,glc-9603,2025-09-12,9,26.886,88.17,10,West Bengal,12.4,18,35.5,102.4,174.5,319.3,118.433,3.2,7,13.72,38.98,92.29,275.57,0.424,0.422,0.417,21.5,17.9,0,1459,9.369,279.811,0.17,-0.985,0.794,286,1.597,2,4.1,open-meteo-era5,26.889,88.204
0,same_place_other_date,glc-9603,2016-11-17,11,26.886,88.17,10,West Bengal,0,0.7,0.8,5.7,7.5,21.5,6.161,0.3,1,0,0,0,0,0.277,0.291,0.336,19.5,11.1,0,1459,9.369,279.811,0.17,-0.985,0.794,286,1.643,1,4.6,open-meteo-era5,26.889,88.204
0,nearby_place_same_date,glc-9603,2016-10-12,10,27.062,88.32,10,West Bengal,63.1,40,131.9,201.5,230.1,580.2,180.536,6.7,6,20.4,41.55,76.21,288.34,0.426,0.427,0.428,20.9,19,0,989,20.907,306.135,0.59,-0.808,0.125,510,1,2,4.2,open-meteo-era5,27.1,88.298
1,event,glc-9587,2016-10-12,10,26.869,88.47,25,West Bengal,137.1,29,178.2,234.5,251.6,492.5,122.339,18.9,7,22.91,53.46,86.71,325.03,0.421,0.42,0.368,24.2,22.3,0,182,15.165,97.253,-0.126,0.992,0.287,66,1,1,4,open-meteo-era5,26.889,88.503
0,same_place_other_date,glc-9587,2025-10-02,10,26.869,88.47,25,West Bengal,5.1,25.2,30.3,31.5,46.9,228.1,59.143,11.1,3,4.82,11.44,23.6,355.69,0.254,0.261,0.347,29.4,22.7,0,182,15.165,97.253,-0.126,0.992,0.287,66,2.25,3,5,open-meteo-era5,26.889,88.503
0,same_place_other_date,glc-9587,2024-09-07,9,26.869,88.47,25,West Bengal,0,6.5,24.8,44.6,78.1,232.8,67.717,4.5,5,0.26,17.82,78.01,266.13,0.372,0.334,0.306,32.8,23.7,0,182,15.165,97.253,-0.126,0.992,0.287,66,3.663,2,4.5,open-meteo-era5,26.889,88.503
0,nearby_place_same_date,glc-9587,2016-10-12,10,26.672,88.155,25,West Bengal,58.3,26.3,98.4,152.6,188.3,445.2,128.909,5,7,23.08,43.69,87.54,332.39,0.423,0.428,0.397,24,22.5,0,140,0.504,,0,0,0,11,1,2,4.2,open-meteo-era5,26.678,88.111
1,event,glc-9604,2016-10-12,10,27.268,88.289,10,Sikkim,121.6,14,142.5,194.8,209.3,523.3,107.277,16.2,6,14.2,33.71,54.64,218.89,0.422,0.429,0.414,23.5,21.2,0,630,41.733,46.783,0.685,0.729,1.088,580,1,2,4.2,open-meteo-era5,27.241,88.294
0,same_place_other_date,glc-9604,2020-09-12,9,27.268,88.289,10,Sikkim,13.6,43.7,68.8,271.5,337.1,560.7,254.249,7.9,7,3.92,15.51,91.24,283.59,0.424,0.43,0.423,26.2,23.7,0,630,41.733,46.783,0.685,0.729,1.088,580,3.589,1,4.4,open-meteo-era5,27.241,88.294
0,same_place_other_date,glc-9604,2023-09-02,9,27.268,88.289,10,Sikkim,0.3,0,0.8,71.3,455.9,734.6,242.632,0.1,3,3.48,4.63,33.65,369.17,0.365,0.382,0.382,30.5,24.6,0,630,41.733,46.783,0.685,0.729,1.088,580,1.593,1,4.3,open-meteo-era5,27.241,88.294
0,nearby_place_same_date,glc-9604,2016-10-12,10,27.533,88.553,10,Sikkim,52.1,9.3,73.6,118.7,156.1,630,128.686,7.4,6,13.68,35.71,50.97,211.58,0.426,0.428,0.425,23.5,17.5,0,1325,43.117,173.062,-0.993,0.121,-0.019,983,1,1,4,open-meteo-era5,27.452,88.49
1,event,glc-9618,2016-10-15,10,26.934,88.449,1,West Bengal,0,6.3,49,226.4,256.2,566.5,220.93,2.3,6,0.46,24.83,85.99,335.92,0.411,0.415,0.432,28.5,19.4,0,266,26.445,72.545,0.3,0.954,-0.297,343,1,1,4,open-meteo-era5,26.889,88.503
0,same_place_other_date,glc-9618,2007-11-01,11,26.934,88.449,1,West Bengal,0,0,1.3,6.7,33.2,79.7,19.799,0,3,0,0,0,38.55,0.29,0.297,0.284,25.4,18.4,0,266,26.445,72.545,0.3,0.954,-0.297,343,1.266,0,,open-meteo-era5,26.889,88.503
0,same_place_other_date,glc-9618,2014-09-23,9,26.934,88.449,1,West Bengal,7.2,133.5,300.9,397.8,493.6,605.8,393.099,18.8,7,3.58,47.29,90.83,319.64,0.429,0.432,0.426,25.6,21.9,0,266,26.445,72.545,0.3,0.954,-0.297,343,1.108,1,4.1,open-meteo-era5,26.889,88.503
0,nearby_place_same_date,glc-9618,2016-10-15,10,27.009,88.325,1,West Bengal,0,37.1,137.3,310.9,358.4,698.5,308.61,5.5,6,0.71,17.25,66.59,294.32,0.422,0.425,0.428,22.8,16,0,1190,33.919,65.487,0.415,0.91,0.086,675,1,2,4.2,open-meteo-era5,27.03,88.3
1,event,glc-9617,2016-10-15,10,26.888,88.28,5,West Bengal,0,37.1,137.3,310.9,358.4,698.5,308.61,5.5,6,0.71,17.25,66.59,294.32,0.422,0.425,0.426,21.2,13.7,0,1537,23.076,276.921,0.121,-0.993,-0.316,475,1,2,4.2,open-meteo-era5,26.96,88.202
0,same_place_other_date,glc-9617,2017-11-29,11,26.888,88.28,5,West Bengal,5.1,3.1,9.9,11.8,14.9,19.9,8.239,0.9,4,0.25,1.65,1.65,3.25,0.336,0.311,0.337,11.6,8.2,0,1537,23.076,276.921,0.121,-0.993,-0.316,475,2.572,0,,open-meteo-era5,26.96,88.202
0,same_place_other_date,glc-9617,2022-09-25,9,26.888,88.28,5,West Bengal,8.3,15.9,26.8,62.4,136.2,277.4,79.277,8.7,7,11.92,35.98,51.16,415.05,0.408,0.404,0.4,22.1,16.1,0,1537,23.076,276.921,0.121,-0.993,-0.316,475,1,0,,open-meteo-era5,26.96,88.202
0,nearby_place_same_date,glc-9617,2016-10-15,10,26.835,88.079,5,West Bengal,0,25.4,144.6,337.2,387.6,689.1,323.898,3.6,6,0.71,17.25,66.59,294.32,0.421,0.424,0.426,22.2,14.8,0,1447,18.067,296.469,0.446,-0.895,-0.85,488,1,2,4.2,open-meteo-era5,26.889,88.104
1,event,glc-9620,2016-10-15,10,27.172,88.529,5,Sikkim,0,6.3,49,226.4,256.2,566.5,220.93,2.3,6,0.46,24.83,85.99,335.92,0.414,0.414,0.435,27.8,23.2,0,331,21.474,0.535,1,0.009,0.096,212,1,1,4,open-meteo-era5,27.17,88.497
0,same_place_other_date,glc-9620,2012-10-21,10,27.172,88.529,5,Sikkim,0,0,0,0.9,13.2,112.2,18.973,0,0,0,0,0.09,65.62,0.387,0.38,0.361,26.3,21,0,331,21.474,0.535,1,0.009,0.096,212,1.591,0,,open-meteo-era5,27.17,88.497
0,same_place_other_date,glc-9620,2020-09-18,9,27.172,88.529,5,Sikkim,63.1,35,112.8,216.2,791,993.7,376.141,11,7,12.08,58.36,174.51,534.23,0.433,0.433,0.434,27,23.8,0,331,21.474,0.535,1,0.009,0.096,212,3.016,2,5.3,open-meteo-era5,27.17,88.497
0,nearby_place_same_date,glc-9620,2016-10-15,10,27.046,88.432,5,Sikkim,0,6.3,49,226.4,256.2,566.5,220.93,2.3,6,0.71,17.25,66.59,294.32,0.422,0.425,0.428,27.7,20.1,0,420,39.808,261.299,-0.151,-0.988,0.662,565,1,1,4,open-meteo-era5,26.96,88.502
1,event,glc-9619,2016-10-15,10,27.17,88.366,5,Sikkim,2.1,44.9,136.2,257.2,324.3,765.1,283.413,6.2,7,0.71,17.25,66.59,294.32,0.422,0.423,0.427,18,14,0,1588,9.315,240.945,-0.486,-0.874,0.855,510,1,2,4.2,open-meteo-era5,27.241,88.395
0,same_place_other_date,glc-9619,2024-11-25,11,27.17,88.366,5,Sikkim,0.5,0.7,1.6,1.9,2,16.2,2.868,0.3,0,0.02,0.09,0.1,14.24,0.219,0.24,0.223,15,7.2,0,1588,9.315,240.945,-0.486,-0.874,0.855,510,4.411,1,4.4,open-meteo-era5,27.241,88.395
0,same_place_other_date,glc-9619,2013-09-13,9,27.17,88.366,5,Sikkim,1.9,8.6,19.7,99.8,308.8,505.9,180.972,1.6,7,3.63,10.89,36.65,353.63,0.424,0.424,0.416,23.4,11.4,0,1588,9.315,240.945,-0.486,-0.874,0.855,510,1.826,2,4.9,open-meteo-era5,27.241,88.395
0,nearby_place_same_date,glc-9619,2016-10-15,10,27.158,88.655,5,Sikkim,0,6.3,49,226.4,256.2,566.5,220.93,2.3,6,0.46,24.83,85.99,335.92,0.413,0.413,0.434,24.3,18.9,0,865,23.509,45.913,0.696,0.718,0.452,436,1,1,4,open-meteo-era5,27.17,88.597
1,event,rimbi-2026-08-13,2026-08-13,8,27.315,88.186,1,Sikkim,2.3,0,2.8,33.7,404.2,548,171.083,0.5,3,8.77,12.63,74.41,304.67,0.388,0.397,0.406,26.1,20.7,0,1296,20.388,151.827,-0.882,0.472,0.202,336,1,0,,open-meteo-era5,27.241,88.194
0,same_place_other_date,rimbi-2026-08-13,2018-08-19,8,27.315,88.186,1,Sikkim,0.1,1.1,2.5,73.4,444.7,706.1,258.77,0.3,5,3.19,12.17,55.04,358.57,0.383,0.389,0.404,27.6,17.9,0,1296,20.388,151.827,-0.882,0.472,0.202,336,1.93,0,,open-meteo-era5,27.241,88.194
0,same_place_other_date,rimbi-2026-08-13,2013-08-26,8,27.315,88.186,1,Sikkim,17.1,18.2,46,91.9,176.3,572.7,137.761,4.1,7,16.14,32.43,52.17,291.75,0.421,0.422,0.399,24.3,19.6,0,1296,20.388,151.827,-0.882,0.472,0.202,336,1.809,2,4.3,open-meteo-era5,27.241,88.194
0,nearby_place_same_date,rimbi-2026-08-13,2026-08-13,8,27.397,88.363,1,Sikkim,12.4,2.6,20.3,71.6,301.2,554.2,166.888,2,7,8.77,12.63,74.41,304.67,0.409,0.412,0.416,24.3,19.1,0,1761,33.244,232.765,-0.605,-0.796,0.019,740,1,0,,open-meteo-era5,27.381,88.391
1,event,rimbi-2026-08-14,2026-08-14,8,27.315,88.186,1,Sikkim,1.3,2.3,3.6,34.5,399.5,544.4,156.05,0.5,4,6.76,18.2,75.62,306.77,0.38,0.39,0.403,26.7,19.6,0,1296,20.388,151.827,-0.882,0.472,0.202,336,1,0,,open-meteo-era5,27.241,88.194
0,same_place_other_date,rimbi-2026-08-14,2007-08-29,8,27.315,88.186,1,Sikkim,16.1,17.4,44.4,115.2,260.7,584.4,162.549,2.1,7,1.78,5.43,27.2,148.97,0.422,0.421,0.407,23.7,18.4,0,1296,20.388,151.827,-0.882,0.472,0.202,336,4.366,2,5,open-meteo-era5,27.241,88.194
0,same_place_other_date,rimbi-2026-08-14,2016-07-17,7,27.315,88.186,1,Sikkim,208.3,38.9,304.4,410.9,559,1184.8,298.352,15.5,7,11.21,55.62,82.73,309.04,0.429,0.431,0.411,22.1,19.9,0,1296,20.388,151.827,-0.882,0.472,0.202,336,2.19,1,4.7,open-meteo-era5,27.241,88.194
0,nearby_place_same_date,rimbi-2026-08-14,2026-08-14,8,27.191,87.997,1,Sikkim,5.8,6.6,18,103.9,365.3,689.5,191.683,1.2,7,6.42,16,80.99,396.64,0.416,0.417,0.418,20.1,12.4,0,2708,34.41,217.731,-0.791,-0.612,0.606,458,1,0,,open-meteo-era5,27.17,87.996
1,event,rimbi-2026-09-24,2026-09-24,9,27.315,88.186,1,Sikkim,36.8,9.5,51.1,89.3,294,555.4,157.551,2.6,6,28.49,45.06,127.85,395.31,0.405,0.401,0.41,19.1,15.8,0,1296,20.388,151.827,-0.882,0.472,0.202,336,2.216,3,5.2,open-meteo-era5,27.241,88.194
0,same_place_other_date,rimbi-2026-09-24,2012-10-25,10,27.315,88.186,1,Sikkim,10.2,13.7,27.7,42.8,87.6,299.5,70.484,1.7,6,0,0.05,0.05,37.21,0.393,0.38,0.36,16.9,11.3,0,1296,20.388,151.827,-0.882,0.472,0.202,336,1.472,0,,open-meteo-era5,27.241,88.194
0,same_place_other_date,rimbi-2026-09-24,2018-10-10,10,27.315,88.186,1,Sikkim,3,1.4,17.2,64.9,353.7,826.1,208.451,0.9,6,0.69,1.53,5.02,81.12,0.401,0.407,0.409,20.7,13.5,0,1296,20.388,151.827,-0.882,0.472,0.202,336,2.734,1,5.3,open-meteo-era5,27.241,88.194
0,nearby_place_same_date,rimbi-2026-09-24,2026-09-24,9,27.407,88.304,1,Sikkim,47.3,20.4,68.8,81.1,143.5,341.9,78.992,4.1,6,28.49,45.06,127.85,395.31,0.396,0.375,0.392,16.8,15.2,0,1718,20.615,163.695,-0.96,0.281,-0.849,622,2.178,3,5.2,open-meteo-era5,27.311,88.292
